ID,Lemma,POS,Synset_ID,Synset_Lemma (?),Definition,Definition' source,Example,Example' source,Original HurtLex Category,Stereotype,synset_category,synonyms_en,definition_en,definition_category,ERIS_score,aikia_offensive_score
EL8,αβουλησία,NOUN,,"['βουλητική αδυναμία', 'απραξία', 'αποφασιστική ανικανότητα']",Ψυχολογική κατάσταση όπου το άτομο αδυνατεί να πάρει αποφάσεις ή να αναλάβει δράση,,"«Η αβουλησία, ως κατάσταση πρόσκαιρης αδυναμίας τής παρόρμησης ή εσκεμμένη απουσία τής πρόθεσης ή της διάθεσης και της τάσης για δράση, θα πρέπει να διακρίνεται από την απραξία και την απάθεια.»",,svp,,,"['abulia', 'indecision', 'passivity']",mental state of inability to decide or act,State,0.38,
EL8,αβουλησία,NOUN,,"['διστακτικότητα', 'μαλθακότητα', 'παθητικότητα']",Σταθερό χαρακτηριστικό προσώπου που δεν αναλαμβάνει πρωτοβουλίες και αφήνει άλλους να αποφασίζουν,,"«Αβουλία, ή αβουλησία, είναι η αδυναμία της θέλησης για ενέργεια και πράξη με συνειδητή προσπάθεια.»",,svp,,,"['hesitancy', 'softness', 'passiveness']",habitual trait of someone who lets others decide,Behavioral_Trait,0.38,
EL10,αβουλία,NOUN,,"['απραγία', 'αδρανοποίηση', 'βουλητική παράλυση']",Νευροψυχιατρική διαταραχή που εκδηλώνεται με έλλειψη θέλησης για πράξη ή λόγο,,"«Για να το θέσω απλά, η αβουλία αναφέρεται στην έλλειψη κινήτρων.»",,svp,,,"['abulia', 'lethargy', 'inactiveness']",neuro-psychiatric condition marked by lack of will,State,0.23,
EL10,αβουλία,NOUN,,"['μαλθακότητα', 'αναποφασιστικότητα', 'απραξία']",Ιδιότητα ανθρώπου που αποφεύγει κάθε πρωτοβουλία και δεν δείχνει προσωπική θέληση,,«Στις δύσκολες στιγμές τον κυρίευε μια αβουλία.»,,svp,,,"['softness', 'indecision', 'inertia']",quality of a person who avoids taking any initiative,Behavioral_Trait,0.23,
EL315,αγαθιάρης,ADJ,,"['αφελής', 'καλόβολος', 'κουτόχορτος', 'καλοκάγαθος']",Άνθρωπος απλοϊκός και εύπιστος που δεν υποψιάζεται πονηρές προθέσεις,,Ελα μωρε τι να της κανει ο αγαθιαρης #vrady,,ddp,,,"['naive', 'gullible', 'simple', 'trusting']","simple-minded, gullible person",Person,0.28,0.53
EL983,αγγούρι,NOUN,,"['βλήμα', 'κούτσουρο', 'ψώνιο']",Υποτιμητικός χαρακτηρισμός για άτομο αργόστροφο ή αδέξιο,,username username Ο Χρήστος ο Καμπαρες φίλε ειναι λαικο παιδί. Θέλει καμια Κοκκινου τετοιες γυναίκες οχι το αγγουρι την Ευα,,or,,,"['dummy', 'blockhead', 'slowpoke']",derogatory term for slow or clumsy person,Person,0.26,1.16
EL983,αγγούρι,NOUN,,"['μπελάς', 'παλούκι', 'καζίκι', 'ζόρι']","Δύσκολη ή επίπονη υποχρέωση· μεταφορική χρήση για μεγάλη ταλαιπωρία, φόρτο δουλειάς ή πρόβλημα που προμηνύει κόπο",,Πρέπει να φύγω για να πληρώσω το κωλοκράτος κι ο πισινός μου αρνείται να σηκωθεί από την καρέκλα και να φάει το αγγούρι!,,or,,,"['ordeal', 'slog', 'headache', 'pain']","big hassle: tough, draining task or predicament",State,0.26,1.33
EL515,αγελάδα,NOUN,,"['βόδι', 'βουβάλι', 'φάλαινα', 'χοντρή']",Υβριστικός όρος για γυναίκα που θεωρείται βαριά ή αδέξια,,Δεν την είδες; Σαν όρθια αγελάδα.,,pr,,,"['cow', 'buffalo', 'fatso', 'heifer']",insult for a woman seen as heavy or clumsy,Person,0.49,1.23
EL1799,αγένεια,NOUN,,"['αγροικία', 'χοντράδα', 'απρέπεια', 'αναισθησία']",Συμπεριφορά που δείχνει έλλειψη σεβασμού και καλών τρόπων,,Η κουλτούρα της αγένειας,,dmc,,,"['rudeness', 'impoliteness', 'coarseness', 'discourtesy']",trait of lacking courtesy and respect,Behavioral_Trait,0.48,0.47
EL1799,αγένεια,NOUN,,"['απρέπεια', 'χωριάτικο', 'φάουλ']",Μεμονωμένη πράξη ή σχόλιο που προσβάλλει και δείχνει έλλειψη τρόπων,,username username username Από την αγένεια σου καταλαβαίνω τι μπετοβλακας είσαι!,,dmc,,,"['rude act', 'impropriety', 'gaffe']",single rude act or comment,Event,0.48,1.23
EL1611,αγενής,ADJ,,"['απρεπής', 'χοντράνθρωπος', 'αναιδής', 'κακομαθημένος']",Άτομο που συμπεριφέρεται χωρίς τρόπους και δεν σέβεται τους άλλους,,"username Εσάς πάντως, που είστε αγενής, δεν θα σας φιλοξενώ ΄στο εξής στο προφίλ μου.",,dmc,,,"['rude', 'impolite', 'boor', 'ill-mannered']",person who behaves rudely and without respect,Person,1.07,0.53
EL1611,αγενής,ADJ,,"['απρεπής', 'προσβλητικός', 'κακότροπος', 'χυδαίος']",Λόγος ή ενέργεια που παραβιάζει κοινωνικούς κανόνες και προκαλεί ενόχληση ή δυσαρέσκεια,,"username username username έχετε να μου πείτε κάτι απευθείας αντί με κουτσομπολεύετε; αυτό που κάνετε είναι το λιγότερο αγενές, αν όχι ξεκάθαρα στοχοποιητικό!",,dmc,,,"['rude', 'discourteous', 'impolite conduct']",rude behaviour : impolite act or remark,Behavioral Trait,1.07,1.07
EL1611,αγενής,ADJ,,"['χαμηλόφρων', 'ταπεινής σειράς', 'λαϊκός']","Άτομο χαμηλής κοινωνικής καταγωγής, χαρακτηρισμένο ως κατώτερο με μειωτική διάθεση",,username username username Σήμερα σε μία καφετέρια με σέρβιρε ένας αλλοδαπός σερβιτόρος. Δεν είχε ιδέα από σέρβις και τα Ελληνικά του ήταν τόσο φτωχά που φαινόταν αγενής. Είμαι σίγουρος ότι είχε στείλει βιογραφικό από Πακιστάν και μετά από συνέντευξη επιλέχτηκε μεταξύ πολλών άλλων για τη θέση...,,dmc,,,"['ignoble', 'base-born', 'low-born', 'plebeian']",ignoble : person of low birth,Person,1.07,0.5
EL114,αγράμματος,ADJ,,"['αμόρφωτος', 'ακαλλιέργητος', 'αναλφάβητος', 'χωριάτης']",άνθρωπος που δεν γνωρίζει ανάγνωση και γραφή ή θεωρείται πνευματικά ακαλλιέργητος,,"Πλεύρης: ""Όσοι εισέρχονται στη χώρα υποχρεούνται με ισχυρή σύσταση να κάνουν τεστ μπλα μπλα"". Τι σημαίνει ""υποχρεούνται με ισχυρή σύσταση"", ρε αγράμματοι;",,ddp,,,"['illiterate', 'uneducated', 'unschooled', 'ignorant']",person who is illiterate or seen as uneducated,Person,1.15,1.02
EL114,αγράμματος,ADJ,,"['κακογραμμένο', 'ανορθόγραφο', 'πρόχειρο', 'επιπόλαιο']","Κείμενο ή γραπτό μήνυμα γεμάτο ορθογραφικά σφάλματα ή συντακτικές αδεξιότητες, το οποίο προκαλεί ενόχληση ή δυσπιστία στον αναγνώστη.",,«…μοιάζει με ένα αγράμματο κείμενο γραμμένο από έναν μεθυσμένο μετά το ρεβεγιόν· το παρατηρεί και κάποιος άλλος;»,,ddp,,,"['ungrammatical', 'poorly written', 'error-filled', 'sloppy']",poorly written text : error-ridden piece of writing,Behavioral Trait,1.15,
EL252,άγριος,ADJ,,"['βάρβαρος', 'σκληρός', 'τραμπούκος', 'αγροίκος']","Xαρακτηρισμός για άτομο βίαιο, απρόβλεπτο ή χωρίς κοινωνικούς τρόπους",,username username Πιστεψε με ειναι λιγο αγριοι,,dmc,,,"['savage', 'rough', 'brutal', 'barbaric']","label for violent, uncivilized person",Person,0.51,0.44
EL252,άγριος,ADJ,,"['σκληρός', 'αγροίκος', 'ανήμερος', 'ωμός']","Συμπεριφορά ή κίνηση που χαρακτηρίζεται από σκληρότητα και επιθετικότητα, αγνοώντας τους αποδεκτούς κοινωνικούς τρόπους",,Πιάσε αυτή την Αράλια και μίλα της άγρια.,,dmc,,,"['ferocious', 'fierce', 'unruly', 'violent']","behaviour which is violent, unpredictable, and lacking the restraints of civilized conduct",Behavioral_Trait,0.51,0.39
EL252,άγριος,ADJ,,"['αδάμαστος', 'ελεύθερος', 'φυσικός', 'ακαλλιέργητος']","Ζώο, φυτό ή προϊόν που ζει ή αναπτύσσεται ελεύθερα στη φύση, δίχως εξημέρωση ή καλλιέργεια∙ η χρήση συχνάζει σε οικολογικά, γαστρονομικά και λαϊκά κείμενα",,Σαν άγριο μπουλντόγκ.,,dmc,,,"['wild', 'feral', 'untamed', 'natural']",wild : organism that grows or lives outside human control,Behavioral Trait,0.51,0.37
EL252,άγριος,ADJ,,"['σφοδρός', 'ορμητικός', 'βίαιος', 'ακραίος']","Φαινόμενο ή γεγονός που εκδηλώνεται με μεγάλη σφοδρότητα ή υπερβολική ένταση και ξεφεύγει από το συνηθισμένο, συχνό σε δημοσιογραφικά και μεταφορικά συμφραζόμενα",,"Όταν σε ρίξουν σ' ένα βαθύ άγριο ποτάμι και το περάσεις κολυμπώντας, με κίνδυνο εκατό φορές την ώρα να πνιγείς, στάσου στην όχθη και σφύριζε γλυκά ένα τραγουδάκι.",,dmc,,,"['fierce', 'harsh', 'violent', 'intense']",fierce : event or state marked by extreme intensity or violence,Behavioral Trait,0.51,0.47
EL257,αγριότητα,NOUN,,"['βαρβαρότητα', 'σκληρότητα', 'ωμότητα']",Kατάσταση βίαιης και απάνθρωπης συμπεριφοράς,,"Αγία Παρασκευή: 18χρονοι Ρομά χτύπησαν με αγριότητα και λήστεψαν ηλικιωμένο. Μια απ'τις πολλές καθημερινές ειδήσεις στο ελλαδιστάν!Που είναι εδω τα #metooGR ,οι πορείες κ τα συναφή?Προσέχετε,ηλικιωμένοι και μή,τι ψηφίζετε!!! #Ελλάδα #κοινωνια",,ddp,,,"['cruelty', 'barbarity', 'brutality']","condition of cruel, inhuman behavior",Behavioral Trait,0.49,1.24
EL257,αγριότητα,NOUN,,"['ωμότητα', 'κακοποίηση', 'θηριωδία']",Συγκεκριμένη πράξη βίας ή βαρβαρότητας,,Πιπιλή: Να θυμηθούμε τι γινόταν με τις αγριότητες του ΣΥΡΙΖΑ του 4%,,ddp,,,"['atrocity', 'outrage', 'savagery']",particular act of violence or brutality,Event,0.49,0.59
EL253,αγροίκος,NOUN,,"['χωριάτης', 'χοντροκομμένος', 'ακατέργαστος', 'άξεστος']","Άτομο αγενές, χωρίς τρόπους και κοινωνική λεπτότητα",,"Εδώ έκαναν ήρωα τον θρασύδειλο γιο της Ντίνας της κουφής που σκότωνε κόσμο χωρίς λόγο πισώπλατα, δεν θα θα αποθέωναν έναν αγροικο τύποις γιατρο που προτείνει στους ασθενείς φάρμακα για άλογα; #mpeee",,ddp,,,"['boor', 'lout', 'uncouth person', 'churl']","boorish, uncouth person",Person,1.06,0.8
EL253,αγροίκος,NOUN,,"['άξεστη συμπεριφορά', 'αγενές φέρσιμο', 'χοντροκοπιά', 'τραχύτητα']",Λόγος ή πράξη χωρίς λεπτότητα και χωρίς σεβασμό στους κανόνες ευγένειας,,«Η αγροίκα συμπεριφορά της δυσκόλεψε την απόλαυση του φαγητού.»,,ddp,,,"['boorishness', 'rudeness', 'crudeness', 'roughness']",boorish behaviour : coarse act lacking manners,Behavioral Trait,1.06,
EL877,αγυρτεία,NOUN,,"['απατεωνιά', 'μαϊμουδιά', 'λαμογιά', 'κομπίνα']",Συνεχής άσκηση εξαπάτησης με ψεύτικες υποσχέσεις ή τεχνάσματα,,"Εισοδηματίες, κεφαλαιούχοι - επενδυτές. Αστοί με τίτλους αγυρτίας, ηθικολόγοι υποκριτές. Μεταμφιεσμένοι παρθένες της εγκράτειας, απατεώνες..",,ddp,,,"['charlatanism', 'fraud', 'scam', 'trickery']",habitual practice of fraud and trickery,Repetitive_Action,1.01,1.31
EL871,αγύρτης,NOUN,,"['απατεώνας', 'κομπογιαννίτης', 'μαϊμού', 'λαμόγιο']",Άτομο που εξαπατά άλλους προσποιούμενο ειδικές γνώσεις ή δυνάμεις,,"Προσοχή στους αγύρτες και τους ψευδοπροφήτες που παρασύρουν τους πιστούς, προειδοποιεί η Εκκλησία της Ελλάδος",,cds,,,"['charlatan', 'fraudster', 'quack', 'con artist']",person who deceives by posing as expert or healer,Person,1.07,1.09
EL836,αδερφή,NOUN,,"['μοναχή', 'καλόγρια']",Γυναίκα που έχει αφιερωθεί σε μοναχικό βίο σε χριστιανικό τάγμα,,"«Η αδερφή μου, είναι μοναχή. Είναι μια αντάρτισσα…»",,om,,,"['nun', 'sister (religious)', 'monastic']",nun : woman living under religious vows,Person,0.43,
EL836,αδερφή,NOUN,,"['πούστης', 'γκέι', 'λουλού', 'τρελλή']",Υβριστικός όρος που χρησιμοποιείται για ομοφυλόφιλο άνδρα,,"Η συζήτηση δεν συνεχίστηκε, διότι η δίκιά μου θα έβγαλε το συμπέρασμα ότι ή ήμουν απένταρος ή αδερφή.",,om,,,"['faggot', 'queer', 'gay man (slur)', 'poof']",slur for a homosexual man,Person,0.43,1.15
EL1158,αδηφαγία,NOUN,,"['λαιμαργία', 'καταβροχθισμός', 'φαγοπότι']",Έξη υπερβολικής κατανάλωσης φαγητού χωρίς μέτρο,,"Πήγαν τα ρεμάλια και δώσανε 130 εκ για να φτιάξουν το φωτοβολταῑκό στην Κοζάνη, μια περιοχή με 20% ηλιοφάνεια τον χρόνο, αντί να το φτιάξουν στην Πελοπόννησο ή στην Κρήτη. Το αντίστοιχο στην Ισπανία στοίχισε 40. Δεν έχει πάτο η αδηφαγία τους #κυβερνηση_συμμορια",,svp,,,"['gluttony', 'voracity', 'overeating']",habit of excessive food consumption,Repetitive_Action,0.49,1.24
EL2258,αδηφάγος,ADJ,,"['λαιμάργος', 'φαγάς', 'καταβροχθιστής']",Άνθρωπος που τρώει υπερβολικά και λαίμαργα,,Δεν άντεξαν άλλο οι αχυρόμπαλες και τρέχουν να ξεφύγουν από τα αδηφάγα γιδοψηφοφόρια Μπεεεεε ???????????????????? #τι_ψηφισατε_ρε_γιδοψηφοφοροι #ΝΔ_ΑΠΑΤΕΩΝΕΣ #ΝΔ_ΠΡΟΔΟΤΕΣ #θα_τα_πούμε_στην_καλπη???? #λαθρομεταναστες #λαθροεισβολεις #ξέφραγο_αμπέλι #Αντικατασταση_Πληθυσμων #απελασεις_τωρα,,svp,,,"['glutton', 'voracious eater', 'hog']",person who eats excessively and greedily,Person,1.09,1.33
EL2258,αδηφάγος,ADJ,,"['αρπακτικός', 'ανεξέλεγκτα άπληστος', 'αχόρταγος']","Ιδιότητα οργανισμών ή αφηρημένων οντοτήτων που απορροφούν πόρους αδιάκοπα, προκαλώντας φθορά ή κοινωνική ζημιά.",,«Το αδηφάγο τέρας της γραφειοκρατίας.»,,svp,,,"['rapacious', 'predatory', 'insatiable', 'devouring']",rapacious : entity consuming resources insatiably,Behavioral Trait,1.09,
EL1378,αδιάκριτος,ADJ,,"['περίεργος', 'παρεμβατικός', 'κουτσομπόλης']","Άτομο που εισβάλλει σε ξένες υποθέσεις και ρωτά ό,τι δεν το αφορά",,username δεν είμαι τόσο αδιακριτη...:),,qas,,,"['nosy', 'prying', 'meddlesome', 'intrusive']",person who pries into matters that are not his,Person,0.46,0.4
EL1378,αδιάκριτος,ADJ,,"['παρεμβατικός', 'ενοχλητικός', 'άκομψος', 'αμήχανος']","Ερώτηση, βλέμμα ή επίσκεψη που παραβιάζει προσωπικά όρια και θεωρείται αγενής στον δημόσιο ή οικογενειακό λόγο",,"Ποτε θα σταματησετε να ρωτατε (αδιακριτα) ζευγαρια ""ποτε θα κανετε παιδια, τι περιμενετε?""... Καποιους τους πληγωνετε πολυ!!",,qas,,,"['intrusive', 'prying', 'personal', 'impertinent']",intrusive : remark or act invading someone’s privacy,Behavioral Trait,0.46,0.46
EL1378,αδιάκριτος,ADJ,,"['αλόγιστος', 'τυφλός', 'γενικευμένος', 'ακατάσχετος']","Δράση ή επίθεση που πλήττει αλόγιστα, χωρίς στόχευση σε στρατιωτικούς στόχους και συχνά καταγγέλλεται ως παραβίαση ανθρωπίνου δικαίο",,Η συλλογή μεταδεδομένων από την NSA είναι πιο αδιάκριτη από τις παραδοσιακές υποκλοπές,,qas,,,"['indiscriminate', 'wholesale', 'blanket', 'random']",indiscriminate : action carried out without distinction among targets,Behavioral Trait,0.46,0.58
EL1649,αδιαλλαξία,NOUN,,"['ακαμψία', 'στενοκεφαλιά', 'δογματισμός', 'ανελαστικότητα']",Σταθερή άρνηση συμβιβασμού ή αποδοχής άλλης άποψης,,"«Πολιτική αδιαλλαξίας, πολιτική των άκρων.»",,svp,,,"['intransigence', 'rigidity', 'dogmatism', 'stubbornness']",persistent refusal to compromise,Behavioral_Trait,0.48,
EL1649,αδιαλλαξία,NOUN,,"['πείσματα', 'ακαμψίες', 'εμμονές', 'μισαλλοδοξίες']","Συγκεκριμένες πράξεις άκαμπτης άρνησης, που φανερώνουν πείσμα και οδηγούν σε αδιέξοδο",,Α.Δημητριάδης: «Η απραξία της κυβέρνησης έφερε το Βαρώσι στο πιάτο της αδιαλλαξίας της Τουρκίας»,,svp,,,"['obstinate acts', 'hard-line moves', 'deadlocks', 'stalemates']",acts of intransigence : uncompromising deeds,Event,0.48,0.54
EL13,αδιαφορία,NOUN,,"['απάθεια', 'νιρβάνα', 'ψυχρότητα', 'ανενδοίαστη στάση']",Στάση ανθρώπου ή φορέα που δεν ανταποκρίνεται σε όσα συμβαίνουν γύρω του και αποφεύγει να αναλάβει οποιαδήποτε ευθύνη,,"«Θα μου πείτε, επιτέλους, τι σημαίνουν όλα αυτά; Η σιωπή και η αδιαφορία μου της έχουν σπάσει τα νεύρα και φωνάζει.",,svp,,,"['indifference', 'apathy', 'detachment', 'unconcern']",indifference : lack of concern or care,State,0.34,0.4
EL1047,αδίκημα,NOUN,,"['παράβαση', 'έγκλημα', 'αξιόποινη πράξη', 'παρανομία']",Πράξη που παραβιάζει τον νόμο και επισύρει ποινή,,username Πες μα ρε ερευνητικέ δημοσιοκαφρε για ποια αδικήματα τον καταζητούσε η Ιντερπόλ.,,cds,,,"['offense', 'crime', 'violation', 'unlawful act']",act that breaches the law and is punishable,Event,0.43,1.16
EL1165,αδικοπραξία,NOUN,,"['αδίκημα', 'παρανομία', 'παρέκκλιση']",παράνομη ενέργεια που προκαλεί ζημιά σε άλλον,,«…η αδικοπραξία του οδηγού του ζημιογόνου οχήματος εξακολούθησε να έχει γι’ αυτόν επιζήμιες συνέπειες…»,,re,,,"['offense', 'misconduct', 'tort']",wrongful act causing harm to another,Event,0.52,
EL1215,αδράνεια,NOUN,,"['απραξία', 'νάρκη', 'ακινησία', 'ραθυμία']",κατάσταση έλλειψης δράσης ή αντίδρασης,,Δεν υπάρχει τίποτα χειρότερο από την αδράνεια της αναμονής όταν ασχολείσαι με μια υπόθεση.,,svp,,,"['inertia', 'idleness', 'stillness', 'apathy']",state of inactivity or lack of response,State,0.16,0.23
EL1585,αδυσώπητος,ADJ,,"['ανελέητος', 'αμείλικτος', 'αμνησικέρδος', 'σκληρός']","Άτομο χωρίς έλεος που δεν κάνει καμία υποχώρηση, επιδεικνύοντας σκληρότητα απέναντι σε άλλους",,username εσύ την 'έδωσες στεγνά?' Αδυσώπητος ο τουιτερόκοσμος!...,,an,,,"['ruthless', 'merciless', 'relentless', 'pitiless']",ruthless person : merciless and relentless,Person,1.02,1.03
EL1585,αδυσώπητος,ADJ,,"['ανελέητος', 'αμείλικτος', 'αμειδής', 'αδιάλλακτος']","Ιδιότητα φαινομένου ή δύναμης που δρα αμείλικτα, χωρίς δυνατότητα αναστολής",,username Η πραγματικότητα είναι αδυσώπητη με η χωρίς μνημόνιο η Ελλάδα θα πρέπει να μηδενίσει το έλλειμμα και να κάνει μεταρρυθμίσεις.,,an,,,"['relentless', 'unrelenting', 'inexorable', 'implacable']",relentless force : harsh and unstoppable,Behavioral_Trait,1.02,0.42
EL1563,αερολόγημα,NOUN,,"['κενόλογο', 'μπούρδα', 'παραμύθι']","Κούφια, αβάσιμη δήλωση χωρίς περιεχόμενο ή αποδείξεις, η οποία εκφέρεται για εντυπωσιασμό",,"«…είτε είναι ένα αερολόγημα κενό περιεχομένου είτε κάτι εύστροφο, το Facebook μας έδωσε βήμα να το ποστάρουμε»",,ddp,,,"['nonsense', 'hot air', 'empty talk']",empty statement lacking substance,Event,0.44,
EL2215,αερολογία,NOUN,,"['φλυαρία', 'παραθεωρία', 'μπούρδες', 'μπλαμπλα']","Λόγος χωρίς αποδείξεις ή ουσία, που εκφέρεται για εντυπωσιασμό και θεωρείται κενός",,"Slum Dunk μεγαλύτερες αερολογίες απο το τελευταίο δεν έχω δει στη ζωή μου, έλα Χριστέ και Κύριε , αφιέρωσα 3 λεπτά απο τη ζωή μου έτσι ... #paobc #sdna #slumdunk",,pr,,,"['blather', 'windbaggery', 'prattle', 'babble']",habitual idle talk without substance,Event,0.41,0.59
EL1071,αηδία,NOUN,,"['αποστροφή', 'απέχθεια', 'σιχασιά', 'βδελυγμία']",έντονο συναίσθημα αποστροφής και αποφοράς,,"Βγάζω από το συρτάρι μου δυο ασπιρίνες και τις καταπίνω με τον παγωμένο καφέ, που μου φέρνει αηδία.",,svp,,,"['disgust', 'revulsion', 'loathing', 'nausea']",strong feeling of disgust and revulsion,State,1.02,0.43
EL1071,αηδία,NOUN,,"['σιχαμάρα', 'αηδιαστικός τύπος', 'βδέλυγμα']",Προσβλητικός χαρακτηρισμός για άτομο που προκαλεί έντονη αποστροφή,,Ζηλιαρης μέχρι αηδία! #survivorGR #sixamenios,,svp,,,"['disgusting person', 'eyesore', 'creep']",disgusting person : someone that evokes revulsion,Person,1.02,0.54
EL1071,αηδία,NOUN,,"['αίσχος', 'σιχαμάρα', 'χάλι', 'βδέλυγμα']","Υλικό ή άυλο πράγμα που προκαλεί έντονη αποστροφή ή θεωρείται εξαιρετικά άσχημο από τον ομιλητή, συνήθως σε οικείο-επικριτικό ύφος",,τι αηδιες ειν' αυτες που λες.,,svp,,,"['disgusting thing', 'abomination', 'atrocity', 'gross stuff']",disgusting thing : something that evokes revulsion,Behavioral_Trait,1.02,0.6
EL1411,αθέμιτος,ADJ,,"['παράνομος', 'ανήθικος', 'απερίτρεπτος', 'υπόγειος']",χαρακτηρισμός πράξης που παραβιάζει ηθικούς ή νομικούς κανόνες,,Έγινε τέτοια δημοσκόπηση και δε βρέθηκε ένας πολίτης σ αυτή τη χώρα να μυνησει το κανάλι για προσβολή νεκρού και για αθέμιτη αποκόμμιση κέρδους?,,cds,,,"['illicit', 'unfair', 'unlawful', 'underhand']",quality of an act that violates moral or legal rules,Behavioral_Trait,0.51,0.47
EL2464,άθλιος,ADJ,,"['παλιάνθρωπος', 'ελεεινός', 'κάθαρμα']","Άτομο με εξαιρετικά κακή ή ανάλγητη συμπεριφορά, που προκαλεί αποδοκιμασία",,username ίυου ούτε να γράψω το όνομά του του άθλιου,,cds,,,"['wretched', 'lousy', 'miserable', 'pathetic']",derogatory term for someone with very poor quality or morals,Person,0.49,1.02
EL2464,άθλιος,ADJ,,"['χάλι', 'σκουπίδι', 'χρεπάκι']","Πράγμα (φαγητό, έργο, προϊόν) τόσο κακό που γεννά αποστροφή",,Γι' αυτό κρατήστε τις άθλιες απόψεις σας για τον εαυτό σας κι αφήστε τους ανθρώπους να είναι όπως είναι. Και να τους σέβεστε για την ψυχή τους και όχι για το σώμα τους. Όσο χοντρό ή αδύνατο να είναι.,,cds,,,"['lousy stuff', 'trash', 'dud']",awful thing,Object,0.49,0.54
EL2464,άθλιος,ADJ,,"['εξαθλίωση', 'μιζέρια', 'κατάντια']","Συνθήκη μεγάλης κακοδαιμονίας ή υποβάθμισης· περιγράφει επίπεδο ζωής, χώρων ή οργανισμών.",,E-Radio.gr Blog Ηγουμενίτσα: Δικαστήριο αθώωσε δραπέτες λόγω άθλιων συνθηκών κράτησης,,cds,,,"['wretchedness', 'squalor']",miserable state,State,0.49,0.43
EL1,αθλιότητα,NOUN,,"['εξαθλίωση', 'ένδεια', 'κακομοιριά', 'βρωμιά']",κατάσταση μεγάλης εξαθλίωσης ή ηθικής κατάπτωσης,,Γνωστός και ως «ο άγιος των ελληνικών γραμμάτων»… Με ζωή σε… κατάσταση αθλιότητας,,dmc,,,"['squalor', 'wretchedness', 'misery', 'degeneracy']",condition of extreme squalor or moral decline,State,1.02,0.36
EL1,αθλιότητα,NOUN,,"['ελεεινότητα', 'απρέπεια', 'χαμέρπεια']",Έλλειψη αξιοπρέπειας που χαρακτηρίζει λόγους ή συμπεριφορές,,"Πώς μπορούσα... Ύστερα από πολλές ώρες, έτσι για κόντρα, στην αθλιότητα που μ' έδερνε, πήρα τηλέφωνο τη Βιργινία.",,dmc,,,"['vileness', 'baseness']",vileness : moral baseness,Behavioral_Trait,1.02,0.55
EL1,αθλιότητα,NOUN,,"['αίσχος', 'ντροπή', 'κατακραυγή']",επαίσχυντη πράξη ή λόγος που προσβάλλει,,Τσίπρας: Σταματήστε τις αθλιότητες και τα fake news Ζητάει δηλαδή από τους γκεμπελιστες να σταματήσουν να τον λασπολογουν ενώ είναι το πλέον επιτυχημένο όπλο που έφερε τον Μητσοτάκη αυτοδύναμο στην εξουσία,,dmc,,,"['outrage', 'disgrace', 'shame']",shameful act or utterance that offends,Event,1.02,0.58
EL2113,αισχροκερδής,ADJ,,"['κερδοσκόπος', 'μαυραγορίτης', 'πλεονέκτης', 'αρπακτικό']",άτομο που επιδιώκει κέρδος με ανήθικο τρόπο,,"«Ο επίσκοπος πρέπει να είναι νηφάλιος, επιεικής, όχι αισχροκερδής»",,an,,,"['profiteer', 'racketeer', 'greedy', 'predatory']",person seeking profit through immoral means,Person,0.7,
EL2113,αισχροκερδής,ADJ,,"['καταπλεονεκτικός', 'άδικος', 'ληστρικός']",Πρακτική ή σύμβαση που εξασφαλίζει υπερβολικό κέρδος μέσω δόλιας υπερχρέωσης,,«Σήμερα οι ανακοινώσεις από Μητσοτάκη για τις αισχροκερδείς χρεώσεις των τραπεζών»,,an,,,"['predatory pricing', 'gouging']",exploitative practice,Behavioral_Trait,0.7,
EL613,αιχμάλωτος,NOUN,,"['όμηρος', 'κρατούμενος', 'σκλάβος', 'φυλακισμένος']","άνθρωπος που κρατείται παρά τη θέλησή του, συνήθως σε πόλεμο ή κάποιος που νιώθει δεσμευμένος, υποδουλωμένος σε έντονο συναίσθημα",,"username Ε καλά, πώς κάνεις έτσι; Ο δικός σου ρε σφεντόνα κρατούσε αιχμαλώτους 11 εκατομμύρια πολίτες 5+ μήνες, όσο αυτός ψωλοκοπάναγε Ικαρίες, Πάρνηθες κλπ, κ στο τέλος, τους εγκατέλειψε κ σε ναρκοπέδιο, για να βρουν τον δρόμο μόνοι τους.",,ddp,,,"['captive', 'prisoner', 'hostage', 'detainee']","person held against their will, usually in war",Person,0.31,1.25
EL55,ακαδημαϊσμός,NOUN,,"['σχολαστικισμός', 'ξερόλας', 'διανόηση', 'περίπλοκος λόγος']",λογοτεχνικό ή επιστημονικό ύφος υπερβολικά θεωρητικό και αποξενωμένο από την πράξη,,«Τα Ονειρικά Τραγούδια: Αποθεσμοποίηση και μεταφραστικός ακαδημαϊσμός»,,pa,,,"['academic pedantry', 'scholasticism', 'bookishness', 'highbrow style']",overly theoretical academic style detached from practice,Behavioral_Trait,0.26,
EL2255,ακάθαρτος,ADJ,,"['βρόμικος', 'μολυσμένος', 'ρυπαρός', 'αποκρουστικός']",χαρακτηρισμός ατόμου με πολλή βρωμιά ή ηθική μόλυνση,,"Τύπους σαν τον Τζήμερο, στο χωριό τους υποδεχομάστε με μια πατσά, ακάθαρτη, καπέλο.",,dmc,,,"['unclean', 'dirty', 'filthy', 'impure']",person that is very dirty or morally impure,Person,1.17,0.56
EL2255,ακάθαρτος,ADJ,,"['βρόμικος χώρος', 'μολυσμένο νερό', 'ρυπαρό οικόπεδο']","Πράγμα ή χώρος γεμάτος βρωμιά ή ρύπους, επικίνδυνος για υγεία ή αισθητική",,"username Καθαρό, ακάθαρτο νομίζω μικρή σημασία έχει μετά τη χθεσινή νεροποντή που τα ξέπλυνε όλα ????",,dmc,,,"['dirty', 'filthy', 'unsanitary', 'unclean']",dirty object : item or place heavily soiled,Behavioral_Trait,1.17,0.44
EL2351,ακαλαίσθητος,ADJ,,"['κιτς', 'κακόγουστος', 'άτεχνος', 'χοντροκομμένος']",Άτομο του οποίου οι επιλογές ή το στυλ δείχνουν έλλειψη γούστου και αισθητικής,,Δεν υπάρχει πιο ακαλαίσθητο πράμα απ' τις χαμηλοκώλες όταν φοράνε παντελόνια.,,ddp,,,"['tasteless', 'gaudy', 'inelegant', 'tacky']",tasteless person : someone lacking aesthetic sense,Person,0.41,1.19
EL2351,ακαλαίσθητος,ADJ,,"['αντιαισθητικό', 'κιτς', 'κακόγουστο', 'δυσμορφικό']","Κατασκευή, εικόνα ή έργο που παραβιάζει βασικούς κανόνες καλαισθησίας, θεωρούμενο άσχημο ή προσβλητικό για τον χώρο",,«Η άλλη μου έστειλε dm για να μου πει ότι η φωτογραφία μου είναι προκλητική και ακαλαίσθητη. Ακαλά.»,,ddp,,,"['ugly', 'unsightly', 'unaesthetic', 'hideous']",ugly object : visually displeasing thing,Behavioral_Trait,0.41,
EL1677,ακαταστασία,NOUN,,"['αταξία', 'μπάχαλο', 'αναρχία', 'βούρκος']",κατάσταση όπου επικρατεί χάος και έλλειψη τάξης,,Στην κουζίνα βασίλευε ακαταστασία και βρωμιά.,,cds,,,"['mess', 'disorder', 'chaos', 'clutter']",state of chaos and lack of order,State,0.2,0.49
EL1207,ακόλαστος,ADJ,,"['σαρκαστής', 'χυδαίος', 'λάγνος', 'ηδονιστής']",άτομο που επιδίδεται σε ηδονές χωρίς ηθικούς φραγμούς,,«Ο ακόλαστος πρίγκηπας του Γκιγιώμ Απολλιναίρ…»,,dmc,,,"['licentious', 'debauched', 'lustful', 'lewd']",person indulging in pleasures without moral restraints,Person,1.12,
EL1207,ακόλαστος,ADJ,,"['έκλυτος', 'ανήθικος', 'ασυγκράτητος']","Πράξη, επιθυμία ή τρόπος ζωής που φανερώνει πλήρη έλλειψη αυτοσυγκράτησης και θεωρείται ηθικά επιλήψιμος",,"«…είχε μετανιώσει που είχε παραδοθεί στις βρώμικες, στις ακόλαστες επιθυμίες του»",,dmc,,,"['wanton', 'immoral', 'unchaste', 'lewd']",wanton : morally unrestrained act or desire,Behavioral_Trait,1.12,
EL18,ακόλουθος,NOUN,,"['οπαδός', 'πιστός', 'υποστηρικτής', 'υπηρέτης']","Άτομο που υπηρετεί ή υπακούει τυφλά σε ηγέτη, ιδεολογία ή αφεντικό, συχνά με μειωμένη κριτική σκέψη· χρησιμοποιείται υποτιμητικά στον πολιτικό και διαδικτυακό διάλογο",,Ελπιζω να βάλουν μυαλό οι ακόλουθοι του - αν και δεν το βλέπω. Εμβολιαστείτε και σοβαρευτείτε! #Τραγκας,,qas,,,"['follower', 'supporter', 'minion', 'henchman']",person who obediently or blindly supports another,Person,0.07,0.58
EL568,αλαζονεία,NOUN,,"['υπεροψία', 'έπαρση', 'ματαιοδοξία', 'καβάλημα']",στάση υπερβολικής αυτοπεποίθησης και περιφρόνησης προς τους άλλους,,Καμμένος: Ξεπερνά τα όρια της αλαζονείας ο Βενιζέλος,,cds,,,"['arrogance', 'hubris', 'conceit', 'haughtiness']",attitude of excessive self-confidence and contempt for others,Behavioral_Trait,1.17,0.44
EL568,αλαζονεία,NOUN,,"['κομπορρημοσύνες', 'υπεροπτικές ενέργειες']",Μεμονωμένη επιδεικτική πράξη υπεροψίας,,"Καθισμένη στον τηλεοπτικό θρόνο του Μπόμπολα, δίνει ρεσιτάλ αλαζονείας και εκβιασμών... Το νέο ήθος και ύφος...",,cds,,,"['arrogant acts', 'displays of hubris']",arrogant acts : displays of haughtiness,Event,1.17,1.05
EL1113,αλεπού,NOUN,,"['πονηρός', 'σκακιστής', 'τσακάλι', 'διάβολος']",μεταφορικός χαρακτηρισμός για πολύ πονηρό άτομο,,"Η αλεπού δεν πλησίαζε τα Αλεπουδάκια, για να μην κινήσει υποψίες.",,cds,,,"['fox', 'sly person', 'trickster', 'cunning one']",metaphor for a very cunning person,Person,0.18,0.26
EL679,αλητεία,NOUN,,"['τραμπουκισμοί', 'έκτροπα', 'αισχρές πράξεις']","Συγκεκριμένο επεισόδιο βίαιης ή ανέντιμης δράσης, εμφανίζεται κυρίως σε πληθυντικό αλητείες",,"Η δικαιωματίστρια που δεν έχει βγάλει άχνα για τα εγκλήματα του Πούτιν, για τις αλητείες της Πρεσβείας κλπ, ανησυχεί ""μην μπλέξουμε"". Πόσο υπάλληλος, πια;",,cds,,,"['outrage', 'misdeed', 'thug act']",outrage : individual act of thuggery,Event,1.02,1.14
EL679,αλητεία,NOUN,,"['τραμπούκισμός', 'παραβατικότητα', 'κακοποιία', 'μπαχαλοσύνη']",Κατάσταση επιθετικής ή ανέντιμης συμπεριφοράς που προκαλεί κοινωνική όχληση,,"username Μεγάλωσα μέσα στην αλητεία. Δεν έχω σπίτι, δεν έχω ελπίδα.",,cds,,,"['hooliganism', 'rowdyism', 'delinquency', 'thuggery']",continuous aggressive or illegal street behaviour,State,1.02,0.5
EL581,αλήτης,NOUN,,"['ρεμάλι', 'περιθωριακός', 'μπατίρης', 'τσογλάνι']",Άτομο χωρίς μόνιμη στέγη και δουλειά που περιπλανιέται στους δρόμους και αντιμετωπίζεται ως κοινωνικά απόβλητο.,,"Όσο για τους αλήτες αυτούς, όπως είδες, τους έδιωξα.",,re,,,"['vagrant', 'tramp', 'bum', 'drifter']",homeless vagrant regarded as disreputable,Person,1.22,1.04
EL837,αλλόκοτος,ADJ,,"['παράξενος', 'εκκεντρικός', 'ιδιόρρυθμος', 'παράδοξος']",Πρόσωπο με ασυνήθιστη συμπεριφορά ή εμφάνιση που προκαλεί απορία στους άλλους,,"Τέτοιον αλλόκοτο, κλειστό χαρακτήρα έχει.",,om,,,"['odd', 'weird', 'eccentric', 'quirky']",odd or eccentric person,Person,0.33,0.41
EL837,αλλόκοτος,ADJ,,"['παράξενος', 'ιδιόμορφος', 'ασυνήθιστος']","γνωρισμα πράγματος, κατάστασης ή σκηνής που φαίνεται παράδοξο ή εκτός συνηθισμένου πλαισίου",,"Όλα είχαν συμβεί τόσο γρήγορα, οι συνθήκες ήταν τόσο αλλόκοτες, που οποιαδήποτε γυναίκα στη θέση μου δε θα είχε φερθεί διαφορετικά.",,om,,,"['bizarre', 'peculiar', 'uncanny']","bizarre quality: trait of an object, scene or situation that appears uncanny or out-of-the-ordinary",Behavioral_Trait,0.33,0.36
EL876,αλμπάνης,NOUN,,"['άσχετος', 'τσαπατσούλης', 'κομπογιαννίτης', 'ερασιτέχνης']",Τεχνίτης χωρίς επαρκείς γνώσεις που κάνει πρόχειρη και κακή δουλειά,,,,ddp,,,"['bungler', 'botcher', 'incompetent', 'quack']",incompetent handyman or bungler,Person,0.59,0.19
EL1200,αμαρτωλός,ADJ,,"['ασεβής', 'παραβάτης', 'ένοχος', 'κολασμένος']",Άτομο που παραβαίνει θρησκευτικούς ή ηθικούς κανόνες και θεωρείται ένοχο απέναντι στον Θεό ή στην κοινωνία,,γιατί γέμισε αμαρτωλούς.,,cds,,,"['sinner', 'wrongdoer', 'culprit', 'wicked']",person deemed sinful or guilty,Person,0.7,1.11
EL1200,αμαρτωλός,ADJ,,"['πειρασμός', 'δελεαστικός', 'ενοχικός']",για πράγμα ή απόλαυση που προσφέρει έντονη ηδονή αλλά θεωρείται υπερβολικό ή ενοχικό,,Μίκης Θεοδωράκης: Ο ΣΥΡΙΖΑ μεταβάλλεται σε τμήμα της αμαρτωλής Βουλής,,cds,,,"['decadent', 'sinful', 'guilty (as in guilty pleasure)']",decadent indulgence: object or activity that gives intense pleasure yet is viewed as excessive or guilt-laden,Behavioral_Trait,0.7,0.48
EL316,αμερικανάκι,NOUN,,"['αφελής', 'κορόιδο', 'ξενόδουλος', 'ευκολόπιστος']",Αφελές ή νεαρό άτομο που μιμείται άκριτα την αμερικανική κουλτούρα ή θεωρείται εύκολη λεία.,,"username ωχχχ και αυτό είναι καλύτερο? Premier League οκ.. τα άλλα... Τελικα νομίζω ότι είσαι ""αμερικανάκι"" :)",,ddp,,,"['gullible', 'naive', 'pushover', 'americanised kid']","gullible, Americanised youngster",Person,0.36,0.5
EL1264,αναθυμίαση,NOUN,,"['κατάλοιπα', 'μιάσματα', 'κλυδωνισμοί', 'οσμή σκανδάλου']","Δυσάρεστες συνέπειες ή κακοσμία που αποπνέει ένα σκάνδαλο, μια πράξη διαφθοράς ή μια μεγάλη αποτυχία",,"Βίκυ, κόψε τη βαφή κ τα προϊόντα σταιλινγκ γιατί από τις αναθυμιάσεις αρπαξες #shoppingstar",,dmc,,,"['fallout', 'after-effects', 'stink', 'whiff']",scandalous fallout : lingering bad effects or stench of wrongdoing,Event,0.05,1.04
EL676,αναίδεια,NOUN,,"['θράσος', 'αδιαντροπιά', 'προκλητικότητα']","Συνήθεια να φέρεται κανείς χωρίς σεβασμό, με θράσος και απουσία ντροπής.",,"Κατάλαβες, Νίνα μου, είχε την αναίδεια να με κοροϊδεύει κι από πάνω.",,cds,,,"['impudence', 'insolence', 'shamelessness', 'cheek']",habitual insolence or impudence,Behavioral_Trait,1.01,0.45
EL676,αναίδεια,NOUN,,"['προσβολή', 'αυθάδεια']",συγκεκριμένη πράξη θράσους που προσβάλλει κάποιον,,Έβγαζαν αποφάσεις -συνήθως υπέρ του Φώτη- κι είχαν την αναίδεια να θέλουν να τις εφαρμόσω.,,cds,,,"['affront', 'insolent act']",act of insolence: blatant action that offends another,Event,1.01,0.44
EL1377,ανακατωσούρης,ADJ,,"['μπερμπάντης', 'μπερδεψίας', 'ταραχοποιός', 'περίεργος']",Άτομο που προκαλεί σύγχυση και καβγάδες αναμειγνύοντας τους άλλους σε υποθέσεις που δεν το αφορούν,,"Πρεπει να χει κομπλεξ για το υψος του αυτο, που και καλα το κρυβει με αυτοσαρκασμο, και πρεπει ναναι και τέρμα σκατοψυχο. Και ανακατωσουρης. Για να δουμε το μελλον. #BigBrotherGR",,cds,,,"['troublemaker', 'meddler', 'busybody', 'agitator']",person who meddles and stirs trouble,Person,0.51,0.8
EL1377,ανακατωσούρης,ADJ,,"['μπελάδες,' 'φασαρίες', 'αναστάτωση', 'μαντάρα', 'ντράβαλα']","Σειρά παρεμβάσεων σε ξένες υποθέσεις που προκαλεί αναστάτωση, μπελάδες ή καβγάδες",,"Αρκετό κακό μου 'χαν κάνει στην περίπτωση του Αργύρη με τις ανακατωσούρες τους, δεν εννοούσα να τους αφήσω να ξανανακατευτούν στη ζωή μου.",,cds,,,"['meddling', 'turmoil', 'fuss', 'stir-up', 'hassle']",meddling disruptive interference mess,Event,0.51,0.49
EL338,αναλήθεια,NOUN,,"['ψεύδος', 'ανακρίβεια', 'ψευδολογία', 'στημένη ιστορία']",Ισχυρισμός κατά την οποία τα λεγόμενα ή γραφόμενα δεν συμφωνούν με την πραγματικότητα,,««Η μεγαλύτερη αναλήθεια που έχει γραφτεί για μένα είναι ότι προσποιήθηκα…» #SurvivorGR»,,cds,,,"['falsehood', 'untruth', 'inaccuracy', 'lie']",statement of falsehood or untruth,Event,0.34,
EL111,αναλφάβητος,ADJ,,"['αγράμματος', 'αμόρφωτος', 'αδιάβαστος', 'απαίδευτος']",Άτομο που δεν έχει μάθει να διαβάζει και να γράφει.,,Καλό ειναι να εισαι ανοιχτό βιβλίο...προσοχή όμως στους αναλφάβητους...my way...,,ddp,,,"['illiterate', 'unlettered', 'uninformed', 'unschooled']",illiterate person,Person,0.46,0.44
EL111,αναλφάβητος,ADJ,,"['αδαής', 'άσχετος', 'ψεκασμένος']","Υβριστικός χαρακτηρισμός για κάποιον που αγνοεί βασικές γνώσεις (π.χ. οικονομικές, ψηφιακές) και θεωρείται άτομο χαμηλής αντίληψης",,username Εάν υπάρχει τρόπος μην τον κρατάς κρυφό Κάπτεν απο εμάς τους τεχνολογικά αναλφάβητους δικηγόρους !,,ddp,,,"['ignoramus', 'know-nothing', 'ill-informed']",ignorant : person lacking essential literacy in a domain,Person,0.46,0.4
EL866,ανανδρία,NOUN,,"['δειλία', 'φοβία', 'μικροψυχία', 'λίγοψυχία']",Έλλειψη θάρρους που οδηγεί κάποιον να αποφεύγει τον κίνδυνο ή την ευθύνη,,«Πολιτική ανανδρία οι προσπάθειες συκοφάντησης του Τάσσου Παπαδόπουλου.»,,cds,,,"['cowardice', 'timidity', 'spinelessness', 'pusillanimity']",cowardice; lack of courage,Behavioral_Trait,1.02,
EL866,ανανδρία,NOUN,,"['ύπουλη πράξη', 'δόλος']",μεμονωμένη ενέργεια χωρίς ρίσκο που προσβάλλει άλλον και κρίνεται δειλή,,«Πράξη νυχτερινής ανανδρίας· σκότωσαν θηλυκό αίγαγρο και τράπηκαν σε φυγή.»,,cds,,,"['dastardly deed', 'sneaky attack']",single deed carried out safely against defenceless target,Event,1.02,
EL862,άνανδρος,ADJ,,"['δειλός', 'λίγος', 'φοβητσιάρης', 'χαμερπής']",Πρόσωπο που δείχνει δειλία και ενεργεί χωρίς τιμή ή ευθύτητα,,username Να ειςαι λιγότερο άνανδρος ρε μπορείς?,,cds,,,"['coward', 'craven', 'gutless', 'spineless']",cowardly person lacking honour,Person,0.57,1.09
EL862,άνανδρος,ADJ,,"['ύπουλος', 'δόλιος']",χαρακτηρισμός για ενέργεια που πλήττει απροστάτευτο στόχο χωρίς ρίσκο,,"“Να την αφήσω να πεθάνει τη μαγκούφα, αυτό ήθελες; Να τη δεις νεκρή; Αντί να μιλάς σε μένα, τη μάνα σου, κατ αυτόν τον τρόπο και να μου κάνεις λεονταρισμούς, άνανδρε, γιατί βρε δε γίνεσ' επιτέλους άνθρωπος να βοηθήσεις και μας, να πάψω να τρέχω και στις φυλακές;” Κι αρπάζει, Νίνα μου, μια πιατέλα απ' την πιατοθήκη και τη βροντάει στα πλακάκια.",,cds,,,"['cowardly', 'dastardly', 'sneaky']",adjective qualifying a dishonourable attack,Behavioral_Trait,0.57,1.17
EL1551,αναπηρία,NOUN,,"['εξουθένωση', 'ακρωτηριασμός', 'δυσλειτουργία', 'ανικανότητα']",Μόνιμος ή μακροχρόνιος περιορισμός σωματικών ή νοητικών λειτουργιών που δυσκολεύει την καθημερινή ζωή,,"username Άσχετο το ένα με το άλλο , οι κουτσοί και οι τυφλοί είναι ιδιαίτερα συμπαθητικοί σε αντίθεση με τους ανεμβολίαστους ψεκασμένους που δεν τους συμπαθεί κανείς φυσιολογικός άνθρωπος . Αν εννοείς πως είμαστε ρατσιστές ενάντια σε ανθρώπου με αναπηρία στον εγκέφαλο τότε να το δεχτώ .",,ddf,,,"['disability', 'impairment', 'handicap', 'infirmity']",long-term physical or mental disability,State,0.51,1.02
EL1551,αναπηρία,NOUN,,"['αδυναμία', 'παράλυση', 'καθίζηση']","Σοβαρή δυσλειτουργία συστήματος, θεσμού ή οικονομίας που εμποδίζει την ομαλή λειτουργία",,Το κράτος οι μπάτσοι μια Αρχή φταίει για την αναπηρία της Μυρτούς παλιοξεκολιάρηδες.,,ddf,,,"['impediment', 'systemic flaw', 'structural paralysis']",systemic handicap : severe dysfunction hampering performance,State,0.51,1.16
EL936,ανάπηρος,NOUN,,"['ημιπληγικός', 'ανίκανος', 'καροτσάτος', 'μονοπόδαρος']",Άτομο με μόνιμη ή παρατεταμένη βλάβη που περιορίζει τις σωματικές ή νοητικές ικανότητές του,,"username username Τα γεροντάκια θα κάνουν πειραματόζωα, θα τα θυσιάσουν, και τους ήδη άρρωστους με άλλες αρρώστιες, μου θυμίζει τους ναζι που εκτελούσαν τους ανάπηρους. Τα γεροντάκια έχουν και άνοια και επηρεάζονται φουλ απο τα ξεπουλημένα στην ΝΔ, ΣΥΡΙΖΑ μμε και τα καθάρματα που κυβερνούν",,ddf,,,"['disabled person', 'handicapped', 'crippled', 'impaired']",person with a disability,Person,0.51,1.23
EL936,ανάπηρος,NOUN,,"['κακομοίρης', 'άχρηστος', 'κουτσός']",Βρισιά για πρόσωπο που θεωρείται ανίκανο ή ανεπαρκές· συχνή σε αθλητικές αψιμαχίες και διαδικτυακό εκφοβισμό,,username Και εγώ αυτήν την φορά ψήφισα Μαρίανθη και εγώ εάν όμως δεν φυγει το ανάπηρο αυτήν την φορά έλεος ρε πουστη μου,,ddf,,,"['crip', 'handicapped (slur)', 'useless']",cripple (slur) : insulting term for incapable person,Person,0.51,1.31
EL936,ανάπηρος,NOUN,,"['κουτσουρεμένος', 'παραλυμένος', 'ατελής']","στοιχείο, μηχανισμός ή σύστημα που λειτουργεί ελλιπώς ή καθόλου",,"«…όσο ανάπηρο λειτουργικό κι αν ήταν, ήταν η πρώτη υλοποίηση του concept…»",,ddf,,,"['crippled', 'hamstrung', 'impaired']",crippled (metaph.) : functioning badly or partially,Behavioral_Trait,0.51,
EL413,αναστάτωση,NOUN,,"['αναμπουμπούλα', 'ταραχή', 'χαμός', 'σαματάς']","Κατάσταση έντονης αταξίας, σύγχυσης ή ψυχικής ταραχής.",,"Η κατάσταση έχει προκαλέσει την αναστάτωση και τις εύλογες ανησυχίες των αγανακτισμένων πλέον κατοίκων της περιοχής, ενώ προστίθεται στην εν γένει απαξίωση των υποδομών του λιμένα. #Αλιευτικό_Καταφύγιο_Ραχών",,cds,,,"['upheaval', 'disturbance', 'turmoil', 'commotion']",turmoil or disturbance,State,0.21,0.49
EL1605,ανήθικος,ADJ,,"['ασυνείδητος', 'διεφθαρμένος', 'ελεεινός', 'παλιάνθρωπος']",Πρόσωπο που παραβαίνει τους γενικά αποδεκτούς κανόνες ηθικής.,,username username Είσαι ανήθικος παρά το πτυχίο σου ????,,dmc,,,"['immoral', 'unethical', 'depraved', 'vile']",someone who routinely breaks prevailing moral rules,Person,1.12,1.08
EL1605,ανήθικος,ADJ,,"['φαυλότητα', 'ανηθικότητα', 'ατιμία']",πράξη ή ενέργεια που αντίκειται στους κοινούς κανόνες ηθικήςπράξη ή ενέργεια που αντίκειται στους κοινούς κανόνες ηθικής,,"username username Μα.., κάνουν τέτοιες ανήθικες ερωτήσεις σε αριστερό..;;",,dmc,,,"['unethical act', 'wrongdoing']",deed judged to violate accepted moral standards,Behavioral_Trait,1.12,1.16
EL1198,ανηθικότητα,NOUN,,"['διαφθορά', 'ακολασία', 'ατιμία', 'πονηριά']",Τάση ή κατάσταση παραβίασης ηθικών κανόνων και κοινωνικών αξιών.,,«“Ο Τραμπ φταίει για την ανηθικότητα του Μπάιντεν”»,,dmc,,,"['immorality', 'depravity', 'corruption', 'vice']",state of immorality or depravity,Behavioral_Trait,1.01,
EL2021,ανθρωπάκι,NOUN,,"['τιποτένιος', 'μικρός', 'ασήμαντος', 'χαμερπής']","Πρόσωπο μικρής σημασίας ή αξίας, συχνά δειλό ή δουλοπρεπές.",,"Κάτω από το κοστούμι της χρησικαρπίας, κρύβεται το ανθρωπάκι.",,dmc,,,"['little man', 'nobody', 'insignificant', 'wretch']","insignificant, submissive person",Person,1.06,1.11
EL2005,ανθρωποκτονία,NOUN,,"['φόνος', 'δολοφονία', 'έγκλημα']",Εγκληματική πράξη κατά την οποία αφαιρείται η ζωή ανθρώπου από άλλον.,,username Μιλάει για ανθρωποκτονίες κ βιασμούς σαν να πρόκειται για απλά πλημμελήματα.Εγκληματικές φυσιογνωμίες οι κυβερνώντες που τους αξίζουν ισόβια,,re,,,"['homicide', 'murder', 'manslaughter', 'killing']",homicide; act of killing a person,Event,1.25,1.22
EL1621,ανθρωποκτόνος,NOUN,,"['φονιάς', 'δολοφόνος', 'κακοποιός', 'εκτελεστής']",Πρόσωπο που σκότωσε ή σκοτώνει άνθρωπο.,,«Ο ανθρωποκτόνος όμως διάβολος προσπαθεί να μας οδηγήσει στην απελπισία!»,,re,,,"['killer', 'murderer', 'homicide offender', 'slayer']",person who committed homicide,Person,1.33,
EL1621,ανθρωποκτόνος,NOUN,,"['θανατηφόρος', 'φονικός', 'καταστροφικός']",Χαρακτηρισμός που προκαλεί ανθρώπινους θανάτους ή θέτει σε άμεσο κίνδυνο τη ζωή ανθρώπων,,"#πατρα Είναι η δολοφόνος, η παιδοκτόνος,η ανθρωποκτόνος,δεν είναι η Ρούλα. Είναι ο δολοφόνος, ο γυναικοκτόνος, δεν είναι ο Μπάμπης. Ας ξεχωρίσουμε τα βασικά πια, κάπου οπα!",,re,,,"['lethal', 'deadly', 'fatal']",capable of causing death to humans,Behavioral_Trait,1.33,1.21
EL503,ανία,NOUN,,"['πλήξη', 'βαρεμάρα', 'ενόχληση', 'μονοτονία']",ψυχική κατάσταση παρατεταμένης πλήξης και έλλειψης ενδιαφέροντος,,Είναι τόσο πληκτικά τον Αύγουστο που μόνο ένα συλλαλητήριο κατά της Συμφωνίας των Πρεσπών θα μπορούσε να μας βγάλει από την ανία,,svp,,,"['boredom', 'tedium', 'ennui', 'dullness']",state of prolonged boredom and lack of interest,State,0.2,0.24
EL1581,ανίκανος,ADJ,,"['ανεπρόκοπος', 'αδύναμος', 'άχρηστος', 'ανεπαρκής']",άτομο που δεν διαθέτει τις απαραίτητες δεξιότητες ή δύναμη για να επιτύχει κάτι,,Έλεγε ότι εγώ είμαι η ανίκανη.,,ddp,,,"['incapable', 'incompetent', 'useless', 'inept']",person who lacks the required skills or power to achieve something,Person,1.14,0.41
EL1547,ανικανότητα,NOUN,,"['αδυναμία', 'ανεπάρκεια', 'αναποτελεσματικότητα', 'ατολμία']",μόνιμη έλλειψη ικανότητας να εκτελεστεί συγκεκριμένη ενέργεια ή έργο,,«…και επειδή η ανικανότητα της κυβέρνησης φθάνει στο όριο του θράσους…»,,ddf,,,"['inability', 'incapacity', 'inefficiency', 'powerlessness']",persistent lack of ability to perform a specific task,Behavioral_Trait,1.07,
EL1547,ανικανότητα,NOUN,,"['στυτική δυσλειτουργία', 'σεξουαλική ανεπάρκεια', 'ανδρική ανημποριά']",Χρόνια σωματική κατάσταση κατά την οποία ένας άνδρας δεν μπορεί να επιτύχει ή να διατηρήσει στύση ικανή για ολοκλήρωση σεξουαλικής πράξης,,"«Η στυτική δυσλειτουργία, γνωστή και ως ανικανότητα, επηρεάζει την ικανότητα ενός άνδρα να επιτύχει ή να διατηρήσει στύση.»",,ddf,,,"['impotence', 'erectile dysfunction', 'sexual incapacity']",impotence; chronic inability to achieve or maintain an erection,State,1.07,
EL163,ανοησία,NOUN,,"['κουταμάρα', 'βλακεία', 'χαζομάρα', 'ηλιθιότητα']",λόγια ή πράξεις χωρίς λογική ή φρόνηση που προκαλούν κριτική ή γέλιο,,Τι ανοησίες λες; Ποιος σου είπε τέτοια πράγματα; Η Θεανώ; - Ε!...,,an,,,"['nonsense', 'foolishness', 'stupidity', 'silliness']",words or actions lacking sense or prudence that invite criticism or laughter,Event,0.38,1.08
EL172,ανόητος,ADJ,,"['βλαμμένος', 'χαζός', 'ηλίθιος', 'κουτός']",άτομο με μειωμένη κρίση που ενεργεί ή μιλά χωρίς σκέψη,,"και τι νομιζετε, ανοητα!",,cds,,,"['stupid', 'foolish', 'idiot', 'silly']",person of limited judgment who acts or speaks without thinking,Person,0.44,1.18
EL172,ανόητος,ADJ,,"['παράλογος', 'άτοπος', 'επιπόλαιος']","Για σχέδιο, λόγο ή επιλογή που στερείται λογικής και ωφελιμότητας· χρησιμοποιείται σε συζητήσεις συμβουλής ή κριτικής",,Εύρισκε μια ανόητη δικαιολογία και μου ξέφευγε.,,cds,,,"['senseless', 'silly', 'unwise', 'absurd']",Senseless : lacking rational purpose,Behavioral_Trait,0.44,0.43
EL1412,άνομος,ADJ,,"['παράνομος', 'κακοποιός', 'παραβάτης', 'ανομικός']",άτομο που αψηφά τους νόμους και ενεργεί χωρίς ηθικούς φραγμούς,,«Στις 21 Μαΐου 1894 ο άνομος και αντάρτης Γάλλος αναρχικός Émile Henry καταδικάστηκε σε θάνατο με γκιλοτίνα.»,,cds,,,"['lawless', 'outlaw', 'criminal', 'illicit']",person who disregards laws and acts without moral restraints,Person,0.59,
EL1412,άνομος,ADJ,,"['παράνομος', 'αθέμιτος', 'έκνομος', 'άδικος']","Για πράξη, καθεστώς ή πολιτική που αντίκειται στον νόμο και στα δικαιώματα· όρος πολιτικής και δημοσιογραφικής καταγγελίας",,"Κι εντάξει, η αποχρυσαυγοποίηση της αστυνομίας συνολικά, είναι ας πούμε δύσκολο και χρονοβόρο έργο. Αλλά αυτό το “άνομο” τμήμα; Έστω συμβολικά. Από κάπου δε θάπρεπε να αρχίσει αυτή η «προσπάθεια»; #Εμπουκα",,cds,,,"['unlawful', 'illegal', 'lawless', 'illicit']",Unlawful : contrary to legal order,Behavioral_Trait,0.59,0.44
EL2479,αντάρτης,NOUN,,"['εξεγερμένος', 'στασιαστής', 'επαναστάτης', 'αντιστασιακός']",άτομο που εξεγείρεται ένοπλα ή πολιτικά εναντίον της εξουσίας,,"Ο Αλέξης και οι ""αντάρτες"" του Σύριζα",,dmc,,,"['rebel', 'insurgent', 'guerrilla', 'mutineer']","person who rebels, often with arms, against authority",Person,0.28,0.31
EL1397,αντιδραστικός,ADJ,,"['συντηρητικός', 'απολιθωμένος', 'αρνητής', 'οπισθοδρομικός']",άτομο που αντιτίθεται πεισματικά σε κάθε αλλαγή ή πρόοδο,,"Σε ολο τον κοσμο πνευματικοι ανθρωποι, καλλιτεχνες προοδευτικοι. Στην Ελλαδα αντιδραστικοι",,cds,,,"['reactionary', 'conservative', 'obstinate', 'backward']",person who stubbornly resists any change or progress,Person,0.38,1.03
EL1397,αντιδραστικός,ADJ,,"['οπισθοδρομικός', 'αναχρονιστικός']",Ιδιότητα ή πολιτικό μέτρο που εμποδίζει μεταρρύθμιση και διατηρεί παλαιές δομές,,"username Ειρωνικό: τα δυο πρώτα επαναστατικά αβασίλευτη αντιπροσωπευτικά πολιτεύματα του 18ου #ΗΠΑ και #Γαλλία , γίνονται από τα πρώτα αντιδραστικά απολυταρχικά αυταρχικά πολιτεύματα του 21ου αι.",,cds,,,"['reactionary, backward-looking']",policy or act opposing reform,Behavioral_Trait,0.38,0.47
EL1070,αντιπάθεια,NOUN,,"['απέχθεια', 'αποστροφή', 'δυσφορία', 'δυσανεξία']",Συναίσθημα ενστικτώδους αποστροφής προς πρόσωπο ή πράγμα,,"Γιατί αλλιώς, δεν μπορούσε να εξηγηθεί η αντιπάθεια που έτρεφε για την Επιστήμη.",,svp,,,"['dislike', 'aversion', 'distaste', 'repulsion']",feeling of instinctive aversion toward a person or thing,Behavioral_Trait,0.34,0.38
EL2114,ανώμαλος,ADJ,,"['διαστροφικός', 'παραβατικός', 'παράδοξος', 'παράφυλος']","άτομο που αποκλίνει σοβαρά από κοινωνικά ή σεξουαλικά αποδεκτές συμπεριφορές, συχνά με περιφρονητικό τόνο",,username username Τι λες μωρε ανώμαλη πρωί πρωί,,om,,,"['pervert', 'deviant', 'abnormal', 'twisted']","person who seriously deviates from socially or sexually accepted behaviors, used disparagingly",Person,1.24,1.31
EL2114,ανώμαλος,ADJ,,"['τραχύς', 'ανισόπεδος', 'ακανόνιστος']","Ιδιότητα επιφανείας, διαδρομής ή συμβάντος χωρίς ομαλή μορφή ή πορεία· δηλώνει τραχύτητα, ανομοιογένεια, απρόβλεπτη εξέλιξη",,username username Τσίπα δεν έχετε εδώ μέσα ανώμαλα δίποδα χάχα,,om,,,"['uneven', 'rough', 'irregular']","uneven : rough, irregular in shape or course",Behavioral_Trait,1.24,1.27
EL2245,απαγωγέας,NOUN,,"['αρπαγέας', 'όμηρο-λήπτης']",άτομο που αρπάζει κάποιον παράνομα για λύτρα ή άλλο σκοπό,,Αυτοί είναι οι επτά απαγωγείς του Μιχάλη Λεμπιδάκη,,re,,,"['kidnapper', 'abductor', 'snatcher', 'captor']",person who illegally seizes someone for ransom or other purpose,Person,0.46,0.36
EL2231,απαγωγή,NOUN,,"['αρπαγή', 'ομηρία', 'αιχμαλωσία', 'σύλληψη']",παράνομη πράξη αρπαγής προσώπου με σκοπό εκβίαση ή βλάβη,,Μέχρι και στα Αντικύθηρα κάνουν απαγωγές και απελάσεις μεταναστών!  #Refugeesgr,,re,,,"['kidnapping', 'abduction', 'hostage-taking', 'seizure']",illegal act of seizing a person for extortion or harm,Event,0.31,0.45
EL14,απάθεια,NOUN,,"['αδιαφορία', 'νωθρότητα', 'ατονία', 'ψυχρότητα']","συναισθηματική αδράνεια και έλλειψη ενδιαφέροντος για ό,τι συμβαίνει",,username Ο θυμός είναι μια υγιής αντίδραση μιας πολιτισμένης κοινωνίας έναντι του αδόκητου χαμού 3 μικρών κοριτσιών από την διαβολική μάνα τους!Η απάθεια από την άλλη πλευρά ΔΕΝ είναι υγιής!Η λέξη ΘΑΝΑΤΟΣ σε ένα παντζούρι δεν αντιπροσωπεύει την κοινή γνώμη αλλά αντανακλά τον θυμό της.,,svp,,,"['apathy', 'indifference', 'listlessness', 'detachment']",emotional inertia and lack of interest in what happens,State,0.07,0.56
EL388,απατεώνας,NOUN,,"['απατεών', 'καταφερτζής', 'λαμόγιο', 'ψεύτης']",άτομο που εξαπατά συστηματικά για οικονομικό ή άλλο όφελος,,Ο ορισμός των πολιτικών απατεώνων!,,re,,,"['swindler', 'con artist', 'fraudster', 'cheat']",person who systematically deceives for financial or other gain,Person,1.17,0.58
EL1008,απάτη,NOUN,,"['κομπίνα', 'λαμογιά', 'ζαβολιά', 'εξαπάτηση']",δόλια ενέργεια που σκοπεύει να παραπλανήσει και να αποσπάσει όφελος,,"Η εθνική ενότητα είναι μια τεράστια απάτη, νόμος είναι το δίκιο του εργάτη.",,dmc,,,"['fraud', 'scam', 'cheat', 'deception']",fraudulent act intended to deceive and obtain benefit,Event,0.49,0.55
EL964,άπειρος,ADJ,,"['άμαθος', 'αδοκίμαστος', 'πρωτάρης', 'αθώος']",άτομο που δεν έχει πείρα ή εξοικείωση σε συγκεκριμένο τομέα,,username Ειναι απειρος.Δεν ξερει.Μονο ενας Μικρούτσικος κανει γι αυτα.,,cds,,,"['inexperienced', 'novice', 'unseasoned', 'green']",person lacking experience or familiarity in a specific field,Person,0.07,1.02
EL964,άπειρος,ADJ,,"['απεριόριστος', 'ατέρμονος', 'χωρίς πέρας']","Περιγράφει μέγεθος ή σύνολο χωρίς όριο ή τέλος, κυρίως σε μαθηματικά και κοσμολογία",,"Είμαι όμως καινούριος και άπειρος, στραβάδι που λένε, και πιστεύω ότι θα μπω καλύτερα στο κλίμα, όταν συζητώ μαζί σας συγκεκριμένες υποθέσεις και παρακολουθώ τον τρόπο σκέψης και το σύστημα της έρευνάς σας».",,cds,,,"['infinite', 'boundless', 'endless']",infinite : having no limits or boundaries,Behavioral_Trait,0.07,0.52
EL441,απεργοσπάστης,NOUN,,"['σπάστης', 'προδότης', 'εργοδοτικός', 'συνδικαλιστοφάγος']","Άτομο που συνεχίζει ή αναλαμβάνει εργασία την ώρα που οι συνάδελφοί του απέχουν, ματαιώνοντας την πίεση της κινητοποίησης",,"Ψάχνω κι εγώ κάνα κανάλι να δω ειδήσεις,τιποτα.Δε μπορεί λέω,κανας απεργοσπάστης;Μεγκα,τιποτα.Σκαι,τιποτα.Παει,χάλασε ο κόσμος.",,cds,,,"['scab', 'strikebreaker', 'blackleg', 'traitor']","worker who continues working or replaces strikers, breaking the strike",Person,0.52,1.06
EL443,απεργοσπαστικός,ADJ,,"['αντιαπεργιακός', 'αντιεργατικός', 'εργοδοτικός', 'συνδικαλιστοκάμπτης']",χαρακτήρας ή ενέργεια που στοχεύει στο σπάσιμο ή υπονόμευση εργατικής απεργίας,,"Να απαντήσουν στην απεργοσπαστική στάση των δυνάμεων του κυβερνητικού συνδικαλισμού του ΓΣ της ΑΔΕΔΥ με την οργάνωση από τα κάτω της απεργίας στις 17/4 , καλούν τους εργαζόμενους/ες οι Παρεμβάσεις Κινήσεις Συσπειρώσεις στο Δημόσιο #απεργια17Απριλη",,cds,,,"['strike-breaking', 'union-busting', 'anti-strike', 'scablike']",attitude or action aimed at breaking or undermining a workers' strike,Behavioral_Trait,0.43,
EL204,απληστία,NOUN,,"['πλεονεξία', 'αχορταγία', 'αδηφαγία', 'φιλοχρηματία']","Παθολογική, ακόρεστη επιθυμία για απόκτηση όλο και περισσότερων υλικών ή συμβολικών αγαθών, που γεννά συγκρούσεις και κοινωνική αποδοκιμασία",,username username Θα προσθέσω αν μου επιτρέπεις φίλε και την απληστία,,svp,,,"['greed', 'avarice', 'cupidity', 'rapacity']",intense and greedy desire for wealth or other goods without limit,State,1.07,0.43
EL1871,απόβλητα,NOUN,,"['σκουπίδια', 'υπολείμματα', 'απορρίμματα', 'λύματα']",υλικά κατάλοιπα παραγωγικής ή οικιακής δραστηριότητας που θεωρούνται άχρηστα,,Γ.Οικονόμου: Η Ελλάδα εξασφάλισε από την ΕΕ 600 εκατ. ευρώ για ανακύκλωση και επεξεργασία αποβλήτων #Ανακύκλωση #Γ.Οικονόμου,,cds,,,"['waste', 'refuse', 'garbage', 'residues']",material residues from industrial or domestic activity regarded as useless waste,Object,0.54,0.21
EL638,απόβλητος,ADJ,,"['εξοστρακισμένος', 'απόκληρος', 'παρίας', 'ανεπιθύμητος']",άτομο που έχει αποπεμφθεί και θεωρείται ανεπιθύμητο από κοινωνική ομάδα,,"Μα να φύγω εγώ απ' τη Σαλονίκη, σα να 'μουνα εγώ η ένοχη, σα να 'μουνα καμιά απόβλητη, αυτό ήταν υπεράνω των δυνάμεών μου.",,dmc,,,"['outcast', 'ostracized', 'unwanted', 'expelled']",person expelled and unwanted by a community,Person,0.52,0.58
EL638,απόβλητος,ADJ,,"['άχρηστος', 'καταργημένος']","Περιγράφει υλικό που έχει απορριφθεί ως άχρηστο ‒ ιδίως ιατρικά, χημικά ή ραδιενεργά κατάλοιπα",,"Καθώς η πανδημία εξαπλωνόταν, ιατρικά απόβλητα μεταφέρονταν στη χωματερή Τσιπετσάνγκ.",,dmc,,,"['discarded', 'waste', 'rejected']",discarded : thrown away material,Object,0.52,
EL681,απόβρασμα,NOUN,,"['καθίκι', 'κατακάθι', 'κάθαρμα', 'παλιοτόμαρο', 'σάρακα']",άτομο εξαιρετικά ανήθικο και αξιοκαταφρόνητο,,username Ακόμα δεν το έχεις κατεβάσει ρε απόβρασμα?,,cds,,,"['scum', 'dreg', 'lowlife', 'vermin', 'trash']",utterly immoral and despicable person,Person,0.9,1.33
EL681,απόβρασμα,NOUN,,"['ίζημα', 'κατακάθι', 'μούργα']","Υπόλειμμα που επιπλέει ή κατακάθεται κατά την επεξεργασία υγρού, π.χ. αφρός μεταλλουργίας ή ίζημα καφέ",,username Ολόκληρος ο ορθόδοξος ελληνικός λαός απαιτεί τώρα την αμεση απομάκρυνση του ανθελληνα ελεεινου Μοσιαλου από την κυβέρνηση και από την Ελλάδα. Είναι ντροπή της κυβέρνησης να έχει τέτοιου είδους ελλεινα αποβρασματα,,cds,,,"['dregs', 'sediment', 'sludge']",dregs : residue left after a liquid is processed,Object,0.9,1.14
EL1074,απόκρυψη,NOUN,,"['κάλυψη', 'κουκούλωμα', 'συγκάλυψη', 'κρύψιμο']",ενέργεια σκόπιμου κρυψίματος στοιχείων ώστε να μην αποκαλυφθούν,,Η απειλή του κοινωνικού στιγματισμού προβλέπει την απόκρυψη της ταυτότητας του μη θρήσκου,,dmc,,,"['concealment', 'cover-up', 'hiding', 'suppression']",intentional hiding of information so it is not revealed,Event,0.13,0.39
EL1543,απομίμηση,NOUN,,"['αντίγραφο', 'ρέπλικα', 'κάλπικο', 'μαϊμού', 'ίμιο']",αντίγραφο χωρίς αυθεντικότητα που προσπαθεί να μοιάσει στο πρωτότυπο,,"Χαλβάς μόνο εκ Δραπετσώνος, προσοχή στις απομιμήσεις",,dmc,,,"['imitation', 'copy', 'fake', 'replica', 'knockoff']",non-authentic copy trying to look like the original,Object,0.18,0.39
EL1543,απομίμηση,NOUN,,"['πλαστογραφία', 'κόπια', 'κλώνος']",Πράξη αντιγραφής έργου τέχνης ή εμπορικού σήματος με πρόθεση εξαπάτησης· πλαστογραφία,,Η κακή απομίμηση της Ariana Grande.. ΓΙΑΤΙ? #houseoffameGR,,dmc,,,"['forgery', 'counterfeit', 'knock-off']",forgery : fraudulent imitation of art or brand,Event,0.18,0.5
EL2478,αποστάτης,NOUN,,"['λιποτάκτης', 'προδότης', 'αποσκιρτητής', 'μεταστάτης']","άτομο που εγκαταλείπει ιδεολογία, οργάνωση ή πατρίδα και συντάσσεται με την αντίθετη πλευρά",,"ΑΝΕΛ για Δ. Καμμένο: Μια φορά αποστάτης, για πάντα αποστάτης",,dmc,,,"['defector', 'turncoat', 'renegade', 'deserter', 'traitor']","person who abandons an ideology, group or country and joins the opposing side",Person,0.56,0.6
EL1578,απραξία,NOUN,,"['αδράνεια', 'στασιμότητα', 'παθητικότητα', 'ακινησία']",κατάσταση κατά την οποία δεν εκτελείται καμία δράση ή πρωτοβουλία,,Α.Δημητριάδης: «Η απραξία της κυβέρνησης έφερε το Βαρώσι στο πιάτο της αδιαλλαξίας της Τουρκίας»,,svp,,,"['inactivity', 'idleness', 'stagnation', 'inertia']",state where no action or initiative is undertaken,State,0.36,0.54
EL1578,απραξία,NOUN,,['δυσπραξία (μερ.)'],"Νευρολογική διαταραχή κινητικού προγραμματισμού που εμποδίζει τον συντονισμό εκούσιων κινήσεων (π.χ. της ομιλίας), χωρίς μυϊκή παράλυση",,"Η παιδική απραξία ομιλίας είναι μια νευρολογικής φύσης διαταραχή, όπου ο εγκέφαλος δυσκολεύεται να σχεδιάσει και να εκτελέσει τις απαραίτητες κινήσεις για καθαρή και συνεπή ομιλία — παρά την ύπαρξη καλής μυϊκής δύναμης.",,svp,,,"['apraxia', 'dyspraxia']",apraxia : motor-planning disorder,State,0.36,
EL1940,αράπης,NOUN,,"['νέγρος', 'μαύρος', 'μαυρούκος', 'σκουρόδερμος']",μειωτικός όρος για άνθρωπο αφρικανικής ή σκουρόχρωμης καταγωγής,,Η αποκάλυψη του username μου θύμισε το ανέκδοτο που πάνε κάποιοι να γαμήσουν στο μπουρδέλο κλείνει η πόρτα και τους περιμένει ο αράπης,,ps,,,"['negro', 'blackie', 'darkie', 'nigger']",derogatory term for a person of African or dark-skinned origin,Person,0.8,1.28
EL1940,αράπης,NOUN,,"['γκανιότα', 'κόμιστρο']",Ποσοστό κράτησης (γκανιότα) που αποδίδει ο νικητής σε λέσχη ή παιχνίδι,,«“Δώσαμε και τον αράπη και φύγαμε” λέει ο χαρτοπαίκτης για τη γκανιότα που πλήρωσε.»,,ps,,,"['house cut', 'rake']",house cut : fee taken by gambling house,Object,0.8,
EL1743,αργοκίνητος,ADJ,,"['βραδυκίνητος', 'νωχελικός', 'slow-moving']",Που κινείται ή λειτουργεί αισθητά πιο αργά από τον συνηθισμένο ρυθμό,,Αργοκίνητο το ίντερνετ στην Ελλάδα· μόλις 56η στον κόσμο σε μέση ταχύτητα.,,an,,,"['slow-moving', 'sluggish']",slow-moving : moving at low speed,Behavioral_State,0.36,
EL1743,αργοκίνητος,ADJ,,"['βραδυκίνητος', 'νωθρός', 'χρονισμένος', 'αργοπορημένος']",άτομο που κινείται ή ενεργεί υπερβολικά αργά και προκαλεί καθυστερήσεις,,"Ψηλός, μεγάλο άνοιγμα, μπλοκ, αποκρούσεις, αργοκίνητος... Δεν σου θυμίζει αυτό την περιγραφή του Λεν, αλλά με σουτ;",,an,,,"['slow', 'sluggish', 'tardy', 'slow-moving']",person who moves or acts excessively slowly causing delays,Person,0.36,
EL586,αργόσχολος,ADJ,,"['αεργός', 'τεμπέλης', 'φυγόπονος', 'ραθύμος']",άτομο χωρίς σοβαρή απασχόληση που περνά την ημέρα του άσκοπα,,Αυτά είναι αρρώστιες για τους αργόσχολους.,,dmc,,,"['idler', 'loafer', 'layabout', 'slacker', 'lazybones']",person with no serious occupation who idles the day away,Person,0.56,1.16
EL2460,αργυρώνητος,ADJ,,"['χρηματισμένος', 'πουλημένος', 'εξαγορασμένος', 'δωρολήπτης']",πρόσωπο που δέχτηκε χρήματα για να ενεργήσει μεροληπτικά ή προδοτικά,,Η ΜΑΦΙΑ Των Καναλαρχών Μιντιαρχων έχει μας έχει Τρελάνει στα Αφιέρωματα για την Σημερινή Θλιβερή Επέτειο !!!! Τίποτα οι Ξεφτιλες και Αυτοί και οι Αργυρωνητοι Παπαγάλοι τούς!!!!????????,,cds,,,"['bribed', 'bought', 'corrupt', 'paid-off']",person who accepted money to act biased or treacherously,Person,0.56,1.18
EL2061,αριβίστας,NOUN,,"['καιροσκόπος', 'τυχοδιώκτης', 'συμφεροντολόγος', 'ραδιούργος']",άτομο που ανεβαίνει κοινωνικά ή επαγγελματικά εκμεταλλευόμενο κάθε ευκαιρία χωρίς ηθικούς φραγμούς,,"Στο βήμα ο πλέον αριβιστας πολιτικός, Loverδος...",,cds,,,"['opportunist', 'careerist', 'climber', 'self-seeker', 'schemer']",person who climbs socially or professionally exploiting every chance without morals,Person,1.12,0.7
EL2477,αρνησίθρησκος,ADJ,,"['αποστάτης', 'βλάσφημος', 'άπιστος']",άτομο που αποκηρύσσει την πίστη του και εγκαταλείπει τη θρησκεία του,,"Να μην είσαι Τρομοκράτης, αρνησίθρησκος, χωριάτης, ανυπόταχτος…",,dmc,,,"['apostate', 'renegade', 'infidel', 'faithless']",person who renounces their faith and abandons their religion,Person,0.36,
EL1097,αρουραίος,NOUN,,"['χαφιές', 'ποντικός', 'καταδότης', 'βρομόσκυλο']","υβριστικός χαρακτηρισμός για άτομο ύπουλο και ποταπό, παρομοιαζόμενο με τρωκτικό",,"username Μπα ο αρουραίος σου παει τοσο σκατα χαρακτηρας που εισαι φίλε. Μηλας για ζωα ενω τα αμφισβητείς, αμφισβητείς τα δημιουργήματα του θεού.",,om,,,"['rat', 'snitch', 'sneak', 'vermin']","insulting term for a sneaky, contemptible person likened to a rat",Person,0.15,0.52
EL294,άρπαγας,NOUN,,"['κλέφτης', 'λαμόγιο', 'απατεώνας', 'σφετεριστής']",άτομο που ιδιοποιείται ξένη περιουσία ή κέρδος χωρίς δικαίωμα,,"Γερμανοί: Δολοφόνοι, άρπαγες και καταστροφείς;",,an,,,"['grabber', 'plunderer', 'thief', 'swindler', 'usurper']",person who seizes others' property or profit without right,Person,0.54,1.04
EL295,αρπακτικός,ADJ,,"['εκμεταλλευτικός', 'ληστρικός', 'πλιατσικολογικός', 'καταχρηστικός']",τάση να εκμεταλλεύεται κανείς τους άλλους για ίδιο όφελος,,"""Εξωραΐζεται ο αρπακτικός ιμπεριαλιστικός πόλεμος, η ""δική μας"" αστική  τάξη ζωγραφίζεται με τη μορφή άκακου αμνού..και όλο αυτό το απίθανο σύμφυρμα της αστικής ψευτιάς συγκαλύπτεται με μια ωραία ""λαοφιλή"" φράση που αποναρκώνει το λαό: ""Υπεράσπιση της πατρίδας!""",,an,,,"['predatory', 'exploitative', 'rapacious', 'grasping']",tendency to exploit others for personal gain,Behavioral_Trait,0.49,
EL295,αρπακτικός,ADJ,,"['άπληστος', 'πλεονέκτης', 'αρπαχτικό']",άτομο ή φορέας που επιδιώκει κέρδος εκμεταλλευόμενο τους άλλους με απληστία και χωρίς ηθικούς φραγμούς,,username Σας χωρίζει αβυσος ακροδεξιονεοφιλελε αρπακτικά!,,an,,,"['rapacious', 'predatory', 'greedy']",rapacious person : greedy individual who exploits others,Person,0.49,1.27
EL295,αρπακτικός,ADJ,,"['θηρευτής', 'σαρκοφάγο']","ζώο που κυνηγά, πιάνει και τρέφεται με άλλα ζώα, συχνά διαθέτοντας γαμψά νύχια ή ράμφος",,"Όπως καταλαβαίνω, τα περισσότερα αν όχι όλα τα αρπακτικά είναι αρπακτικά πουλιά.",,an,,,"['predatory', 'raptorial']",predatory : animal that hunts other animals for food,Object,0.49,
EL1468,αρσενοκοιτία,NOUN,,"['σοδομία', 'ανδροπράξη', 'παραφύση σχέση', 'αμαρτία']",σεξουαλική πράξη μεταξύ ανδρών που σε θρησκευτικό λόγο καταδικάζεται ως αμάρτημα,,«Μία από τις μεγαλύτερες αμαρτίες είναι η αρσενοκοιτία»,,om,,,"['sodomy', 'buggery', 'male homosexuality', 'unnatural act']","male same-sex intercourse, condemned as sinful in religious discourse",Event,0.57,
EL966,αρχάριος,ADJ,,"['νεόφυτος', 'πρωτάρης', 'άπειρος', 'εκπαιδευόμενος', 'νιούδι']",άτομο χωρίς εμπειρία σε συγκεκριμένο τομέα που μόλις ξεκινά,,ΜΑΘΕ ΝΑ ΧΟΡΕΥΕΙΣ ΣΕ ΕΝΑ ΑΠΟΓΕΥΜΑ + ΣΟΥΠΕΡ ΠΡΟΣΦΟΡΑ!!! ΞΕΚΙΝΗΣΑΝ ΟΙ ΕΓΓΡΑΦΕΣ για το Σεμινάριο Αρχαρίων...,,cds,,,"['beginner', 'novice', 'rookie', 'newbie', 'learner']",person with no experience in a field who is just starting,Person,0.28,1.27
EL237,αρχίδι,NOUN,,"['όρχις', 'αχαμνά', 'καρύδι', 'μπαλάκι']",ανδρικός γεννητικός αδένας που παράγει σπέρμα και ορμόνες,,username Κατουρα και λίγο πιες και νεράκι μην κάψεις κάνα αρχιδι κάνει ζεστη χαχαχαχαχα,,asm,,,"['testicle', 'ball', 'nut', 'gonad']",male gonad producing sperm and hormones,Object,0.9,1.33
EL237,αρχίδι,NOUN,,"['μαλάκας', 'κάθαρμα', 'βλάκας', 'καθίκι', 'κωλόπαιδο']",χυδαίος χαρακτηρισμός για άνθρωπο που θεωρείται αντιπαθητικός ή ανάξιος,,"Άλλη μια μέρα που ένα θρησκευτικό ΑΡΧΙΔΙ, μας λέει τι πρέπει να κάνουμε στην ζωή μας αλλά αντί να κάψουμε τις εκκλησίες , σας πιάνει το χιπστερικο , είμαι υπέρ πάντως η μητρόπολη να γίνει κλαμπ!",,asm,,,"['asshole', 'jerk', 'prick', 'dickhead', 'bastard']",vulgar insult for a person considered obnoxious or worthless,Person,0.9,1.23
EL237,αρχίδι,NOUN,,"['χέστηκα', 'δε με νοιάζει']",(στη φράση «στ’ αρχίδια μου») εκδήλωση πλήρους αδιαφορίας για πρόσωπα ή γεγονότα,,username username Ξέσκισε την την σαλουφα. 297 τουιτς την ημέρα εδώ και 6 μήνες γράφει η ανεγκεφαλη η αν εραστή. Μας έχει ζαλίσει τ'αρχιδια το αργοσχολοι βοδι,,asm,,,"['don’t-care', 'whatever']",utter indifference : couldn’t-care-less stance,Behavioral_Trait,0.9,1.33
EL519,αρχιμαφιόζος,NOUN,,"['νονός', 'αρχηγός της μαφίας', 'μαφιόζος', 'κακοποιός']",επικεφαλής εγκληματικής οργάνωσης που κατευθύνει παράνομες δραστηριότητες,,"Ο αρχιμαφιόζος Μάρκος Καραμπέρης με τά ""καθαρά χέρια""",,cds,,,"['mafia boss', 'crime lord', 'mobster', 'godfather']",head of a criminal organization directing illegal activities,Person,1.22,0.5
EL566,αρχοντιλίκι,NOUN,,"['μεγαλοπιάσιμο', 'τουπέ', 'κυριλίκι', 'αρχοντιά', 'φιγουρατζίδικο']",επιδεικτική και αλαζονική στάση που μιμείται τη ζωή της αριστοκρατίας,,"Ακούω Άρχοντας και άρχοντας......ένας ήταν ο άρχοντας, αυτός των δαχτυλιδιών! Εσύ έχασες προ πολλού το αρχοντιλικι..#The2NightShow",,cds,,,"['snobbishness', 'lordliness', 'posh attitude', 'pretentiousness', 'grandstanding']",showy and arrogant attitude that imitates aristocratic lifestyle,Behavioral_Trait,0.21,
EL566,αρχοντιλίκι,NOUN,,"['χλιδή', 'αρχοντιά', 'καλοπέραση']",κατάσταση χλιδής και αυταρέσκειας που προσιδιάζει σε άρχοντα· πολυτέλεια συχνά επιδεικτική,,Το αρχοντιλίκι χρειάζεται και παράδες – πού θα τους βρουν;,,cds,,,"['opulence', 'high-life', 'luxury']",opulent living : ostentatious luxury,State,0.21,
EL1763,ασέλγεια,NOUN,,"['βιασμός', 'σεξουαλική κακοποίηση', 'χυδαιότητα', 'πορνική πράξη']","Παράνομη ερωτική πράξη χωρίς συναίνεση, συχνά εις βάρος ανηλίκου, που προσβάλλει τη γενετήσια ελευθερία του θύματος",,Φρίκη στην Κέρκυρα: Καταγγελία για ασέλγεια 62χρονου σε 9χρονη,,svp,,,"['lewdness', 'sexual assault', 'obscenity', 'perversion']",lewd or violent sexual act,Event,1.14,
EL1763,ασέλγεια,NOUN,,"['σεξουαλική διαστροφή', 'ανηθικότητα', 'χυδαιότητα', 'λαγνεία']","τάση για ακραία, άσεμνη σεξουαλική συμπεριφορά που προσβάλλει τους άλλους",,Η τάση για ασέλγεια σε παιδιά αναπτύσσεται από πολύ νωρίς…,,svp,,,"['lasciviousness', 'lecherousness', 'obscenity', 'lechery']",tendency toward obscene sexual behavior,Behavioral_Trait,1.14,
EL2320,ασελγής,ADJ,,"['λιγούρης', 'λαγνός', 'σαρκολάγνος', 'πορνικός', 'χυδαίος']",άνθρωπος με έντονη και χυδαία σεξουαλική διάθεση που παρενοχλεί ή σοκάρει,,“Ο ασελγής Ηρώδης καρατομήσας δολερώς…”,,svp,,,"['lewd', 'lecherous', 'lascivious', 'perverted', 'salacious']",lecherous person,Person,1.14,
EL2320,ασελγής,ADJ,,"['χυδαίος', 'πορνικός']","Πράξη, χειρονομία ή λόγος που προσβάλλει τη γενετήσια αξιοπρέπεια",,Πώς αποκαλύφθηκαν οι ασελγείς πράξεις καθηγητή Θρησκευτικών σε 15χρονη μαθήτρια σε σχολείο στη Λάρισα,,svp,,,"['indecent', 'obscene']",indecent act : obscene gesture or remark,Behavioral_Trait,1.14,
EL1762,άσεμνος,ADJ,,"['πρόστυχος', 'χυδαίος', 'ανήθικος', 'πορνικός', 'κοινός']",Συμπεριφορά ή λόγος που εκφράζει χυδαιότητα παραβιάζοντας κοινωνικούς κανόνες ευπρέπειας,,"«Και τι είδες;» «Αν το πω, κύριε πρόεδρε, θα μου πείτε πάλι ότι μεταχειρίζομαι άσεμνες εκφράσεις».",,svp,,,"['indecent', 'obscene', 'vulgar', 'crude', 'improper']",indecent person or demeanor,Behavioral_Trait,1.01,0.31
EL1762,άσεμνος,ADJ,,"['απρεπείς χειρονομίες', 'βωμολοχίες']","Χειρονομίες ή εκφράσεις, κυρίως σε πληθυντικό, που προκαλούν δημόσιο σκάνδαλο λόγω σεξουαλικής χυδαιότητας",,Στο εδώλιο πάλι ο τέως Μητροπολίτης Κιτίου – Κατηγορείται για άσεμνη επίθεση εναντίον ανήλικης,,svp,,,"['obscene gestures', 'lewd remarks']",obscene gestures : scandalous actions,Event,1.01,0.56
EL1978,ασημαντότητα,NOUN,,"['μηδαμινότητα', 'μικρότητα', 'δευτερεύουσα αξία', 'ασημιά']",ιδιότητα πράγματος ή κατάστασης που στερείται βαρύτητας· χρησιμοποιείται απαξιωτικά για γεγονότα ή θέματα που θεωρούνται μη άξια λόγου,,Φυσικά και θαυμάζουν τον Ρωμανό. Είναι ο μόνος που δεν τους θυμίζει την ασημαντότητα τους.,,asf,,,"['insignificance', 'triviality', 'petitness', 'unimportance']",state of insignificance,State,0.34,
EL1504,άστεγος,ADJ,,"['ανέστιος', 'άκληρος', 'περιθωριακός', 'ξεσπιτωμένος']",άνθρωπος χωρίς μόνιμο τόπο κατοικίας που ζει στον δρόμο ή σε καταφύγια,,Οι πόρτες που μου ανοίγονται είναι δύο: ή το γραφείο της κόρης μου ή το άσυλο αστέγων του Ζήση.,,dmc,,,"['homeless', 'roofless', 'vagrant', 'destitute']",homeless person : individual without permanent housing,Person,0.34,0.23
EL2024,ασχήμια,NOUN,,"['κακομορφιά', 'αμορφιά', 'αποτροπαιότητα', 'δυσαρμονία']",ιδιότητα κάποιου ή κάτι που προκαλεί αισθητική αποστροφή ή αντιπάθεια,,Έβλεπε κάθε πρωί τον εαυτό του στον καθρέφτη και είχε συνηθίσει την ασχήμια και τις ρυτίδες του.,,ddf,,,"['ugliness', 'hideousness', 'unsightliness', 'repulsiveness']",ugliness,State,0.34,0.56
EL2024,ασχήμια,NOUN,,"['απρέπεια', 'ατιμία']",άσχημη ή ανάρμοστη πράξη που προσβάλλει κάποιον,,"Η κόρη που συνέχεια την λέει για την ηλικία της μάνας ,36, χρόνων λες κ είναι 90,πιο ασχήμια πεθαίνεις,πιο ωραία η μανα που είναι 36, κ πιο μικρή από την μαμά φαίνεται #oikogeneiakesistories",,ddf,,,"['ugly act', 'offense', 'nastiness', 'insult']","ugly, offensive deed",Event,0.34,0.5
EL604,άσχημος,ADJ,,"['δύσμορφος', 'αντιαισθητικός']",για άτομο με δυσάρεστα ή μη ελκυστικά εξωτερικά χαρακτηριστικά,,O Ραμόν ήταν άσχημος.,,ddf,,,"['ugly', 'unattractive', 'plain', 'unsightly']",ugly : physically unattractive person,Person,0.51,0.54
EL604,άσχημος,ADJ,,"['κακός', 'δυσάρεστος']","για γεγονός ή συνθήκη· που προκαλεί δυσφορία, φόβο ή στενοχώρια",,Πρέπει να σου πω κάτι άσχημο.,,ddf,,,"['bad', 'dire']",bad : unpleasant or harmful state,Behavioral_Trait,0.51,0.52
EL417,άτακτος,ADJ,,"['ανυπάκουος', 'ζαβολιάρης', 'σκανταλιάρης', 'ατίθασος']",παιδί ή ενήλικος που δεν υπακούει σε κανόνες και προκαλεί αναστάτωση,,"Σήμερα παγκόσμια ημέρα κατά του σχολικού εκφοβισμού, και ξεχνάμε ότι bullying κάνουν και κάποιοι δάσκαλοι που διαχωρίζουν τα παιδιά σε καλών οικογενειών και ""κακών"", σε ήσυχα και άτακτα, σε ψηλά και κοντά,σε πλούσια και φτωχά..... Οι χειρότεροι!!!! #stop_bullying",,cds,,,"['naughty', 'unruly', 'mischievous', 'rowdy']",naughty or unruly person,Person,0.43,1.07
EL417,άτακτος,ADJ,,"['πρόστυχος', 'πειραχτήρι']","άτομο ή διάθεση με παιχνιδιάρικο, συχνά σεξουαλικό, τόνο που ξεπερνά συντηρητικούς κανόνες",,Είμαι ένα άτακτο λαγουδάκι που πηδάει πάνω κάτω και του αρέσει να τρώει μεγάλα 🥕,,cds,,,"['cheeky', 'risqué']",naughty (flirty) : playful and mildly sexual,Behavioral_Trait,0.43,
EL417,άτακτος,ADJ,,"['ακατάστατος', 'ανακατεμένος']","για αντικείμενο ή χώρο· χωρίς τάξη, ακατάστατος",,"Είναι ένα μέρος δαιδαλώδες, άτακτο, χωρίς ροή…",,cds,,,"['messy', 'disorderly']",messy : lacking order,State,0.43,
EL409,αταξία,NOUN,,"['αναρχία', 'ακαταστασία', 'χαώδης κατάσταση', 'μπάχαλο']","κατάσταση χωρίς κανόνες ή τακτοποίηση σε χώρο, σύστημα ή συμπεριφορά",,«Ο πολύς κόσμος πιστεύει ότι θέλουμε την αταξία και την ανομία.,,cds,,,"['disorder', 'mess', 'chaos', 'disarray']",disorder,State,0.2,0.47
EL409,αταξία,NOUN,,"['σκανταλιά', 'παράπτωμα', 'παρακοή', 'ζημιά']","πράξη παραβίασης κανόνων, κυρίως από παιδιά ή στρατιώτες",,Έδωσαν πρόστιμο σε τυφλό για τις αταξίες του σκύλου του: Οι φύλακες ενός πάρκου στο Leicester επέβαλαν πρόστιμο ...,,cds,,,"['misbehavior', 'infraction', 'prank', 'offense']",instance of misbehavior,Event,0.2,0.21
EL491,ατζαμής,ADJ,,"['αδέξιος', 'άτσαλος', 'γκαφατζής', 'σαχλαμάρας']",άτομο χωρίς δεξιότητα που συχνά κάνει απροσεξίες,,username Αυτή με τον φλεβοκομβο εννοείτε ε? Μάλλον για προσωπικούς της λόγους το έκανε ή να είναι ατζαμής?,,dmc,,,"['clumsy', 'bungler', 'butterfingers', 'inept']",clumsy person,Person,1.02,0.49
EL353,άτυχος,ADJ,,"['κακότυχος', 'δύσμοιρος', 'δυστυχής', 'κακόμοιρος']",που αντιμετωπίζει συχνά αρνητικές συγκυρίες χωρίς δική του ευθύνη,,"O άτυχος όμως Λιούλης, καμιά φορά ξεχνιόταν στο καφενείο και ξεστράτιζε.",,cds,,,"['unlucky', 'ill-fated', 'ill-starred', 'hapless']",unlucky person,Person,0.16,0.46
EL1590,αυθάδεια,NOUN,,"['θρασύτητα', 'αγένεια', 'απρέπειες', 'υπεροψία']","Τρόπος συμπεριφοράς που φανερώνει έλλειψη σεβασμού, ντροπής ή ευγένειας απέναντι σε άλλους, και συχνά προκαλεί αντιδράσεις στο δημόσιο λόγο ή στον καθημερινό διάλογο",,"Φαγώθηκες ρε σεφ, γιατί σου έκοψα το αρνί και γιατί το ένα, γιατί το άλλο.... Γιατί έτσι ήθελα, τι ρωτάς τώρα??? Η αυθάδεια, ο τσαμπουκάς και η αγένεια στα κόκκινα. Εγώ αν ήμουν Κοντιζας  θα απαιτούσα να αποβληθεί από το παιχνίδι Αϊ στο διάολο τσογλανι#MasterChefGR'""",,cds,,,"['insolence', 'impudence', 'sass', 'cheek']",insolence,Behavioral_Trait,0.7,
EL1590,αυθάδεια,NOUN,,"['προσβολές', 'θρασύτητες']","Μεμονωμένη, καταγεγραμμένη πράξη προσβλητικής συμπεριφοράς που καταδεικνύει έλλειψη σεβασμού",,"Κάποτε που την κάλεσαν οι καθηγητές μου, γιατί είχα πάρει τριήμερη αποβολή λόγω αυθάδειας, χτύπησε έξαλλη το χέρι της στο γραφείο του Γυμνασιάρχη.",,cds,,,"['insults', 'affronts']",acts of insolence,Event,0.7,0.58
EL569,αυθαιρεσία,NOUN,,"['καταπάτηση', 'καταχρηστική πράξη', 'αυτοδικία', 'παρανομία']",παράνομη ή καταχρηστική ενέργεια που γίνεται χωρίς εξουσιοδότηση,,username username username username Μιλάμε για 11 εμπρηστικούς μηχανισμούς στα σημεία που ξεκίνησε η φωτιά και βοήθησαν να εξαπλωθεί. Αυτό συνέβη μέρα με 10 μποφόρ. Γνώριζαν για τις αυθαιρεσίες των περιοχών και ότι εύκολα θα γινόντουσαν παγίδες θανάτου για τον κόσμο. Τόσοι νεκροί για να υπάρξει αφήγημα. Κτηνωδία,,svp,,,"['abuse', 'arbitrariness', 'usurpation', 'lawlessness']",arbitrary or illegal act,Repetitive_Action,1.01,1.12
EL2355,αυθαίρετος,ADJ,,"['παράνομος', 'αδικαιολόγητος', 'ανομιμοποίητος', 'αναιτιολόγητος']",που δεν διαθέτει νόμιμη άδεια ή βασίζεται σε αδικαιολόγητη επιλογή,,,,re,,,"['illegal', 'unlicensed', 'arbitrary', 'unjustified']",illegal or arbitrary thing,Behavioral_Trait,0.39,
EL2155,αυνανισμός,NOUN,,"['αυτοϊκανοποίηση', 'μοναχικός έρωτας', 'αυτοδιέγερση', 'χειροσεξουαλική πράξη']","σεξουαλική πρακτική κατά την οποία το άτομο διεγείρει μόνο του τα γεννητικά του όργανα, κυρίως σε συζητήσεις για υγεία ή ως υβριστικός υπαινιγμός",,Σήμερα ζούμε όλοι μας την εποχή του Μεγάλου Αυνανισμού. Κυριολεκτικά και μεταφορικά.,,cds,,,"['masturbation', 'self-stimulation', 'onanism', 'self-pleasure']",masturbation : self-stimulation of the genitals,Event,1.01,1.14
EL2155,αυνανισμός,NOUN,,"['κενολογία', 'φλυαρία']","Μεταφορική περιγραφή άκαρπης, εγωκεντρικής πνευματικής ενασχόλησης χωρίς πρακτικό όφελος («νοητικός/πνευματικός αυνανισμός»)",,"username username username Οσο δεν σε έχει τυφλώσει ο αυνανισμός,υπάρχει ελπίδα για σωτηρία..",,cds,,,"['navel-gazing', 'idle theorising']",mental masturbation : fruitless self-absorbed thinking,Event,1.01,1.11
EL767,αυταρέσκεια,NOUN,,"['αυτοθαυμασμός', 'ναρκισσισμός', 'αυτοδοξασία', 'υπερεγωισμός']","Εσωτερική ικανοποίηση και υπερηφάνεια που οδηγεί κάποιον να θαυμάζει υπερβολικά τον εαυτό του, συχνά εμφανής σε λόγο ή στάση",,username Ο ορισμός της αυταρέσκειας και της σιχαμαρας βέβαια.,,cds,,,"['self-satisfaction', 'complacency', 'narcissism', 'smugness']",self-satisfaction : smug pleasure with oneself,Behavioral_Trait,0.49,0.56
EL767,αυταρέσκεια,NOUN,,"['καυχησιές', 'φιλαρέσκειες']",Πράξεις ή δηλώσεις που εκφράζουν αυτήν την υπερβολική αυτοϊκανοποίηση,,"Οκ συγχαρητήρια αλλά τα αυτοαναφορικά τουιτ αυτοθαυμασμού δεν συνάδουν με την ταπεινότητα ενός αθλητή. Γνωστη βέβαια η αυταρέσκεια σου, δεν είναι πρώτη φορά! Κοινό γνώρισμα των νεοδημοκρατών ""το καλάμι""…!",,cds,,,['self-congratulatory acts'],smug displays : acts of self-congratulation,Event,0.49,
EL770,αυτοϊκανοποίηση,NOUN,,"['αυνανισμός', 'μοναχικός έρωτας', 'αυτοδιέγερση', 'σεξουαλική αυτοπράξη']",πράξη όπου κάποιος ικανοποιεί μόνος του τη σεξουαλική του επιθυμία,,Τυφλώνει η συνεχόμενη αυτοϊκανοποίηση! Ετσι ενημέρωτικα στο λέω,,cds,,,"['self-gratification', 'masturbation', 'self-pleasure', 'onanism']",self-pleasure act,Event,0.34,
EL770,αυτοϊκανοποίηση,NOUN,,"['αυταρέσκεια', 'αυτοευχαρίστηση', 'επανάπαυση']",τάση να αρκείται κανείς στις ικανότητές του και να μην επιδιώκει βελτίωση,,username username username Είναι ρεσιτάλ αυτοικανοποιησης να θεωρείς τους πολιτικούς σου αντιπάλους θρησκοληπτους και προληπτικούς. Κακομοιριά ...,,cds,,,"['complacency', 'self-satisfaction', 'smugness', 'contentment']",complacent attitude,Behavioral_Trait,0.34,1.15
EL1939,αυτο-λατρεία,NOUN,,"['ναρκισσισμός', 'αυτοθαυμασμός', 'αυτολατρεία', 'αυταρέσκεια']","συμπεριφορά υπερβολικού θαυμασμού προς το ίδιο το άτομο, που εκδηλώνεται ως μανιώδης ενασχόληση με την εικόνα του και αδιαφορία για τους άλλους",,"Η αυτολατρεία είναι εγωκεντρισμός. Διάβασα ένα βιβλίο πριν μερικά χρόνια που με βοήθησε πάρα πολύ να φτάσω στη ρίζα του εγωκεντρισμού μου. Λέγεται Self Centeredness the source of all grief. Είναι ένα πολύ γρήγορο διάβασμα, αλλά τόσο κατατοπιστικό.",,cds,,,"['self-worship', 'narcissism', 'self-adulation', 'egolatry']",self-worship – obsessive admiration of one’s own person,Behavioral_Trait,nan,
EL1024,αφελής,ADJ,,"['αθώος', 'ανυποψίαστος', 'καλόπιστος', 'ευκολόπιστος']",άτομο που πιστεύει εύκολα τους άλλους και δεν υποψιάζεται κακή πρόθεση,,"Την κατηγορούσε ότι τον είχε ερωμένο, ενώ εγώ που μπαινόβγαινα τόσον καιρό στο σπίτι της και που δεν είμαι ούτε αφελής, ούτε στραβή, δεν αντελήφθην ποτέ το παραμικρό.",,ddp,,,"['naïve', 'gullible', 'trusting', 'simple']",naïve person,Person,0.21,0.52
EL1024,αφελής,ADJ,,"['αφέλεια', 'επιπολαιότητα']",κρίση ή πράξη που δείχνει απλότητα και έλλειψη κριτικού βάθους,,"Το ξέρω, ήταν αφελές εκ μέρους μου.",,ddp,,,"['simplistic notion', 'ingenuous view']",naive view – simplistic or uncritical judgment,Behavioral_Trait,0.21,0.33
EL2324,αφροσύνη,NOUN,,"['αμυαλιά', 'μωρία', 'βλακεία', 'απερισκεψία']",απερισκεψία που οδηγεί σε λανθασμένες ή παράτολμες πράξεις,,Έχουμε τερματίσει την αφροσύνη ως είδος από την στιγμή που βασίζεται η υγεία κάποιου στο πόσο χρήμα βγάζει. #epanalhpsh,,ddp,,,"['folly', 'foolishness', 'recklessness', 'madness']",folly – reckless lack of sound judgment,Behavioral_Trait,0.28,
EL2259,αχόρταγος,ADJ,,"['λαιμάργος', 'άπληστος', 'αδηφάγος', 'ακορέστος']","επίθετο για άνθρωπο που δεν ικανοποιείται με ό,τι έχει και ζητά συνεχώς περισσότερο",,username σου στειλα ντιεμ. κι αλλο θες; μα τι αχόρταγο πλάζμα εισαι συ,,svp,,,"['insatiable', 'greedy', 'gluttonous', 'avaricious']",person who is never satisfied and constantly wants more,Person,1.07,0.52
EL2259,αχόρταγος,ADJ,,"['ακόρεστη επιθυμία', 'ακατάπαυστη όρεξη']","Έντονη, αδιάκοπη επιθυμία ή ανάγκη που δεν ικανοποιείται",,"Το “αχόρταγο κράτος” καταπίνει φόρους χωρίς κανένα φρένο, γράφει καυστικό άρθρο γνώμης.",,svp,,,"['insatiable craving', 'unquenchable appetite']",insatiable desire,Behavioral_Trait,1.07,
EL593,αχρείος,ADJ,,"['παλιάνθρωπος', 'ποταπός', 'ξεδιάντροπος', 'κάθαρμα']",επίθετο για άτομο με ποταπό χαρακτήρα και ανήθικες πράξεις,,username Οτι ταχτηκες υπέρ του παιδοβιαστη οι αχρειοι λες και δεν ξέρουν ότι είσαι και ο ίδιος γονιός και έχεις ιδιαίτερες ευαισθησίες.,,dmc,,,"['vile', 'scoundrel', 'despicable', 'lowlife']",person of vile character and immoral acts,Person,1.17,1.24
EL1197,αχρειότητα,NOUN,,"['ποταπότητα', 'κακεντρέχεια', 'μοχθηρία', 'ανηθικότητα']","Η ιδιότητα ή στάση που χαρακτηρίζεται από ποταπές, ανήθικες πράξεις",,"""Χαστούκι"" #Καρυστιανού στον #Πρετεντέρη: ""#Αχρειότητα είναι πολύ σεμνή λέξη για κάποιες πράξεις""!",,dmc,,,"['baseness', 'depravity', 'vileness', 'wickedness']",baseness; vile and immoral attitude,Behavioral_Trait,0.7,
EL1393,άχρηστος,ADJ,,"['ανεπρόκοπος', 'ανίκανος', 'άπραγος', 'ανεπάγγελτος']",Άτομο που θεωρείται ανίκανο να προσφέρει ή να πετύχει κάτι,,Είσαι εσύ που επαγγέλλεσαι τον κρατισμό. Είσαι εσύ που ήθελες να μην προχωρήσει το ψηφιακό κράτος για να κάνουν τη δουλειά στρατιές άχρηστων Δ.Υ. Εσύ είσαι αυτός που ήθελε να καταργήσει τη Δημοκρατία να ελέγξει τους αρμούς της εξουσίας. #Πολιτική #ΣΥΡΙΖΑ #ΚΙΝΑΛ #ΝΔ username,,svp,,,"['useless', 'inept', 'good-for-nothing', 'incapable']",person considered incapable of achieving or contributing,Person,0.59,0.57
EL1393,άχρηστος,ADJ,,"['άχρηστο πράγμα', 'ακατάλληλο', 'παροπλισμένο']",Αντικείμενο ή ενέργεια που δεν επιτελεί πια τον σκοπό του ή δεν προσφέρει καμία ωφέλεια,,Έτσι κι αλλιώς έμενε άχρηστο.,,svp,,,"['useless', 'worthless', 'inoperative']",useless object : item serving no purpose or function,Behavioral_Trait,0.59,0.21
EL2033,βάνδαλος,ADJ,,"['καταστροφέας', 'ταραξίας', 'χούλιγκαν', 'βίαιος']","Ατόμο που, συνειδητά, προκαλεί φθορές ή βεβήλωση σε ξένη ιδιοκτησία ή δημόσιο χώρο, συχνά χωρίς ιδεολογικό κίνητρο",,username Και οι βάνδαλοι το ίδιοι. Ποτέ δεν βίαζαν την ίδια γυναίκα παραπάνω από τρεις ταυτόχρονα...,,ps,,,"['vandal', 'hooligan', 'despoiler', 'wrecker']",person who destroys property for fun or provocation,Person,1.25,1.16
EL258,βαρβαρισμός,NOUN,,"['θηριωδία', 'αγριότητα', 'βιαιότητα', 'βαναυσότητα']",Επίμονο καθεστώς σκληρότητας ή πολιτισμικής αγριότητας που αρνείται κανόνες ανθρωπιάς,,O πόλεμος είναι ένα γεγονός βαρβαρικό και κατά τήν διάρκειά του ἐπικρατεί βαρβαρισμός,,an,,,"['barbarism', 'atrocity', 'savagery', 'brutality']",act of extreme cruelty and lack of civilization,State,0.52,
EL258,βαρβαρισμός,NOUN,,"['γλωσσικό λάθος', 'σολοικισμός (μερικώς)']",Λάθος μορφής ή ήχου που παρεκκλίνει από την πρότυπη γλώσσα,,"Φαίνεται ότι για πολλούς το γλωσσικό αισθητήριο έπαψε πια να λειτουργεί και ως εκ τούτου, στις μέρες μας, οι γλωσσικοί βαρβαρισμοί κατήντησαν σύνηθες φαινόμενο, με αποτέλεσμα η ελληνική γλώσσα να υποβαθμίζεται.",,an,,,"['barbarism', 'solecism']",barbarism (linguistic) : non-standard word-form deviating from the accepted norm,Event,0.52,
EL255,βάρβαρος,ADJ,,"['άγριος', 'απολίτιστος', 'θηριώδης', 'άξεστος']",Άλλογλωσσο ή απολίτιστο άτομο που θεωρείται έξω από τα όρια του «πολιτισμένου» κόσμου,,"Βάρβαρε!» Φεύγει, τρέμοντας σύγκορμη, τη στιγμή που εγώ βουτάω το τραπεζάκι στη μέση του καθιστικού και το αναποδογυρίζω.",,ps,,,"['barbarian', 'savage', 'uncivilized', 'brutish']",person behaving savagely and uncivilized,Person,1.14,0.49
EL255,βάρβαρος,ADJ,,"['ωμή', 'σκληρή', 'απάνθρωπη']","Πράξη, καθεστώς ή συμπεριφορά που επιδεικνύει ωμότητα, σκληρότητα ή πλήρη έλλειψη πολιτισμού",,"Θέλει να καθίσω δίπλα της και να την αρχίσω στις γαλιφιές, αυτή να μου κουνιέται και να μου λέει ότι δεν μπορεί να υποφέρει άλλο τους βάρβαρους τρόπους μου, εγώ να της λέω ότι έχει δίκιο, αλλά φταίει η πίεση και η υπερένταση της υπηρεσίας, κι αφού φάμε έτσι κάπου τρία τέταρτα της ώρας, στο τέλος να ενδώσει με μεγάλο κόπο, λέγοντας ότι είναι η τελευταία φορά που υποχωρεί, ενώ στην πραγματικότητα είναι πάντα η προτελευταία, η τελευταία δεν έρχεται ποτέ.",,ps,,,"['barbaric', 'brutal', 'inhumane']","barbaric : cruel, inhumane, lacking civility",Behavioral_Trait,1.14,0.56
EL504,βαρεμάρα,NOUN,,"['πλήξη', 'ανία', 'μονοτονία', 'νύστα']",Αίσθημα ανίας και έλλειψης κινήτρων που οδηγεί σε απραξία ή αδιαφορία,,Τον Αλέξη Κωσταλα έπρεπε να έχουμε να δίνει τις βαθμολογίες. Ή τον Τζέισον απ'το #dwtsgr. Μπας και ξυπνήσουμε λίγο απ'τη βαρεμάρα την τωρινή #gntmgr,,svp,,,"['boredom', 'tedium', 'ennui', 'dullness']",feeling of boredom and lack of interest,State,0.21,0.59
EL505,βαρετός,ADJ,,"['ανιαρός', 'μονοτονικός', 'πλαδαρός', 'άχαρος']",Άτομο που κάνει τους άλλους να νιώθουν ανία,,"username Δεν χρειάζεται να κάνει όπως αυτοί, θα μπορούσε να δείξει λίγο τσαμπουκά. Με τα κλισέ που χρησιμοποιεί γίνεται βαρετός. Όταν ο αντίπαλος κάνει τη συζήτηση ροντέο οφείλει να είναι σκληρός.",,svp,,,"['boring', 'dull', 'tedious', 'monotonous']",person or speech that causes boredom because of lack of interest,Person,0.3,1.09
EL505,βαρετός,ADJ,," ['μονότονος', 'κουραστικός']","Χαρακτηριστικό πράγματος, δραστηριότητας ή λόγου που προκαλεί πλήξη γιατί στερείται ενδιαφέροντος",,"Ποοοοσο #βαρετό και όόό,τι να’ναι είναι να χρησιμοποιείς σαν #όπλο εξόντωσης, τη σεξουαλικότητα κάποιου ανθρώπου. Κουδούνια μας τα κάνατε πια με το τι γουστάρει ο ένας και ο άλλος. Βρε ουυυυυυστ. Η #σεξουαλικότητα θα κυβερνήσει ή το #μυαλό; #συριζα",,svp,,,"['boring', 'monotonous', 'dreary']","boring (of a thing/task) : uninteresting, causing boredom",Behavioral_Trait,0.3,
EL1916,βαρίδι,NOUN,,"['βάρος', 'φορτίο']","Συμπαγές βάρος που προσδένεται σε πετονιά, καλώδιο ή ιστό για σταθεροποίηση ή βύθιση, χρησιμοποιείται συχνά για να δηλώσει το βάρος ή το εμπόδιο που καθυστερεί, φρενάρει ή επιβαρύνει την πορεία ενός προσώπου, σχεδίου ή οργανισμού",,Χατζηδάκης: Ο λιγνίτης έγινε βαρίδι για τη ΔΕΗ λόγω των υψηλών εισφορών co2 που πληρώνει,,qas,,,"['dead weight', 'burden', 'ballast', 'weight']",inanimate or figurative weight that hampers progress,Object,0.2,
EL1916,βαρίδι,NOUN,,"['βάρος', 'τροχοπέδη', 'φορτίο']","Μεταφορικά, άτομο ή συλλογικός φορέας που καθυστερεί πρόοδο ή δημιουργεί επιβάρυνση, σαν βάρος που εμποδίζει κίνηση",,Πλέον ο Μητσοτάκης δεν τραβάει.... είναι βαρίδι για την οικονομία – Υπάρχει πολιτικό πρόβλημα και τεράστιο έλλειμμα αφηγήματος https://scq.io/z9cPgFI via @bankingnewsgr,,qas,,,"['dead weight', 'drag', 'millstone']",dead weight : person or factor that drags others down,Person,0.2,
EL285,βαρόνος,NOUN,,"['άρχοντας', 'μεγαλοπαράγοντας', 'μεγιστάνας', 'μαφιόζος']",Άνδρας που φέρει τον κατώτερο τίτλο της τιτλοκρατούσας αριστοκρατίας• κληρονομικός βαθμός κάτω από τούς κόμητες,,Βαρόνος Μινχάουζεν: Ένας φαντασιόπληκτος που έγινε παραμύθι,,qas,,,"['baron', 'tycoon', 'lord', 'kingpin']","man with great economic or illicit power, often ruthless",Person,0.26,
EL285,βαρόνος,NOUN,,"['μεγιστάνας', 'νονός', 'άρχοντας της πιάτσας']","Πρόσωπο με ανεπίσημη αλλά τεράστια ισχύ και οικονομικό έλεγχο σε έναν τομέα (ναρκωτικά, media, πολιτική), συχνά με αρνητική χροιά",,Rupert Murdoch: Αποσύρεται από πρόεδρος των Fox και News Corp ο «βαρόνος» των media,,qas,,," ['baron', 'kingpin', 'magnate']",kingpin/baron : powerful (often illicit) magnate dominating a sector,Person,0.26,
EL2064,βασανίζω,VERB,,"['ταλαιπωρώ', 'κουράζω', 'παρενοχλώ', 'βασανώ']","Προκαλώ σωματικό πόνο μεθοδικά, ώστε να τιμωρήσω ή να αποσπάσω ομολογία",,"username Συμφωνώ αλλά δεν είναι απλά δολοφόνος, τα βασάνιζε και τα τρια παιδάκια. Ο χανιμπαλ δεν είχε τόσο ναρκισσισμό.",,qas,,,"['torture', 'torment', 'harass', 'agonize']",to deliberately inflict physical or mental pain,Event,1.09,0.8
EL2064,βασανίζω,VERB,,"['τυραννώ', 'προβληματίζω']","Μεταφορικά, προκαλώ έντονη πνευματική ανησυχία σε κάποιον ή υποβάλλω τον εαυτό μου σε διαρκή σκέψη",,"Το ερώτημα που βασανίζει τον Σωτηρόπουλο, τον Στεργιάδη, τον Κυριαζίδη και εμένα έχει απαντηθεί.",,qas,,,"['torment', 'plague', 'rack']",torment (mentally) : trouble someone with persistent worrying thoughts,Event,1.09,0.24
EL2403,βασανιστήριο,NOUN,,"['σωματικός πόνος', 'μαρτύριο']",Εσκεμμένη επιβολή έντονου σωματικού πόνου για εκφοβισμό ή ανάκριση,,"username Ο Αη στράτης δεν ήταν μέρος διχασμού ήταν τόπος εξορίας, βασανιστηρίων, εκτελέσεων κομμουνιστών, αγωνιστών της εργατικής τάξης. Επειδή λοιπόν η ιστορία είναι παρούσα γι'αυτό κ την φοβάστε...!!!",,re,,,"['torture', 'torment']",torture : deliberate infliction of severe physical pain,Event,1.14,1.04
EL2403,βασανιστήριο,NOUN,,"['κόλαση', 'μαρτύριο', 'πίκρα']",Κάθε αφόρητα δυσάρεστη εμπειρία που παρατείνεται και εξαντλεί ψυχικά,,"Ερευνητές διαπίστωσαν ότι διαπράχθηκαν εγκλήματα σε βάρος πολιτών και μεταναστών που διέσχισαν τη Λιβύη για να φτάσουν στην Ευρώπη, αλλά κατέληξαν να κρατούνται σε φριχτές συνθήκες. Τα πρώτα ευρήματα καταγράφουν εγκλήματα, όπως ανθρωποκτονίες, βασανιστήρια, εκτελέσεις, βιασμούς.",,re,,,"['ordeal', 'torture', 'anguish']","ordeal : protracted, distressing experience",Behavioral_Trait,1.14,0.6
EL104,βασανιστής,NOUN,,"['δυνάστης, 'τύραννος', 'σαδιστής', 'βίαιος']",Άτομο που προκαλεί συστηματικά πόνο σε άλλους για τιμωρία ή εξαναγκασμό,,"username τις ιδες ιστοριες για μαυραγοριτες,ρουφιανους,βασανιστες,ταγματα θανατου,εξαφανισεις αντιφρονουντων,εκτελεσεις που θα σου αφηγηθει ενας αριστερος παππους στην Ελλάδα για τους δεξιους,τις ιδιεα θα σου αφηγηθεί ενας παππους στην μολδαβια για τους σταλινιστες και καποιοι ωφελημενοι&gt;",,cds,,,"['torturer', 'executioner', 'tormentor', 'sadist']",person who systematically inflicts pain on others,Person,1.25,1.37
EL2277,βατράχι,NOUN,,"['βάτραχος', 'φρύνος', 'σκουληκαντέρα']","Άτομο που θεωρείται αποκρουστικό ή ασήμαντο, παραλληλισμένο με αμφίβιο",,"Να χεις τώρα Τριαντάφυλλο να κατεβαίνει σαν βατράχι από τη τσουλήθρα, και να σου παίρνει κ τη νίκη #survivorGR",,an,,,"['frog', 'toad', 'ugly person']",frog; pejoratively for someone deemed ugly or croaky,Person,0.18,0.56
EL2274,βάτραχος,NOUN,,"['βατράχι', 'φρύνος', 'λιμνόπαιδο']",Υποτιμητικός χαρακτηρισμός για άνθρωπο με παράξενη φωνή ή αντιαισθητική όψη,,"Για δείτε κάτι, μούτρα που μεταμορφώνουν τους βατράχους!",,an,,,"['frog', 'toad', 'croaker']",frog (slur) : person mocked as ugly or croaking,Person,0.15,1.12
EL2274,βάτραχος,NOUN,,['βατραχάνθρωπος'],Εκπαιδευμένος υποβρύχιος καταδρομέας των Ειδικών Δυνάμεων,,"Να είσαι ΟΥΚας, πρώην αρχηγός ΓΕΕΘΑ, πρώην υπουργός Εθνικής Άμυνας κ, να καταντάς το τσιράκι του Τσίπρα κ, κομπάρσος στα θεατρικά του Κασσελάκη. Κρίμα. Όσοι από μας είχαμε την τιμή να υπηρετήσουμε στις Ειδικές Δυνάμεις, σίγουρα δεν νιώθουμε ευχάριστα με τον κατήφορο του βάτραχου.",,an,,,"['frogman', 'combat diver']",frogman : naval commando trained for underwater missions,Person,0.15,
EL2295,βδέλλα,NOUN,,"['παράσιτο', 'κολλιτσίδα', 'φορτικός']","Άτομο φορτικό ή εκμεταλλευτικό που κολλά επίμονα σε άλλους για προσωπικό όφελος, όπως το παρασιτικό ζώο",,username Μιλάμε έχουν παρανοησει τελείως!!! ????????????????????????????Τι θα γίνε με την κατάντια τους. Μιλαμε για βδέλλες!!,,an,,,"['leech', 'sponger', 'parasite']",leech (person) : clingy exploiter,Person,0.51,1.23
EL846,βία,NOUN,,"['αγριότητα', 'βαναυσότητα', 'κακοποίηση', 'βιαιότητα']","Κοινωνικό φαινόμενο όπου ασκείται ηθελημένη φυσική δύναμη ή απειλή, προκαλώντας σωματική ή ψυχική βλάβη",,username Εντωμεταξύ ρε παιδιά ο Κεχαγιάς Ζακ κ Σοφία μόνιμα τσίρκο κ τρελή τη λένε μπροστά της...Ο Χαος το ίδιο!Η Ραγισα εκτός από τη σωματική βία την έλεγε τσουλα καριολα μαλακισμενη τρελή!Τα Δυδιμα ανώριμα πάντα!,,or,,,"['violence', 'force', 'brutality', 'abuse']",use of physical or psychological force with aggressive intent,State,0.51,1.24
EL2468,βίαιος,ADJ,,"['βάρβαρος', 'επιθετικός']",Άτομο που τείνει να χρησιμοποιεί επιθετική δύναμη εναντίον άλλων,,Οι περισσοτερες γυναικες στη ζωη μας εχουμε συνάντησει εστω και μια φορα εναν αντρα βιαιο και αυτο λεει πολλα!,,re,,,"['violent', 'aggressive', 'rough', 'brutal']",person who resorts to aggressive force,Person,0.7,0.54
EL2468,βίαιος,ADJ,,"['σφοδρός', 'άγριος']",Ενέργεια ή συμβάν όπου ασκείται έντονη δύναμη με καταστροφικά αποτελέσματα,,"«Όταν έφυγε πήρε τα δικά της, αλλά ήταν τόσο βίαιος ο χωρισμός, που ξέχασε να του ζητήσει το άλλο ζευγάρι».",,re,,,"['violent', 'fierce']",violent (event) : involving great destructive force,Behavioral_Trait,0.7,0.51
EL1006,βιασμός,NOUN,,"['σεξουαλική κακοποίηση', 'εξαναγκασμός']","Πράξη εξαναγκασμού σε σεξουαλική επαφή χωρίς συναίνεση, συχνά με απειλή ή φυσική δύναμη",,"ΕΝΤΕΛΩΣ ΞΑΦΝΙΚΑ ΟΣΟΙ ΑΣΕΛΓΟΥΝ ΚΑΙ ΠΡΟΒΑΙΝΟΥΝ ΣΕ ΚΑΚΟΠΟΙΗΣΗ ΒΙΑΣΜΟ ΚΑΙ ΑΛΛΕΣ ΠΑΡΟΜΟΙΕΣ ΠΡΑΞΕΙΣ ΧΑΡΑΚΤΗΡΙΖΟΝΤΑΙ ΩΣ ""ΕΧΟΝΤΕΣ ΨΥΧΟΛΟΓΙΚΑ ΠΡΟΒΛΗΜΑΤΑ""",,re,,,"['rape', 'sexual assault', 'violation', 'coercion']",forced sexual act without consent,Event,1.19,1.24
EL1006,βιασμός,NOUN,,['κατάφωρη παραβίαση'],"Βάναυση παραβίαση θεσμού, αρχής ή συμβόλου που θεωρείται ιερό ή απαραβίαστο",,"username username Εγώ όχι, αυτή κρίνει εξ ιδιων και βλέπει βιασμό. Αλήθεια που το είδε;;;",,re,,,"['violation', 'rape (fig.)']",violation (figurative) : brutal infringement of a revered entity,Event,1.19,0.57
EL2364,βιαστής,NOUN,,"['σεξουαλικός εγκληματίας', 'δράστης βιασμού', 'κακοποιητής']",άνθρωπος που εξαναγκάζει κάποιον σε σεξουαλική πράξη χωρίς συναίνεση,,"Αυτή εδώ η σκατιάρα σε οποιοδήποτε άλλο κράτος της ΕΕ έβγαινε σε κανάλι με εθνική εμβέλεια και έλεγε για έναν ΚΑΤΑΔΙΚΑΣΜΕΝΟ ΒΙΑΣΤΗ πως υπάρχει και το τεκμήριο αθωότητας, θα ήταν ήδη στον ΟΑΕΔ 7 το πρωί να κοιτάει προκηρύξεις",,re,,,"['rapist', 'sex offender', 'sexual predator']",person who forces someone into sexual intercourse,Person,1.24,1.29
EL187,βλάκας,NOUN,,"['ηλίθιος', 'ανόητος', 'κουτός', 'χαζός']",πρόσωπο με χαμηλή αντίληψη ή που φέρεται ανόητα,,Εγώ κάνω τον βλάκα γιατί με βολεύει.,,asf,,,"['idiot', 'fool', 'moron', 'dummy']",person considered stupid or foolish,Person,1.24,0.57
EL1906,βλακεία,NOUN,,"['ηλιθιότητα', 'κουταμάρα', 'ανοησία']",νοητική αδυναμία ή έλλειψη κρίσης ως σταθερό γνώρισμα,,"username username username Δεν σε έχω ξεπεράσει ακόμη. Είσαι ο βασιλιάς της βλακείας και ο,τι και να κάνεις δε θα κατέβεις από το θρόνο σου",,asm,,,"['stupidity', 'idiocy', 'foolishness']",persistent lack of intelligence or judgment,Behavioral_Trait,0.38,1.12
EL1906,βλακεία,NOUN,,"['κουταμάρα', 'ανοησία', 'πατάτα']",πράξη ή λόγος που θεωρείται πολύ ανόητος,,τα σπεις τα χλευαζετε αλλα τα ακουτε και δεν καταλαβαινω γιατι τα γραφετε εδω ΓΙΑΤΙ ΚΑΤΑΣΤΡΕΦΕΤΕ ΜΟΝΟΙ ΣΑΣ ΤΟ ΠΑΤΡΑ? εσεις που βριζετε και κραζετε κανετε κακο και οχι αυτοι που ειναι σε σπεις μπαινουμε να διαβασουμε και βλεπουμε τις βλακειες σας #πατρα,,asm,,,"['blunder', 'stupid thing', 'foolish act']",stupid act or remark,Event,0.38,1.02
EL318,βλακέντιος,NOUN,,"['βλάκας', 'βλαξ']","άντρας που χαρακτηρίζεται ως ακραία ανόητος, συχνά χλευαστικά",,Όλοι αυτοί που σήμερα κράζουν Καραμανλή τον ψήφιζαν με χέρια και με πόδια. Οι ίδιοι αυτοί σήμερα κράζουν και τη Μέρκελ που μέχρι εχθές την είχαν εικόνισμα. Βλακεντιοι μέχρι το μεδούλι.,,ddp,,,"['dummy', 'dimwit', 'simpleton']","male labeled as extremely stupid, used mockingly",Person,0.44,1.12
EL173,βλαξ,NOUN,,"['ανόητος', 'ηλίθιος', 'βλάκας']","άτομο με χαμηλή εξυπνάδα, λόγιος ή ειρωνικός τύπος",,Πάκη Παυλόπουλε φαφλατά ντροπιάζεις το θεσμό του ΠτΔ. Άρπα μια φάπα από τον σουλτάνο βλάξ.,,cds,,,"['fool', 'imbecile', 'blockhead']","person considered slow-witted, formal or ironic term",Person,1.24,1.31
EL1800,βλάχος,NOUN,,"['χωριάτης', 'αγροίκος', 'βοσκός', 'καράβλαχος']",κάτοικος επαρχίας ή άτομο που θεωρείται αγροίκος και αμόρφωτο,,"username username Δεν έχεις καταλάβει όταν πρόκειται για τον βλάχο, ακούν μόνο ότι τους συμφέρει;;;",,cds,,,"['redneck', 'hillbilly', 'yokel', 'bumpkin']",person from countryside perceived as uncouth or uneducated,Person,1.01,0.55
EL511,βόδι,NOUN,,"['χαζός', 'γίδι', 'ζώον', 'βουβάλι']",πρόσωπο που θεωρείται αργόστροφο ή δυσκίνητο,,username username username Είναι και τα δυο τελικά. Μα είναι να απορείς με αυτούς που τον πληρώνουν. Αυτός είναι εντελώς ΒΛΑΚΑΣ. Αλλά μάλλον το μόνο που τους νοιάζει κι αυτούς είναι απλά να υπάρχουν υβριστές σαν αυτό το βόδι τον username κι ας είναι εντελώς ηλίθιοι. Κρίμα στα παιδιά του ΑΝ ΕΧΕΙ ή ΑΝ ΚΑΝΕΙ,,an,,,"['ox', 'dumbhead', 'lummox', 'oaf']",person deemed slow-witted or clumsy,Person,0.43,0.6
EL541,βουβάλι,NOUN,,"['θηρίο', 'γομάρι', 'βόδι', 'βούβαλος']","άνθρωπος μεγαλόσωμος και άγαρμπος, συχνά θεωρείται χοντροκομμένος",,"Kάτσε στην άκρη ρε βλαμμένο, όταν στο βούρκο μαλώνουν τα βουβάλια, την πληρώνουν τα βατράχια. Και μίλα λιγότερο έως καθόλου. Άιντε, τρομάρα σου! (Αμένσωτο.Σχεδόν.)",,an,,,"['buffalo', 'brute', 'big guy', 'hulk']","large, clumsy person considered rough",Person,0.34,0.8
EL400,βούβαλος,NOUN,,"['βουβάλι', 'θηρίο', 'βόδι']","άτομο πολύ μεγαλόσωμο ή χοντροκομμένο, συχνά αδέξιο",,«Αμερικάνικος Βούβαλος»: Σύσσωμη η showbiz στην επίσημη πρεμιέρα της παράστασης,,an,,,"['buffalo', 'oaf', 'big brute', 'ox']","very big or coarse person, often clumsy",Person,0.48,0.2
EL2348,βραδύνους,ADJ,,"['βραδύστροφος', 'αργόστροφος', 'βλάκας']",άτομο που καθυστερεί να αντιληφθεί ή να αντιδράσει,,"Είστε οπωσδήποτε εμμονική και βραδύνους. Ζητείστε βοήθεια, δεν είναι κακό!",,ddp,,,"['slow-witted', 'slowpoke', 'sluggish thinker', 'dullard']",person slow to understand or react,Person,0.23,
EL1614,βρεφοκτονία,NOUN,,"['παιδοκτονία', 'νεογνοκτονία', 'δολοφονία βρέφους']","φόνος νεογέννητου από γονέα ή άλλο πρόσωπο, πράξη τιμωρούμενη ως ιδιαίτερο έγκλημα",,"Η αφίσα ξεκάθαρα απευθύνεται σε εκείνα τα περιστατικά όπου οι βρεφοκτονίες έγιναν με αφορμή την απόγνωση των νεαρών κοριτσιών όπου επίσης οι ύαινες είχατε πιάσει πέτρες για να πετάξετε. Ντροπή σας που τολμησατε να κάνετε συσχέτιση με το περιστατικό της Πάτρας, πουθεναδες.",,re,,,"['infanticide', 'baby killing', 'infant murder']",killing of an infant by parent or other person,Event,1.12,1.12
EL2252,βρόμικος,ADJ,,"['λερωμένος', 'ακάθαρτος', 'κατινιάρης', 'σάπιος']",άνθρωπος με κακή υγιεινή ή ανέντιμη συμπεριφορά,,"Νικολάου σε Παύλο Πολάκη: Είσαι φασίστας, βρόμικος, άθλιος και επικίνδυνος άνθρωπος",,dmc,,,"['filthy', 'dirty', 'sleazy', 'grubby']",person filthy or morally unscrupulous,Person,0.31,
EL2252,βρόμικος,ADJ,,"['ακάθαρτος', 'μουτζουρωμένος', 'λερωμένος']",αντικείμενο ή χώρος γεμάτος ρύπους,,Αναρχοφασίστες με βρόμικα νύχια ζουν ονειρώξεις με λουτρά αίματος με αχλή σκοταδισμού και αφίσες Μαζιώτη μέσα σε οσμές πατσά και ποδαρίλας.,,dmc,,,"['dirty', 'filthy', 'grimy']",object or place covered with dirt,Behavioral_Trait,0.31,1.35
EL1269,βρώμα,NOUN,,"['δυσωδία', 'κακοσμία', 'βρόμα']",έντονη δυσάρεστη οσμή που παραμένει,,username Τραγικες οι παρατάξεις εντός σχολών στη δικια μ μια έμεινε κ αυτή ειναι σα μην υπάρχει πλέον γτι πολύ απλα αδιαφορουσαμε όλοι..Βέβαια οσοι ανήκαν σ αυτή πηραν πτυχια κ εννοείται παλιότερα π είχε μια ακομα κ απο εκει ολοι πτυχία.Ασε δε βρωμια κ βανδαλισμοί σε νεόδμητο πανεπιστήμιο,,dmc,,,"['stench', 'bad smell', 'odor']",persistent foul smell,State,1.12,1.11
EL1269,βρώμα,NOUN,,"['άτιμη', 'τσούλα', 'πόρνη']",υβριστικός χαρακτηρισμός για άνθρωπο που θεωρείται ανήθικη,,Εργαλειοποιούν για πολιτικούς λόγους μέχρι και τους βιασμούς.Μιλάμε για τεράστια και ασύγκριτης βρώμας μουνόπανα.,,dmc,,,"['tramp', 'slut', 'filthy woman', 'whore']",insult for a woman deemed immoral,Person,1.12,0.9
EL1269,βρώμα,NOUN,,"['ακαθαρσία', 'σκουπίδι']",Ύλη ή βρωμιά που λερώνει χώρο ή αντικείμενο και συχνά μυρίζει άσχημα,,#υποκλοπες Είστε βουτηγμένοι μέσα στα σκατα κύριοι. Και όσο και να θέλετε να κρύψετε την βρώμα σας με ακριβά αρώματα και κοστούμια πάλι σκατιλα μυρίζετε.,,dmc,,,"['filth', 'grime']",filth : dirty matter,Object,1.12,0.9
EL1755,βυζανιάρικο,NOUN,," ['μωρό', 'γαλαθηνός']",Βρέφος ή νεογνό ανθρώπου/θηλαστικού που θηλάζει ακόμη,," Πάρε τούτο το βυζανιάρικο , μπας και γλιτώσει η ψυχούλα του το τούρκικο χαντζάρι.",,cds,,,"['nursling', 'suckling']",nursing infant : baby still suckling,Person,0.52,
EL1755,βυζανιάρικο,NOUN,,"['μαμόθρεφτο', 'ανώριμος']",Χαϊδευτικά-ειρωνικά για άτομο εξαρτημένο από τη μητρική φροντίδα ή συναισθηματικά ανώριμο,,Να μαλώνεις τον εαυτό σου καμιά φορά που κάθεται και κλαψουρίζει σαν μωρό κι εσύ κάθεσαι και του δίνεις γλειφιτζούρι μη και σου στεναχωρηθεί το βυζανιάρικο.,,cds,,,"['mama’s boy', 'baby']",mama’s boy : over-dependent person,Person,0.52,
EL1293,βωμολοχία,NOUN,,"['χυδαιολογία', 'βρισίδι', 'κακοστομία']",συχνή χρήση χυδαίων ή προσβλητικών λέξεων,,"Φωνητικής??? Η συγκεκριμένη μόνο καθηγήτρια βωμολοχίας, αθυροστομίας και τραμπουκισμού θα μπορούσε να είναι.",,dmc,,,"['foul language', 'profanity', 'obscenity']",habitual use of obscene or offensive language,Repetitive_Action,1.04,
EL1293,βωμολοχία,NOUN,,"['αισχρολογία', 'χυδαιολογία']",Χρήση χυδαίων ή σεξουαλικά άσεμνων εκφράσεων σε δημόσιο λόγο,,"Ο ΛεΜπρόν Τζέιμς δίνει ΣΥΓΚΙΝΗΤΙΚΗ, γεμάτη βωμολοχίες ομιλία στη γιορτή της νίκης στο Κλίβελαντ",,dmc,,,"['obscenity', 'swearing']",obscenity (speech) : utterance of vulgar words,Event,1.04,
EL2,γαβγίζω,VERB,,"['γαυγίζω', 'ουρλιάζω', 'φωνασκώ']","H παραγωγή δυνατού ήχου όπως κάνουν τα σκυλιά, ή η απότομη φωνή",,"Γάβγιζε χαρούμενα, όπως όλα τα σκυλιά όταν Κλείνω την πόρτα και περιμένω ν’ ακούσω τον μπάτσο να γαβγίζει ή την εισαγγελέα να μυξοκλαίει, αλλά δεν ακούω τίποτα. ",,an,,,"['bark', 'yell', 'snap']",produce loud sound like dogs or shout sharply,Event,0.16,1.15
EL190,γαϊδάρα,NOUN,,"['άξεστη', 'στρίγκλα', 'γαιδούρα', 'μουλάρα']","γυναίκα που θεωρείται αγενής, πεισματάρα ή αδέξια",,"«Κατέβα μωρή γαϊδάρα, κρίμα το ζωντανό»",,an,,,"['donkey woman', 'shrew', 'stubborn woman', 'oafish woman']","woman labeled rude, stubborn or clumsy",Person,0.44,
EL191,γάιδαρος,NOUN,,"['μουλάρι', 'χοντροκέφαλος', 'ζώον', 'ακαλλιέργητος']","άντρας αγενής ή πεισματάρης, μεταφορικά από το ζώο",,"Κάπου ωπα ρε εδώ μέσα με τους Δαλακοχεϊτερς και τους Δαλακοφανς. Τέτοιο μίσος από τις δύο πλευρές, έχουμε να δούμε από το '46-'49 Ηρεμήστε λίγο. Υπάρχει ζωή και το πέρα από το #survivorGR Ο σοφός λαός λέει, ""δύο γάιδαροι μαλώνανε σε ξένο αχυρώνα"" Get a life!!!",,om,,,"['jackass', 'donkey', 'boor', 'lout']",man considered rude or stubborn,Person,0.49,1.02
EL193,γαϊδούρι,NOUN,,"['γάιδαρος', 'βόδι', 'ζώον', 'μουλάρι']",ουδέτερη μορφή προσβολής για άτομο αγενές ή αδέξιο,,....όλα για εσάς Γυναίκες...... να μη μείνει γαϊδούρι για γαϊδούρι..!!!.μουλάρες...έ μουλάρες...,,an,,,"['donkey', 'oaf', 'jerk', 'lummox']",gender-neutral insult for rude or clumsy person,Person,0.44,1.07
EL807,γαμημένος,VERB,,"['καταραμένος', 'άθλιος', 'άχρηστος', 'σκατόψυχος']","πολύ υβριστικός χαρακτηρισμός για άτομο που προκαλεί οργή ή μίσος, συχνά ως αντικείμενο απειλής ή κατάρας",,username Πες τα καθικι μου...γαμημενοι απογονοι των Ναζι..μας έχουν πιεί το αίμα ..,,asm,,,"['fucked', 'damned', 'freaking', 'bloody']",strong curse expressing contempt toward a person,Person,0.8,1.26
EL807,γαμημένος,VERB,,"['διαολεμένος', 'παλιό', 'άθλιος', 'σακατεμένος']","Έντονος υβριστικός επιθετικός προσδιορισμός που δηλώνει ακραία ενόχληση ή απαξίωση για πρόσωπο, πράγμα ή κατάσταση",,Κάποτε μετράγαμε παγωτά και μπάνια. Τωρα μετράμε γαμημενες μέρες ως την άδεια.,,asm,,,"['damned', 'bloody', 'fucking', 'lousy']",curse expressing strong anger at thing or situation,Behavioral_Trait,0.8,1.12
EL809,γαμήσι,NOUN,,"['πήδημα', 'σεξ']","Σεξουαλική πράξη μεταξύ δύο ή περισσότερων προσώπων, ιδίως σε ανεπίσημο ή χυδαίο ύφος",,username Κωλαρα βυζαρες τουμπανο για γαμησι,,asm,,,"['sex', 'fuck']",sex act : consensual intercourse,Event,1.22,1.37
EL809,γαμήσι,NOUN,,"['ξεπάτωμα', 'ξεκώλιασμα', 'ταλαιπωρία']",Εξαιρετικά δύσκολη ή βασανιστική κατάσταση που “πονάει” τον εμπλεκόμενο όπως η σεξουαλική βία,,username Ναι ρε πούστη. Γαμήσι θέλουν όλα τα ψευτοαριστέρα μπουρδέλα με τις κακογαμημένες πουτάνες που από πάνω λένε πως υπερασπίζονται το δίκιο των εργατών. Χειρότεροι από την ΝΔ κατάντησαν.,,asm,,,"['mess', 'nightmare']",mess : nasty predicament,Event,1.22,1.35
EL1404,γαμώ,VERB,,"['πηδάω', 'ξεσκίζω (χυδ.)']","Πραγματοποίηση σεξουαλικής πράξης με κάποιον/α, σε πολύ χυδαίο ύφος",,"Ρε τσουτσέκι για τ Μυρτω τίποτα... για τ αλητισσα τ Μούρθου τίποτα, γαμω τ φάρα σας σκατα αποσκατα τ κοινωνίας ...",,asm,,,"['fuck', 'bang']",to fuck : have sexual intercourse,Event,1.19,1.35
EL1404,γαμώ,VERB,,"['καταριέμαι', 'διάολε']","Χρησιμοποιείται ως βωμολόχα έμφαση ή κατάρα («γαμώ το …»), χωρίς κυριολεκτική σεξουαλική σημασία",,"- Πέρασες, γαμώ το!",,asm,,,"['damn', 'fuck (interj.)']",to damn : forceful curse,Event,1.19,0.39
EL977,γατάκι,NOUN,,"['φλώρος', 'κότα', 'μαμμόθρεφτο', 'μαλθακός']","Υποτιμητικός χαρακτηρισμός για άτομο που θεωρείται αδύναμο, άπειρο ή δειλό.",,"Ερχόταν μόνο κάποιες φορές κοντά μου και ζάρωνε, σαν γατάκι, για να της χαϊδέψω τα μαλλιά.",,asf,,,"['wimp', 'weakling', 'sissy', 'chicken']","derogatory term for someone seen as weak, inexperienced or timid.",Person,0.07,0.15
EL715,γίδα,NOUN,,"['κατσίκι', 'χαϊβάνι', 'βούρλο', 'χάπατο']",Χονδροειδής προσβολή κυρίως προς γυναίκα που θεωρείται αδέξια ή κουτή.,,"username username κουρεμένη σα γίδι, άβαφτη, με κουρέλια και πάλι είναι ΤΟ μουνί, θαύμα της φύσης είναι",,an,,,"['goat', 'clod', 'dimwit', 'oaf']","crude insult, mainly for a woman judged clumsy or stupid.",Person,0.36,1.28
EL1335,γκάνγκστερ,NOUN,,"['μαφιόζος', 'κακοποιός', 'μπράβος', 'νονοός']","Εγκληματίας οργανωμένης συμμορίας που κερδίζει χρήμα με βία, εκβιασμό ή λαθρεμπόριο",,"username username username username Οι τελευταίες γελοιότητες Κικίλια αδερφέ,έχουν εξήγηση στο γεγονός,πως συνειδητοποιεί,ότι οι άλλοι οι γκάνγκστερ,τον είχαν εξαρχής για scapegoat σε περίπτωση που στράβωνε το πράγμα Δεν είναι τυχαίο ότι 8μ μετά,τώρα ανακάλυψαν κ τις πομπές του κολλητού του,αρκουμανέα.",,re,,,"['gangster', 'mobster', 'criminal', 'thug']","person involved in organized crime, often violent.",Person,0.46,1.07
EL371,γκανγκστερισμός,NOUN,,"['μαφία', 'συμμοριτισμός', 'παρανομία', 'μαφιοζοσύνη']",Τρόπος ζωής και πρακτικές που χαρακτηρίζουν συμμορίες και οργανωμένο έγκλημα.,,100% καθαρό γκανγκστερισμός παρά ένα πραγματικά καλό combo:,,cds,,,"['gangsterism', 'racketeering', 'mafiosity', 'underworld activity']",lifestyle and practices typical of gangs and organized crime.,State,0.52,
EL2074,γκαρίζω,VERB,,"['ουρλιάζω', 'τσίριζω', 'ξεφωνίζω', 'φωνασκώ']","Μιλώ ή φωνάζω με οξύ, ενοχλητικό τόνο, σαν γκαρίσματα ζώου.",,"username username Ναι παίρνουν θέση με κόσμιο και ηπιο τροπο και δείχνουν τη θέση τους με την ψήφο τους!! Δεν γκαριζουν σαν την Άννα Μαρία και κάνουν σαν τρελοί!!! Αν είχα έναν τέτοιο φίλο και του το έλεγα μια, δύο...δέκα να ηρεμήσει....Και αυτός έκανε το δικό του...δεν θα ασχολιομουν!!!",,an,,,"['yell', 'shriek', 'scream', 'bawl']","to speak or shout with a shrill, harsh tone, like a bray.",Event,0.44,0.52
EL840,γκέι,NOUN,,"['ομοφυλόφιλος', 'αδερφή', 'περήφανος', 'κουίρ']","Άνδρας με ερωτικό προσανατολισμό προς άτομα του ίδιου φύλου, λέξη που συχνά χρησιμοποιείται υβριστικά.",,username username Εδώ στο Τουίτα πάντως οι γκέι έχουν μεγάλο κύκλο και μπορείς να φιλτράρεις κόσμο με βάση την εξυπνάδα και τις ιδέες του. Μην απελπίζεσαι.,,om,,,"['gay', 'homosexual', 'queer', 'poof']","male homosexual, word often used as slur.",Person,1.02,1.03
EL2125,γκρινιάρης,ADJ,,"['μουρμούρης', 'παραπονιάρης', 'γκρινιάρα', 'μίζερος']",Άτομο που παραπονιέται συνεχώς για μικροπράγματα.,,Ο Καλίδης γαμωσταυριζει που βρέθηκε σε αυτή την ομάδα των γκρινιαρηδων και σε πολύ χειρότερη παραλία #survivorgr,,cds,,,"['whiner', 'complainer', 'grumbler', 'moaner']",person who constantly complains about trivial matters.,Person,0.49,1.12
EL1837,γουρουνάκι,NOUN,,"['χοντρούλης', 'βρωμούλης', 'γουρούνι', 'παχουλούλης']","Υποκοριστικός, μα και υποτιμητικός, όρος για άτομο μικρόσωμο ή χονδρουλό που θεωρείται βρώμικο.",,"Ένα μικρό υπάκουο ροζ γουρουνάκι, που, πέρα από το μαμ, το κοκό και το νάνι, δεν καταλάβαινε και πολλά πράγματα.",,cds,,,"['piglet', 'fatty', 'piggy', 'smelly kid']",diminutive yet disparaging term for someone small or chubby viewed as dirty.,Person,0.11,0.52
EL431,γουρούνι,NOUN,,"['κάθαρμα', 'ζώον', 'βρωμιάρης', 'χυδαίος']","Βαρύς μειωτικός χαρακτηρισμός για άτομο που θεωρείται βρώμικο, άπληστο ή σεξιστικό.",,"Για ποιόν άλλο λόγο θα μπορούσε θηλυκό γουρούνι να παρενοχλεί ρεπόρτερ, εκτός του ότι έχει ορμές και θέλει να ζευγαρώσει? Υ.Γ. Φοβερή ...διασταύρωση, αλλά ΧΙΜΑΙΡΙΚΗ!  via username",,cds,,,"['pig', 'swine', 'filthy', 'bastard']","strong insult for someone considered dirty, greedy or sexist.",Person,0.48,1.01
EL2038,γύπας,NOUN,,"['καμάκι', 'γλίτσας', 'λιγούρης', 'πέφτουλας']","Κοροϊδευτικός όρος για άνδρα που κυνηγά επίμονα ερωτικές γνωριμίες, συχνά ανέντιμα.",,Μήπως να ξανακάνω κανένα θρεντ με γυμνά μπας και τσιμπήσω κάνα γύπα;,,an,,,"['creep', 'predator', 'sleazy guy', 'womanizer']","mocking term for a man who persistently hunts for sexual conquests, often sleazily.",Person,0.38,0.6
EL2499,γύφτος,NOUN,,"['τσιγγάνος', 'παράσιτο', 'βρωμιάρης', 'λαμόγιο']","Ιδιαίτερα ρατσιστικός όρος για άτομο Ρομά, χρησιμοποιούμενος για να δηλώσει βρωμιά ή κουτοπονηριά.",,"username Πινακιδες σε γυφτο (ρομά η ανθιγγανο για τους ευαισθητουληδες) , γυαλια μυωπιας και ανω των 60 γυφτορομανθιγγανο , δεν θα δεις ποτε!",,ps,,,"['gypsy (slur)', 'pikey', 'dirty', 'scrounger']","highly racist slur for Romani person, implying filth or slyness.",Person,1.06,1.09
EL748,δαίμονας,NOUN,,"['κακό πνεύμα', 'διάβολος', 'πονηρός', 'μοχθηρός']",Άτομο με ακραία κακία ή ανεξέλεγκτη ενέργεια που βλάπτει τους άλλους· υβριστικός χαρακτηρισμός,,"Αυτά που θεωρεί τώρα η κόμισσα σαν τα φυσικότερα πράγματα στον κόσμο, χωρίς να παραλείπει -αυτό είναι που με δαίμονα να μου λέει ότι σκότωσα τον πατέρα της, επειδή δεν είχε τη δυνατότητα να μου φτιάξει μπάνιο με μπιντέ!",,cds,,,"['fiend', 'monster', 'devil']",fiend : person of extreme malice,Person,0.52,0.52
EL748,δαίμονας,NOUN,,"['διάβολος', 'κακό πνεύμα']",Κακό υπερφυσικό ον που θεωρείται ότι προκαλεί συμφορές ή πειρασμούς,,Πολύ καλό παντοδύναμος Θεός ρίχνει δαίμονας κακό πνεύμα ομοφυλοφιλικά βακτήρια ασθένεια του ιού για την αιωνιότητα,,cds,,,"['demon', 'fiend', 'evil spirit']",demon : malevolent supernatural entity,Object,0.52,0.43
EL512,δαμάλι,NOUN,,"['αγελάδα', 'βουβάλι', 'χοντροκομμένη', 'άχαρη']","Υποτιμητικός όρος για γυναίκα εύσωμη ή άχαρη, παρομοιαζόμενη με νεαρή αγελάδα.",,"username Δε σου είπα ρε χουντοζαιε να πάρεις τον πούλο; Διάβασε παπάρα τι εχει πει ο Ιωαννίδης της πασοκαρας για τη χουντοοικογενεια του ζαβου σας, και σκούπισε τα χειλάκια σου από το σπερμα του Καμμένου και των χρυσαυγουλων. Άντε δαμαλι",,an,,,"['heifer', 'cow', 'big girl', 'lump']","derogatory term for a big or clumsy woman, likened to a heifer.",Person,0.41,1.37
EL347,δανδής,NOUN,,"['φιγουρατζής', 'κουστουμάτος', 'κομψευόμενος', 'σικ']",Άντρας που ασχολείται υπερβολικά με την κομψή εμφάνιση και τους τρόπους του.,,"Κι όταν τον είδα να 'ρχεται κομψός σα νεαρός δανδής, όπως πάντα, πλέκω τα δάχτυλά μου ικετευτικά και του λέω: “ Γιάννη, όσα μου 'κάνες σ' τα συγχωρώ.",,cds,,,"['dandy', 'fop', 'snappy dresser', 'fashionista']",man excessively concerned with stylish appearance and manners.,Person,0.48,0.37
EL865,δειλία,NOUN,,"['φοβία', 'αναποφασιστικότητα', 'μικροψυχία', 'δειλότητα']",Ψυχική αδυναμία που κάνει κάποιον να αποφεύγει τον κίνδυνο ή την ευθύνη.,,username username ΓΛΥΤΩΣΕ ΕΡΜΗ ΕΓΩ ΤΟΝ ΠΑΡΑΚΑΛΑΩ ΝΑ ΜΕ ΜΠΛΟΚΑΡΕΙ ΓΙΑΤΙ ΕΓΩ ΤΟ ΘΕΩΡΩ ΔΕΙΛΙΑ ΓΙΑ ΝΑ ΤΟ ΚΑΝΩ ΚΑΙ ΑΥΤΟΣ ΔΕΝ,,cds,,,"['cowardice', 'fearfulness', 'timidity', 'spinelessness']",mental weakness causing avoidance of danger or responsibility.,Behavioral_Trait,0.36,1.02
EL2202,δειλός,ADJ,,"['άνανδρος', 'ποταπός']","Χαρακτηρισμός για ενέργεια που στερείται θάρρους και θεωρείται ποταπή ή άνανδρη, συνήθως σε ρητορικό λόγο καταδίκης",,"O Άγγελος κάθισε δειλά δειλά σε μιαν ακριανή καρέκλα και απαντούσε πρόθυμα σε κάθε είδους ερώτηση που του έκανε ο διψασμένος Μάρκελλος και η κουβέντα τους του φαινόταν όαση, έπειτα από δέκα μέρες με αποκλειστικούς συνομιλητές του τον Παναγιώτη τον Υδραίο και τον Άγγελο τον Καλαμισιάνο.",,cds,,,"['cowardly', 'dastardly']",cowardly : describing a contemptible act lacking courage,Behavioral_Trait,0.46,0.36
EL2202,δειλός,ADJ,,"['φοβητσιάρης', 'κότα', 'άτολμος', 'άνανδρος']",Άτομο που αποφεύγει συστηματικά τον κίνδυνο ή την αντιπαράθεση.,,Παλιά υπήρχαν οι Γκοτζαμάνηδες που χτυπούσαν και έφευγαν σαν δειλοί. Τώρα τους έδωσαν θέσεις εξουσίας για να κάνουν το ίδιο κεκαλυμμένα. Όσο ψάχνει ο ανακριτής τόσο θα βρίσκει.. όπως και τότε.. #Μάτι,,cds,,,"['coward', 'wimp', 'chicken', 'craven']",person who consistently avoids danger or confrontation.,Person,0.46,1.04
EL2397,δεινοπάθημα,NOUN,,"['μαρτύριο', 'κακουχία', 'ταλαιπωρία', 'βασανιστήριο']",Ιδιαίτερα επώδυνη εμπειρία ή σειρά δοκιμασιών που προκαλούν μεγάλη ταλαιπωρία.,,Ισχυρή ανάμνηση: Το δεινοπάθημα του μ. Φοίβου Βωβίδη στο πίσω κάθισμα ενοικιαζόμενης μοτόρας από το φοβερά άτσαλο οδήγημά μου.,,re,,,"['ordeal', 'torment', 'hardship', 'affliction']",extremely painful experience or ordeal causing great suffering.,Event,0.43,
EL825,δεκανέας,NOUN,,"['λοχίας', 'αρχιφύλακας', 'υπασπιστής', 'μικρόαρχος']",Χαμηλόβαθμος υπαξιωματικός που διοικεί μικρή ομάδα στρατιωτών και εκτελεί εντολές ανωτέρων,,"-Ρε δεκανέα, πάλι αγγαρεία;-Τα παράπονά σου στον ανθυπομαλάκα τον λοχία ρε ψάρι.",,pa,,,"['corporal', 'sergeant', 'NCO', 'drill corporal']",corporal : junior non-commissioned officer,Person,0.13,
EL825,δεκανέας,NOUN,,"['μικροαυταρχικός', 'καψώνης']",Άτομο με μικρή εξουσία που επιδεικνύει υπέρμετρη αυστηρότητα ή αυταρχισμό∙ υποτιμητική παρομοίωση με κατώτερο στρατιωτικό,,Παλλόμενος Δεκανέας,,pa,,,"['martinet', 'petty tyrant']",tiny-sergeant : petty authoritarian,Person,0.13,0.45
EL1010,δημαγωγικός,ADJ,,"['λαϊκιστικός', 'χειριστικός', 'πονηρός']",Λόγος ή στάση που κολακεύει τα πάθη του πλήθους για να αποσπάσει υποστήριξη.,,"Δυστυχώς ο δημαγωγικός τρόπος, με τον οποίο χρησιμοποιείται ο όρος κέντρο από πολιτικούς τυχοδιώκτες, οδηγεί με μαθηματική ακρίβεια στη χειραγώγηση μεγάλου μέρους των ψηφοφόρων,...",,cds,,,"['demagogic', 'populistic', 'manipulative', 'crowd-pleasing']",Speech or attitude that flatters the masses to gain support.,Behavioral_Trait,0.56,
EL1012,δημαγωγός,NOUN,,"['λαϊκιστής', 'κομματάρχης', 'πολιτικάντης', 'ψευτομεσσίας', 'χειριστής']",Ρήτορας ή πολιτικός που κερδίζει επιρροή κολακεύοντας το πλήθος με απατηλές υποσχέσεις και φόβο∙ υβριστικός χαρακτηρισμός στον δημόσιο λόγο,,"Ποτέ ξανά στους ψεύτες, τυχοδιώκτες και λωποδύτες που λυμαίνονται την πατρίδα μας. Πότε πια σε λαϊκιστές και δημαγωγούς που υπόσχονται τα πάντα στους πάντες.",,cds,,,"['demagogue', 'populist', 'rabble-rouser', 'agitator', 'political charlatan']",Person who sways the crowd with flattery and fear to gain power.,Person,1.07,1.22
EL2213,δημοκοπία,NOUN,,"['λαϊκισμός', 'πολιτική κολακεία', 'ρητορεία']",Συστηματική τακτική κολακείας ή κινδυνολογίας για να κερδηθεί λαϊκή εύνοια αντί ουσιαστικών επιχειρημάτων,,"Δημοκοπία ἀσφαλώς όχι. Πολιτική, όμως, ναί.",,pr,,,"['demagoguery', 'populism', 'vote-catching', 'crowd-pleasing rhetoric']",Ongoing practice of promising unreal benefits to woo voters.,Repetitive_Action,0.44,
EL1544,διαβολάκι,NOUN,,"['σκανταλιάρης', 'παλιόπαιδο', 'ζιζάνιο']","Χαϊδευτικά–ειρωνικά, ζωηρό ή σκανταλιάρικο παιδί ή ενήλικος· ήπια προσβλητικός ή παιχνιδιάρικος χαρακτηρισμός",,username Διαβολακι μου καλο!! Να χαιρεσαι τη μαμα μου που εισαι σιγουρη οτι ειναι υπέροχη και τρισευτυχισμενη με ενα πλάσμα σαν εσενα για γιο!!! Τα καλυτερα ευχομαι για τη μαμα ????????,,dmc,,,"['rascal', 'imp', 'brat', 'mischief-maker']",Mischievous little child or impish creature.,Person,0.38,0.33
EL1544,διαβολάκι,NOUN,,"['μικρός διάβολος', 'δαιμόνιο']","Μικρό, πονηρό υπερφυσικό πνεύμα που θεωρείται ότι ψιθυρίζει κακές παροτρύνσεις· λαϊκή εικόνα σε λόγο και λογοτεχνία",,Γαλαζιο στρατιωτακι πρασινο καλικαντζαρακι κοκκινο διαβολακι αυτα ειναι ονοματα για κομματοσκυλα που σεβονται τον εαυτο τους,,dmc,,,"['imp', 'little devil']",imp : tiny mischievous demon,Object,0.38,1.17
EL749,διαβολάνθρωπος,NOUN,,"['σατανάς', 'κακάνθρωπος', 'θηρίο', 'τέρας', 'σκληρός']",Άτομο ακραίας κακίας που προκαλεί πόνο χωρίς τύψεις.,,Διαβολάνθρωπος κλαψομούνης,,cds,,,"['fiend', 'monster', 'evil person', 'wicked man']",Person of extreme wickedness who harms without remorse.,Person,1.25,
EL146,διαβολή,NOUN,,"['συκοφαντία', 'ψευδολογία', 'κακολογία', 'σπίλωση', 'λασπολογία']",Πράξη διάδοσης ψευδών ή κακόβουλων φημών με σκοπό να πληγεί η φήμη κάποιου.,,"Μια παπαριά κάποιου, ένα ψέμα, μια διαβολή σε ένα περιθωριακό blog μπορεί να αναπαραχθεί από άλλα χίλια",,re,,,"['defamation', 'slander', 'calumny', 'smear']",Act of spreading false or malicious rumours to damage someone's reputation.,Event,0.52,
EL416,διαβολιά,NOUN,,"['σκανταλιά', 'κακιά πράξη', 'πονηριά', 'σατανιά']",Μικρή αλλά πονηρή πράξη που βλάπτει ή ενοχλεί κάποιον.,,Τι διαβολιά! Νηστικός και πάλι.,,cds,,,"['mischief', 'trick', 'devilish act', 'prank']","Naughty, sly act that harms or annoys someone.",Event,0.31,
EL416,διαβολιά,NOUN,,"['πονηριά', 'κακία']",Κακία ή πονηριά που ωθεί κάποιον σε μικρόβλαβες αλλά δόλιες ενέργειες,,"""Η κοινή λογική της μητέρας τους, αλλά η διαβολιά του πατέρα τους...""",,cds,,,"['devilry', 'mischief-mindedness']",cunning streak : tendency toward mischief,Behavioral_Trait,0.31,
EL1827,διαβολικός,ADJ,,"['σατανικός', 'μοχθηρός', 'πονηρός', 'κακόψυχος']","Χαρακτηρισμός για εξαιρετικά μοχθηρό, πανούργο ή άγριο σχέδιο, βλέμμα ή συμπεριφορά.",,username Τα λεω εγω αλλα δε μ ακούνε διαβολικά ολα αυτά... Τέλος..,,dmc,,,"['diabolical', 'devilish', 'evil', 'fiendish', 'malevolent']","Describing something extremely wicked, cunning or fiendish.",Behavioral_Trait,0.57,0.5
EL1827,διαβολικός,ADJ,,"['σατανικός', 'μοχθηρός', 'δαιμονικός']","Επίθετο για άτομο με ακραία κακία ή πανουργία, παρομοιαζόμενο με σατανικό ον∙ βαρύς μειωτικός χαρακτηρισμός",,username Ο θυμός είναι μια υγιής αντίδραση μιας πολιτισμένης κοινωνίας έναντι του αδόκητου χαμού 3 μικρών κοριτσιών από την διαβολική μάνα τους!Η απάθεια από την άλλη πλευρά ΔΕΝ είναι υγιής!Η λέξη ΘΑΝΑΤΟΣ σε ένα παντζούρι δεν αντιπροσωπεύει την κοινή γνώμη αλλά αντανακλά τον θυμό της.,,dmc,,,"['diabolical', 'fiendish', 'devilish']",diabolical : person showing extreme malice or cunning,Person,0.57,0.56
EL2426,διαβολογυναίκα,NOUN,,"['κακούργα', 'σατανική', 'μάγισσα', 'στρίγγλα']","Γυναίκα που θεωρείται ύπουλη, κακόψυχη και επιβλαβής για τους άλλους.",,"Προσωπικά θα ήθελα να φύγει ή η θεούσα δούλα της Ελλάδος που τους έχει θάψει όλους (δλδ, Παναγία μου, μη σε πιάσει στο στόμα της με ""χριστιανική"" αγάπη) ή η διαβολογυναίκα δήθεν ντίβα.",,pr,,,"['she-devil', 'evil woman', 'witch', 'shrew']","Woman regarded as scheming, malicious and harmful.",Person,0.9,
EL746,διάβολος,NOUN,,"['παμπόνηρος', 'φτούρης', 'άτακτος']","Υβριστική προσφώνηση για πολύ πανούργο, κακόβουλο ή ατίθασο άνθρωπο",,"«Τέλος πάντων», μου λέει «είσαι διάβολος.",,cds,,,"['devil', 'rascal', 'imp']",trouble-maker : person seen as devilishly smart or naughty,Person,0.7,1.07
EL746,διάβολος,NOUN,,"['σατανάς', 'έωσφορος']","Κακοποιό υπερφυσικό ον, προσωποποίηση του απόλυτου κακού στις ιουδαιοχριστιανικές παραδόσεις",,"«Έχει το κλειδί του σπιτιού και δε μπορώ να μπω μέσα, που να πάρει ο διάβολος και το Μεταξά και τη Νεολαία του!» «Κάτσε κάτω», της λέω.",,cds,,,"['devil', 'Satan']",devil : malevolent supernatural being,Object,0.7,1.03
EL988,διαβούλιο,NOUN,,"['πλεκτάνη', 'ίντριγκα', 'σχέδιο', 'μηχανορραφία']",Μυστικό σχέδιο ή συνεννόηση με δόλιο σκοπό.,,Αντώναρος: Σβίγκου και Βασιλειάδης φέρεται να μετείχαν σε διαβούλιο ανατροπής Κασσελάκη -Περίμενα να παραιτηθούν,,cds,,,"['scheme', 'plot', 'intrigue', 'conspiracy']",Secret plot or collusion with deceitful intent.,Event,0.21,
EL988,διαβούλιο,NOUN,,"['ατερμάτιστη συζήτηση', 'φλυαρία επιτροπής']","Ειρωνικός όρος για μακρόσυρτη, ατελέσφορη συνεδρίαση που σπαταλά χρόνο χωρίς απόφαση",,Συμβούλια και διαβούλια...,,cds,,,"['talk-shop', 'endless meeting']","talk-shop : long, fruitless meeting",Behavioral_Trait,0.21,
EL2055,διακονιάρης,NOUN,,"['ζητιάνος', 'πτωχός', 'επαίτης', 'άπορος']","Άτομο χωρίς πόρους που ζητά ελεημοσύνη στον δρόμο ή, μεταφορικά, χαρακτηρίζεται ως εξευτελιστικά φτωχό",,"username username Έρχεται μωρέ ο τζαμπατζης,ο διακονιαρης,άσε με και σιχαίνομαι",,qas,,,"['beggar', 'panhandler', 'pauper', 'street mendicant']",Person with no means who begs in the street.,Person,0.43,1.15
EL1683,διαρρήκτης,NOUN,,"['κλέφτης', 'κακοποιός', 'μπουκαδόρος']",Κακοποιός που εισέρχεται παράνομα σε κτίρια για κλοπή.,,[Διαβάστε το στο Huffington Post] Στόχος διαρρηκτών σπίτι #Αστυνομικού στον #Ασπρόπυργο,,cds,,,"['burglar', 'housebreaker', 'thief', 'intruder']",Criminal who illegally enters buildings to steal.,Person,0.43,0.33
EL149,διασυρμός,NOUN,,"['ρεζιλίκι', 'ξεφτίλα', 'εξευτελισμός', 'δημόσια διαπόμπευση']","Δημόσιος εξευτελισμός που αμαυρώνει την τιμή κάποιου, κυρίως σε ΜΜΕ ή social media",,"username Στο τελευταίο rollback ανέφερες ότι ο Loyd είναι παίχτης για το R10 και R11 θα χρειαστεί αντικατάσταση. Μετά την εμφάνιση του σε συνδιααμο με τον διασυρμό της armani, έχεις την ίδια άποψη;",,re,,,"['humiliation', 'disgrace', 'public shaming', 'ridicule']",Public exposure of someone to contempt or ridicule.,Event,1.25,0.43
EL261,διπλωματικός,ADJ,,"['πονηρός', 'εύστροφος', 'διπρόσωπος', 'ευέλικτος']",Λόγος ή στάση που επιλέγει προσεκτικά λέξεις για να αποφύγει συγκρούσεις και να εξυπηρετήσει συμφέροντα.,,"username username Συμφωνώ απολύτως. Απο στρατιωτικής απόψεως,οι ΕΔ έχουν πάρε σχετικές οδηγίες κ είναι έτοιμες να τις εκτελέσουν Από διπλωματικής απόψεως, στόχος είναι το πλήρες ξεβράκωμα του Έρντο κ πλήρης κάλυψη νομιμότητος (υπαράσπιση εθνικών συμφερόντων) της χώρας γι αυτό που θα ακολουθήσει????",,pa,,,"['diplomatic', 'tactful', 'canny', 'politic', 'smooth']",Behaviour that carefully chooses words to avoid conflict and serve interests.,Behavioral_Trait,0.11,0.6
EL105,διώκτης,NOUN,,"['καταδιώκτης', 'κυνηγός', 'διώχτης']","Άτομο που παρενοχλεί επίμονα άλλον, με σκοπό να τον βλάψει ή να τον συλλάβει∙ βαριά κατηγορία σε λόγο για βία ή καταπίεση",,username username Υπάρχουν και απεργοσπάστες!Και είναι οι χειρότεροι διώκτες της κυβέρνησης!Έτσι για να είστε όλοι χαρούμενοι!!!,,cds,,,"['persecutor', 'pursuer', 'oppressor', 'chaser']",One who pursues or persecutes another.,Person,0.52,1.04
EL483,δογματισμός,NOUN,,"['ακαμψία', 'στενοκεφαλιά', 'πνευματική αδιαλλαξία', 'αυταρχισμός']",Συγκεκριμένες απόλυτες θέσεις που προβάλλονται ως θέσφατα,,"Ο δογματισμός της κυβέρνησης ΔΗΣΥ να ξεπουλά τον δημόσιο πλούτο της χώρας ζημιώνει τον τόπο και τον λαό μας""",,cds,,,"['dogmatism', 'rigidity', 'inflexibility', 'orthodoxy', 'authoritarianism']",rigid tenets : fixed assertions presented as infallible,Event,0.57,
EL483,δογματισμός,NOUN,,"['φανατισμός', 'μισαλλοδοξία']","Πνευματική συνήθεια όπου κάποιος επιβάλλει ή δέχεται απόψεις ως αλάνθαστες, χωρίς κριτική σκέψη, κυρίως σε θρησκευτικό ή ιδεολογικό λόγο",,"Λόγος λιτός, απέριττος χωρίς φανφάρες και δογματισμους που οφείλει να προβληματισει πολλους.",,cds,,,"['dogmatism', 'bigotry']",dogmatism : habit of treating beliefs as unquestionable truths,Repetitive_Action,0.57,0.54
EL2291,δοκησισοφία,NOUN,,"['επιτήδευση γνώσης', 'εγωισμός', 'φιλοσοφική αλαζονεία', 'πολυγνωμοσύνη']",Επίδειξη υποτιθέμενης βαθιάς γνώσης που στην πραγματικότητα είναι ρηχή.,,"Ξεχνάμε τις σαχλαμάρες σου Σταύρο, Ξεχνάμε τους ασήμαντους εντυπωσιασμούς σου. Ξεχνάμε την οίηση της δοκησισοφίας σου, Ξεχνάμε τον καταστρεπτικό πολιτικό βίο σου. Σε ξεχνάμε Σταύρο. Σε ξεχνάμε. Σε ξεχνάμεεεεε...",,cds,,,"['presumption of wisdom', 'smugness', 'sophistry', 'pretentiousness']",Showy display of supposed deep knowledge that is actually superficial.,Behavioral_Trait,0.41,0.47
EL2285,δοκησίσοφος,ADJ,,"['ξερόλας', 'επαΐων', 'αυτοδίδακτος σοφός', 'ξεροκέφαλος']",Άτομο που νομίζει πως γνωρίζει τα πάντα και το επιδεικνύει αλαζονικά.,,"Δοκησίσοφος: αυτός που θεωρεί τον εαυτό του σοφό, ενώ δεν είναι. Γνωστός στο ευρύ κοινό ως μαλάκας.",,cds,,,"['know-it-all', 'pseudo-savvy', 'wiseacre', 'pretentious sage']",Person who believes they know everything and displays it arrogantly.,Person,0.36,
EL2396,δοκιμασία,NOUN,,"['πρόκληση', 'τεστ', 'δοκιμή', 'βάσανο', 'πείραμα']",Δυσκολία ή έλεγχος που δοκιμάζει τις αντοχές ή τις ικανότητες κάποιου.,,Όπως και η δοκιμασία με το rodeo με τους ταύρους απ το #gntmgr ηταν. Εγω φοβάμαι μήπως στον τελικό του #TheBachelorGR ο Παναγιώτης επιλέξει την Κατια Ταραμπανκο που λογικά θα εμφανιστεί με βάση τις περσινές αντιγραφές του GNTM. #kalytera #BigBrotherGR,,re,,,"['ordeal', 'test', 'trial', 'challenge', 'proof']",Difficulty or test that challenges someone's endurance or abilities.,Event,0.05,0.39
EL2396,δοκιμασία,NOUN,,"['βάσανο', 'σκληρή περίοδος']","Γενικευμένη περίοδος μεγάλου κόπου ή πίεσης που δοκιμάζει την αντοχή ανθρώπων ή φορέων, κυρίως σε δημόσιο λόγο κρίσεων",,Η ασθένεια αποτελεί μια μεγάλη δοκιμασία,,re,,,"['ordeal', 'trial', 'hardship']",ordeal : prolonged severe hardship,State,0.05,
EL905,δολιότητα,NOUN,,"['πονηρία', 'δόλος']","Ψυχική ροπή στην απάτη και την ύπουλη μεθόδευση, ιδίως ως ηθική μομφή",,"Μέ μιά δολιότητα τής ζωής, δηλαδή τού λόγου, ή ζωή παραμένει έτσι έν ζωή",,cds,,,"['deceit', 'cunning', 'craftiness', 'scheming']",deceitful cunning; tendency to trickery.,Behavioral_Trait,1.01,
EL905,δολιότητα,NOUN,,"['σκευωρία', 'τέχνασμα']",Συγκεκριμένο τέχνασμα ή πλεκτάνη που αποσκοπεί στην εξαπάτηση,,"Όταν επιστρέψουμε σπίτι, όλη η Ανδαλουσία θα μάθει για την δολιότητά σου",,cds,,,"['trick', 'ploy', 'scheme']",trickery : concrete act of guile,Event,1.01,
EL2008,δολοφονία,NOUN,,"['φόνος', 'ανθρωποκτονία', 'εκτέλεση', 'σφαγή']",Πράξη αφαίρεσης ανθρώπινης ζωής με πρόθεση και παράνομο τρόπο.,,"«Πρώτον, είναι παράνομο να αποκαλύπτεις μια δολοφονία πριν ειδοποιήσεις την αστυνομία.",,re,,,"['murder', 'homicide', 'killing', 'assassination']",intentional illegal killing of a person.,Event,1.01,1.02
EL2008,δολοφονία,NOUN,,"['διασυρμός', 'ηθικός φόνος']","Συστηματική σπίλωση προσώπου με ψευδείς κατηγορίες, στα ΜΜΕ ή στο διαδίκτυο",,"Σκέρτσος: Έτσι εννοεί τη συναίνεση ο ΣΥΡΙΖΑ, με δολοφονία χαρακτήρος του πρώην Α/ΓΕΕΘΑ",,re,,,['character assassination'],character assassination : deliberate ruin of reputation,Event,1.01,
EL2016,δολοφόνισσα,NOUN,,"['φόνισσα', 'ανθρωποκτόνος', 'εκτελέστρια']",Γυναίκα που αφαιρεί με πρόθεση τη ζωή άλλου ανθρώπου.,,"Σάπια Βοθ-ρούλα Πισπιρίγκου, ο κόσμος σε αποθεώνει με τη λέξη ""Δολοφόνισσα"".Επιτέλους, οι κόποι σου επιβραβεύονται. #Πάτρα #ρούλα_πισπιρίγκου #StarAlithies #FosStoTounel",,re,,,"['murderess', 'female killer', 'homicide perpetrator']",female who intentionally kills someone.,Person,1.27,
EL2002,δολοφόνος,NOUN,,"['φονιάς', 'ανθρωποκτόνος', 'εκτελεστής', 'σφαγέας']",Άνθρωπος που αφαιρεί σκοπίμως τη ζωή άλλου προσώπου.,,"Θα του δώσουμε μια σύντομη αναφορά, που θα έχει να κάνει με τη σύλληψη των δολοφόνων του Χαρδάκου και από εκεί και πέρα θα απαντάμε μόνο σε συγκεκριμένες ερωτήσεις που θα μας κάνει».",,re,,,"['murderer', 'killer', 'homicide perpetrator', 'slayer']",person who intentionally kills someone.,Person,1.27,0.11
EL2002,δολοφόνος,NOUN,,"['θανατηφόρος παράγοντας', 'φονιάς']",Πράγμα ή ουσία που προκαλεί μαζικούς θανάτους· μεταφορική χρήση σε λόγο δημόσιας υγείας,,Περιβάλλον: Σιωπηλός δολοφόνος η ατμοσφαιρική ρύπανση – Πάνω από ένα εκατομμύριο θάνατοι παγκοσμίως,,re,,,"['killer', 'silent killer']",killer : lethal agent or substance,Object,1.27,
EL1073,δυσάρεστος,ADJ,,"['ενοχλητικός', 'αντιπαθητικός', 'αποκρουστικός', 'κουραστικός']",Προσδιορισμός για άτομο που προκαλεί ενόχληση ή αντιπάθεια στις κοινωνικές συναναστροφές.,,"Freepen.gr: Η «τέχνη» του να γίνεσαι δυσάρεστος, όπλο του χερ Σόιμπλε",,svp,,,"['unpleasant', 'annoying', 'disagreeable', 'off-putting']",person who causes discomfort or dislike.,Person,0.33,0.48
EL1073,δυσάρεστος,ADJ,,"['ενοχλητικός', 'θλιβερός']","Χαρακτηρισμός για γεγονός, αίσθηση ή οσμή που προκαλεί λύπη, δυσαρέσκεια ή αποστροφή",,ΑΠΟΚΛΕΙΣΤΙΚΟ-ΒΙΝΤΕΟ: Παράνομοι μετανάστες ανέβηκαν σε ταράτσα κτηρίου για να προσευχηθούν για το ραμαζάνι...Αυτά είναι τα δυσάρεστα αποτελέσματα της πολυπολιτισμικότητας... username username #Μενουμε_Ελληνες #Μενουμε_Πιστοί,,svp,,,"['unpleasant', 'nasty', 'distressing']",unpleasant : describing an event or sensation that causes discomfort,Behavioral_Trait,0.33,1.12
EL2025,δυσμορφία,NOUN,,"['παραμόρφωση', 'ανωμαλία', 'μορφολογική βλάβη']",Μόνιμη ή συγγενής σωματική ανωμαλία που αλλοιώνει την κανονική μορφή.,,Περιστατικά που αφορούν σοβαρές δυσμορφίες προσώπου,,ddf,,,"['deformity', 'malformation', 'disfigurement']",physical deformity or malformation.,State,0.33,
EL2025,δυσμορφία,NOUN,,"['ασχήμια', 'ατέλεια']","Συγκεκριμένη παραμορφωτική αλλοίωση σε κτίσμα, τοπίο ή οργανισμό, προϊόν τραύματος, ασθένειας ή κακής κατασκευής",,"Θα ήθελα, λοιπόν, να πω πως, αν αιτία είναι το γεγονός ότι η αρχιτεκτονική δυσμορφία κυριαρχεί από το ένα μέχρι το άλλο άκρο της χώρας, ως αφορμή στάθηκαν οι ομολογίες τριών Ηπειρωτών μαστόρων και ενός «Αθηναίου» μικροπωλητή… μπανανά.",,ddf,,,"['eyesore', 'distortion']",distortion : single unsightly alteration,Event,0.33,
EL650,δύσμορφος,ADJ,,"['παραμορφωμένος', 'αποκρουστικός', 'ασχημομόρφος']",Για άτομο του οποίου τα σωματικά χαρακτηριστικά παρουσιάζουν παραμόρφωση και απωθούν το βλέμμα.,,"Γίνεσαι ακόμα πιο αξιοθρηνητος όντας ψεύτης και μετατρέπονται σε δευτερεύοντα το ότι είσαι δύσμορφος, δυσνους, κομπλεξικός και οριακά παράφρονας.",,ps,,,"['deformed', 'misshapen', 'disfigured']",person with a deformed or misshapen appearance.,Person,0.54,
EL650,δύσμορφος,ADJ,,"['παραμορφωμένος', 'ακανόνιστος']","Για όργανο, κύτταρο ή τεχνούργημα με αφύσικο, ελαττωματικό σχήμα",,Μικροσκοπική αιματουρία με δύσμορφα ερυθρά αιμοσφαίρια…,,ps,,,"['irregular', 'deformed']",irregular : object with abnormal form,Behavioral_Trait,0.54,
EL1428,δυσνόητος,ADJ,,"['ακατανόητος', 'περίπλοκος', 'σκοτεινός', 'δυσπερίληπτος']","Για κείμενο, νόμο ή λόγο που δεν γίνεται εύκολα κατανοητός λόγω πολυπλοκότητας ή στρυφνότητας",,ιατί το κείμενο του παθητικού του Bard είναι τόσο δυσνόητο;,,cds,,,"['incomprehensible', 'obscure', 'complex', 'arcane']",hard to understand; obscure.,Behavioral_trait,0.31,
EL1428,δυσνόητος,ADJ,,"['μπερδεμένος', 'ακατάληπτος']",Για ομιλητή ή συγγραφέα που εκφράζεται με τρόπο τόσο περίπλοκο ώστε θεωρείται δυσπρόσιτος,,«Είναι δυσνόητος και χάνεται ανάμεσα στην πολυπλοκότητα των ιστοριών που γράφει».,,cds,,,"['obscure', 'enigmatic']",obscure thinker : person who speaks or writes opaquely,Person,0.31,
EL1266,δυσοσμία,NOUN,,"['κακοσμία', 'βρώμα', 'βρωμιά', 'δυσωδία']",Ενοχλητική οσμή που γίνεται αντιληπτή στον χώρο.,,username Τόσο καιρό τα βλέπει σήμερα δεν άντεξε και τα έβγαλε στην φορά τέτοια βρώμα και δυσοσμία από παίκτες ποτέ δεν έχω δει ρε εν ψυχρό το έκανε αυτά εσείς με μυαλά κλουβιά δεν τα βλέπετε κλέφτης στην καλύβα κλέφτης και στους αγώνες για κλωτσιές είσαι ρε τομάρι ρε μαυροψυχο ανθρωπάκι,,dmc,,,"['bad smell', 'stench', 'odor', 'funk']",unpleasant smell.,State,0.46,1.21
EL1618,δυστυχισμένος,VERB,,"['άτυχος', 'θλιμμένος', 'μίζερος', 'κακόμοιρος']",Άτομο που βιώνει έντονη και παρατεταμένη θλίψη ή αίσθημα αποτυχίας.,,Πόσο δυστυχισμένοι είστε που ποστάρετε φωτο από το γυμναστηριο; Και ακόμα χειρότερο που βάζετε κάποιον να σας τραβήξει βίντεο.. Λύπηση...,,is,,,"['unhappy', 'miserable', 'woeful', 'sorrowful']",person who feels very unhappy or miserable.,Person,0.28,1.11
EL1618,δυστυχισμένος,VERB,,"['θλιβερός', 'ατυχής']","Προσδιορισμός για ζωή, συμβάν ή περιβάλλον που φέρνει συνεχή λύπη ή ταλαιπωρία",,Δυστυχισμένα μου πουλάκια!,,is,,,"['unhappy', 'woeful']",unhappy : describing a persistently sad situation,Behavioral_trait,0.28,0.43
EL665,δυσφημητής,NOUN,,"['συκοφάντης', 'διασυρτής']",Άτομο που διαδίδει ψευδείς ή υβριστικούς ισχυρισμούς για να πλήξει τη φήμη άλλου.,,Δεν θα πάρω το βραβείο του μεγαλύτερου δυσφημητή γι’ αυτή την κοινωνία.,,re,,,"['defamer', 'slanderer', 'libeler', 'backbiter']",person who spreads defamatory claims.,Person,1.03,
EL148,δυσφήμιση,NOUN,,"['συκοφαντία', 'διαβολή', 'κακολογία', 'διασυρμός']",Ενέργεια διάδοσης ψευδών ή επιζήμιων ισχυρισμών που βλάπτουν την τιμή ή τα συμφέροντα άλλου,,"username username Απολύτως σωστό Πέτρο! Ζητώ συγγνώμη από τους θιάσους για τη δυσφήμιση! Μάλλον το σωστό είναι ακατάστατο τσαντίρι. Κανονικό τσαντίρι, όχι του Λάκη...",,re,,,"['defamation', 'slander', 'libel', 'vilification']",act of damaging someone's reputation through false claims.,Event,0.57,1.04
EL659,δυσφημιστικός,ADJ,,"['συκοφαντικός', 'υβριστικός', 'διασυρτικός', 'μισητός']","Χαρακτηρισμός που αποδίδεται σε ο,τι έχει μορφή ή περιεχόμενο ικανό να πλήξει τη φήμη και να θεωρηθεί υβριστικό ή ψευδές",,"Σε ένα άρθρο του 2015, η αμερικανίδα φεμινίστρια ερευνήτρια Bonnie J. Morris υποστήριξε ότι το TERF ήταν αρχικά ένας νόμιμος αναλυτικός όρος αλλά πως εξελίχθηκες γρήγορα μια δυσφημιστική λέξη που σχετίζεται με σεξιστικές προσβολές.",,re,,,"['defamatory', 'libelous', 'slanderous', 'vilifying']",containing defamatory statements.,Behavioral_trait,1.01,
EL1267,δυσωδία,NOUN,,"['βρώμα', 'κακοσμία', 'διοσμία']",Πολύ έντονη και αποκρουστική οσμή που προκαλεί αποστροφή.,,username Επειδή είστε στο δημοτικό συμβούλιο κάντε μια βόλτα να δείτε τι βρωμιά και δυσωδία επικρατεί σε μια υποτίθεται «τουριστική» περιοχή!,,dmc,,,"['stench', 'reek', 'fetid smell', 'malodor']",intense stench.,State,0.54,0.52
EL1267,δυσωδία,NOUN,,"['οσμή σκανδάλου', 'ηθική μπόχα']","Μεταφορικά, αίσθηση βαθιάς ηθικής σήψης που περιβάλλει σκάνδαλα ή ανήθικες πρακτικές",,"username Άσε μας κυρά μου που ηθικολογείς κιόλας, όλη η σαπίλα και η δυσωδία αντικατοπτρίζεται στον βλάκα που τόσο σθεναρά υποστηρίζεις και έχει διαπομπεύσει την χώρα παγκοσμίως .",,dmc,,,"['moral stench', 'whiff of scandal']",moral stench : pervasive sense of corruption,State,0.54,1.25
EL2456,δωροδοκούμενος,VERB,,"['λαδωμένος', 'διεφθαρμένος', 'εξαγορασμένος', 'δωρολήπτης']",Άτομο που αποδέχεται χρήματα ή οφέλη για να ενεργήσει παράνομα ή μεροληπτικά.,,"Δεν τους έκατσε η Νοβάρτις οπότε ξάφνου ο δωροδοκούμενος Άδωνις έγινε παιδεραστής. Έτσι θα περάσουν τη ζωή τους. Τώρα θα κυνηγήσουν παιδεραστές, μετά θα πάνε κουβά, μετά θα βρουν νέο έγκλημα, ο Άδωνις θα γίνει πχ φονιάς- και πάλι από την αρχή.",,cds,,,"['bribed', 'corrupted', 'bought off', 'bribe receiver']",person who receives bribes.,Person,1.02,
EL2459,δωροληψία,NOUN,,"['λαδώματα', 'διαφθορά', 'εξαγορά', 'χρηματισμός']",Συνήθεια αποδοχής παράνομων χρηματικών ή άλλων ωφελημάτων από πρόσωπο με εξουσία.,,Ένταλμα σύλληψης υπαλλήλου αεροδρομίου για δωροληψία http://dlvr.it/M99NX8 #Νέα #δωροληψία #ένταλμασύλληψης,,cds,,,"['bribe-taking', 'corruption', 'graft', 'payoffs']",habitual acceptance of bribes.,Repetitive_Action,0.49,
EL2459,δωροληψία,NOUN,,"['παθητική δωροδοκία', 'χρηματισμός']",Μεμονωμένη πράξη κατά την οποία υπάλληλος ή αξιωματούχος λαμβάνει παράνομα οικονομικό αντάλλαγμα για να ευνοήσει κάποιον,,Νοσοκομείο Λάρισας: Συνελήφθη διευθυντής της καρδιοχειρουργικής για δωροληψία,,cds,,,"['bribe-taking', 'kickback']",bribe-taking (single act)>: illicit receipt of a benefit by an official for a favour,Event,0.49,
EL2481,δωσίλογος,NOUN,,"['προδότης', 'εφιάλτης', 'καταδότης', 'συνεργάτης εχθρού']","Άτομο που συνεργάζεται με εχθρική δύναμη προδίδοντας τη χώρα ή την ομάδα του, μεταφορικά, κάθε προδότης που συντάσσεται με ξένα συμφέροντα",,"σαν σήμερα έφυγαν οι Γερμανοί από την Αθήνα,αφήνοντας τους δωσίλογους συνεργάτες τους να κάνουν κουμάντο μέχρι σήμερα",,dmc,,,"['traitor', 'collaborator', 'quisling', 'informer']",collaborator with occupying enemy; traitor.,Person,1.12,1.03
EL1491,εβραίος,ADJ,,"['Ιουδαίος', 'Ισραηλίτης']","Άνθρωπος που προέρχεται από το Ισραήλ και ακολουθεί τη μονοθεϊστική ιουδαϊκή θρησκεία, τυπικά αναφερόμενος σε εθνική-θρησκευτική ταυτότητα",,"Πέραν από το ότι πέταξαν και στα σκουπιδια τον φασισμό τώρα και έχουν επιδοθεί στον αντιναζιστικό αγώνα διότι είδαν ότι αυτό πουλάει για να μπουν σε κανένα κόμμα,μας κοτσαρει και την Εβραία στον τέλος για να μας πείσει ????.Ο ραγιαδισμος και η πολιτική γλίτσα έχει φτάσει στο έπακρο",,ps,,,"['Jew', 'Hebrew', 'Israelite']",Jew : a person belonging to the Jewish people or faith,Person,0.26,0.56
EL1491,εβραίος,ADJ,,"['τσιγγούνης', 'φιλάργυρος']","Άτομο που χαρακτηρίζεται ως υπερβολικά φιλάργυρο ή συμφεροντολόγο, με στόχο να μειώσει ή να προσβάλει",,Κέρνα μια μπύρα κι εσύ μια φορά ρε εβραίε!,,ps,,,"['miser', 'cheapskate']",Jew (slur) : miserly or grasping person (offensive usage),Person,0.26,
EL1043,έγκλημα,NOUN,,"['παράπτωμα', 'κακούργημα', 'αδίκημα', 'φονικό']",Παράνομη και σοβαρή πράξη που τιμωρείται από τον ποινικό νόμο.,,Η διεθνής πείρα του Κανέλλου Δημητριάδη θα μας είναι εξαιρετικά πολύτιμη σε μια εποχή που το έγκλημα διεθνοποιείται.,,re,,,"['crime', 'felony', 'offence', 'wrongdoing']",serious unlawful act; crime.,Event,0.57,0.43
EL1043,έγκλημα,NOUN,,"['καταστροφή', 'αίσχος']","Πράξη ή πολιτική θεωρούμενη εξαιρετικά βλαπτική, αν και όχι κατ’ ανάγκην παράνομη",,"“Πώς φαντάζεσαι ότι είναι δυνατόν ν' αφήσει ατιμώρητο ένα τέτοιο έγκλημα; Δεν σ' άνοιξε καθόλου τα μάτια το παράδειγμα του πατέρα σου;” "" Ασ' τον πατέρα μου ήσυχο εκεί που βρίσκεται και δεν είσαι άξια να τον βάζεις στο στόμα σου!” “Τι να τον αφήσω, μωρή, που είσαι ίδια κι απαράλλαχτη; Τον έβαλες τον άνθρωπο και σου 'γραψε το σπίτι του, καρπό τόσων χρόνων εργασίας, και την άλλη μέρα τον εγκατέλειψες, κι είχες την απονιά να του αφήσεις ένα σκέτο στρώμα στο πάτωμα για κοροϊδία!",,re,,,"['outrage', 'moral crime']",outrage : deed condemned as morally criminal,Event,0.57,1.28
EL391,εγκληματίας,NOUN,,"['κακοποιός', 'παραβάτης', 'κακούργος', 'παράνομος']",Πρόσωπο που διέπραξε σοβαρό ποινικό αδίκημα.,,"username δεν καταλαβαίνω τα προσωπικά δεδομένα σε εγκληματίες, τι θα πει αυτό τη στιγμή που έχουν μητρώο κακούργου, για δείτε το καλύτερα οι νομοθέτες, προστατεύετε τι ποιους ;",,cds,,,"['criminal', 'offender', 'felon', 'lawbreaker']",person who has committed a serious crime.,Person,0.8,0.57
EL1055,εγκληματικός,ADJ,,"['παράνομος', 'κακουργηματικός', 'ποινικός', 'άνομος']",συμπεριφορά ή ενέργεια που έχει τον χαρακτήρα βαριάς αμέλειας ή δόλου και προκαλεί σοβαρή βλάβη,,Δεν υπάρχουν πιο ξεφτίλες Γκεμπελιστές από τα φιλοναζιστικά στοιχεία που στηρίζουν τον Χιτλερικό τον #ζελένσκι . Που έχει παραδεχθεί πως στον στρατό του και στην αστυνομία έχει εντάξει όλα τα εγκληματικά ναζιστικά τέρατα της #Ουκρανιας. #Ουκρανια #ΠΟΛΕΜΟΣ_ΡΩΣΙΑΣ_ΟΥΚΡΑΝΙΑΣ,,cds,,,"['illegal', 'criminal', 'felonious', 'unlawful']",related to unlawful or violent acts,Behavioral_Trait,0.7,1.21
EL1045,εγκληματικότητα,NOUN,,"['παρανομία', 'ανομία', 'βίαιες πράξεις', 'κακουργία']",διαρκές κοινωνικό φαινόμενο παραβίασης νόμων από μέλη του πληθυσμού,,"Είναι τόση η ""δημοκρατία"" του Σύριζα που αφήνει αμετανόητους δολοφόνους τρομοκράτες (τα φιλαράκια τους δηλαδή) να κάνουν βολτίτσες. Την ίδια στιγμή ο έλληνας φοβάται να βγεί από το σπίτι του ή δολοφονείται σπίτι του από την ανεξέλεγκτη εγκληματικότητα! #Χουντα_Τσιπρα",,re,,,"['crime', 'criminality', 'lawlessness', 'delinquency']",ongoing social phenomenon of lawbreaking,State,0.56,1.25
EL555,εγωισμός,NOUN,,"['φιλαυτία', 'αυτοκεντρισμός', 'ναρκισσισμός', 'ατομικισμός']",στάση όπου το άτομο βάζει το προσωπικό συμφέρον πάνω από των άλλων,,"Έχει θιγεί ο εγωισμός του.» «Πάντως, για καλό και για κακό έχω δώσει ψεύτικο όνομα στο νοσοκομείο και ανάλογα από το τι θα μας πει ο γιατρός, θα κοιτάξω να την πάρω από κει μέσα.» Μίνα (σελ.295) Ήταν απογευματάκι όταν χτύπησε το τηλέφωνο της Μίνας.",,cds,,,"['selfishness', 'egoism', 'self-centeredness', 'narcissism']",attitude of placing one’s own interest above others,Behavioral_Trait,0.23,0.37
EL1295,εθισμένος,VERB,,"['χρήστης', 'κολλημένος', 'άρρωστος', 'εξαρτημένος']",άτομο που έχει αναπτύξει εξάρτηση από ουσία ή συμπεριφορά,,Ηλικιωμένες εθισμένες… στην τσόχα,,cds,,,"['addict', 'hooked', 'dependent', 'user']",person who has developed dependence on a substance or behaviour,Person,0.6,1.02
EL1295,εθισμένος,VERB,,"['κολλημένος', 'φανατικός']",Υπερβολικά ένθερμος οπαδός ή λάτρης καθημερινής απόλαυσης· δηλώνει ισχυρή προτίμηση χωρίς κλινική εξάρτηση,,"Ο Άλεκ Μπάλντουιν παραδέχεται ότι ήταν εθισμένος στην κοκαϊνη: «Σνίφαρα όλη μέρα, ήταν σαν καφές»",,cds,,,"['hooked', 'fanatic']",obsessed : person intensely fond of something,Person,0.6,
EL1538,ειδωλολάτρης,NOUN,,"['παγανιστής', 'πολύθεος', 'δωλολάτρης']","Άνθρωπος που προσκυνά υλικές απεικονίσεις θεοτήτων ή τηρεί πολυθεϊστικές δοξασίες, έξω από τις μεγάλες μονοθεϊστικές θρησκείες",,Για τέτοια είδολα αξίζει να γίνεις ειδολολάτρης,,cds,,,"['idolater', 'pagan', 'polytheist', 'heathen']",person who worships idols or multiple deities,Person,0.42,
EL1538,ειδωλολάτρης,NOUN,,"['λάτρης', 'φανατικός']","Άτομο που θαυμάζει άκριτα και υπερβολικά αντικείμενο, συνήθεια ή τάση, μέχρι λατρείας",,"Kαλά, αυτός ειδωλολάτρης δεν είναι ?",,cds,,,"['devotee', 'fanboy']",fanatic : person showing blind admiration,Person,0.42,
EL1541,ειδωλολατρία,NOUN,,"['παγανισμός', 'πολυθεϊσμός', 'δωλολατρία', 'λατρεία ειδώλων']",Θρησκευτικό καθεστώς όπου υλικά αντικείμενα ή φυσικά φαινόμενα θεωρούνται θεϊκά και λατρεύονται,,"username Ο παγανισμός,ο σκοταδισμος και η ειδωλολατρία επέστρεψαν,είναι εδώ..",,cds,,,"['idolatry', 'paganism', 'polytheism', 'idol worship']",ongoing worship of idols or multiple gods,State,0.39,1.11
EL1541,ειδωλολατρία,NOUN,,"['λατρεία', 'εξάρτηση']","Παθολογική προσκόλληση σε αξίες όπως το χρήμα, η εικόνα ή το σώμα, που λειτουργεί ως «σύγχρονο είδωλο».",,Σοβαρά τώρα⁉️Προσκυνούν οι πιστοί κασκόλ και μαγκούρες εν έτει 2024; Είναι οι ίδιοι που καταδικάζουν την ειδωλολατρεία;,,cds,,,"['fetishisation', 'cult-like devotion']",obsessive worship : excessive devotion to a worldly ideal,Repetitive_Action,0.4,
EL1540,ειδωλολατρικός,ADJ,,"['παγανιστικός', 'πολυθεϊστικός', 'δωλολατρικός']",που χαρακτηρίζεται από λατρεία υλικών εικόνων ή πολλών θεών,,Το παγανιστικό σύμβολο στην πρόσκληση στέψης του βασιλιά Καρόλου προκαλεί κριτική Πράσινο πρόσωπο στο κάτω μέρος της πρόσκλησης Ποιος είναι λοιπόν ο Πράσινος Άνθρωπος; Είναι ειδωλολατρικός θεός; Σύμβολο των ριζών της Αγγλίας; Και τα δύο – ή κανένα;,,cds,,,"['idolatrous', 'pagan', 'polytheistic']",characterised by idol worship,Behavioral_Trait,0.33,
EL1540,ειδωλολατρικός,ADJ,,"['λατρευτικός', 'φανατικός']",Σεμπεριφορά που εκδηλώνει άκριτο θαυμασμό ή προσκόλληση σε γήινα αγαθά,,Από πότε τιμάται στους Ολυμπιακούς αγώνες ο ειδωλολατρικός χρυσός ταύρος του Βάαλ;,,cds,,,"['icon-worshipping', 'fanatical']",fanatical : marked by blind admiration,Behavioral_Trait,0.33,
EL1155,είλωτας,NOUN,,"['σκλάβος της δουλειάς', 'καταπιεζόμενος']",Άτομο που εργάζεται εξαντλητικά χωρίς δικαιώματα ή αναγνώριση,,Ο Ειλωτας φτιάχνει καφεδάκια!#BigBrotherGR,,cds,,," ['drudge', 'toiler']",drudge : person forced to do hard menial work,Person,1.02,
EL451,εκβιάζω,VERB,,"['απειλώ', 'πιέζω', 'εξαναγκάζω', 'εκφοβίζω']",πράττω απειλές ή πίεση για να αποσπάσω όφελος από άλλον,,"Το ‘χω πάρει απόφαση ότι δε σκοπεύεις να μου κάνεις το χατίρι, απλά μ’ έχεις πάντα στο περίμενε για να μπορείς να μ’ εκβιάζεις και να παίρνεις αυτό που θέλεις.",,re,,,"['blackmail', 'extort', 'coerce', 'threaten']",use threats or pressure to obtain benefit,Event,1.22,1.22
EL451,εκβιάζω,VERB,,"['πιέζω', 'βιάζω', 'αναγκάζω']","Έντονα πιέζω κάποιον ή μια κατάσταση για ταχύτερη ή ευνοϊκή εξέλιξη, χωρίς απαραίτητα παράνομη απειλή",,Τη μια τον γλείφει και την άλλη τον εκβιάζει.,,re,,,"['pressure', 'force']",pressure : to push someone or something to act earlier or differently,Event,1.22,1.09
EL151,εκβιασμός,NOUN,,"['εξαναγκασμός', 'πίεση', 'κλοπή μέσω απειλής', 'εκφοβισμός']",πράξη άσκησης απειλών ή εκφοβισμού για οικονομικό ή άλλο κέρδος,,«Ο Σωτηρόπουλος είχε την υποψία ότι η επιστροφή των ναυτιλιακών εταιρειών στην Ελλάδα ήταν μέρος του εκβιασμού.,,re,,,"['blackmail', 'extortion', 'coercion', 'shakedown']",act of using threats for money or advantage,Event,1.14,1.03
EL151,εκβιασμός,NOUN,,"['πίεση', 'καταναγκασμός']","Κλίμα έντονης ψυχολογικής πίεσης που οδηγεί κάποιον σε ανεπιθύμητη επιλογή, χωρίς να υπάρχει πάντοτε παράνομη απειλή",,"username Με τα κολοεμβόλια κατάφερες να διχάσεις τους Έλληνες, στρέφοντας εχθρικά τους εμβολιασμένους απέναντι στούς ανεμβολίαστους, και τώρα προχωράς σε ωμό εκβιασμό κατά των ενεμβολίαστων σε υποχρεωτικά ράμπιτ τέστ για την πρόσβαση σε Δ.Υπ. Στίς Εκλογές θα πάθεις Βατερλό ΜΑΎΡΟ στη Ν.Δ",,re,,,"['coercion', 'pressure']",coercive pressure : situation of heavy psychological leverage,State,1.14,1.24
EL2364,εκβιαστής,NOUN,,"['απατεώνας', 'εκμεταλλευτής', 'πιεστής', 'εκφοβιστής']",άτομο που χρησιμοποιεί απειλές για να κερδίσει χρήματα ή εύνοια,,"Μήπως όμως ήταν τρομοκρατικές ενέργειες εκβιασμού, για να γυρίσουν οι εφοπλιστές στην Ελλάδα; Και μήπως ο Χαρδάκος επιλέχτηκε, γιατί τους ήταν το μεγαλύτερο εμπόδιο, και το πλήρωσε με τη ζωή του; Αν είναι έτσι, τότε έχουμε να κάνουμε με αδίστακτους εκβιαστές και μια αστυνομία που χάσκει.",,re,,,"['blackmailer', 'extortionist', 'racketeer', 'coercer']",person who blackmails for gain,Person,0.9,1.09
EL1413,έκνομος,ADJ,,"['παράνομος', 'άνομος', 'παραβάτης', 'αντάρτης']",άτομο που δρα έξω από τους κανόνες δικαίου,,"Ποινή και σωφρονισμός...Εδώ και αιώνες, έχουμε δεχθεί ότι στόχος μιας ποινής δεν είναι η τιμωρία αλλά ο σωφρονισμός. Ο έκνομος συμπολίτης μας, μπαίνει στη φυλακή, όχι για να τιμωρηθεί για όσα έπραξε αλλά για να σωφρονιστεί και να επανέλθει ως υγιές κύτταρο στην κοινωνία.",,cds,,,"['outlaw', 'lawless', 'illegal', 'delinquent']",person who lives outside the law,Person,1.02,
EL1413,έκνομος,ADJ,,"['παράνομος', 'αθέμιτος']",ενέργεια που παραβιάζει θεσπισμένους κανόνες∙ για πράξη ή κατάσταση που αντικρούει τον νόμο,,"έκνομος ακτιβισμός της ""παλαβής αριστεράς""",,cds,,,"['illegal', 'illicit', 'unlawful']",illicit : contrary to law,Behavioral_Trait,1.02,
EL1999,εκτέλεση,NOUN,,"['θανατική ποινή', 'τουφεκισμός', 'απαγχονισμός', 'αποκεφαλισμός']",θανάτωση κρατουμένου κατόπιν απόφασης ή εντολής,,username username Άσε τους άλλους. Δικός μου είσαι εσύ. Εκτός αν καταλάβεις ότι άλλη η διαφωνία για το πιο είναι το καλύτερο πολεμικό σχέδιο εναντίον τους και άλλο να παίρνεις το μέρος των μπάσταρδων. Δικαιωμά μας να θέλουμε εκτέλεση αυτών των παράσιτων. Αυτή πρέπει να είναι η μοίρα του προδότη.,,re,,,"['execution', 'capital punishment', 'firing squad', 'hanging']",putting a prisoner to death by order,Event,0.26,1.19
EL1999,εκτέλεση,NOUN,,"['υλοποίηση', 'πραγμάτωση']","Ενέργεια που υλοποιεί σχεδιασμένη εργασία, εντολή ή έργο",,"Ωραία η σκέψη και το σενάριο, στην εκτέλεση μάπα. ???? Ο Γιάννης όμως φωνάρα ???????? #AgriesMelisses",,re,,,"['implementation', 'execution (task)']",carry-out : act of performing a planned task,Event,0.26,0.45
EL1999,εκτέλεση,NOUN,,"['σφαγή (μεταφ.)', 'ξεφτίλα']",Συντριπτικό πλήγμα ή γκολ/καλάθι που «τελειώνει» τον αντίπαλο σε αγώνα,,Σε πρώτη παγκόσμια αποκλειστική προβολή. Η συνέχεια μετά την εκτέλεση πέναλτι του καραμπελα.,,re,,,"['thrashing', 'clincher']",rout : crushing defeat inflicted on a rival,Event,0.26,
EL1234,έμπορος,NOUN,,"['πωλητής', 'μαγαζάτορας', 'παλαιέμπορος', 'νταραβεριτζής']","Άτομο του οποίου το κύριο επάγγελμα είναι η αγοραπωλησία προϊόντων, με μεσολάβηση μεταξύ παραγωγού και καταναλωτή",,Θα σας κάψουμε ζωντανούς: Με αυτά τα λόγια οι επιστάτες του εμπόρου Νίκου Βαγγελάτου απευθύνθηκαν στους 200...,,cds,,,"['merchant', 'trader', 'dealer', 'seller', 'shopkeeper']",person who trades goods for profit,Person,0.31,0.41
EL1234,έμπορος,NOUN,,"['κερδοσκόπος', 'μαυραγορίτης']","Χαρακτηρισμός για κάποιον που κερδοσκοπεί πάνω σε πόνο, φόβο ή καταστροφή",,"username  που έχει δίκιο στο θέμα της τυπικής αμοιβής βασικά. Αλλά Ελλάδα τώρα, ξέρεις.. μέχρι κ θεό είχαμε που ήταν των κλεφτών κ των εμπόρων.",,cds,,,"['profiteer', 'war-profiteer', 'pain-merchant']",profiteer (pejor.) : one who exploits suffering for gain,Person,0.31,0.51
EL6,εξαθλίωση,NOUN,,"['ένδεια', 'φτώχεια', 'καταρράκωση', 'περιθωριοποίηση']",ακραία φτώχεια και υλική στέρηση που καταρρακώνει τον άνθρωπο,,Διεθνές θέμα μέσω των Ολυμπιακών Αγώνων η φτώχεια &amp; η εξαθλίωση της Ελλάδας. Για τα συγχαρητήρια καλοί είστε όλοι σας οι γαλαζοπρασινόζ! Φτού σας! #ΕΛΛΑΔΑ #νδ_the_end #ΣΥΡΙΖΑ_ξεφτιλες #ΟλυμπιακοιΑγωνες,,dmc,,,"['destitution', 'squalor', 'deprivation', 'degradation']",extreme poverty and degradation,State,1.07,1.28
EL2145,έξαλλος,ADJ,,"['οργισμένος', 'θυμωμένος', 'αφηνιασμένος', 'αγριεμένος']",άτομο που βρίσκεται σε έντονη οργή και χάνει τον έλεγχο,,Για πρώτη φορά ξεσπάθωσα: «Φτου σου να χαθείς!» της φωνάζω έξαλλη.,,svp,,,"['furious', 'enraged', 'livid', 'rabid']",person who is furious and out of control,Person,0.44,0.56
EL2145,έξαλλος,ADJ,,"['ξέφρενος', 'αχαλίνωτος']","Χαρακτηρισμός για να δηλώσει ξέφρενο, άναρχο ενθουσιασμό∙ έντονα ζωηρός",,"Έκανε λίγο έξαλλη ζωή στην Αθήνα και στην Ευρώπη και για ένα φεγγάρι είχε γίνει, λένε, μπαλαρίνα σε καμπαρέ.",,svp,,,"['wild', 'frenzied']",wild : showing unrestrained energy or excitement,Behavioral_Trait,0.44,0.34
EL1568,εξάντληση,NOUN,,"['κούραση', 'άδειασμα', 'κόπωση', 'καταπόνηση']",κατάσταση πλήρους σωματικής ή ψυχικής κόπωσης,,"Κατά τις δύο το πρωί, περισσότερο ναρκωμένη απ' τη ζέστη και την εξάντληση παρά κοιμισμένη, άκουσα το Φώτη να σηκώνεται.",,is,,,"['exhaustion', 'fatigue', 'weariness', 'burnout']",state of complete physical or mental fatigue,State,0.15,0.26
EL1568,εξάντληση,NOUN,,"['αποστράγγιση', 'εξανάλωση']",Έλλειψη πόρων ή αποθεμάτων ύστερα από υπερβολική χρήση,,"400 παράνομοι μετανάστες έφτασαν στην Κρήτη το τελευταίο 24ωρο. Το Λιμενικό  βρίσκεται στα πρόθυρα της κατάρρευσης καθώς δοκιμάζονται οι αντοχές του. Είναι τεράστια η σωματική και ψυχική τους εξάντληση. Και είμαστε στην αρχή του καλοκαιριού. Να προσθέσουμε στην εσχάτη προδοσία του @kmitsotakis και την εσχάτη ανικανότητα και ανεπάρκεια. Οι στρατιές του Ιμπραήμ ξανάρχονται, η Επανάσταση του ‘21 ακυρώνεται…",,is,,,"['depletion', 'running out']",depletion : state of supplies running out,State,0.15,
EL1008,εξαπάτηση,NOUN,,"['απάτη', 'κοροϊδία', 'ψευτιά', 'παραπλάνηση']",δόλια ενέργεια με σκοπό να παραπλανηθεί κάποιος για κέρδος,,"ΑΥΤΗ ΕΙΝΑΙ ΒΛΑΚΕΙΑ Ή ΠΡΟΣΠΑΘΕΙΑ ΕΞΑΠΑΤΗΣΗΣ ΤΩΝ ΠΟΛΙΤΩΝ ΜΕ ΤΗΝ ΔΙΑΣΤΡΕΒΛΩΣΗ ΕΝΟΣ ΓΕΓΟΝΌΤΟΣ; Παλιό αλλά σημαντικό για να καταλάβετε πως λειτουργεί η χυδαιότητα του ΣΥΡΙΖΑ Είχε συμπέσει η θερινή προσφορά της wind με το δημοψήφισμα, για να παρει ο χρήστης τον δωρεάν χρόνο ομιλίας",,dmc,,,"['deception', 'fraud', 'cheating', 'trickery']",fraudulent act to deceive someone for gain,Event,1.02,1.16
EL1296,εξαρτημένος,VERB,,"['εθισμένος', 'κολλημένος', 'σκλάβος', 'δεμένος']",Άτομο με καταναγκαστική χρήση ουσίας ή συμπεριφοράς που δεν μπορεί να διακόψει μόνο του,,username username Ήταν χρηστριες. Νομίζω ως εξαθλιωμενη εξαρτημένη έχεις άλλες έννοιες από το να κάνεις εξετάσεις για να σε πηδανε χωρίς προφυλακτικο,,cds,,,"['dependent', 'addicted', 'hooked', 'attached']",person unable to function without the substance or person they depend on,Person,0.43,1.24
EL1296,εξαρτημένος,VERB,,"['κολλημένος', 'στηριζόμενος']",Άτομο που για την επιβίωσή του στηρίζεται οικονομικά σε κάποιον άλλον,,"Δεν είμαι εξαρτημένος με τη ψυχολόγο μου,απλά πήγε εκείνη στην Ιταλία κ εγώ άρχισα τους εσπρεσσο",,cds,,,"['dependent', 'reliant']",dependent : person relying on others for support,Person,0.43,
EL2148,εξοργισμένος,VERB,,"['θυμωμένος', 'αγανακτισμένος', 'έξαλλος', 'βρασμένος']",άτομο κατακλυσμένο από θυμό έντονης έντασης,,Εξοργισμένος οδηγός πυροβόλησε αυτοκίνητο σκοτώνοντας τρίχρονο αγόρι στο πίσω κάθισμα,,svp,,,"['angry', 'outraged', 'incensed', 'irate']",person overwhelmed by intense anger,Person,0.38,0.53
EL158,εξυπνάδα,NOUN,,"['ευφυΐα', 'σοφία', 'οξυδέρκεια', 'ευστροφία']","Υψηλή ικανότητα κατανόησης και σύνδεσης ιδεών, που γίνεται αντιληπτή ως ευφυΐα ή εφευρετικότητα",,username Πασοκικές εξυπνάδες μες τη μούχλα,,cds,,,"['intelligence', 'cleverness', 'wit', 'sharpness']","cleverness, mental sharpness",Behavioral_Trait,0.25,1.09
EL158,εξυπνάδα,NOUN,,"['πονηριά', 'κακεντρέχεια', 'αστεϊσμός', 'σαρκασμός']",Λόγος σύντομος και ειρωνικός που εκφέρεται για να δείξει ανωτερότητα ή να πειράξει,,Υπάρχει ωστόσο η πιθανότητα να μην πουλάει μόνο εξυπνάδα αλλά να ξέρει και λεπτομέρειες που εμείς αγνοούμε.,,cds,,,"['wisecrack', 'quip', 'sarcasm', 'jibe']",smart-aleck comment,Event,0.25,0.38
EL2287,εξυπνάκιας,NOUN,,"['ξερόλας', 'παντογνώστης', 'σπασίκλας', 'πολυλογάς']",Άτομο που επιδεικνύει αυτάρεσκη οξυδέρκεια διορθώνοντας ενοχλητικά τους άλλους,,"Γελοίος #Δ_Τζανακοπουλος διχαστικο,μωρος, εξυπνάκιας του κωλου",,cds,,,"['know-it-all', 'smart-pants', 'wise guy', 'pedant']","know-it-all, smart-aleck person",Person,1.07,1.33
EL465,εξώλης,ADJ,,"['ακόλαστος', 'διεφθαρμένος', 'αμαρτωλός', 'ανήθικος', 'ξεπεσμένος']","Που θεωρείται ηθικά διεφθαρμένος, με απόλυτη έλλειψη φρόνησης ή σεμνότητας· απαντά κυρίως στη λόγια φράση «εξώλης και προώλης»",,"#gitiselias η μία εξώλης και προώλης (αριαδνη) συγχαιρει την άλλη εξώλης και προώλης (βασιλω). ωραίες κόρες έβγαλε ο καπερναρος, ζουμπουλια σκετα. και λίγα τους εσουρνε η Αρέτω!",,dmc,,,"['degenerate', 'libertine', 'profligate', 'immoral person']",morally depraved person,Person,nan,
EL2476,εξωμότης,NOUN,,"['αποστάτης', 'προδότης', 'λιποτάκτης', 'αλλόπιστος']",Άτομο που εγκαταλείπει την πίστη ή την πατρίδα και θεωρείται προδότης,,username τωρα ο Τζεφρι ψαχνει κανενα Ρωσο εξωμοτη να δηλητηριάσει,,dmc,,,"['apostate', 'turncoat', 'renegade', 'traitor']","apostate, renegade",Person,1.15,1.05
EL567,έπαρση,NOUN,,"['αλαζονεία', 'υπεροψία', 'κομπασμός', 'κενοδοξία']",Υπερβολική αυτοπεποίθηση που εκδηλώνεται ως αλαζονική στάση απέναντι στους άλλους,,"Βέβαια, με τον Κολάκογλου θα ήταν πιο επιφυλακτική, αφού την είχε απειλήσει, αλλά είχε τέτοια έπαρση και σιγουριά, που μπορεί να μην έδωσε σημασία.",,cds,,,"['arrogance', 'pride', 'hubris', 'conceit']","arrogance, conceit",Behavioral_Trait,0.59,0.4
EL567,έπαρση,NOUN,,['ανύψωση (σημαίας)'],Τελετουργική ανύψωση εθνικού συμβόλου (συνήθως σημαίας) σε δημόσιο χώρο,,Η έπαρση η φιλοδοξία η προβολή της ανωτερότητας για να γεμίσουν το ανύπαρκτο εγώ τους πόσες φορές έχουν οδηγήσει φασιστικά και ναζιστικα κινήματα σε ψηλά ποσοστά . Αυτό το αυγό του φιδιού που παραμονεύει να σπάσει #AgriesMelisses #antifascists #antifascism,,cds,,,['flag-raising'],flag-raising : ceremonial hoisting of a flag,Event,0.59,0.8
EL1588,επιδεικτικότητα,NOUN,,"['φιγουρατζίδικη διάθεση', 'επίδειξη', 'ματαιοδοξία', 'κραυγαλέα συμπεριφορά']",Τρόπος συμπεριφοράς που αποσκοπεί στο να τραβήξει προσοχή μέσω υπερβολών,,Απολύει ο Κασσελάκης εκδικητικά και επιδεικτικά…,,cds,,,"['ostentation', 'show-off attitude', 'flashiness', 'flamboyance']","ostentation, showiness",Behavioral_Trait,0.46,
EL101,επιθετικός,ADJ,,"['εριστικός', 'οξύθυμος', 'βίαιος', 'μαχητικός', 'ανυπόμονος']",Άτομο που αντιδρά με λεκτική ή σωματική βία και εχθρική διάθεση,,«Ο Σωτηρόπουλος δεν έκρυβε τις πολιτικές πεποιθήσεις του και ήταν συχνά επιθετικός».,,svp,,,"['aggressive', 'hostile', 'belligerent', 'combative', 'violent']",aggressive person,Person,1.09,0.43
EL101,επιθετικός,ADJ,," ['επιληπτικός', 'βίαιος', 'εχθρικός']>","μια συμπεριφορά που εκδηλώνεται με φιλονικίες, επιβολή θέλησης και εκφοβισμό",,"Βρήκαν ευκαιρία οι ορίτζιναλ Ναζί να αποκτήσουν ξανά επιθετικά όπλα,στην αναμπουμπούλα ο λύκος χαίρεται.",,svp,,,"['aggressive', 'hostile', 'belligerent']",aggressive : inclined to attack or confront,Behavioral_Trait,1.09,0.6
EL63,επίμονος,ADJ,,"['πεισματάρης', 'αμετάπειστος', 'ανένδοτος', 'σταθερός']",Άτομο που δεν παραιτείται παρά τις αντιρρήσεις και επιμένει συχνά ενοχλητικά,,"username username Ο Κατρούγκαλος είναι απλά ένας επίμονος, πιο ""πολιτικά ορθός"" και αρκετά επικινδυνότερος Βαξεβάνης.",,an,,,"['persistent', 'stubborn', 'insistent', 'tenacious']","persistent, stubborn person",Person,0.23,0.52
EL63,επίμονος,ADJ,,"['παρατεταμένος', 'διαρκής', 'χρόνιος']",Για σύμπτωμα ή φαινόμενο που δεν υποχωρεί σε βάθος χρόνου και χρειάζεται διερεύνηση,,username Δεν ξεχνάμε. Ίσως πρέπει να οργανωθούμε λίγο περισσότερο. Η επιμονή μας βοήθησε σε πολλά θέματα. Πιστεύω ότι και στο θέμα Λιγνάδη πρέπει να είναι πιο έντονη η παρέμβασή μας.,,an,,,"['persistent', 'chronic']",persistent : symptom that lasts for a long time,Behavioral_Trait,0.23,0.31
EL2385,επιπολαιότητα,NOUN,,"['απερισκεψία', 'ακρισία', 'ελαφρότητα']","Τάση να πράττει κανείς χωρίς σοβαρή σκέψη, αγνοώντας πιθανούς κινδύνους ή συνέπειες",,"«Αν δεν κερδίσουμε, πρέπει να δούμε πού κάναμε λάθος»: Σε «επιπολαιότητα και μικροκομματισμό» αποδίδει ο Μανώλης...",,cds,,,"['carelessness', 'recklessness', 'frivolity']",carelessness : habit of acting without weighing consequences,Behavioral_Trait,0.52,0.35
EL2385,επιπολαιότητα,NOUN,,"['απροσεξία', 'γκάφα', 'λάθος']",Μεμονωμένο περιστατικό ή σειρά λαθών που αποκαλύπτουν αστοχία και προκαλούν ζημιά,,"Αντί να παραστήσει την οσία Μαρία, όπως έκανε ο Γκάτσος, και να πει: έκανα μια επιπολαιότητα, το αναγνωρίζω, δεν έπρεπε να δεχτώ να πάω μαζί του, μα είχα ανάγκη από λεφτά, να πει, και να τους παρακαλέσει να παραβλέψουν το παρελθόν του και να τον κρίνουν επιεικώς, άρχισε ν' αγορεύει σα δικηγόρος.",,cds,,,"['blunder', 'slip-up']",blunder : reckless act causing negative outcome,Event,0.52,0.52
EL2323,επιστημονισμός,NOUN,,"['θετικισμός', 'ορθολογισμός', 'τεχνοκρατισμός', 'μονομέρεια']",Ιδεολογική στάση που αντιμετωπίζει τη γνώση των θετικών επιστημών ως μοναδική αλήθεια παραμερίζοντας άλλες οπτικές,,"Ο επιστημονισμός και η επιστήμη σαν δόγμα, και η ε.φ.",,cds,,,"['scientism', 'positivism', 'technocratism', 'blind rationalism']","scientism, blind faith in science",State,0.18,
EL2323,επιστημονισμός,NOUN,,"['ψευδο-επιστήμη', 'τεχνοκρατισμός']",Χρήση επιστημονικής ορολογίας ως ρητορικό επίχρισμα για να αποδοθεί αβάσιμη αυθεντία,,"Καταλαβαίνουμε περισσότερα από όσα λέμε. #Επιστημονισμός! Εξαιρετική λέξη! Ταιριάζει στους πολέμιους της θρησκείας διότι ο επιστημονισμός είναι χειρότερος ως προς τη φασιστική τ πλευρά! Απόλυτη κ αδιαπραγμάτευτη γνώση δεν υπάρχει εξορισμού! Διεφθαρμένοι επιστήμονες, ναι!#Κύπρος",,cds,,,"['pseudo-scientific rhetoric', 'scientistic pose']",pseudo-scientific posturing : dressing weak claims in scientific jargon,Behavioral_Trait,0.18,
EL2156,επιτήδειος,ADJ,,"['πανούργος', 'πονηρός', 'αδίστακτος', 'καιροσκόπος', 'μπαγαπόντης']",Άτομο με πονηρία που εκμεταλλεύεται καταστάσεις προς ίδιον όφελος,,"Στρατηγός Επιτήδειος για Σκόπια: ""Τέλος οι ενταξιακές συνομιλίες με τους κλέφτες της Ιστορίας μας"" (vd)",,cds,,,"['crafty', 'cunning', 'opportunist', 'schemer', 'shrewd']","crafty, opportunistic person",Person,1.14,0.45
EL1180,ερασιτέχνης,NOUN,,"['μη επαγγελματίας', 'χομπίστας']","Άτομο που ασκεί τέχνη, άθλημα ή άλλη δραστηριότητα για ευχαρίστηση, χωρίς επαγγελματική αμοιβή ή πιστοποίηση",,username Εντωμεταξύ ακόμα τζιε σε τούτα είμαστε ερασιτέχνες. 5 λεπτά να δεις 3 how to youtube videos εννα κάμνεις καλλυττερη δουλειά. Fucking hell,,qas,,,"['amateur', 'hobbyist']",amateur : person pursuing an activity for pleasure rather than for pay,Person,0.3,0.38
EL1180,ερασιτέχνης,NOUN,,"['ανίδεος', 'άτεχνος', 'ανίκανος']","Πρόσωπο που ενεργεί πρόχειρα και άτεχνα, στερούμενο επαγγελματισμού",,"username Να πάει να γαμηθεί ο Τρακης, τη μειωτική αναφορά σου σε τμήματα του ερασιτέχνη αναφέρω. Αν δε θες, αποχωρώ.",,qas,,,"['bungler', 'dilettante']",bungler : incompetent person lacking professional skill,Person,0.3,1.36
EL45,ερασιτεχνισμός,NOUN,,"['προχειρότητα', 'απειρία', 'τσαπατσουλιά', 'προχειροδουλειά']",Επίπεδο εργασίας που χαρακτηρίζεται από έλλειψη επαγγελματισμού και οργάνωσης,,"username τραγική ανεπάρκεια, ερασιτεχνισμός? συμφέροντα? με εχει κουρασει η ελληνική δημοσιογραφια, υπαρχουν και εξαιρέσεις βέβαια",,qas,,,"['amateurism', 'incompetence', 'inexperience', 'sloppiness']","amateurism, lack of professionalism",State,0.49,0.7
EL45,ερασιτεχνισμός,NOUN,," ['ερασιτεχνική πρακτική', 'χομπισμός']","Άσκηση δραστηριότητας από μη επαγγελματίες, με κύριο κίνητρο την αγάπη για το αντικείμενο",,Όταν η διαρροή κρατικών δεδομένων ξεπλένεται και γίνεται απλός ερασιτεχνισμός.,,qas,,,"['amateurism', 'hobby practice']",amateur practice : non-professional pursuit of an activity,State,0.49,
EL1017,εραστής,NOUN,,"['γκόμενος', 'αγαπητικός', 'παράνομος σύντροφος']","Άνδρας που διατηρεί ερωτική σχέση εκτός γάμου ή στα κρυφά, προκαλώντας κοινωνική κριτική",,"Ο Αντώνης μπορεί να μην ήταν κανένας σπουδαίος εραστής, αυτό δεν παίζει και τόσο μεγάλο ρόλο για τη γυναίκα, αλλ' ήταν άντρας μ' όλη τη σημασία της λέξεως.",,pr,,,"['lover', 'paramour', 'beau', 'boyfriend']","illicit lover, paramour",Person,0.23,0.52
EL1017,εραστής,NOUN,,"['λάτρης', 'φίλος']","Πρόσωπο με έντονη αφοσίωση ή πάθος για αντικείμενο, ιδέα ή τόπο",,Ο εραστής της τεχνοκρατίας πρέπει να ξέρει από καπιταλισμό,,pr,,,"['enthusiast', 'aficionado']",enthusiast : person deeply fond of something,Person,0.23,1.06
EL742,εργαλείο,NOUN,,"['όργανο', 'συσκευή', 'εξάρτημα', 'εργαλιά']",Αντικείμενο κατασκευασμένο ώστε να διευκολύνει χειρωνακτική ή τεχνική εργασία,,Παρουσίαση των εργαλείων της Microsoft στους εκπαιδευτικούς που συνόδευσαν τους μαθητές που συμμετέχουν στην Προσομοίωση Συνεδρίασης Ολομέλειας του Ευρωπαϊκού Κοινοβουλίου.,,asm,,,"['tool', 'implement', 'instrument', 'appliance']","hand tool, implement",Object,0.12,0.12
EL742,εργαλείο,NOUN,,"['πιόνι', 'μαριονέτα', 'ανδρείκελο', 'κορόιδο', 'άβουλος']",Υβριστικός χαρακτηρισμός για άτομο που χειραγωγείται από άλλους και εκτελεί διαταγές χωρίς αντίρρηση,,Έχω την υποψία ότι η Κλελια Ρενεση είναι εργαλείο των ηλίθιων.,,asm,,,"['pawn', 'puppet', 'stooge', 'tool', 'sucker']","pawn, stooge",Person,0.12,1.31
EL742,εργαλείο,NOUN,,"['θεά', 'κούκλα', 'ποντικοπαγίδα']",Ελκυστική γυναίκα ή άνδρας που προκαλεί σεξουαλική επιθυμία· χρησιμοποιείται ως θαυμαστικός χαρακτηρισμός,,Πολύ ωραίο εργαλείο 🔥🔥🔥🔥🤤🤤🤤,,asm,,,"['smoke-show', 'bombshell']",smoke show : very attractive person (slang),Person,0.12,
EL1238,εργάτης,NOUN,,"['χειρωνάκτης', 'οικοδόμος', 'εργατοτεχνίτης', 'μισθωτός']",Άτομο που προσφέρει χειρωνακτική ή ανειδίκευτη εργασία και συχνά θεωρείται κατώτερο στην επαγγελματική ιεραρχία,,username Έλα μου ντε δεν τους καταλαβενο εγώ πάω στην δουλειά μου και πάλη δεν λέω καλή ευδομαδα.Θα με πάρουν ι εργάτες με της ντομάτες άμα το λέω,,qas,,,"['laborer', 'worker', 'workman', 'hand']","manual laborer, workman",Person,0.16,0.46
EL1237,ερωμένη,ADJ,,"['γκόμενα', 'παράνομη', 'αγαπητικιά', 'παλλακίδα', 'σύντροφος']",Γυναίκα που διατηρεί ερωτική σχέση με παντρεμένο άνδρα ή κρυφή σχέση εκτός γάμου,,"Η Μυρτώ, όταν έμενε μόνη, μακριά από αυτούς που ήταν συνεχώς δίπλα της περιμένοντας ένα νεύμα της για να της φέρουν ό,τι ζητήσει, ξάπλωνε σε μια πολυθρόνα στο πιο επάνω κατάστρωμα και αγνάντευε τη θάλασσα, που ήξερε ότι ήταν η ερωμένη του Αγγέλου.",,pr,,,"['mistress', 'lover', 'paramour', 'girlfriend', 'concubine']","mistress, female lover",Person,1.03,0.21
EL1014,εταίρα,NOUN,,"['ἑταῖρα (αρχ.)', 'φιλή']","Γυναίκα της κλασικής Αθήνας που πρόσφερε συντροφιά και ερωτικές υπηρεσίες σε εύπορους άνδρες, διακρινόμενη από τις κοινές πόρνες για παιδεία κι αυτονομία",,"Συνταξιούχος-συνδικαλιστής με 9εκ.€ ... ""κοινωνικές εταίρες""",,pr,,,"['courtesan', 'hetaera']",courtesan : educated companion-prostitute of classical Greece,Person,1.12,0.5
EL1014,εταίρα,NOUN,,"['πόρνη', 'κοινή', 'συνοδός', 'ιερόδουλη', 'γυναίκα της νύχτας']",Γυναίκα που προσφέρει ερωτικές υπηρεσίες επί πληρωμή και συχνά διαθέτει κοινωνική καλλιέργεια,,Ασπασία: H εταίρα που δίδασκε φιλοσοφία και σημάδεψε τη ζωή του Περικλή,,pr,,,"['courtesan', 'prostitute', 'sex worker', 'escort', 'harlot']","courtesan, prostitute",Person,1.12,0.29
EL1674,ευέξαπτος,ADJ,,"['οξύθυμος', 'νευρικός', 'εκρηκτικός', 'θυμώδης']",Άτομο που θυμώνει εύκολα και αντιδρά ορμητικά,,username εγώ θεωρώ ότι έχει παρεξηγηθει ο Πάνος. Ο μισθοφορος είναι για μπουνιες και ευεξαπτος και δεν μπορείς να συζητήσεις μαζί του.,,svp,,,"['irritable', 'hot-tempered', 'quick-to-anger', 'touchy']",short-tempered person,Person,0.47,1.15
EL1023,εύπιστος,ADJ,,"['αφελής', 'καλοπροαίρετος', 'κορόιδο', 'απλοϊκός', 'ευκολόπιστος']",Άτομο που δέχεται αβίαστα όσα του λένε και εξαπατάται συχνά,,“…πως των ευπίστων η φυλή τρέφει το γένος των κολάκων …”,,ddp,,,"['gullible', 'naive', 'trusting', 'credulous', 'sucker']",gullible person,Person,0.49,0.41
EL2034,έχιδνα,NOUN,,"['φίδι', 'κακεντρεχής', 'πονηρή', 'φαρμακόγλωσσα', 'δηλητηριώδης']","πονηρό και επικίνδυνο άτομο, κυρίως γυναίκα, που βλάπτει ύπουλα τους άλλους",,Τον έρμο το Γερμανό στη Χαλκιδική μάλλον τον έφαγε η 'έχιδνα' η γυναίκα του κι όχι το δάγκωμα του φιδιού. Αυτά είναι...,,an,,,"['snake', 'viper', 'malicious woman', 'bitch', 'backstabber']","malicious, treacherous person, esp. woman",Person,0.58,1.04
EL2034,έχιδνα,NOUN,,"['οχιά', 'φίδι', 'όφις', 'αστρίτης']","δηλητηριώδες φίδι με τριγωνικό κεφάλι και ισχυρό ιό, κοινή οχιά της Μεσογείου",,ΑΡΧΕΙΟΝ ΠΟΛΙΤΙΣΜΟΥ: Η Μακεδονία στον σάκκο με τις έχιδνες - του Β. Κάρτσιου,,an,,,"['viper', 'snake', 'adder', 'poisonous snake']",poisonous viper species,Object,0.58,0.47
EL2112,ζαρώνω,VERB,,"['μαγκώνομαι', 'κωλώνω', 'υποχωρώ', 'φοβούμαι', 'λυγίζω']","πράξη υποχωρώ ξαφνικά από φόβο ή απειλή, δείχνοντας δειλία",,"Και πάλι έσκυβε το κεφάλι του ο σερ Λιούλης και πάλι μαζευόταν και ζάρωνε, σαν να μην είχε πού να κρύψει την ντροπή του για τις πράξεις του.",,cds,,,"['cower', 'chicken out', 'flinch', 'back down', 'cringe']",to cower or back down in fear,Event,0.12,0.41
EL2112,ζαρώνω,VERB,,"['τσαλακώνω', 'σουφρώνω']",Κάνω επιφάνεια να γεμίσει ρυτίδες ή τσακίσεις,,Το ρούχο δεν έχει απλά ζαρώσει αλλά έχει κάνει πιέτες από την τσαλάκα αυτό μόνο το στίψιμο στο πλυντήριο μπορεί να το κάνει,,cds,,,"['wrinkle', 'crumple']",to wrinkle / to crumple,Event,0.12,
EL1665,ζηλιάρης,ADJ,,"['φθονερός', 'ζηλότυπος', 'κακεντρεχής', 'μίζερος']",άτομο που νιώθει διαρκή φθόνο και ανασφάλεια απέναντι στα επιτεύγματα των άλλων,,Μόνο που ήξερε πως ήταν ζηλιάρα και τ' άρεσε να την κουρδίζει.,,svp,,,"['jealous', 'envious', 'covetous', 'green-eyed']",habitually jealous person,Person,0.47,0.34
EL1665,ζηλιάρης,ADJ,,"['ζηλότυπος', 'φθονερός', 'κτητικός']","Η συμπεριφορά που εκδηλώνεται ως έντονος φόβος απώλειας της αποκλειστικής εκτίμησης ή αφοσίωσης κάποιου άλλου, συνοδευόμενος από αμφιβολία και υποψία για τις προθέσεις ή τα επιτεύγματα του τρίτου",,Καλό Απόγευμα!! Ζηλιάρα γάτα!! Παρασκευή η αγαπημένη μου μέρα θα πάμε διήμερο.,,svp,,,"['jealous', 'envious', 'possessive']","jealous: inclined to fear loss of exclusive affection or loyalty, exhibiting doubt and suspicion of others’ motives or achievements",Behavioral_Trait,0.47,
EL1663,ζηλοφθονία,NOUN,,"['φθόνος', 'ζήλια', 'κακεντρέχεια', 'μιζέρια']",έντονο και διαρκές αίσθημα φθόνου συνοδευόμενο από επιθυμία να στερηθεί ο άλλος το αγαθό του,,"Πέρα από τη χαιρεκακία και τη ζηλοφθονία, αυτό που δεν μπορούν να καταλάβουν τα Ορκ είναι ότι αυτοί που σκίζουν τη #Σαντορίνη δεν είναι Σαντορινιοι.",,svp,,,"['envy', 'jealousy', 'spite', 'begrudging']","malicious envy, spiteful jealousy",State,1.19,
EL1663,ζηλοφθονία,NOUN,,"['έγκλημα πάθους', 'φόνος για ζήλια']",Βίαιη ενέργεια ή έγκλημα που κινείται από κτητικότητα,,"Μονο εγω αισθανομαι τρομερη ντροπη βλεποντας το αυτο? Ο τυπος απο ""δεν στηριζω πια"" εγινε full on hater ΤΙ ΦΑΣΗ???????????? Κομπλεξ και ζηλοφθονια και βρηκε μια αφορμη να εκφραστει #survivorGR",,svp,,,"['jealous rage killing', 'crime of passion']",crime of passion : violent act driven by jealousy,Event,1.19,
EL106,ζηλωτής,NOUN,,"['φανατικός', 'ακραιολόγος', 'ιδεοληπτικός', 'σκληροπυρηνικός']",άτομο που υποστηρίζει με φανατισμό μια ιδέα ή θρησκεία και προσπαθεί να την επιβάλει,,"«Γνωστή και άγνωστη Ελλάδα. Ένα ταξίδι χωρίς Ιθάκη» ο τίτλος της νέας έκθεσης του φίλου Ερύμανθου. Ζηλωτής της ωραιότερης τέχνης, αυτής της ζωγραφικής, εξαντλεί σε κάθε του δουλειά το αστείρευτό του ταλέντο, καταθέτοντας στα έργα του όλο το εύρος της ψυχής του. Συγχαρητήρια.",,cds,,,"['zealot', 'fanatic', 'extremist', 'bigot']",fanatic supporter or religious zealot,Person,0.19,
EL1369,ζιγκολό,NOUN,,"['αρσενική πόρνη', 'συνοδός κυριών', 'καμάκι', 'ερωτικός μισθοφόρος']",άνδρας που διατηρεί ερωτικές σχέσεις με μεγαλύτερες ή εύπορες γυναίκες με αντάλλαγμα χρήματα ή δώρα,,username Χάχα... Με τέτοιο ζιγκολό και χέρια θα εξαφανίσει σε λίγο!!,,cds,,,"['gigolo', 'male escort', 'toy boy', 'kept man']",man who sells romantic or sexual companionship to affluent women,Person,1.21,1.12
EL747,ζιζάνιο,NOUN,,"['αγριόχορτο', 'παράσιτο', 'χόρτο', 'τσουκνίδα']","άγριο ανεπιθύμητο φυτό που φυτρώνει ανάμεσα στις καλλιέργειες και ανταγωνίζεται τα καλλιεργούμενα, μειώνοντας την παραγωγή",,"Ο Γερμανός δίνει εντολή να ξεριζώσουν τα ""ζιζάνια""απ' το Χωράφι ! Οι μη Τουρκικοί πληθυσμοί είναι για αυτούς αγριόχορτα ... #kokkinopotami",,cds,,,"['weed', 'wild plant', 'invasive plant', 'pest plant']",weed growing among crops,Object,0.12,0.6
EL747,ζιζάνιο,NOUN,,"['σκανταλιάρης', 'ταραχοποιός', 'μικρό διαβολάκι', 'κουτσομπόλης']",παιδί ή άτομο που προκαλεί συνεχώς φασαρίες και βάζει λόγια στους άλλους,,"username username Από μπαμπά ούτε χαστούκι. Η μαμά όμως μου τις έβρεχε. Ζιζάνιο από κούνια, μεγάλωςα σ στρατιωτική οικογένεια κ άκουγα συνέχεια πολιτικά. Μια μέρα στ τραπέζι άρχιςα ν λέω συνέχεια ""Γλύξμπουργκ"" (❌) μπέρδευα τ γλώσσα κ γελούσα. Το χασ",,cds,,,"['troublemaker', 'mischief', 'imp', 'instigator']","mischief-maker, trouble-causing person",Person,0.12,0.52
EL2508,ζουλού,NOUN,,"['άγριος', 'βάρβαρος', 'κανίβαλος', 'απολίτιστος', 'χωριάτης']","άτομο που χαρακτηρίζεται ως απολίτιστο και βίαιο, χρησιμοποιείται μειωτικά",,"Αντί αυτή τη στιγμή να χοροπηδάμε πάνω στο κουφάρι του Μητσοτάκη σαν ζουλού, κάνουμε το μνημόσυνο του #Κουρουμπλη... Αλέξη, έβγαλες περίστροφο κι αντι να πυροβολήσεις τον χαζό γόνο, πυροβόλησες το πόδι σου. Είμαι σε στάση ""facepalm"" ????‍♂️ όλο το απόγευμα... #Μελετη_Τσιοδρα",,ps,,,"['savage', 'barbarian', 'uncivilized', 'brute', 'primitive']","uncivilized, savage person (derog.)",Person,0.49,1.21
EL1205,ζώο,NOUN,,"['κτήνος', 'θηρίο', 'ζωντανό', 'τετράποδο']","έμβιο ον με αισθήσεις και κινητικότητα, πλην του ανθρώπου",,"username Μπα ο αρουραίος σου παει τοσο σκατα χαρακτηρας που εισαι φίλε. Μηλας για ζωα ενω τα αμφισβητείς, αμφισβητείς τα δημιουργήματα του θεού.",,an,,,"['animal', 'creature', 'beast', 'brute']","non-human living creature, animal",Object,0.32,0.52
EL1205,ζώο,NOUN,,"['βόδι', 'χαϊβάνι', 'κτήνος', 'βλάκας', 'τομάρι']",προσβλητικός χαρακτηρισμός για άτομο που θεωρείται κουτό ή αγενές,,username username Τραβα ψοφα σκουπίδι της κοινωνίας #ΚΚΕπροδότες. Πόσο ζώο είσαι; να προσέχεις τον Παντελο,,an,,,"['animal', 'brute', 'idiot', 'moron', 'beast']",insult for stupid or rude person,Person,0.32,1.35
EL1930,ζωοκλέφτης,NOUN,,"['κλέφτης ζώων', 'ληστής κοπαδιών', 'απατεώνας', 'κλέφτης κοπαδιών']","άτομο που κλέβει ζώα, κυρίως κτηνοτροφικά, για οικονομικό όφελος",,Ανθρωποκυνηγητό για ζωοκλέφτες στην Κρήτη!,,cds,,,"['cattle rustler', 'stock thief', 'livestock robber', 'rustler']",livestock thief,Person,0.33,0.5
EL1759,ηδυπάθεια,NOUN,,"['ηδονισμός', 'σαρκολατρία', 'ακολασία', 'λαιμαργία', 'ηδονή']","έντονη ροπή στην απόλαυση σωματικών ηδονών, ιδίως σεξουαλικών ή γαστριμαργικών",,"Αυτή η ηδυπάθεια η σκύλα, ξέρει καλά να ζητιανεύει ένα κομμάτι κρέας, όταν της αρνούνται ένα κομμάτι πνεύμα.Νίτσε. Αφιερωμένο σε όλους όσοι σήμερα χαίρονται για ένα  ...κομμάτι κρέας.",,svp,,,"['sensuality', 'hedonism', 'voluptuousness', 'debauchery', 'lust']","excessive sensuality, voluptuousness",Repetitive_Action,0.49,
EL1188,ηθικιστικός,ADJ,,"['κηρυγματικός', 'ηθικοπλαστικός', 'πουριτανικός', 'κατηχητικός']",χαρακτηρισμός που κρίνει τα πάντα με στενόμυαλη και υπερβολικά αυστηρούς κανόνες,,"ηθικιστικος σχετικισμος, για τους προοδευτικουληδες ο μισογυνισμος του ισλαμ ειναι ανεκτος",,dmc,,,"['moralistic', 'preachy', 'puritanical', 'sanctimonious']","narrow, judgmental moralistic",Behavioral_Trait,0.38,
EL1729,ηθικολογία,NOUN,,"['κήρυγμα', 'νουθεσία', 'διδακτισμός', 'κατήχηση']",πράξη εκφοράς λόγου που κηρύττει αυστηρούς κανόνες και επικρίνει τη συμπεριφορά των άλλων,,Η κενή ηθικολογία Κανάκη που δεν εφαρμόζει ούτε στον εαυτό του πρέπει να σας προβληματίσει για όλους αυτούς που το παίζουν ηθικοί κριτές των πάντων.,,cds,,,"['moralizing', 'preaching', 'sermonizing', 'lecturing']","moralizing discourse, preaching",Event,0.3,
EL2284,ηθικολόγος,NOUN,,"['πουριτανός', 'κηρύκας', 'νουθετητής', 'σεμνότυφος']","Άτομο που επικρίνει τους άλλους επικαλούμενο αυστηρά πρότυπα συμπεριφοράς, συχνά με υποκρισία",,Μιλα καθαρα ρε πες τι γινοτανε εκει περα με κλικες κι ασε τις ηθικολογες #SurvivorPanoramaGR #survivorGR,,cds,,,"['moralist', 'preacher', 'puritan', 'sanctimonious person']",person who moralizes and preaches to others,Person,0.51,1.21
EL310,ηλίθιος,ADJ,,"['βλάκας', 'ανόητος', 'χαζός', 'κουτός', 'ξερόβραστος']",προσβλητικός χαρακτηρισμός για άτομο με πολύ χαμηλή αντίληψη ή ανόητη συμπεριφορά,,"Είναι λίγο random αλλά έχει διαβάσει/δει στο θέατρο κανείς το ""καπλανι της βιτρίνας""? Γιατί νιώθω πολύ ηλίθια που το το χω δει δύο φορές στο δημοτικό και επειδή ήμουν μικρή κι ανόητη δεν το κατάλαβα και τώρα θέλω να το διαβάσω:/",,asm,,,"['idiot', 'moron', 'imbecile', 'fool', 'dumb']",stupid or foolish person (insult),Person,1.14,0.56
EL310,ηλίθιος,ADJ,,"['ανόητο', 'απερίσκεπτο']","Ενέργεια ή λάθος που γίνεται απερίσκεπτα, χωρίς λογική, δείχνοντας έλλειψη φρόνησης",,"username username username έχω ζητήσει, αλλά λόγω των ηλίθιων όρων του τουίτα, δεν γίνεται",,asm,,,"['foolish', 'silly', 'idiotic', 'dumb']",foolish: lacking good sense or judgment,Behavioral_Trait,1.14,0.55
EL51,ηλιθιότητα,NOUN,,"['βλακεία', 'ανοησία', 'χαζομάρα', 'κουταμάρα', 'κουτοσύνη']",Μόνιμη ή στιγμιαία έλλειψη εξυπνάδας· κατάσταση πνευματικής ανοησίας,,"username Επαληθεύομαι για πολλοστή φορά… Δεν στέκεις στα καλά σου. Κάνε μας την χάρη τώρα καραγκιοζη, οπαδέ του τίποτα κι απάλλαξε μας απ τις ηλιθιότητες και την παρουσία σου.",,asf,,,"['stupidity', 'foolishness', 'idiocy', 'silliness']","stupidity, foolishness",State,1.12,1.24
EL51,ηλιθιότητα,NOUN,,"['κουταμάρα', 'γκάφα']",Πράξη ή λόγος εξαιρετικά ανόητος που προκαλεί ζημιά ή θυμηδία,,μαλιστα. παρατηρειται νεο φαινομενο μεταδοτικης ηλιθιοτητας. αντιστροφη συνωμοσιολογια. αντι-αντι-ψεκ αμφισβητουν οτι εχουν τελικα κανει το εμβολιο οι πληρως εμβολιασμενοι κωλοχαρτοι που νοσουν θερμη παρακληση στη pfizer να παρεμβει,,asf,,,"['idiotic act', 'stupid move']",blunder of stupidity : foolish act,Event,1.12,1.38
EL1179,ημιμαθής,ADJ,,"['ξερόλας', 'αμαθής', 'μισογράμματος', 'αστοιχείωτος']",άτομο με ελλιπείς γνώσεις που θεωρεί ότι τα ξέρει όλα,,username username Περαστικά κοκκινοσβερκε ημιμαθη τρολακο. Άλλη φορά ρώτα κάποιον με αντίληψη ενήλικου πριν γράψεις μλκια γιατί είναι κρίμα να τρως φάπες επειδή δεν έχεις επίπεδο,,qas,,,"['semiliterate', 'half-educated', 'ignorant', 'know-all']",poorly educated know-it-all,Person,0.42,1
EL1747,ημίονος,NOUN,,"['μουλάρι', 'υποζύγιο', 'φορτηγό ζώο', 'άλογο-γάιδαρος']","υβριδικό υποζύγιο προερχόμενο από αρσενικό γάιδαρο και θηλυκό άλογο, ανθεκτικό στη βαριά εργασία",,H άμαξα που μετέφερε τη σορό του Μέγα Αλεξάνδρου ζύγιζε πάνω από 100 τόνους – Την έσερναν 64 ημίονοι (φώτο) #CancelMasterChefGR #ypotheseis #Ματι #Βρουτση #5Ιουνιου #ΚαλημεραΝικο #ΚαλημεραΧρηστο #Αγγελοπουλοι #σκινδηλιας #πληροφορικη,,an,,,"['mule', 'pack animal', 'hybrid donkey', 'draught animal']","mule, hybrid of donkey and mare used as pack animal",Object,0.42,
EL1747,ημίονος,NOUN,,"['μουλάρι', 'πεισματάρης', 'ξεροκέφαλος', 'κοτσοκέφαλος']",μειωτικός χαρακτηρισμός για άτομο πεισματάρικο και δύστροπο,,"#Ημιπιτσιρικάς, όπως λέμε «ημίονος»;",,an,,,"['mule', 'stubborn', 'obstinate person', 'blockhead']","stubborn, obstinate person (derog.)",Person,0.42,
EL2019,θανάτωση,NOUN,,"['φόνος', 'εκτέλεση', 'σφαγή', 'δολοφονία', 'θανατηφόρα ενέργεια']","ενεργητική πράξη που οδηγεί στο τέλος της ζωής ενός ζώου ή ανθρώπου, συνήθως με κρατική ή υγειονομική εντολή",,#Kgreece Αμοιβή 3.000 ευρώ για τον εντοπισμό του δράστη θανάτωσης 2 σκυλιών στο Ηράκλειο,,re,,,"['killing', 'putting to death', 'execution', 'slaying', 'euthanizing']","act of killing, putting to death",Event,0.49,0.36
EL86,θεατρινισμός,NOUN,,"['υποκριτική διάθεση', 'δραματική μανιέρα', 'θεατρικότητα']","Σταθερή τάση ή συνήθεια να εκδηλώνει κανείς υπερβολική, προσποιητή συμπεριφορά με σκοπό τον εντυπωσιασμό ή την παραπλάνηση",,Χαμός στη Βουλή - «Πόσος θεατρινισμός κ. Κωνσταντοπούλου για την σοβαρή υπόθεση των Τεμπών;» | http://in.gr,,cds,,,"['theatricality', 'showmanship']",theatrics: habitual performance intended to manipulate or captivate,Behavioral_Trait,0.3,
EL86,θεατρινισμός,NOUN,,"['υποκρισία', 'δραματοποίηση', 'σόου']","Υπερβολική, προσποιητή ενέργεια ή κίνηση που στοχεύει στον εντυπωσιασμό ή την παραπλάνηση ως μεμονωμένο περιστατικό",,username username Κουίκ: Να αφήσει τις υποκρισίες και τους θεατρινισμούς το υπουργείο Εξωτερικών  username,,cds,,,"['theatrics', 'grandstanding', 'affectation']",theatrics / grandstanding: affected display meant to impress,Event,0.3,1.03
EL632,θνησιμαίος,ADJ,,"['θνητός', 'εφήμερος', 'ευτελής', 'μικρός']","αυτός που είναι καταδικασμένος να πεθάνει, που δεν έχει τη δύναμη να ζήσει (λόγω ασθένειας ή άλλης αιτίας)",,"Εάν, επομένως, καθορισθεί ελάχιστο μέγεθος 25cm, όλες οι χωματίδες μεγέθους μεταξύ 17 και 24cm θα πρέπει τότε να ρίπτονται στη θάλασσα νεκροί ή θνησιμαίοι.",,cds,,,"['mortal', 'ephemeral creature', 'wretch', 'earthling']",contemptuous term for a mere mortal,Person,0.35,
EL633,θνησιμαίος,ADJ,,"['ψοφίμι', 'κουφάρι']",Νεκρό σώμα ζώου· κουφάρι που απομένει μετά τον θάνατο,,"Άρα, προσφέρει επωφελή υπηρεσία, εφόσον τα θνησιμαία θα μπορούσαν να αποτελέσουν εστίες πολλαπλασιασμού μικροβίων.",,cds,,,"['carcass', 'carrion']",carcass : dead animal body,Object,0.36,
EL557,θράσος,NOUN,,"['αναίδεια', 'αυθάδεια', 'αγένεια', 'απρέπεια']",Ιδιότητα συμπεριφοράς που δείχνει υπερβολική αυτοπεποίθηση και προκλητική ασέβεια.,,"Ενώ, αν είχαμε τη Σμύρνη και την Ανατολική Θράκη, δε θα χρειαζόταν τώρα να εισάγουμε ακόμα και το στάρι μας... Και ξαφνικά, αυτό που υποπτευόμουνα εδώ και μερικά δευτερόλεπτα, έγινε βεβαιότης: δεν τον έφτανε τον παλιάνθρωπο το κολλητήρι που 'κανε και που, ήθελα δεν ήθελα, ήμουνα υποχρεωμένη ν' ανεχθώ για να μην κάνω σκάνδαλο, παρά είχε το θράσος να βάλει και το χέρι του κάτω απ' τη φούστα μου.",,cds,,,"['insolence', 'audacity', 'impudence', 'boldness']",shameless audacity; insolence,Behavioral_Trait,1.05,1.16
EL484,θρησκοληψία,NOUN,,"['φανατισμός', 'ευσεβισμός', 'θρησκευτική μανία', 'δογματισμός']",Υπερβολική και φανατική προσκόλληση σε θρησκευτικές τελετές και κανόνες.,,username username username Υπάρχει και σε κομμάτια της αριστεράς αυτό. Δεν είναι μόνο θρησκοληψία λοιπόν.,,cds,,,"['religious fanaticism', 'bigotry', 'sanctimony', 'dogmatism']",bigoted religiosity; fanatical piety,Repetitive_Action,1.07,0.34
EL1669,θυμός,NOUN,,"['οργή', 'αγανάκτηση', 'έξαψη', 'μανία']",Ψυχική κατάσταση έντονης εκνευρισμένης εχθρικότητας.,,username Ο θυμός είναι μια υγιής αντίδραση μιας πολιτισμένης κοινωνίας έναντι του αδόκητου χαμού 3 μικρών κοριτσιών από την διαβολική μάνα τους!Η απάθεια από την άλλη πλευρά ΔΕΝ είναι υγιής!Η λέξη ΘΑΝΑΤΟΣ σε ένα παντζούρι δεν αντιπροσωπεύει την κοινή γνώμη αλλά αντανακλά τον θυμό της.,,svp,,,"['anger', 'rage', 'fury', 'wrath']",state of anger,State,0.3,0.56
EL2146,θυμωμένος,VERB,,"['οργισμένος', 'εκνευρισμένος', 'αγανακτισμένος']",Άτομο που βρίσκεται σε κατάσταση έντονης οργής.,,username Θυμωμένο σε διαβάζω κομαντος,,svp,,,"['angry', 'irate', 'incensed', 'mad']",angry person,Person,0.2,0.5
EL2146,θυμωμένος,VERB,,"['οργισμένος', 'εκνευρισμένος', 'αγριεμένος']","Συμπεριφορά ή ιδιότητα που εκδηλώνει έντονη διάθεση οργής ή δυσαρέσκειας, συχνά με έκφραση εχθρότητας ή πίεσης προς πρόσωπα ή καταστάσεις",,θυμωμενοι οι ευρωπαίοι υποικ με τον τσακαλωτο που ομως εκανε καλη εντυπωση με τις προτασεις που δεν κατεθεσε #journalism,,svp,,,"['angry', 'furious', 'irate']",angry: experiencing or showing strong displeasure or rage,Behavioral_Trait,0.2,0.44
EL2463,ιδιοτροπία,NOUN,,"['λόξα', 'καπρίτσιο', 'παραξενιά', 'κυκλοθυμία']","Παραξενιά στη συμπεριφορά ή στην επιλογή, που παρεκκλίνει από το συνηθισμένο και συχνά ενοχλεί",,Δεν είναι οτι έχω ιδιοτροπίες αλλά όταν μασουλάτε το φαγητό σας με ανοιχτό το στόμα σαν μηρυκαστικά θέλω να σας ξεριζώσω το λαρύγγι.,,an,,,"['quirk', 'whim', 'caprice', 'eccentricity']",capricious habit or quirk,Repetitive_Action,0.37,0.8
EL49,ιδιωτεία,NOUN,,"['βλακεία', 'αμάθεια', 'κουταμάρα', 'απλοϊκότητα']","Μόνιμη ή βαριά έλλειψη νοητικών ικανοτήτων – ακραίος βαθμός βλακείας, συχνά με ιατρική-ψυχιατρική χροιά",,Η «Ιδιωτεία» του Δημήτρη Σμαΐλη:,,ddp,,,"['idiocy', 'stupidity', 'ignorance', 'dullness']",intellectual ignorance; idiocy,State,0.16,0.34
EL1451,ιερόδουλη,NOUN,,"['πόρνη', 'εκδιδόμενη', 'εταίρα', 'βίζιτα']","Γυναίκα που προσφέρει σεξουαλικές υπηρεσίες, με υποτιμητικό τόνο.",,Με τέτοια που λέει ο Σωκρατης ούτε ιερόδουλη με λεφτά δεν του κάθεται. #poweroflove #poweroflovegr,,pr,,,"['prostitute', 'sex worker', 'whore', 'hooker']",derogatory term for a female sex worker,Person,1.24,1.25
EL2394,ιθυφαλλικός,ADJ,,"['φαλλικός', 'άσεμνος', 'πορνογραφικός', 'χυδαίος']","Για εικονιζόμενο θεό, σάτυρο ή άγαλμα: παρουσιάζεται με όρθιο φαλλό, σύμβολο γονιμότητας και αχαλίνωτης ζωής",,"Από την Αξίερον πιθανόν αποσπάσθηκαν η Εκάτη Ζηρυνθία και Αφροδίτη Ζηρυνθία, ενώ προσκολλημένος σε αυτή είναι ο Καδμίλος, ιθυφαλλικός θεός της γονιμότητας που ταυτίστηκε με τον Ερμή.",,asm,,,"['phallic', 'obscene', 'pornographic', 'lewd']",depicting an erect phallus; ithyphallic,Behavioral_Trait,0.56,
EL2322,ισχνός,ADJ,,"['κοκαλιάρης', 'λεπτός', 'χλωμός', 'λυγερός']","Άτομο πολύ αδύνατο και χωρίς μυϊκή μάζα, συχνά με μειωμένη δύναμη.",,"Ο δωρικός, ισχνός Max Von Sydow στο ρόλο του Σταυροφόρου ιππότη Αντόνιους Μπλοκ γυρνάει με λαχτάρα στη γενέτειρά του Σουηδία μετά από 10ετη παραμονή στους Αγιους Τόπους οπου πολεμούσε για τον Θεό του.",,is,,,"['skinny', 'scrawny', 'thin', 'gaunt']",very thin or scrawny person,Person,0.14,
EL2322,ισχνός,ADJ,,"['αδύναμος', 'ανεπαρκής', 'επιφανειακός' 'πενιχρό', 'ελάχιστο']","Χαρακτηρισμός ανεπαρκούς έντασης, ποσότητας, ή περιεχομένου, που δίνει την αίσθηση επιφάνειας ή ανεπάρκειας",,Βενιζέλος: «Ο τόπος δεν κυβερνιέται με ισχνές πλειοψηφίες»: Την εκτίμηση ότι ο τόπος οδηγείται σε αδιέξοδο την...,,is,,,"['thin', 'meager', 'paltry']","thin: lacking depth, strength, or substance",Behavioral_Trait,0.14,0.14
EL387,κάθαρμα,NOUN,,"['αλήτης', 'παλιοτόμαρο', 'ξεφτίλας', 'καθίκι']",Άνθρωπος χωρίς ηθική και εντιμότητα που βλάπτει συνειδητά τους άλλους· χυδαίος χαρακτηρισμός σε καθημερινά συμφραζόμενα,,"username username Τα γεροντάκια θα κάνουν πειραματόζωα, θα τα θυσιάσουν, και τους ήδη άρρωστους με άλλες αρρώστιες, μου θυμίζει τους ναζι που εκτελούσαν τους ανάπηρους. Τα γεροντάκια έχουν και άνοια και επηρεάζονται φουλ απο τα ξεπουλημένα στην ΝΔ, ΣΥΡΙΖΑ μμε και τα καθάρματα που κυβερνούν",,an,,,"['scumbag', 'bastard', 'lowlife', 'villain']",despicable person; scum,Person,1.26,1.23
EL1063,καθίκι,NOUN,,"['κάθαρμα', 'παλιοτόμαρο', 'παλιάνθρωπος', 'αλήτης']","Χυδαίος χαρακτηρισμός για πολύ αντιπαθή, δόλιο, κακόβουλο, ή ανήθικο άνθρωπο.",,«Ο Πυλαρινός είναι ένα καθίκι που έχει κάψει πολύ κόσμο.,,ps,,,"['jerk', 'scum', 'bastard', 'asshole']",vulgar insult meaning scumbag,Person,1.33,0.7
EL1063,καθίκι,NOUN,," ['σκούφος', 'κουκούλα']",Χαρακτηρισμός για τα δεικτικού σχήματος καπέλα και γενικά υπερβολικά αξεσουάρ που κοσμούν το κεφάλι και κάνουν τον φέροντα να παρουσιάζει ένα γελοίο θέαμα,,"Τι, έτσι θα 'ρθεις στη θάλασσα; μ' αυτό το καθίκι στο κεφάλι; Ρεζίλι θα γίνουμε!",,ps,,," ['skullcap', 'beanie', 'cap']",skullcap / beanie: a small cloth cap fitting snugly over the head,Object,1.33,
EL649,καθυστερημένος,VERB,,"['χαζός', 'βραδύς', 'κρετίνος', 'ανάπηρος στο μυαλό']","Υβριστικός όρος για άτομο με νοητική υστέρηση, συχνά ως γενική προσβολή.",,πινετε τετοιες μαλακιες με ασπαρταμη να δειτε για ποτε θα τρεχετε με καρκινο καθυστερημενες ειστε ρε?,,ddp,,,"['retarded', 'slow', 'moron', 'idiot']",derogatory term for intellectually disabled person; retarded,Person,0.49,1
EL649,καθυστερημένος,VERB,," ['αργοπορημένος', 'οψιμιγενής']",Άτομο που φθάνει ή εμφανίζεται πιο αργά από τον καθορισμένο χρόνο,,Πες 10 φορές είμαι καθυστερημένος τώρα,,ddp,,,"['delayed', 'late']",delayed: happening or arriving later than scheduled,Person,0.49,
EL649,καθυστερημένος,VERB,,"['αργοπορημένος', 'οψιμιγενής']",Ενέργεια που συμβαίνει ή φτάνει μετά τον προκαθορισμένο χρόνο,,Σήμερα παραμονή των Χριστουγέννων η τράπεζα Κύπρου κάνει τηλεφωνήματα για καθυστερημένες δόσεις…,,ddp,,,"['delayed', 'late']",delayed: happening or arriving later than scheduled,Behavioral_Trait,0.49,0.14
EL2015,καιροσκόπος,ADJ,,"['οπορτουνιστής', 'συμφεροντολόγος', 'αμοραλιστής', 'κέρδος-κυνηγός']",Άτομο που εκμεταλλεύεται κάθε ευκαιρία χωρίς ηθικές αναστολές.,,Καιροσκόποι!! Αρκεί να κυβερνήσετε πάλι username κ με τον διάβολο συμμαχείτε!! Το είχαμε εμπεδώσει με τις 2 φορές το 2015 αλλά δεν θα σας δοθεί πάλι η ευκαιρία…,,cds,,,"['opportunist', 'self-seeker', 'time-server', 'careerist']",opportunist; self-seeker,Person,1.05,0.58
EL502,κακία,NOUN,,"['μοχθηρία', 'κακοβουλία', 'φθόνος', 'μισαλλοδοξία']",Έντονη πρόθεση να βλάψεις ή να στενοχωρήσεις άλλους.,,"Ρίξε, θε μου, μια κακιά αρρώστια να τους ξεπαστρέψεις όλους, να μη μείνει ρουθούνι από δαύτους, να γλιτώσει πια η γη απ' αυτά τα καθάρματα!",,ddp,,,"['malice', 'spite', 'malevolence', 'wickedness']",malice; spite,Behavioral_Trait,0.44,1
EL502,κακία,NOUN,,"['υβριστική φράση', 'κακεντρέχεια', 'λοιδορία']","Συγκεκριμένη πράξη εκφοράς  υβριστικών σχολίων εναντίον άλλων, με σκοπό την προσβολή ή την υποτίμησή τους",,#survivorGR γυρνάει και η τελευταία της τετράδας που είχαν σκυλιάσει με την δημοφιλία της Κάτιας. Η κακία τους έμεινε. Σκύλες,,ddp,,,"['harsh words', 'insult', 'abusive remark']",harsh words: utterances intended to wound or demean,Event,0.44,1.09
EL1199,κακόβουλος,ADJ,,"['μοχθηρός', 'πονηρός', 'κακοπροαίρετος', 'εχθρικός']",Άτομο που ενεργεί με πρόθεση να βλάψει ή να προσβάλει.,,"Οι #NewYorkTimes το ανεβάζουν συνέχεια πάντως το αρθράκι χαχαχαχ πάει να πει ότι κάποιοι κακόβουλοι τεμπέληδες βουτυρομπεμπεδες πρωθυπουργοί , προσπαθούν να τους ρίξουν.. κρίμα που δεν θα τα καταφέρουν #ΜΕΤΟΝΚΥΡΙΑΚΟ !1!1!1 #ΝΔ_VR",,dmc,,,"['malicious', 'spiteful', 'malevolent', 'ill-intentioned']",malicious person,Person,1.19,1.13
EL1199,κακόβουλος,ADJ,,"['μοχθηρός (για πράξη)', 'φθοροποιός', 'συκοφαντικός']","Λόγος, πράξη ή κείμενο που εκδηλώνεται με πρόθεση πρόκλησης βλάβης· καταδίκη του περιεχομένου ως επιθετικού",,Coca-Cola Θεσσαλονίκη: Δικαίωση για την εταιρεία έναντι κακόβουλων ισχυρισμών  #bookmarks #greece,,dmc,,,"['malicious', 'spiteful', 'malevolent', 'vicious']",malicious: action or remark driven by intent to harm,Behavioral_Trait,1.19,0.29
EL1199,κακόγουστος,ADJ,,"['ακαλαίσθητος', 'κιτς τύπος', 'κιτσαριό', 'άγευστος']","Άτομο με φτωχή αισθητική κρίση, που επιλέγει ή προβάλλει ακαλαίσθητα πράγματα·",,Που παντρεύτηκες; Να ξέρω που δέχονται τόσο κακόγουστες νύφες! #MyStyleRocksGR,,dmc,,,"['tasteless', 'gaudy', 'vulgar', 'kitsch-lover']",person with bad taste,Person,0.42,1.11
EL1199,κακόγουστος,ADJ,,"['κιτς', 'ακαλαίσθητο', 'μπανάλ', 'κακής αισθητικής']","Πράγμα, ρούχο, διακόσμηση ή λεκτική πράξη που προσβάλλει το αισθητικό μέτρο, θεωρείται φτηνιάρικο ή απρεπές",,Βλέπεις ταινία των 80ς και ξαφνικά νιώθεις ότι μεγάλωσες στην Disneyland της κακογουστιάς …,,dmc,,,"['tacky', 'gaudy', 'kitschy', 'ugly']",tacky object: item or remark in very bad taste,Behavioral_Trait,0.42,0.5
EL1600,κακογράφος,NOUN,,"['ατάλαντος συγγραφέας', 'ψωνισμένος γραφιάς', 'συντάκτης τρίτης διαλογής']","Συγγραφέας που παράγει κείμενα χαμηλής ποιότητας, γεμάτα λάθη.",,"Ξεκίνησα την ""χειροποίητη"" ψηφιακή ζωγραφική πριν 4 χρόνια (είμαι 49) σαν απόδραση από κάποιες δύσκολες καταστάσεις. Είμαι αριστερόχειράς & κακογράφος.",,cds,,,"['poor writer', 'hack', 'bad author', 'scribbler']",bad writer,Person,0.35,
EL600,κακογράφω,VERB,,"['γράφω πρόχειρα', 'μουτζουρώνω', 'σκαρώνω πρόχειρα']","Πράξη παραγωγής κειμένου με λάθη, δυσανάγνωστο ή άτεχνο τρόπο, συχνά από βιασύνη ή έλλειψη επιμέλειας.",,"α λεπτομέρειες όπως μου έρθει το γράφω και δε με νοιάζει αλλά ότι κακογράφω ώρες ώρες, κακογράφω δλδ πολλά ρεπετίσιονς που με εκνευρίζουν",,cds,,,"['write poorly', 'scribble', 'scrawl']",act of writing badly,Repetitive_Action,0.33,
EL31,κακομεταχείριση,NOUN,,"['βασανισμός', 'κακοποίηση', 'βία', 'άδικη μεταχείριση']",Ενέργεια ή σειρά ενεργειών βίαιης ή άδικης συμπεριφοράς προς κάποιον ή κάτι.,,username Επίσης το ακατάλληλο περιβάλλον και η κακομεταχείριση από μόνα τους είναι επιζήμια για την ψυχ. υγεία username username,,re,,,"['mistreatment', 'abuse', 'ill-treatment', 'maltreatment']",mistreatment; abuse,Event,1.21,0.52
EL31,κακομεταχείριση,NOUN,,"['κακή χρήση', 'μισή φροντίδα', 'φθορά', 'κακοχρησία']","Κακή ή απρόσεκτη χρήση αντικειμένου, πολιτιστικού αγαθού ή άυλου πόρου, που προκαλεί φθορά ή υποβάθμιση",,#Τουρκία: Κακομεταχείριση των φοιτητών που συνελήφθησαν στις διαδηλώσεις #καταγγέλλει η αντιπολίτευση,,re,,,"['misuse', 'rough handling', 'mishandling', 'ill-use']",rough handling : damaging misuse of an object or resource,Event,1.21,
EL28,κακοποίηση,NOUN,,"['παραχάραξη', 'στρέβλωση', 'διαστρέβλωση', 'κακοχρησία']","Σκόπιμη παραποίηση λόγων, αλήθειας ή κανόνων, ιδίως στον δημόσιο λόγο",,Κακοποίηση της κυπριακής διαλέκτου σε σημείο ευτελισμού. Επιχειρήματα παρμένα κατευθείαν απ’ τα φαντάσματα του Ανατολικού μπλοκ. Γνωρίζουμε όλοι πού τους οδήγησε η διαστροφή της αλήθειας. #Κυπρος | #Cyprus | #Greeks,,re,,,"['distortion', 'misrepresentation', 'perversion', 'twisting']","distortion : deliberate misuse or falsification of language, facts or rules",Event,1.14,
EL28,κακοποίηση,NOUN,,"['βασανισμός', 'κακομεταχείριση', 'ξυλοδαρμός', 'βία']","Σωματική ή ψυχική βία σε άνθρωπο ή ζώο, που παραβιάζει δικαιώματα και τιμωρείται από τον νόμο",,Κατακραυγή για την κακοποίηση του γαϊδάρου στη Ζίτσα - Τώρα ο αντιδήμαρχος λέει ότι τον είχε τραυματίσει λύκος,,re,,,"['abuse', 'maltreatment', 'beating', 'violence']",act of abuse or violent mistreatment,Event,1.14,0.5
EL28,κακοποίηση,NOUN,,"['μονίμος βασανισμός', 'συνεχής βία', 'εξουθένωση', 'καταπίεση']",επαναλαμβανόμενη άσκηση σωματικής ή ψυχολογικής βίας σε αδύναμο άτομο ή ζώο,,"Στην Ελλάδα έχουμε μάθει να υποστηρίζουμε την κακοποίηση ανηλίκου,την άγρια δημόσια εν ψυχρώ δολοφονία ανηλίκου αλλά μας ενοχλεί όταν ένας ανήλικος κάνει coming out πχ Γιατί το επικίνδυνο για εσάς είναι το διαφορετικό όχι άρρωστο και το ηθικά και νομικά κολάσιμο",,re,,,"['continuous abuse', 'recurrent violence', 'oppression', 'persecution']",ongoing pattern of physical or psychological abuse,Repetitive_Action,1.14,1.02
EL395,κακοποιός,NOUN,,"['εγκληματίας', 'παραβάτης', 'ληστής', 'διαρρήκτης']",άτομο που διαπράττει παρανομίες ή βίαιες πράξεις,,Η Αστυνομία εντόπισε τον κακοποιό που επιτέθηκε στον Βασσάρα: Κακοποιός με «βαρύ» φάκελο είναι ο πρωτεργάτης της...,,an,,,"['criminal', 'offender', 'felon', 'burglar']",person who commits crimes,Person,1.25,0.5
EL395,κακοποιώ,VERB,,"['κακομεταχειρίζομαι', 'βασανίζω', 'ξυλοκοπώ', 'βιάζω']","ασκώ σωματική, ψυχολογική ή σεξουαλική βία σε πρόσωπο ή ζώο",,"Λαμία: Ο παππούς κακοποίησε το κοριτσάκι, παραιτήθηκε ο δικηγόρος του |",,an,,,"['abuse', 'mistreat', 'batter', 'molest']","to abuse physically, psychologically or sexually",Event,1.12,0.52
EL395,κακοποιώ,VERB,,"['βασανίζω', 'χτυπώ', 'τραυματίζω', 'παρενοχλώ']",Πράξη βίαιης ή ταπεινωτικής μεταχείρισης που προκαλεί σωματική ή ψυχική βλάβη,,Σοκ! Άφηνε τον παιδόφιλο φίλο της να κακοποιεί σεξουαλικά την εγγονή της  #ABCGN #greek #news #nea #kosmos #worldnews,,an,,," ['abuse', 'assault', 'mistreat']",abuse : to inflict physical or psychological harm repeatedly,Repetitive_Action,1.12,1.26
EL1199,κακός,ADJ,,"['πονηρός', 'μοχθηρός', 'αχρείος', 'δεινός']",Άνθρωπος με εχθρική διάθεση που επιδιώκει να βλάψει άλλους,,"Κατά βάθος δεν είναι κακό παιδί, σπουδάζει γεωπόνος.",,dmc,,,"['evil', 'malicious', 'wicked', 'vile']",malicious person who seeks to harm others,Person,0.37,0.41
EL1199,κακός,ADJ,,"['άθλιος', 'χάλια', 'μέτριος', 'απαράδεκτος']",Χαρακτηρισμός για πράγμα ή αποτέλεσμα χαμηλής ποιότητας ή δυσάρεστο στην εμπειρία· χρησιμοποιείται σε κριτικές και καθημερινά σχόλια,,Η καρδιά του είναι σε κακά χάλια.,,dmc,,,"['bad', 'lousy', 'poor', 'substandard']",poor-quality : object or outcome of low standard or unpleasant effect,Behavioral_Trait,0.37,0.18
EL488,κακοτέχνης,ADJ,,"['πρόχειρος μάστορας', 'ατάλαντος δημιουργός', 'τσαπατσούλης', 'ανίκανος τεχνίτης']",άτομο που δημιουργεί έργα με πρόχειρο ή  χωρίς δεξιότητα τρόπο,,,,cds,,,"['poor craftsman', 'incompetent artist', 'bungler', 'botcher']",person who produces shoddy or artless work,Person,0.56,
EL468,κακοτεχνώ,VERB,,"['τσαπατσουλεύω', 'μουντζουρώνω', 'ξεπέτα', 'πρόχειροδουλεύω']","εκτελώ εργασία πρόχειρα, χωρίς επιμέλεια και ποιότητα",,Μάλλον κακοτέχνησαν λαϊκίζοντα στερεότυπα στα ακροατήρια τους.,,qas,,,"['botch', 'bungle', 'slapdash', 'skimp']",to carry out work in a sloppy or substandard manner,Event,0.4,
EL468,κακοτεχνώ,VERB,,"['προχειροδουλεύω', 'χαλάω', 'σακατεύω', 'μουντζουρώνω']","Ενέργεια κατασκευής ή συγγραφής που εκτελείται πρόχειρα, χωρίς τεχνική ικανότητα, αφήνοντας εμφανή ελαττώματα· όρος που ακούγεται σε κριτική έργων, υπηρεσιών και κειμένων",,,,qas,,,"['botch', 'bungle', 'mess up', 'cobble']","botch : carry out a task clumsily, producing a shoddy result",Repetitive_Action,0.4,
EL2160,κακότροπος,ADJ,,"['δύστροπος', 'αφιλόξενος', 'σκληρός']","Ιδιότητα ή κατάσταση που αποδίδει σε κάτι (καιρό, ημέρα, ζώο κ.ά.) σκληρό, αφιλόξενο ή δύστροπο χαρακτήρα, προσομοιώνοντας ανθρώπινο θυμό ή δυσαρέσκεια",,#shoppingstar Ακυρο....κριμα ....τελικα εισαι κακοτροπη ...κριμα ????????,,svp,,,"['ill-tempered', 'harsh', 'unyielding']",ill-tempered: having a harsh or unaccommodating nature,Behavioral_Trait,1.03,0.57
EL2160,κακότροπος,ADJ,,"['δύστροπος', 'στριμμένος', 'μουτρωμένος', 'κακόκεφος']","Άτομο με γκρινιάρικη, δύστροπη διάθεση που δημιουργεί συνεχώς προβλήματα στις σχέσεις του· χαρακτηρίζεται από αγενή ή απότομη συμπεριφορά προς τους άλλους",,"#survivorGR είσαι ενοχλητικός & κακότροπος, άνθρωπε μου πέρα βρέχει.",,svp,,,"['cantankerous', 'grouchy', 'cranky', 'ill-tempered']","cantankerous: person with an ill-tempered, quarrelsome character",Person,1.03,
EL1170,κακούργημα,NOUN,,"['βαρύ έγκλημα', 'αδίκημα', 'φονικό', 'ληστεία']",σοβαρή ποινική πράξη που τιμωρείται με κάθειρξη,,username Δεν το είπα για σένα. Δεν σώζεται η απόφαση που πήρε το δικαστήριο. Πρέπει άμεσα να αλλάξει ο νόμος. Αναστέλλουσα δύναμη σε κακουργήματα είναι σκάνδαλο.,,re,,,"['felony', 'serious crime', 'heinous act', 'major offence']",serious crime punishable by long imprisonment,Event,1.24,0.45
EL469,κακοφτιάχνω,VERB,,"['τσαπατσουλεύω', 'χαλάω', 'μισοτελειώνω', 'μπαλώνω']",Δημιουργώ κάτι πρόχειρα με αποτέλεσμα να έχει χαμηλή ποιότητα,,"Τώρα πρέπει να μαζεύεις λουλούδια για να αναπληρώνεις τα θεραπευτικά φίλτρα... ωραία, αυτό ήταν που όλοι νόμιζαν ότι έλειπε από το πρώτο παιχνίδι. Και για να το κακοφτιάξουν, έχουν κινούμενα σχέδια για σχεδόν κάθε ενέργεια συλλογής.",,cds,,,"['botch', 'mess up', 'throw together', 'cobble']","to make something poorly, resulting in low quality",Event,0.33,
EL469,κακοφτιάχνω,VERB,,"['προχειροδουλεύω', 'χαλάω', 'μπαλώνω πρόχειρα', 'σακατεύω']","Εργασία κατασκευής ή σύνταξης που εκτελείται πρόχειρα, χωρίς τεχνική ικανότητα, αφήνοντας εμφανή ελαττώματα· λέξη που χρησιμοποιείται σε τεχνικές κριτικές ή καθημερινά παράπονα",,"Και δεχόμαστε την μοίρα μας την κακομοίρα μας, να πληρώνουμε τρελούς φόρους για να κακοφτιάχνουν άπαντες τα ίδια και τα ίδια.",,cds,,,"['botch', 'bungle', 'mess up']","botch : carry out a task clumsily, producing a shoddy result",Repetitive_Action,0.33,
EL671,καμόρα,NOUN,,"['νεοναπολιτάνικη μαφία', 'συνδικάτο εγκλήματος']","Εγκληματική οργάνωση τύπου μαφίας, καταγωγής Νάπολης, με οριζόντια δομή και πολυμελείς φατρίες· αναφορά συχνή σε διεθνή ρεπορτάζ",,Η «καμόρα» ξαναχτύπησε – Έβαλαν φωτιά στο σπίτι του Μπίκα -,,re,,,"['Camorra', 'criminal clan']",Camorra : Neapolitan mafia-type criminal organisation,Person,1.03,0.6
EL671,καμόρα,NOUN,,"['κλίκα', 'παράγκα', 'συνάφι']",Κλειστή ομάδα συμφερόντων που ελέγχει παρασκηνιακά έναν χώρο· επικριτικός χαρακτηρισμός σε πολιτικό ή δημοσιογραφικό λόγο,,Όλο το πρόβλημα της χώρας (που λέγεται Καμόρα/Στρατός Κατοχής του Δημοσίου) σε μια φωτό...#Μενδωνη#NewProfilePic,,re,,,"['clique', 'cabal', 'old-boys network']",shadow-clique : tight group exerting corrupt backstage control,Person,1.03,
EL953,καμπούρης,NOUN,,"['κυρτός', 'κουτσουρεμένος', 'καμποδούρης', 'καμπουροπλάτης']",άτομο με έντονη κύρτωση ράχης που συχνά δέχεται χλευασμό,,"... Ο Καραγκιόζης, ως λαϊκός ήρωας, εκπροσωπεί το φτωχό, εξαθλιωμένο, πονηρό Έλληνα, στο περιβάλλον της Τουρκοκρατίας. Είναι καμπούρης και περιστοιχίζεται από την οικογένειά του.Ζει σε παράγκα, είναι ξυπόλητος και μένει απέναντι από το παλάτι του Βεζίρη...!!;;",,ddf,,,"['hunchback', 'stooped person', 'crooked back', 'kyphotic']",hunchbacked person often subjected to mockery,Person,0.4,
EL260,κάπηλος,NOUN,,"['καιροσκόπος', 'συμφεροντολόγος', 'τυμβωρύχος', 'λαϊκιστής']",Άτομο – ιδίως πολιτικό ή σχολιαστή – που εκμεταλλεύεται ιερά ιδανικά ή ανθρώπινες τραγωδίες για ίδιο όφελος,,"«Αλλ η Κοκκινού, ως γυνή και ως κάπηλος, ήτο πλήρης νηφαλιότητος και πονηρίας. Ουδείς ηδύνατο να την φενακίση ευκόλως, και ουδέν τη εφαίνετο παράδοξον»",,qas,,,"['profiteer', 'opportunist', 'time-server', 'exploiter']",profiteer : person who cynically exploits lofty values or grief for gain,Person,0.47,
EL260,κάπηλος,NOUN,,"['μικροπωλητής', 'ψιλικατζής', 'μπακάλης']",Έμπορος μικρής κλίμακας που πουλά τρόφιμα ή άλλα βασικά αγαθά σε πάγκους ή καπηλεία της αγοράς,,"είναι ένας ιδιαίτερος νταβατζης, που έρχεται με κάτι συνθήματα όπως το μόνο ο λαός σώζει τον λαό Σου λέει  μην περιμένεις να σε σώσω εγώ  εσύ πρέπει να σωθείς  με τις δικές σου δυνάμεις και την αλληλεγγύη της υπόλοιπης εργατικής τάξης. Περίεργος νταβατζής και καπηλος το ΚΚΕ ",,qas,,,"['peddler', 'hawker', 'stall-holder']",peddler : small-scale vendor of everyday foodstuffs or drink,Person,0.47,
EL84,καραγκιοζιλίκι,NOUN,,"['γελοιοποίηση', 'μπούρδα', 'μασκαράτα', 'σαχλαμάρα']",γελοία πράξη ή συμπεριφορά που προκαλεί ντροπή,,Βλεπω ενα ντοκιμαντέρ με ενα βάτραχο που κανει κατι καραγκιοζιλίκια για να εντυπωσιάσει τη βατραχίνα και δεν απέχει καθόλου απο αυτα που κανετε κι εσείς εδω μεσα μπας και πηδήξετε κανα βυζοακκάουντ,,cds,,,"['buffoonery', 'clowning', 'farce', 'silliness']",ridiculous act causing embarrassment,Event,0.7,1.09
EL445,καριόλης,NOUN,,"['μπάσταρδος', 'παλιοχαρακτήρας', 'αλήτης', 'κοπρίτης']","υβριστικός χαρακτηρισμός για άνδρα που θεωρείται μοχθηρός, ύπουλος ή ανήθικος",,ρε καριολη #Λιγναδη μωρη βρωμιαρα #Μενδωνη_παραιτησου εχετε ακομα μουτρα να κυκλοφορειτε;,,cds,,,"['motherfucker', 'bastard', 'scumbag', 'jerk']",vulgar slur for a despicable or treacherous man,Person,1.31,1.38
EL1880,καρχαρίας,NOUN,,"['αρπακτικό', 'λαμόγιο', 'αιμοβόρος', 'κροκοδείλιας']",Άτομο ή οργανισμός που εκμεταλλεύεται αδίστακτα τους άλλους για οικονομικό όφελος,,"Ποιος ξέρει, μπορεί αύριο να γράψω κανένα βιβλίο για καρχαρίες και να τους χρειαστώ.",,an,,,"['shark', 'predator', 'ruthless dealer', 'vulture']",metaphor for a ruthless profiteer,Person,0.19,0.11
EL1875,κάστα,NOUN,,"['κλίκα', 'συντεχνία', 'ελίτ', 'φράξια']",κλειστή κοινωνική ομάδα που προστατεύει τα προνόμιά της,,"Πιθανώς, κανένας λαός στην ιστορία της ανθρωπότητας δεν έχει κυβερνηθεί, ή για την ακρίβεια «διαχειριστεί», από μια πολιτική και τεχνοκρατική κάστα που τον μισεί τόσο πολύ και είναι πιο πρόθυμη να τον εξαλείψει από τους σημερινούς Ευρωπαίους.RenaudCamus",,ps,,,"['caste', 'clique', 'elite', 'guild']",closed social group protecting its privileges,Person,0.28,
EL1875,κάστα,NOUN,,"['βραχμανική τάξη', 'κοινωνικό στρώμα']",Κλειστή κοινωνική τάξη του παραδοσιακού ινδικού συστήματος στρωμάτωσης,,To σύστημα των καστών συνιστά τον τρόπο διάρθρωσης της ινδικής κοινωνίας σε διαφορετικές ομάδες.,,ps,,,['caste'],caste (systemic group): hereditary social stratum in India,State,0.28,
EL2070,καταβροχθίζω,VERB,,"['καταπίνω', 'ξεσκίζω', 'ρουφάω', 'βουτάω']",Τρώω λαίμαργα μεγάλες ποσότητες σχεδόν αμάσητες,,"Όταν ακούω χοντρό άνθρωπο να λέει ότι δεν το τρώει το ένα, δεν τρώει το άλλο, δεν του αρέσει το παρ'αλλο το φαντάζομαι μπροστά στο ψυγείο το βράδυ να καταβροχθίζει τα πάντα που δεν τον βλέπει κανείς!",,cds,,,"['devour', 'gobble', 'wolf down', 'gulp']",to devour food greedily,Event,0.37,1.07
EL2070,καταβροχθίζω,VERB,,"['ξοδεύω αλόγιστα', 'ρουφώ πόρους', 'τρώω προίκα']","Η ενέργεια γρήγορης σπατάλης ή απορρόφησης χρήματων, χρόνου ή πληροφοριών, αφήνοντας ελάχιστα αποθέματα",,"Η Λωρίδα της Γάζας έχει γίνει το μεγαλύτερο στρατόπεδο συγκέντρωσης στον πλανήτη. Κάτω από το απόλυτο εμπάργκο του ισραηλινού στρατού, η πείνα και η δίψα καταβροχθίζουν τον παλαιστινιακό λαό της Γάζας. Κάτω από την απολύτως εκκωφαντική σιωπή όλης της ανθρωπότητας. 🇵🇸",,cds,,,"['gobble up', 'eat up', 'drain']","gobble up (resources): consume money, energy or data at great speed",Repetitive_Action,0.37,
EL1432,καταδικάζω,VERB,,"['κατακρίνω', 'τιμωρώ', 'επικρίνω', 'ψέγω']",αποφαίνομαι ένοχος/η και επιβάλλω ποινή ή εκφράζω αυστηρή αποδοκιμασία,,"Και τον συλλαμβάνουν τον κύριο με την κατηγορία ότι τροφοδοτούσε τα γερμανικά υποβρύχια -αλήθεια, ψέματα, δεν ξέρω- και τον περνάνε από στρατοδικείο, και τον καταδικάζουν είκοσι χρόνια φυλακή.",,cds,,,"['condemn', 'sentence', 'denounce', 'convict']",to pronounce guilt and impose a sentence or to denounce strongly,Event,0.28,0.45
EL1432,καταδικάζω,VERB,,"['επικρίνω', 'αποδοκιμάζω', 'μεμφόμαι', 'ψέγω']","Λεκτική ενέργεια δημόσιας αποδοκιμασίας που απορρίπτει πράξη ή φαινόμενο ως ηθικά απαράδεκτο, συχνή σε πολιτικές δηλώσεις",,"Από τη μια το θρησκόληπτο σύστημα καταδικάζει τον Παστίτσιο, από την άλλη οι άθεοι συχνά αντιμετωπίζουν τους θρήσκους ως a priori ηλίθιους.",,cds,,,"['condemn', 'denounce', 'censure', 'decry']",condemn : publicly express strong disapproval of an act or situation,Repetitive_Action,0.28,0.8
EL1035,καταστροφέας,NOUN,,"['ολετήρας', 'αρπακτικό', 'γκρεμιστής', 'σαμποτέρ']","άτομο που προκαλεί μεγάλη φθορά ή αποτυχία σε οργανισμό, οικονομία ή σχέδια",,Ο καταστροφέας του Αμαρουσίου super man ΠΑΤΟΥΛΗΣ θέλει να ηγηθεί της ΝΔ.  … … …,,ps,,,"['destroyer', 'wrecker', 'vandal', 'shredder']",person that causes significant destruction,Person,1.17,1.04
EL26,κατάχρηση,NOUN,,"['υπερβολή', 'κακομεταχείριση', 'εκμετάλλευση', 'υπερκατανάλωση']","συνεχής και υπερβολική χρήση εξουσίας, ουσίας ή δικαιώματος",,Εισβολή στην Ουκρανία: Ο πάπας Φραγκίσκος χαρακτήρισε τον πόλεμο «διεστραμμένη κατάχρηση εξουσίας»,,re,,,"['abuse', 'overuse', 'misuse', 'exploitation']","continuous excessive use of power, substance or right",Repetitive_Action,1.08,0.26
EL26,κατάχρηση,NOUN,,"['αυθαιρεσία', 'κακοδιαχείριση', 'υπεξαίρεση', 'δυσπραγία']","Παράνομη ή αθέμιτη χρήση εξουσίας, χρημάτων ή ιδιότητας, που ζημιώνει τρίτους και τιμωρείται από τον νόμο",,Κινδυνεύουν να χαθούν ζωές από λοιμώξεις επειδή δεν δρουν πια τα αντιβιοτικά λόγω κατάχρησης',,re,,,"['abuse', 'misuse', 'peculation', 'malfeasance']",abuse (power/funds) : illegal or improper use of authority or money,Event,1.08,0.21
EL30,καταχρηστικός,ADJ,,"['αυθαιρετικός', 'βίαιος', 'εξουσιαστικός', 'καταπιεστικός']",επίθετο για συμπεριφορά που παραβιάζει όρια και εκμεταλλεύεται τους άλλους,,Παράνομη και καταχρηστική η στάση εργασίας της ΔΟΕ και της ΟΛΜΕ για αύριο,,re,,,"['abusive', 'exploitative', 'overbearing', 'oppressive']",describing behavior that violates limits and exploits others,Behavioral_Trait,0.58,0.45
EL30,καταχρηστικός,ADJ,,"['αυθαίρετος', 'καταπιεστικός', 'εξουσιαστικός']","Άτομο που ασκεί εξουσία ή επιρροή με τρόπο χειριστικό ή εξουσιαστικό, υπερβαίνοντας τα νόμιμα ή ηθικά όρια και προκαλώντας ψυχολογική ή συναισθηματική βλάβη σε άλλους",,"Ένας καταχρηστικός σύντροφος μπορεί να είναι τρυφερός, φροντιστικός και να εκδηλώνει την αγάπη του, όταν το ταίρι του καλύπτει τις ανάγκες του και είναι συνεχώς διαθέσιμο για εκείνον.",,re,,,"['abusive', 'exploitative', 'oppressive']",abusive: describing a person who uses power or influence unfairly to harm others,Person,0.58,
EL30,καταχρηστικός,ADJ,,"['άδικος', 'εκμεταλλευτικός', 'παράνομος']","Πράξη, ρήτρα ή συμπεριφορά που ασκείται πέρα από τα επιτρεπτά όρια, δημιουργεί άνιση μεταχείριση ή υπέρμετρη ζημία και κρίνεται άδικη από τον νόμο ή την κοινωνική ηθική",,"Ο καταχρηστικός #δικαιωματισμός της #woke agenda, ο οποίος προωθείται συστηματικά από τις πολιτικές ελιτ αποτελεί τον δούρειο ίππο κάθε κοινωνίας, στοχεύοντας στην κατάλυση των συνεκτικών της δεσμών.",,re,,,"['abusive', 'exploitative', 'unfair']",abusive (practice) : unfair or exploitative act that exceeds rightful limits,Behavioral_Trait,0.58,
EL410,κατεργαριά,NOUN,,"['πονηριά', 'αταξία', 'κομπίνα', 'λαμογιά']",πονηρή πράξη που γίνεται για ίδιο όφελος σε βάρος άλλων,,"""Ο αδύνατος ανακάλυψε την κατεργαριά και μ´αυτήν συχνά νίκησε τους ""δυνατούς"" Ιων Δραγούμης.Φτου σας ξεφτιλες!",,cds,,,"['trick', 'prank', 'scam', 'scheme']",cunning trick done for one's benefit at others’ expense,Event,0.56,
EL410,κατεργαριά,NOUN,,"['πονηρία', 'αλητεία', 'μαγκιά', 'αναισχυντία']",σταθερή ροπή κάποιου να σκαρώνει πονηρές πράξεις,,@username πονηρό θηλυκό κατεργάρα γυναίκα!,,cds,,,"['cunning', 'roguery', 'rascality', 'craftiness']",habitual tendency to devise sly deeds,Behavioral_Trait,0.56,
EL2302,κατσαρίδα,NOUN,,['κατσαριδάκι'],"έντομο νυκτόβιο, καφέ ή μαύρο, που κρύβεται σε υγρά και βρώμικα μέρη",,Άγιος Παντελεήμονας: Κλεισμένα στο σπίτι και σε καθεστώς φρίκης τα 3 παιδιά που ζούσαν μέσα σε ποντίκια και κατσαρίδες,,an,,,"['cockroach', 'roach']","nocturnal insect living in damp, dirty places",Object,0.21,0.4
EL2302,κατσαρίδα,NOUN,,"['σκουλήκι', 'βδελύγμα', 'βρομιάρης', 'παράσιτο']","υβριστικός χαρακτηρισμός για άτομο που θεωρείται επίμονο, αηδιαστικό και ανθεκτικό, σαν το έντομο",,"username Ο Στηβ τους θεωρεί όλους κατσαρίδες, απλά τις ελάχιστες στιγμές που δεν είναι θυμωμένος μπορεί να το κρύψει",,an,,,"['roach', 'vermin', 'worm', 'parasite']",insult for someone viewed as disgusting and persistent like a cockroach,Person,0.21,1.03
EL2500,κατσίβελος,NOUN,,"['γύφτος', 'τσιγγάνος']",Περιφρονητικός χαρακτηρισμός για άτομο βλάχικης ή Ρομά καταγωγής· δηλώνει «ακάθαρτο» ή «κατώτερο» και θεωρείται λόγος μίσους,,Δες τον κατσίβελο τι φοράει!,,ps,,,"['gypsy', 'roma']",dated slur referring to a Roma person,Person,0.58,
EL714,κατσίκα,NOUN,,"['γίδα', 'τραγίνα']","θηλυκό μηρυκαστικό με κέρατα, οικόσιτο για γάλα και κρέας",,"username Αν πάνε μετανάστες στην Μάνη,θα πηδιούνται με κατσίκες και με σκύλους στα βράχια ασταμάτητα μερα νύχτα...είναι kinky αγόρια οι ισλαμιστες...",,an,,,"['goat', 'nanny goat']",female goat kept for milk and meat,Object,0.35,0.9
EL714,κατσίκα,NOUN,,"['κότα', 'γίδα', 'ηλίθια', 'σκύλα']","υβριστικός τίτλος για γυναίκα που θεωρείται κουτή, κακότροπη ή ενοχλητική",,username username username Εσυ κι ο Νίκος είστε οι κατσίκες,,an,,,"['stupid woman', 'bitch', 'nag', 'goat (insult)']","insult for a woman deemed stupid, unpleasant or annoying",Person,0.35,1.07
EL718,κατσίκι,NOUN,,"['ριφάκι', 'κατσικάκι', 'ζυγουράκι']","μικρό ηλικιακά αίγειο, συνήθως μέχρι τον απογαλακτισμό",,username ..και τον Αρχαγγελων οι σφαχταδες κ οι κρεοπωλαι...γιατι κ τα κατσικια εχουν ψυχούλες...,,an,,,"['kid', 'young goat']",young goat before weaning,Object,0.3,0.43
EL718,κατσίκι,NOUN,,"['γκαντέμης', 'looser', 'μαύρη γάτα']",Άτομο γκαντέμη ή άτυχο στα παιχνίδια· ειρωνικός υποτιμητικός χαρακτηρισμός,,Το ματς #paoxan διακόπηκε λόγω πλημμύρας και το #pgsslev 5 χιλιόμετρα παραπερα παίζει κανονικά.  Αλαφούζε δεν είσαι απλα γκαντεμης περπατάς και αφήνεις πίσω οπλές. Κατσίκι είσαι.#paofc,,an,,,"['loser', 'jinx', 'clumsy']",loser (slang): person labelled unlucky or inept,Person,0.3,
EL741,καυλί,NOUN,,"['πούτσος', 'πέος', 'τσουτσούνι', 'εργαλείο']","ανδρικό γεννητικό όργανο, σε χυδαία λεκτική χρήση",,Θα σας το πω σαν να ήμουν Θεσσαλονικιός αυτό που θα φάτε όσοι τολμήσετε και ψηφίσετε την #Συμφωνια_Πρεσπων ΜΠΟΥΓΑΤΣΑ ΜΕ ΚΑΥΛΙ #Συλλαλητήριο #ΧΟΥΝΤΑ_Τσιπρα #syriza_xeftiles #ερχεται_ΠΟΥΤΣΑ_Μακεδονικη #ΕΛΛΑΔΑ,,asm,,,"['cock', 'dick', 'penis', 'member']","male genital organ, vulgar term",Object,1.33,0.9
EL741,καυλί,NOUN,,"['θεογκόμενος', 'θεογκόμενα', 'τουμπανάκι', 'φωτιά']",χυδαία αλλά συχνά κολακευτική προσφώνηση προς άτομο που θεωρείται σεξουαλικά ελκυστικό,,username Αχαχαχαχαχα αχαχαχαχαχα αχαχαχαχαχα το καυλι της ΔΕΗ ήταν η αρχή για την καυλαντα,,asm,,,"['hottie', 'stud', 'babe', 'sexy']",vulgar yet flattering term for someone seen as sexually attractive,Person,1.33,1.38
EL741,καυλί,NOUN,,"['πανωλεθρία', 'ξεφτίλα', 'τάπωμα']","Δυνατή τιμωρία, κατατρόπωση ή ταλαιπωρία· λέξη-εικόνα για άσχημη εμπειρία που «παθαίνει» κάποιος",,Εισαι ninja λεμε RT username Σηκωμενα καυλια vs σηκωμενοι γιακαδες = τρια - μηδεν ημιχρονο . #paok,,asm,,,"['hammering', 'thrashing', 'shafting']",hammering (slang): severe defeat or hardship,Event,1.33,1.16
EL480,καυχησιάρης,ADJ,,"['ψωροπερήφανος', 'φαντασμένος', 'κοκοράκι', 'υπερόπτης']",άτομο που μιλά διαρκώς για τα κατορθώματά του με υπερβολή για να εντυπωσιάσει τους άλλους,,"Μην είσαι καυχησιάρης, είναι ντεκαυλέ.",,cds,,,"['braggart', 'boaster', 'show-off', 'blowhard']",person who constantly brags about his achievements,Person,0.58,
EL571,κενοδοξία,NOUN,,"['ματαιοδοξία', 'φιλαυτία', 'υπερηφάνεια', 'επιφανειακότητα']","Εσωτερική ροπή επίδειξης και αναζήτησης μάταιης δόξας, που εκδηλώνεται με επιφανειακές πράξεις θαυμασμού",,"#survivorGR μας έχεις πρήξει & εσύ και ο ""στόχος"" σου. έχεις καταστρέψει ένα ολόκληρο παιχνίδι, μόνο και μόνο για να ικανοποιήσεις την κενοδοξία & το τεράστιο κόμπλεξ που κουβαλάς από το '21. ΜΟΝΟ άτιμα έχεις πορευτεί στο παιχνίδι.ο ορισμός του ""πατάω επί πτωμάτων""",,cds,,,"['vanity', 'conceit', 'hollowness', 'vainglory']",empty vanity and showiness,Behavioral_Trait,0.37,
EL461,κερατάς,NOUN,,"['απατημένος', 'κορόιδο', 'κοιμισμένος']","άνδρας του οποίου η σύντροφος τον απατά, συχνά αντικείμενο χλευασμού",,"«Αυτός ο κόσμος, ο κερατάς, - μου 'λεγε μία φορά η φίλη μου η Βιργινία - λες κι είναι καμωμένος μόνο γι' αυτούς που ξέρουν να καταπατούν.",,an,,,"['cuckold', 'cheated husband', 'dupe', 'sucker']","man whose partner cheats on him, often mocked",Person,1.28,0.6
EL461,κερατάς,NOUN,,"['παλιοτόμαρο', 'ξεφτέρι', 'κέρατο', 'σκατόψυχος']","Πονηρός, δόλιος ή «σκληρός» άντρας· δευτερεύουσα χρήση που εστιάζει στο ζώο με κέρατα, όχι στην απιστία",,"Σκέφτομαι αν θα πρέπει να παίξω τον μπάτσο που γαβγίζει, μιας και μπήκα από σπόντα στην τηλεόραση, μα αυτάς ο κερατάς φωνάζει εκ του ασφαλούς σε γυναίκες και σε διάφορους ψιλικατζήδες, ενώ εγώ έχω μπροστά μου τον Ντελόπουλο.",,an,,,"['bastard', 'scoundrel', 'horned one']","bastard (slur) : ruthless, crafty man likened to a horned beast",Person,1.28,1.02
EL460,κερατώνω,VERB,,"['απατώ', 'ξενοπηδάω', 'κοροϊδεύω', 'ρίχνω κέρατο']",πράξη απιστίας απέναντι σε μόνιμο σύντροφο,,username Στέλνει μήνυμα σε όποιες κερατώνουν τον κερατά να βρίσκουν πιο πιστευτή δικαιολογία. Χάθηκε να πει παίζαμε τάβλι με μια φίλη και δεν κατάλαβα ότι πέρασε η ώρα;,,an,,,"['betray', 'cheat', 'two-time', 'be unfaithful']",to cheat on one's steady partner,Event,0.7,0.47
EL460,κερατώνω,VERB,,"['κερατώνω', 'απατώ', 'ξενοπηδάω']","απατώ συστηματικά τον ερωτικό σύντροφο, διατηρώντας κρυφή εξωσυζυγική σχέση",,Η απόλυτη καυλα να κερατώνω τον δικό μου με κάποιον μέσα από εδώ  και να μην ξέρει τίποτα αυτός,,an,,,"['cuckold', 'have an affair']",cheat on (a partner),Repetitive_Action,0.7,
EL1078,κίβδηλος,ADJ,,"['ψεύτικος', 'πλαστός', 'μαϊμού', 'νόθο']",πράγμα πλαστό που παρουσιάζεται ως αυθεντικό,,Κίβδυλο αργυρό τετράδραχμο με κεφαλή Απόλλωνα. Αρχαιολογικό Μουσείο Αμφίπολης,,dmc,,,"['fake', 'counterfeit', 'bogus', 'spurious']",counterfeit item passed off as genuine,Object,0.53,
EL1078,κίβδηλος,ADJ,,"['ψεύτικος', 'απάτηλος', 'υποκριτικός']","Ιδιότητα που χαρακτηρίζει ιδέα, λόγο ή αντικείμενο ως ψεύτικο, παραπλανητικό και χωρίς πραγματική αξία",,Αρα & το επιχείρημα του Τσίπρα τότε ήταν κίβδυλο @username. Eτσι Βίτσα?,,dmc,,,"['phony', 'sham']","bogus (quality): lacking authenticity or value, deceptive",Behavioral_Trait,0.53,
EL1078,κίβδηλος,ADJ,,"['απατεώνας', 'ψεύτης', 'λαμόγιο', 'παραχαράκτης']",χαρακτηρισμός για άτομο που εξαπατά παρουσιάζοντας ψεύτικη εικόνα,,Και ένας κίβδυλος λαός να τον στηρίζει...,,dmc,,,"['fraud', 'impostor', 'phony', 'charlatan']",label for someone who deceives by presenting a false image,Person,0.53,
EL838,κίναιδος,NOUN,,"['πούστης', 'αδελφή', 'λουλουδής', 'ομοφυλόφιλος (υβρ)']","Υβριστικός χαρακτηρισμός για άνδρα που εκλαμβάνεται ως σεξουαλικά παθητικός, θηλυπρεπής ή γενικά «ανήθικος», χρησιμοποιείται ιστορικά και στη σύγχρονη ομοφοβική ρητορική",,Αυτος ο κίναιδος είναι η καλλιτεχνάρα μας ρε οπισθοδρομικοί που ζωγράφιζε την ΠΑΝΑΓΙΑ ΜΑΣ ΚΑΙ ΤΟΝ ΧΡΙΣΤΟ ΜΑΣ σαν καρτουν!!Φυσικα δεν θα το εκανε για τον Μωαμεθ γιατι εκει το ασχημο κεφαλι του θα ειχε φυγει απο την θεση του,,om,,,"['faggot', 'queer', 'poof', 'gay (slur)']",obsolete slur for a gay man,Person,0.7,
EL2195,κινέζικος,ADJ,,"['κινέζικο', 'φτηνιάρικο', 'μαϊμού', 'απλοποιημένο']","προϊόν, φαγητό ή πολιτιστικό αγαθόπροερχόμενη από Κίνα, συχνά υπονοείται χαμηλής ποιότητας",,"Το έργο ήταν φυσικά αμερικάνικο, αλλά και κινέζικο να ήταν, θα πήγαινε.",,ps,,,"['Chinese', 'cheap', 'knockoff', 'shoddy']","item or script from China, often implying low quality",Behavioral_Trait,0.23,0.36
EL2195,κινέζικος,ADJ,,"['ακαταλαβίστικος', 'κινέζικα (ως ουσ.)']",Λόγος ή κείμενο τόσο δυσνόητο που ακούγεται «σαν ξένη γλώσσα».,,Ο Φάνης τον κοιτάζει σαν να του μιλάει κινέζικα.,,ps,,,"['incomprehensible', 'gobbledygook']",gibberish / Greek-to-me,Behavioral_Trait,0.23,0.31
EL696,κινέζος,ADJ,,"['ασιάτης', 'κινεζούλης']","άνδρας κινεζικής καταγωγής, συχνά χρησιμοποιείται ρατσιστικά",,"username username username Κινέζος είναι ο κύριος, δώστε μου το τηλέφωνό του! Λυπούμαι, κύριε, είστε φαιδρός εγκάθετος.",,ps,,,"['Chinese man', 'Chinaman', 'Asian man', 'oriental']","Chinese man, sometimes used in racist way",Person,0.28,1.07
EL696,κινέζος,ADJ,,"['ανήξερος (επιτηδευμένος)', 'ξένος']",Άτομο που παριστάνει ότι δεν καταλαβαίνει για να αποφύγει ευθύνη («κάνει τον Κινέζο»),,Επιτέχους κάποτε φάνηκε ο Κινέζος γιατρός και από το ύφος του ο Βίκτωρας κατάλαβε ότι τα νέα δεν ήταν καλά.,,ps,,,"['play innocent', 'pretend ignorance']",playing dumb,Person,0.28,0.29
EL861,κιοτής,NOUN,,"['δειλός', 'φοβητσιάρης', 'μαλθακός', 'λίγος']",άνθρωπος που δειλιάζει και αποφεύγει τον κίνδυνο,,Ο μεγαλύτερος κιοτής της πολιτικής. Τον αμφισβήτησε ο Πολάκης και αυτός βρίζει τον Τσίπρα και τους «87».,,cds,,,"['coward', 'chicken', 'scaredy-cat', 'wimp']",cowardly person who shuns danger,Person,0.47,
EL2126,κλαυθμυρίζων,ADJ,,"['κλαψιάρης', 'μίζερος', 'θρηνωδός', 'παραπονιάρης']","άτομο που συνεχώς γκρινιάζει και θρηνεί με υπερβολή, ζητώντας οίκτο για μικροδυσκολίες",,"Τον αυτόπτη μάρτυρα, κλαυθμυρίζων για έλλειψη χρημάτων, κανείς δεν τον πίστεψε.",,cds,,,"['whiner', 'crybaby', 'complainer', 'moaner']",someone who constantly whines and laments exaggeratedly,Person,nan,
EL2126,κλαυθμυρίζων,ADJ,,"['μοιρολογίστικος', 'θρηνωδός']","Ύφος κειμένου ή ομιλίας γεμάτο υπερβολικό κλάμα και αυτοοικτιρμό, δυσνόητο ή ενοχλητικό",,"Εφηύρε το σύγχρονο blues κιθάρας με τις διατηρημένες νότες και τον κλαυθμυρίζοντα τόνο.... πριν από τον BB, η blues κιθάρα ήταν αρκετά twangy.",,cds,,,"['whimpering', 'puling', 'maudlin']",whimpering (tone) : speech filled with self-pity,Behavioral_Trait,nan,
EL2282,κλέβω,VERB,,"['αρπάζω', 'ληστεύω', 'κάνω κλοπή', 'τσεπώνω']","παίρνω ξένη ιδιοκτησία χωρίς άδεια, με σκοπό να την κρατήσω",,username Ναι δεν κλέβει τηλέφωνα να επικοινωνεί με την γκομενα ουτε στήνει κλικες από την αρχή του παιχνιδιου,,re,,,"['steal', 'rob', 'snatch', 'pilfer']",take someone else's property without permission,Event,0.59,1.07
EL2282,κλέβω,VERB,,"['ξεζουμίζω', 'λαφυραγωγώ']","Πράξη κλοπής κατ’ επάγγελμα ή συνήθεια, συστηματικά και οργανωμένα",,"Η μάγισσα αυτή που μου 'χε κλέψει τον άντρα μου, μου 'κλεβε τώρα και το γιο μου!",,re,,,"['thieve', 'pilfer', 'plunder']",thieve : steal habitually or professionally,Repetitive_Action,0.59,1.17
EL1930,κλέφτης,NOUN,,"['κλέφτορας', 'ληστής', 'ποντικός', 'τσαντάκιας']",Άνδρας που ιδιοποιείται ξένα πράματα· μειωτικός όρος για ανέντιμο άτομο,,"username  που έχει δίκιο στο θέμα της τυπικής αμοιβής βασικά. Αλλά Ελλάδα τώρα, ξέρεις.. μέχρι κ θεό είχαμε που ήταν των κλεφτών κ των εμπόρων.",,cds,,,"['thief', 'robber', 'stealer', 'burglar']",person who illegally takes another's property,Person,0.7,0.51
EL1437,κλεψιά,NOUN,,"['κλοπή', 'αρπαγή', 'ληστεία', 'κλέψιμο']","Πράξη παράνομης αφαίρεσης ξένου πράγματος, συντελούμενη στιγμιαία, συνήθως με μυστικότητα ή βία, και τιμωρούμενη από τον νόμο",,"Συνήθως καθένας είχε δικό του κανάτι, χωρίς αυτό σημαίνει ότι δεν υπήρχαν και κρούσματα κλεψιάς.",,cds,,,"['theft', 'stealing', 'robbery', 'pilfering']",act of taking someone else's property unlawfully,Event,1.14,0.57
EL380,κλίκα,NOUN,,"['συμμορία', 'παρέα', 'υποομάδα', 'συνωμοτική ομάδα']",μικρή κλειστή ομάδα ατόμων με κοινά συμφέροντα που ενεργεί υπόγεια αποκλείοντας τους άλλους,,Είναι απίστευτο ότι κάθεται η μισή ομάδα και απολογείται που ψήφισαν παλτο Ρούβα και όχι η Ναυσικά που ψήφισε Τζο. Η δύναμη της κλίκας #survivorgr,,cds,,,"['clique', 'cabal', 'inner circle', 'gang']",secretive clique acting for its own benefit,Person,0.37,0.3
EL2041,κλόουν,NOUN,,"['γελωτοποιός', 'σαχλαμάρας', 'καραγκιόζης', 'κωμικός']",άτομο που φέρεται ανόητα ή γελοιοποιείται προκαλώντας γέλιο και χλευασμό,,Δεν ντρέπεστε να παριστάνετε τους κλόουν; Να πάτε στο τσίρκο να πιάσετε δουλειά.,,dmc,,,"['clown', 'buffoon', 'fool', 'jester']","person acting foolishly, a clown",Person,1.05,0.4
EL1438,κλοπή,NOUN,,"['κλεψιά', 'ληστεία', 'αρπαγή']",παράνομη αφαίρεση ξένης περιουσίας χωρίς συναίνεση του κατόχου,,"«Κι αν έρχονταν η γυναίκα με το γιο του και δεν μπορούσαν να μπουν;» «Θα τους έλεγε ότι έγινε απόπειρα κλοπής και άλλαξε τις κλειδαριές, για να είναι ήσυχος» του απαντάει ο Παπαδάκης.",,re,,,"['theft', 'stealing', 'robbery']",unlawful taking of someone else’s property,Event,1.07,0.33
EL1123,κοιλιόδουλος,ADJ,,"['λαίμαργος', 'φαγανός', 'καλοφαγάς', 'γαστρίμαργος']",άνθρωπος που υποτάσσεται στις γαστριμαργικές επιθυμίες και τρώει υπερβολικά,,"Είναι κι αυτός -να μη βασκαθεί- λαίμαργος και κοιλιόδουλος, σαν το μακαρίτη τον Αντώνη.",,svp,,,"['glutton', 'gourmand', 'greedy eater', 'food addict']",person enslaved to gluttony,Person,1.12,395
EL2172,κοινότοπος,ADJ,,"['τετριμμένος', 'ανιαρός', 'μπανάλ', 'βαρετός']",χαρακτηρισμός λόγου ή ιδέας που στερείται πρωτοτυπίας και επαναλαμβάνει φθαρμένα σχήματα,,Κρίτωνας Κούτσι: «Ο εθνικισμός στην Αλβανία είναι κοινότοπος»,,cds,,,"['trite', 'banal', 'commonplace', 'dull']","banal, lacking originality",Behavioral_Trait,0.42,
EL2172,κοινότοπος,ADJ,,"['τετριμμένος', 'κοινότυπος', 'ανιαρός']","Άτομο – ιδίως συγγραφέας, ομιλητής ή πολιτικός – του οποίου ο λόγος ή το έργο στερείται πρωτοτυπίας και επαναλαμβάνει τετριμμένες ιδέες, προκαλώντας πλήξη στο ακροατήριο.",,"Κοινότοπος δε λες τίποτα. Και στη προσπάθειά του κάθε μέρα να βρίσκει να γράφει κι από 4-5 εξυπνάδες, πράγμα αδύνατον για κάποιον τόσο ατάλαντο όσο αυτός, αναγκαστικά καταφεύγει στο τοξικό μίσος & στις σιχαμερές χοντράδες. Και στο βάθος ψυχολογικές ανάγκες που δεν είναι παρόντος.",,cds,,,"['banal', 'trite', 'cliched']",banal person : someone whose output is dull and unoriginal,Person,0.42,
EL752,κόκορας,NOUN,,"['ψωνισμένος', 'μαγκάκος', 'φουσκωτός', 'καυχησιάρης']",άντρας που επιδεικνύει υπερβολική αυτοπεποίθηση και προσβλητική θρασύτητα,,Καμάρωνε σαν κόκορας ο Τζόνυ.,,asm,,,"['braggart', 'show-off', 'cocky guy', 'swaggerer']","overconfident, swaggering man",Person,0.26,0.44
EL2251,κόλακας,NOUN,,"['γλείφτης', 'υποτακτικός', 'μαλαγάνας']",άτομο που επαινεί υπερβολικά και ανειλικρινώς για προσωπικό όφελος,,"Μη φοβάστε τους κόρακες,τους κόλακες να φοβάστε!!",,cds,,,"['flatterer', 'sycophant', 'toady', 'yes-man']",sycophant who flatters for gain,Person,0.51,628
EL598,κολοκύθα,NOUN,,"['χαζός', 'μπούφος', 'ζαβός', 'βλάκας']",υβριστικός χαρακτηρισμός για άτομο που θεωρείται χαζό ή ανίκανο,,"Παίζουν την κολοκυθιά, είναι εντελώς γελοίοι",,or,,,"['dummy', 'dunce', 'idiot', 'fool']",insult for someone deemed stupid,Person,0.07,0.52
EL598,κολοκύθα,NOUN,,"['σαχλαμάρες', 'ανοησίες', 'αρλούμπες']",Ασήμαντα ή άσχετα επιχειρήματα· λόγια χωρίς ουσία,,"κολοκύθια μάντολες γλυκειά μου! αλλού αυτά, στον #ανθρακέα αυτό είναι το κοινό σου",,or,,,"['nonsense', 'baloney', 'hogwash']",nonsense : irrelevant or silly talk,Event,0.07,
EL564,κομπασμός,NOUN,,"['καύχημα', 'αλαζονεία', 'αυταρέσκεια', 'υπεροψία']",ενοχλητική συνήθεια συνεχούς αυτοπροβολής και υπερβολικής καυχησιολογίας,,"username username Δεν σε βλέπω όμως να ζεις την ζωή σου σύμφωνα με την δική σου θρησκεία (την αθεΐα)! Μεγαλοστομίες, κομπασμοί , γενικεύσεις και υποδείξεις...",,svp,,,"['boasting', 'bragging', 'vaunting', 'arrogance']",habitual boasting and self-glorification,Repetitive_Action,0.47,0.37
EL564,κομπασμός,NOUN,,"['κομπασμοί', 'φανφάρες']","Πράξεις ή δηλώσεις καυχησιάς που διατυπώνονται δημόσια, συνήθως σε πολιτικό πλαίσιο",,"Γλάρωνε κι έσκυβε το φαλακρό του κεφαλάκι χαμηλά, για να μη δει ο Θεός τον κομπασμό του και τον τιμωρήσει.",,svp,,,"['boasts', 'brags', 'chest-thumping']",boasts (pl.) : public acts of bragging,Event,0.47,0.29
EL478,κομπαστής,NOUN,,"['καυχησιάρης', 'φαφλατάς', 'αλαζόνας', 'φλυαρόφανος']",πρόσωπο που μιλά διαρκώς με έπαρση για τις επιτυχίες του,,Θεσσαλός κομπαστής. Έχει παίξει σχεδόν 10 φορές με τον Εμμανουήλ και κομπάζει για τα ποσοστά του. #SurvivorGR,,cds,,,"['braggart', 'show-off', 'blowhard', 'boaster']",boastful person,Person,0.51,
EL874,κομπογιαννίτης,NOUN,,"['ψευτογιατρός', 'αγύρτης', 'θεραπευτής της συμφοράς', 'τσαρλατάνος']",Άτομο που παριστάνει τον ειδικό –κυρίως τον γιατρό– χωρίς επαρκείς γνώσεις· εξαπατά με ψευδοθεραπείες.,,Τι έχει να πει ο κάθε κομπογιαννίτης που συνεχίζει να μιλάει για μπόλια;;,,ddp,,,"['quack', 'charlatan', 'fake healer', 'snake-oil doctor']",quack doctor,Person,1.21,
EL969,κομφορμισμός,NOUN,,"['συμμορφωτισμός', 'προσαρμοστισμός', 'κοινωνική υποταγή', 'ομαδοποίηση']",τάση άκριτης αποδοχής και μίμησης των κοινωνικών κανόνων για λόγους αποδοχής,,Ενδιαφέρον στην εικόνα αυτή είναι ο κομφορμισμός που πηγάζει από την εξουσία. Η τρανσ ναύαρχος υπηρετεί το ναυτικό μας πυρηνικής θαλασσοκρατειρας υπερδύναμης που μπορεί να κάνει μπάρμπεκιου τον πλανήτη και λόγω αξιώματος ντύνεται σαν θεούσα θείτσα,,qas,,,"['conformism', 'conformity', 'social compliance', 'follow-the-crowd']",uncritical conformity to social norms,Repetitive_Action,0.3,
EL486,κομφορμιστικός,ADJ,,"['συμμορφωτικός', 'προσαρμοστικός', 'υποτακτικός', 'πλειοψηφικός']",που χαρακτηρίζεται από άκριτη συμμόρφωση στις επικρατούσες επιταγές,,Και η κομφορμιστικη ζωή μας συνεχίζεται....,,cds,,,"['conformist', 'unoriginal', 'mainstream', 'orthodox']",marked by conformist attitude,Behavioral_Trait,0.58,0.55
EL1291,κοπάδι,NOUN,,"['αγέλη', 'μάζα', 'τσούρμο', 'πλήθος']","υποτιμητικός όρος για πλήθος ανθρώπων που ακολουθούν άκριτα μία κατεύθυνση, θεωρούμενοι άβουλοι σαν ζώα",,"Έπρεπε να περάσει καιρός, να τραβήξουμε όσα τραβήξαμε στην Κατοχή, να δω τα σκελετωμένα παιδιά να οργώνουν τους δρόμους σαν κοπάδια πεινασμένων λύκων, τα πτώματα μέσα στα κάρα της δημαρχίας, τους ομήρους που 'παιρναν, τις εκτελέσεις, για να καταλάβω τι κτήνη κρυβόντουσαν κάτω από κείνα τα αγγελικά, ψυχρά πρόσωπα.",,cds,,,"['herd', 'mob', 'crowd', 'pack']",derogatory term for unthinking crowd,Person,0.4,1.09
EL435,κοπρίτης,NOUN,,"['τεμπέλης', 'ακαμάτης', 'ρεμπεσκές', 'λούφακος']",τεμπέλης και ανεύθυνος που ζει εις βάρος των άλλων,,"username Εσυ ρε κοπρίτη λιγα χρονια πριν-επι Μπάνου-ησουνα λαβρος εναντι των λαθρομεταναστων,τωρα ποιος σε ταίζει και άλλαξες?",,cds,,,"['slacker', 'idler', 'loafer', 'bum']",lazy good-for-nothing,Person,1.24,1.26
EL435,κοπρίτης,NOUN,,"['κοπρόσκυλο', 'αδέσποτο'']","Αδέσποτος σκύλος, συνήθως μεγαλωμένος στους δρόμους, χωρίς ράτσα",,"Μου έχει στρίψει ένα κουμπί, δεν γίνομαι πολίτης, σ’αυτά που λέω συμφωνεί, κι ο σκύλος μου ο κοπρίτης",,cds,,," ['stray dog', 'mutt']",stray mongrel—dog of no breed living free,Behavioral_Trait,1.24,
EL898,κορέος,NOUN,,"['κοριός', 'κόριζα']","Παρασιτικό έντομο με πεπλατυσμένο σώμα, το οποίο αναδίδει έντονη δυσοσμία",,@username κορεός στον κόρφο τους τότε,,an,,,['bedbug'],bedbug: a parasitic insect with a flattened body and foul odor,Object,0.33,
EL893,κοριός,NOUN,,"['χαφιές', 'κατάσκοπος', 'ρουφιάνος']","Άτομο που κρυφακούει ή κατασκοπεύει άλλους, παραδίδοντας πληροφορίες",,Ο «εθνικος κοριος» του Μητσοτακη ζητησε μια μικρη εξυπηρετηση #ΝΔ_ΣΥΜΜΟΡΙΑ,,an,,,"['spy', 'snoop', 'mole']",spy (colloq.)—person secretly eavesdropping,Person,0.33,
EL893,κοριός,NOUN,,"['κορέος (λόγ.)', 'ψύλλος του κρεβατιού']",Μικρό αιμομυζητικό έντομο (Cimex lectularius κ.ά.) που ζει σε ραφές στρωμάτων και τσιμπά ανθρώπους τη νύχτα,,"«Επιδημία» κοριών και στην Αθήνα. Ολοένα και πληθαίνουν οι αναφορές για εμφάνιση τους. Τα συγκεκριμένα έντομα δεν κάνουν διακρίσεις όσον αφορά την καθαριότητα, ο κοριός είναι έντομο ταξιδευτής, εφόσον εύκολα κρύβεται, και έτσι μεταφέρεται αθόρυβα και ανεμπόδιστα",,an,,,"['bedbug', 'Cimex']",bedbug—blood-feeding nocturnal insect,Object,0.33,
EL893,κοριός,NOUN,,"['συσκευή υποκλοπής', 'κοριός-μικρόφωνο', 'σκαθαράκι (σλ.)']",Μικροσκοπική ηλεκτρονική συσκευή απόκρυφης ηχογράφησης ή παρακολούθησης,,"Κοριός ΕΥΠ: Εμπλοκή στελεχών ΝΔ σε παιδεραστία, παραδικαστικό κύκλωμα και εγκληματική οργάνωση",,an,,,"['bug', 'wiretap', 'listening device']",wiretap bug—concealed audio-surveillance device,Object,0.33,1.21
EL314,κοροϊδεύω,VERB,,"['χλευάζω', 'περιπαίζω', 'δουλεύω', 'σατιρίζω']",ενέργεια κατά την οποία κάποιος χλευάζει ή εξαπατά άλλον προκειμένου να τον μειώσει,,Ας πει κάποιος στην Αννα-Μαρια όταν γελάει και κοροϊδεύει κάποιον δεν μπορεί ταυτόχρονα να προσβάλλεται όταν μιλάνε για την παιδεία της #survivorGR,,ddp,,,"['mock', 'ridicule', 'tease', 'make fun of']",act of mocking or deceiving someone,Event,0.51,0.52
EL314,κοροϊδεύω,VERB,,"['περιγελώ', 'ειρωνεύομαι', 'ξεγελώ']",Λεκτική / μη λεκτική ενέργεια όπου κάποιος γελοιοποιεί ή εξαπατά άλλον κατ’ επανάληψη,,"Αν με βλέπετε σαν εγκληματία κι όχι σαν άνθρωπο, να κάτσω κάτω και δικάστε με εκατό χρόνια, αλλά μη με κοροϊδεύετε ότι μου απονέμετε δικαιοσύνη...» Όσοι αστυφύλακες ήταν με πολιτικά άρχισαν να κάνουν θόρυβο όπως οι κλάκες στο θέατρο.",,ddp,,,"['mock', 'tease', 'con']",mock / make fun of / cheat,Repetitive_Action,0.51,0.7
EL305,κορόιδο,NOUN,,"['αφελής', 'βλάκας', 'θύμα', 'χαζός']",άτομο που εξαπατάται εύκολα ή γίνεται στόχος χλευασμού,,Τα κορόιδα προσβάλλονται εύκολα από την αλήθεια.,,cds,,,"['sucker', 'dupe', 'sap', 'fool']","gullible fool, dupe",Person,0.56,0.53
EL859,κότα,NOUN,,"['δειλός', 'φοβητσιάρης', 'λαπάς', 'σκιάχτης']",Υποτιμητικός χαρακτηρισμός για δειλό ή άτολμο άτομο· συχνά και σεξιστική βρισιά προς γυναίκα,,"username τι να πουν οτι ειναι εκλογες παρωδια με ενα υποψηφιο,γιατι δεν εβγαινε ενας ακομα ?ο ευκλειδης πχ ?τοσο ΚΟΤΑ Ο ΑΧΑΣΤΟΣ ΑΠΑΤΕΩΝΑΣ? τα καραγκιοζιλικια γαπ σε νεα εκτελεση",,an,,,"['chicken', 'coward', 'scaredy-cat', 'wimp']",insult for a cowardly person,Person,0.47,1.16
EL2120,κουρελής,NOUN,,"['παλιάτσος', 'ξεβράκωτος', 'εξαθλιωμένος', 'ταλαίπωρος']","Άνθρωπος με σκισμένα και βρώμικα ρούχα, συνήθως φτωχός και περιφρονημένος.",,"Στην άλλη άκρη στεκότανε ο Ντίνος κουρελής κι αξύριστος, όπως όλοι αυτοί οι πρεζάκηδες.",,is,,,"['ragged', 'shabby', 'beggar', 'tatterdemalion']","Person dressed in rags, shabby and despised.",Person,1.05,1.21
EL2121,κουρελιάρης,ADJ,,"['παλιάτσος', 'ρακένδυτος', 'παλιατζής', 'ξεβράκωτος']","Άνθρωπος με φθαρμένα ρούχα ή που μαζεύει παλιά υφάσματα, προκαλώντας κοινωνική απαξίωση.",,"Τώρα που αφαιρέθηκε η χλιδή , μοιάζει με ρακένδυτος- κουρελιάρης ! Απομυθοποίηση  του Λύτρα !",,is,,,"['ragamuffin', 'shabby man', 'ragpicker', 'beggarly fellow']","Person wearing or collecting rags, viewed with contempt.",Person,1.12,
EL283,κουτάβι,NOUN,,"['πιτσιρικάς', 'μικρούλης', 'αμουστάκος', 'αφελής']","Χαρακτηρισμός για νεαρό ή άπειρο, συχνά υπάκουο και εύκολα χειραγωγούμενο άνρθωπο∙ χρησιμοποιείται υποτιμητικά για πρόσωπα που δείχνουν αφέλεια ή δουλοπρέπεια.",,"Στην πραγματικότητα έτρεχα, σαν κουτάβι, πίσω από τον Αντρέα, που φοιτούσε στη Νομική.",,an,,,"['rookie', 'kid', 'greenhorn', 'naive youngster']",Young person seen as naive and inexperienced.,Person,0.14,0.27
EL164,κουταμάρα,NOUN,,"['βλακεία', 'ανοησία', 'χαζομάρα', 'ηλιθιότητα']",Πνευματική αδυναμία που οδηγεί σε λανθασμένη κρίση ή πράξη,,"Αν κάνεις την κουταμάρα να περιμένεις να περάσει το πούσι και η φουρτούνα, θα σε βρει το Πάσχα αντί για τα Χριστούγεννα.",,asf,,,"['stupidity', 'foolishness', 'idiocy', 'nonsense']",Stupidity or foolish act showing lack of judgment.,Behavioral_Trait,0.35,0.3
EL164,κουταμάρα,NOUN,,"['ανοησίες', 'σαχλαμάρες']",Λόγια ή ενέργειες δίχως λογική που εκφέρονται ως σύνολο,,«Κουταμάρες!» είπε η Άννα που έκανε ότι δεν κατάλαβε.,,asf,,,"['nonsense', 'rubbish', 'hogwash']",nonsense – foolish utterances or acts,Event,0.35,0.5
EL317,κουτορνίθι,NOUN,,"['κορόιδο', 'αφελής', 'χαζός', 'ευκολόπιστος']",Άτομο που κρίνεται υπερβολικά αφελές και εύκολα εξαπατάται.,,"Καλά να πάθεις, αθώο κουτορνίθι.",,asf,,,"['simpleton', 'gullible person', 'dimwit', 'sucker']",Person considered very gullible and easily deceived.,Person,1.14,1.28
EL646,κουτός,ADJ,,"['βλάκας', 'ηλίθιος', 'ανόητος', 'χαζός', 'μωρός']",Άτομο με αργή αντίληψη ή που παίρνει άστοχες αποφάσεις.,,"Δε με πιστεύει που του λέω ότι τ' όνομά σου είναι Δημήτριος Λόγγος...» Ο Πέτρος τα 'χασε προς στιγμήν, αλλά δεν ήτανε κουτός.",,asf,,,"['stupid', 'dumb', 'fool', 'idiot', 'slow-witted']",Person with slow understanding or who makes poor decisions.,Person,0.35,0.5
EL851,κουτσομπόλης,NOUN,,"['κατινιάρης', 'φλύαρος', 'πολυλογάς', 'σκανδαλιάρης']",Άτομο που απολαμβάνει να μαθαίνει και να διαδίδει ιδιωτικές πληροφορίες τρίτων.,,"Έχουμε, βέβαια, του κόσμου τα ελαττώματα: είμαστε απείθαρχοι, εγωιστές και κουτσομπόληδες, δε χρωστάμε να κάνουμε και να πούμε καλό για κανέναν.",,cds,,,"['gossip', 'busybody', 'tattler', 'snoop']",Person who enjoys learning and spreading others' private details.,Person,1.05,1.14
EL2117,κουτσομπολιό,NOUN,,"['σχόλια', 'κουβεντολόι', 'κατινιά', 'κακολογία']",Συνεχής συζήτηση που ανακυκλώνει προσωπικά θέματα άλλων χωρίς τη συγκατάθεσή τους.,,username Καλά τί κατινιες είναι αυτές? Αυτό είναι #κουτσομπολιο . Τί μας αφορά το κρεβάτι του άλλου. Εδώ υποβιβάζεται το επίπεδο που είναι η #στυγερη #παιδοκτονια από αναλγητη #μανα .,,cds,,,"['gossip', 'chatter', 'rumour', 'scuttlebutt']",Ongoing talk recycling others' personal matters without consent.,Repetitive_Action,0.58,1.09
EL2117,κουτσομπολιό,NOUN,,"['κουσκούς', 'ψιθυρολογία']","Συζήτηση ή διάδοση ανεπιβεβαίωτων, ασήμαντων λεπτομερειών για τρίτους",,Ψοφούσε για κουτσομπολιό.,,cds,,,"['chitchat', 'rumour-talk']",gossip,Event,0.58,0.54
EL2207,κουτσός,ADJ,,"['χωλός', 'σακάτης', 'ανάπηρος', 'λειψός']",Άτομο με μόνιμη ή προσωρινή δυσκολία βάδισης λόγω προβλήματος στο πόδι.,,"Του έκαναν αμέσως ακτινογραφία και είδαν ότι το κόκαλο είχε σπάσει και χρειαζόταν να γίνει εγχείρηση, διότι αυτές τις πέντε μέρες είχε κολλήσει στραβά και αν το αφήναν έτσι, θα έμενε κουτσός.",,ddf,,,"['lame', 'crippled', 'limping', 'disabled']",Person with permanent or temporary walking difficulty due to leg problem.,Person,0.25,0.18
EL2207,κουτσός,ADJ,,"['ασταθές', 'μετεωρίζον', 'τρεμάμενο']",Αντικείμενο ή μηχανισμός  που είναι χαλασμένο ή ελλειπές,,"Τώρα, χτυπάς το κουδούνι, σου ανοίγει μια Φιλιππινέζα, αυτηνής τα αγγλικά είναι κουτσά, τα δικά σου παράλυτα, άντε να συνεννοηθείς.",,ddf,,,"['rickety', 'unstable']",wobbly / uneven,Person,0.25,0.52
EL304,κούτσουρο,NOUN,,"['κορμός', 'ξύλο', 'κλαρί', 'κομμένο δέντρο']",Κομμένο κομμάτι κορμού ή χονδρού κλαδιού που χρησιμοποιείται για καύσιμο ή κάθισμα.,,"“Δε βρήκανε τίποτα καλύτερο, κούτσουρο κρεμάσανε;” Παρολίγο να κατουρηθώ απ' τα γέλια!...",,asf,,,"['log', 'stump', 'wood block', 'firewood']",Cut piece of trunk or thick branch used as firewood or seat.,Object,0.37,0.44
EL304,κούτσουρο,NOUN,,"['βλήμα', 'χαζός', 'βλάκας', 'ξύλο']","Άτομο που χαρακτηρίζεται ως βαρύ ή αργόστροφο, παρομοιαζόμενο με άψυχο ξύλο.",,Ουφ ξέχασα! Πάλι επίδειξη με τις ξένες γλώσσες μου. Μα να μη σεβόμαστε τον πόνο του κούτσουρου ;),,asf,,,"['blockhead', 'dullard', 'clod', 'slowpoke']","Person considered slow-witted, compared to a lifeless piece of wood.",Person,0.37,0.46
EL631,κουφάρι,NOUN,,"['πτώμα', 'σάρκα', 'νεκρό', 'λείψανο']",Νεκρό σώμα ζώου  σε κατάσταση αποσύνθεσης.,,"Όχι άλλες εκταφες, όχι άλλα άπλυτα στα φόρα, έκαναν τα παιδιά κουφάρια προς έκθεση, μαζέψτε στοιχεία το Ανθρωποκτονιων, Τελειωστε το, βάλτε ένα όριο στο τι βγαίνει, κάποιος. #πατρα",,cds,,,"['carcass', 'corpse', 'cadaver', 'remains']",Dead body of animal  in decay.,Object,0.35,1.07
EL631,κουφάρι,NOUN,,"['σορός', 'νεκρό σώμα']",Νεκρό σώμα ανθρώπου σε προχωρημένη κατάσταση αποσύνθεσης,,"Μόνο που τα κουφάρια τους δεν είναι πια εκεί, και το στρώμα είναι σκεπασμένο με κουβέρτα.",,cds,,,"['cadaver', 'remains']","corpse: a dead human body, especially undergoing decomposition",Person,0.35,0.29
EL631,κουφάρι,NOUN,,"['κουφά τσόφλι', 'κέλυφος']",η κατάστασητ ων αντικειμένων που είναι σε αποσύνθεση ή παρακμή,,Ξυπνηστε ρε να μου συμπαρασταθειτε που πρεπει να συρω το κουφαρι μου στη δουλεια.,,cds,,,"['lifeless shell', 'wreck']",lifeless shell,State,0.35,
EL616,κρατούμενος,VERB,,"['φυλακισμένος', 'έγκλειστος', 'φυλακόβιος', 'κατάδικος']",Άτομο στο οποίο έχει στερηθεί η ελευθερία και βρίσκεται υπό φύλαξη από αρχές.,,Κ.Φυλακισμενη κακώς αιτησε για πράγματα στο κελί ..γιατί ;; Γιατί κάποια χρονική στιγμή θα βγεις από vip κ θα σαι άλλου κ με άλλες κρατουμενες κλπ κλπ ..Στο άπειρο αιωρησε ; ε; ..άιντε #Πατρα,,ddp,,,"['prisoner', 'inmate', 'detainee', 'convict']",Person deprived of freedom and kept under custody by authorities.,Person,0.09,0.48
EL616,κρατούμενος,VERB,,"['κατάδικος', 'βαρυποινίτης']","αρακτηρισμός που υπονοεί εγκληματία ή «φυλακισμένο μυαλό», χρησιμοποιείται απαξιωτικά εκτός νομικού πλαισίου",,"Ο Thiago Ávila, Βραζιλιάνος ακτιβιστής, κρατούμενος των Ισραηλινών απο τον Στόλο της Ελευθερίας ξεκίνησε απεργία πείνας ως ένδειξη διαμαρτυρίας για την παράνομη κράτηση τους.",,ddp,,,"['jailbird', 'con']","Employed pejoratively of a person’s outlook or character (“He’s criminal-minded”), with no suggestion of an actual conviction",Person,0.09,
EL930,κρετινισμός,NOUN,,"['ηλιθιότητα', 'βλακεία', 'ανοησία', 'κουταμάρα']","Κατάσταση πολύ χαμηλής νοητικής ικανότητας ή ακραίας ανοησίας, συχνά ως ύβρις.",,"Aυτό που συνέβη σήμερα με τους πανηγυρισμούς στον Πειραιά, προφανώς και θα γινόταν με οποιαδήποτε ομάδα που θα κέρδιζε το πρωτάθλημα. Ο κρετινισμός δεν γνωρίζει χρώματα, ούτε κάποιοι οπαδοί είναι πιο ηλίθιοι απ' τους άλλους. #coronavirus",,ddp,,,"['idiocy', 'stupidity', 'imbecility', 'moronity']","State of very low intelligence or extreme foolishness, used as insult.",State,58,
EL645,κρετίνος,NOUN,,"['ηλίθιος', 'βλάκας', 'βλήμα', 'χαζός']",Άτομο που θεωρείται εξαιρετικά ανόητο ή εκνευριστικά άμυαλο.,,username username Μέρος της εικόνας για τον εαυτό του που πρέπει να δημιουργήσει. Επίσης έχει να καλύψει μειονεκτήματα. Οι κρετίνοι φασίστες πχ δεν θα εκτιμήσουν ότι στάθηκε υπέρ των gay γάμων. Πρέπει να πλειοδοτήσει αλλού.,,cds,,,"['idiot', 'moron', 'imbecile', 'cretin']",Person regarded as extremely stupid or annoyingly brainless.,Person,1.06,1.14
EL500,κτηνοβασία,NOUN,,"['ζωοφιλική πράξη', 'ζωοβία', 'βδελυρή επαφή με ζώο']","Σεξουαλική πράξη μεταξύ ανθρώπου και ζώου, θεωρούμενη αποτρόπαιη και παράνομη.",,"username όπως η κτηνοβασία, η παιδοφιλία, η αιμομιξία πρέπει να επανεξεταστούν και να μην είμαστε απόλυτοι.Να σπάσουμε τα ταμπού...",,ddp,,,"['bestiality', 'zoophilia', 'animal sex']","Sexual act between human and animal, considered abhorrent and illegal.",Event,0.9,1.11
EL1083,κωλομέρι,NOUN,,"['οπίσθια', 'πισινός', 'ποπός', 'κώλος']","μέλος του σώματος: στρογγυλό, μυώδες τμήμα πάνω από τον μηρό, στο οποίο στηρίζεται κανείς όταν κάθεται· χυδαίος τύπος",,username Το έχει στο δεξί κωλομερι Στο αριστερό έχει την Κουτσελινη,,om,,,"['butt cheek', 'buttock', 'rear', 'behind']",One of the two rounded parts of the buttocks.,Object,0.59,1.33
EL1094,κώλος,NOUN,,"['ποπός', 'πισινός', 'οπίσθια', 'μπιπ']","τα δύο σαρκώδη τμήματα στο πίσω μέρος του κορμού, πάνω από τους μηρούς· χυδαίος τύπος",,Τι έχετε να πείτε γι’ αυτό;» Πετάγομαι πάνω σα να μου μπήκε καρφίτσα στον κώλο.,,om,,,"['ass', 'butt', 'rear end', 'backside']",Rear part of the human body used for sitting and defecation.,Object,1.04,0.6
EL1094,κώλος,NOUN,,"['χάλια', 'μπάχαλο', 'πανικός'",Χαώδης ή πολύ κακή κατάσταση· μεταφορά που δηλώνει ότι κάτι «έγινε άνω-κάτω»,,"Ξύπνησα απ'τον απογευματινό μου ύπνο,έκανα φραπεδακι φουλ έξτρα πάγο,δεν πρόλαβα να τον αφήσω στο τραπεζακι,άρπαξε ο #Ριο το καλαμάκι,έγινε κωλος το κρεβάτι,η πολυθρόνα,το πάτωμα,η κουρτίνα. Δεν χαρίζεται πια  τι μου φταίτε και σεις απ'τα αυτιά θα τον κρεμάσω.",,om,,,"['mess', 'total chaos']",mess : total chaos or wreck,State,1.04,
EL1094,κώλος,NOUN,,"['βλάκας', 'κάθαρμα', 'ρεμάλι']","Χαρακτηρισμός για άτομο θεωρούμενο ανάξιο, ενοχλητικό ή ανόητο",,#NAME?,,om,,,"['asshole', 'jerk', 'scumbag']",asshole : contemptible person (slur),Person,1.04,
EL1094,κώλος,NOUN,,"['λιώμα', 'στουπί', 'μεθυσμένος']","Άτομο που έχει πιει υπερβολικά και βρίσκεται σε κατάσταση μέθης, συχνά σε φράσεις «έγινα/γίναμε κώλος».",,Ευχηθήκαμε φάγαμε ήπιαμε και στο τέλος γίναμε κώλος οικογενειακώς,,om,,,"['wasted', 'plastered', 'drunk']",wasted : person extremely drunk,Person,1.04,
EL1558,κωλοτρυπίδα,NOUN,,"['πρωκτός', 'πίσω τρύπα', 'οπίσθια σχισμή', 'rear']",Άνοιγμα στο τέλος του πεπτικού σωλήνα από όπου αποβάλλονται τα κόπρανα.,,username Τι λες βρε γίδα Μαΐσια; Όλες οι χώρες στέλνουν όπλα ακόμη και η Γερμανία. Στρατιωτική εμπλοκή θεωρείται ΜΟΝΟΝ η αποστολή στρατευμάτων. Αεί τράβα κοιμήσου. Ή καλύτερα γλείψε την κωλοτρυπίδα του έκπτωτου βασιλιά σου που μετράει ώρες μέχρι να τον κρεμάσουν οι δικοί του ανάποδα .,,ddp,,,"['anus', 'asshole', 'back passage', 'rear hole']",Opening at the end of the digestive tract through which feces exit.,Object,1.32,1.24
EL1558,κωλοτρυπίδα,NOUN,,"['κάθαρμα', 'σκατόψυχος', 'ρεμάλι']",υβριστικός χαρακτηρισμός για άτομο αντιπαθές ή αναξιόπιστο,,"Βρε γαμημένες δημοσιογραφικές κωλοτρυπίδες τα καδρόνια και τα κράνη τα φορούσαν οι σταλινοφασίστες έξω από το σχολείο, θα σας ζήλευε και ο γκαίμπελς.",,ddp,,,"['asshole', 'scumbag', 'jerk']",asshole : contemptible person (slur),Person,1.32,1.28
EL1558,κωλοτρυπίδα,NOUN,,"['τρύπα', 'τρώγλη', 'κοτέτσι']","Yπερβολικά μικρός ή άθλιος χώρος· μεταφορά για σπίτι, δωμάτιο ή πόλη που θεωρείται απαράδεκτη",,Το Λος Άντζελες είναι η πλαστική κωλοτρυπίδα του κόσμου.,,ddp,,,"['dump', 'hole in the wall']",dump : squalid place,State,1.32,
EL806,λαγνεία,NOUN,,"['σαρκολαγνεία', 'πόθος', 'σεξουαλική επιθυμία', 'λιμπιντό', 'καύλα']","Έντονη, επίμονη σεξουαλική επιθυμία που κυριαρχεί στις σκέψεις κάποιου.",,"username username μαύρες σκέψεις κατέκλησαν το μυαλό, σκέψεις πόθου και λαγνείας. Να ενδώσει στο προφιτερόλ ή να κρατήσει δυνάμεις;",,svp,,,"['lust', 'lechery', 'carnal desire', 'libido', 'sensuality']","Intense, persistent sexual desire dominating someone's thoughts.",State,0.28,0.26
EL2318,λάγνος,ADJ,,"['λιγούρης', 'καυλιάρης', 'σεξομανής', 'ερωτιάρης', 'πορνόγερος']",Πρόσωπο που εκδηλώνει έντονη σεξουαλική επιθυμία και συμπεριφέρεται διαρκώς με υπονοούμενα.,,Πρέπει να συζητήσουμε σοβαρά τι θα γίνει τωρα που θα γινω ΑΡΑΠΙΝΑ ΛΑΓΝΑ ΕΡΩΤΙΑΡΑ ????,,svp,,,"['lecher', 'lustful', 'horny', 'randy', 'sex maniac']",Person showing strong sexual desire and constant suggestive behaviour.,Person,0.48,1.04
EL2318,λάγνος,ADJ,,"['ηδυπαθής', 'ερωτικός', 'σαγηνευτικός']",Αντικείμενο ή μέρος του σώματος που αποπνέει έντονη σεξουαλική πρόκληση,,Σήμερα στο γυμναστήριο μια γκόμενα με κοίταζε με λάγνο βλέμμα εκεί που σήκωνε κάτι βάρη. Μετά μύρισε και κατάλαβα ότι είχε απλά κλάσει,,svp,,,"['seductive', 'sensual', 'sultry']",seductive : arousing sexual interest,Behavioral_Trait,0.48,1.07
EL474,λάθος,NOUN,,"['σφάλμα', 'ανακρίβεια']",Ενέργεια ή αποτέλεσμα που αποκλίνει από το σωστό ή από τα αναμενόμενα πρότυπα,,"Σ'αυτούς τους άσχημους καιρούς που ήρθαμε από λάθη δικά μας ή άλλων, να γατζωθούμε πρέπει από τις ΑΓΑΠΕΣ μας :)",,cds,,,"['error', 'mistake', 'fault']",error: an act or outcome that deviates from accuracy or correctness,Event,0.08,0.41
EL474,λάθος,NOUN,,"['λανθασμένος', 'εσφαλμένος', 'ανακριβής']","Προσδιορισμός σε αντικείμενο, ενέργεια ή έκφραση που δηλώνει ότι δεν είναι ακριβές ή σωστό",,Οι προϊστάμενοι δεν κάνουν ποτέ λάθη.,,cds,,,"['wrong', 'incorrect', 'inaccurate']",wrong: indicating something is incorrect or not in accordance with facts,Behavioral_Trait,0.08,0.14
EL474,λάθος,NOUN,,"['αποτυχία', 'απόβρασμα', 'τερατούργημα']",υβριστικός χαρακτηρισμός για άτομο που θεωρείται απόλυτα ανεπαρκές ή “ατυχές προϊόν” των περιστάσεων,,Είσαι το σωστό λάθος που δεν ξανακάνω._,,cds,,,"['mistake of nature', 'freak', 'failure']",mistake (of nature) : contemptible or aberrant person,Person,0.08,
EL1512,λαιμαργία,NOUN,,"['αδηφαγία', 'φαγοποσία', 'υπερφαγία']",συνήθεια υπερβολικής κατανάλωσης φαγητού χωρίς αυτοέλεγχο,,Την ίδια λαιμαργία.,,svp,,,"['gluttony', 'overindulgence', 'greediness']",habitual overeating without restraint,Repetitive_Action,0.31,0.47
EL1512,λαιμαργία,NOUN,,"['απληστία', 'βδέλυγμα (θρ.)', 'αδηφαγία (μεταφ.)']","αχόρταστη επιθυμία για υλικές ή άυλες απολαύσεις, πέρα από το φαγητό, καταγγελόμενη ως ηθικό ελάττωμα",,"Μιλάει για προσβλητικες αναφορές που στοχοποιουν βουλευτές κ στελέχη  απολύτως καταδικαστεες κ δεν έχουν σχέση με την αριστερά. Απαντώ: Ο Γουίλιαμ Σαίξπηρ είχε μαστορια να ξεχωρίζει την απανθρωπια των ανθρώπων εξουσίας την λαιμαργία για δύναμη, ματαιοτητα δόξας. Σπιρτζη εσύ είσαι",,svp,,,"['voracity', 'greed', 'insatiability']",voracity : insatiable craving for possessions or pleasure,Behavioral_Trait,0.31,
EL1497,λαουτζίκος,ADJ,,"['πλέμπα', 'λαός', 'φτωχολογιά']",ομάδα φτωχών ή ταπεινών ανθρώπων που θεωρούνται χωρίς δύναμη και κύρος,,"username Μίσος του λαουτζίκου, ανθρώπων που κοιτάνε τις τιμές στο σούπερ μάρκετ (ιουυ) για τους πετυχημένους. Πόσο θα θέλατε κι εσείς να είστε σε λίστες και offshore και ζηλεύετε...",,cds,,,"['rabble', 'commoners', 'masses']",common poor folk lacking power and status,Person,1.04,1.09
EL640,λαπάς,NOUN,,"['ρυζόσουπα', 'χυλός']","νερουλή βραστή σούπα από ρύζι, κατάλληλη για άρρωστους ή παιδιά. Χρησιμοποιείται συχνά για να δηλωθεί το παραβρασμένο φαγητό",,Δεν γαμιεται. Θα στείλω κι ότι γίνει. Μάνα το ρύζι στα γεμιστά ήταν λαπάς.,,an,,,"['rice soup', 'gruel']",thin boiled rice soup given to sick people or children,Object,0.44,
EL640,λαπάς,NOUN,,"['μαλθακός', 'κότα', 'φλώρος', 'ντιντής']","υβριστικός χαρακτηρισμός για άτομο θεωρούμενο μαλθακό, σωματικά ή ψυχικά ανίσχυρο",,"Δείχνει λαπάς βέβαια, αλλά τόση δύναμη για να καρφώσει το κοντάρι του προβολέα στο στήθος της Καραγιώργη, θα την έχει.",,an,,,"['wimp', 'weakling', 'spineless man', 'sissy']",man considered spineless and lacking resolve,Person,0.44,1.14
EL1444,λεηλασία,NOUN,,"['πλιάτσικο', 'σύληση', 'αρπαγή']","βίαιη αρπαγή και καταστροφή ξένης περιουσίας, συνήθως από πλήθος ή στρατό",,"29/5/1824 Ισχυρός αιγυπτιακός στόλος υπό τον Χουσεΐν, μετά από πολιορκία δύο ημερών της Κάσου, αποβιβάζει 4.000 Αλβανούς στον Αντιπέρατο και προσβάλλει από τα νώτα τους υπερασπιστές. Σφαγές, λεηλασίες και αιχμαλωσίες καταστρέφουν το ηρωικό νησί.",,re,,,"['looting', 'pillage', 'plunder']",violent plundering and destruction of property,Event,0.46,1.13
EL1444,λεηλασία,NOUN,,"['καταλήστευση', 'αρπακτική εκμετάλλευση']",παρατεταμένη και συστηματική οικονομική ή πολιτιστική αφαίμαξη εις βάρος αδύναμων ομάδων· μεταφορική χρήση στον δημόσιο λόγο,,Νέα Αλλαγή στο ΠΑΣΟΚ με ΓΑΠ που δεν πρόλαβε να ολοκληρώσει την λεηλασία της χώρας ... για μια αξιοπρέπεια ζούμε …,,re,,,"['plundering', 'asset-stripping']",plundering : prolonged stripping of resources,State,0.46,0.47
EL1441,λεία,NOUN,,"['βορά', 'θήραμα']",πτηνά ή ζώα που αρπάζονται από επιδρομείς ή θηρευτές,,Κάμερα κατέγραψε τι συμβαίνει όταν οι λύκοι επιστρέφουν στη λεία τους,,re,,,"['loot', 'prey', 'spoils']",spoils or prey taken by raiders or predators,Object,0.2,
EL1441,λεία,NOUN,,"['λάφυρο', 'κλοπιμαία']","αντικείμενα ή χρήματα που αποσπώνται παράνομα μετά από διάρρηξη, ληστεία ή πόλεμο",,"Τους έβαζε να κάτσουν στον εξώστη, κι εκείνος κατέβαινε στην πλατεία, κι όταν γύριζε, έπαιρνε την τσάντα τής γυναίκας του που 'κλαιγε σιωπηλά σ' όλη την παράσταση, και τη γέμιζε με τη λεία: πορτοφόλια, γυαλιά μυωπικά κι ήλιου, χρυσές αλυσίδες, καρφίτσες, αναπτήρες, ακόμα και ουρές από αλεπούδες που 'κοβε μ' ένα ξυραφάκι.",,re,,,"['loot', 'spoils', 'haul']",loot : stolen goods taken as spoils,Object,0.2,0.31
EL1441,λεία,NOUN,,"['θύμα', 'εύκολος στόχος']","άτομο θεωρούμενο εύκολος στόχος εκμετάλλευσης, ιδίως σεξουαλικής ή οικονομικής.",,"Τα μου-μου-ε όμως τους είχαν κάθε μέρα πρώτο τραπέζι πίστα, όχι γιατί τους έπαιρναν στα σοβαρά, αλλά γιατί τους έβλεπαν σαν εύκολη λεία.",,re,,,"['easy prey', 'sitting duck']",easy prey : person seen as vulnerable target,Person,0.2,0.52
EL1856,λείψανο,NOUN,,"['απομεινάρι', 'οστό', 'κτέρισμα']",υλικό υπόλειμμα νεκρού σώματος ή άγιο αντικείμενο που φυλάσσεται προς προσκύνηση,,username τι λες μωρη λοβοτομημενη? τρεχα να αναψεις κερακι στο λειψανο του πατερουλη τωρα..????,,cds,,,"['relic', 'remains', 'corpse fragment']",bodily remains of the dead or sacred relic,Object,0.3,1.33
EL1856,λείψανο,NOUN,,"['υπόλειμμα', 'απομεινάρι', 'ερείπιο']",υπόλειμμα υλικού ή άυλου συνόλου από παρελθόντα χρόνο,,Φεύγω ιερό λείψανο. Γεια σου τώρα. Εμετούλης,,cds,,,"['remnant', 'relic (object)', 'vestige']",remnant : surviving fragment of something past,Object,0.3,
EL1856,λείψανο,NOUN,,"['σκιές ανθρώπου', 'κουφάρι']",υβριστικός χαρακτηρισμός για άτομο εξαιρετικά αδύνατο και χλωμό,,"username username Ε φυσικά , αφου εφαγε τις φάπες του από την ανακρίτρια είπε να ανοίξει τα προφίλ του ο Πιθηκομορφος για να πει τις μπούρδες του εκ νέου Μααααακη… τα υπογλώσσια να πάρεις είσαι και λείψανο … μη μας μείνεις …#Πατρα",,cds,,,"['skeleton', 'wreck', 'shadow of oneself']",walking skeleton : extremely emaciated person,Person,0.3,1.02
EL1068,λέρα,NOUN,,"['βρωμιά', 'λίγδα', 'μούργα']",συσσωρευμένη βρωμιά ή λίγδα που καλύπτει επιφάνεια,,Μεγαλύτερη λέρα από τον αιλληνα δεν υπάρχει στον κόσμο,,cds,,,"['filth', 'grime', 'dirt']",layer of grime or filthy substance,Object,1.02,
EL1068,λέρα,NOUN,,"['καθίκι', 'παλιάνθρωπος', 'τσόγλαν', 'λεχρίτης']","άτομο θεωρούμενο παλιάνθρωπος, ανήθικος ή αχρείος",,username username Άλλη λερα κ ο Βλάχος ο κακομουτσουνος,,cds,,,"['scumbag', 'bastard', 'low-life', 'scoundrel']",despicable person deemed immoral or vile,Person,1.02,1.11
EL2253,λερωμένος,VERB,,"['βρόμικος', 'μουτζουρωμένος', 'καταλασπωμένος']","Κατάσταση κατά την οποία το σώμα ή ένα αντικείμενο φέρει ορατά ίχνη βρομιάς, λεκέδες ή στίγματα",,«Θα τις βάλεις μία κάτω από την ντουλάπα και μπροστά θα στοιβάξεις τα λερωμένα.,,dmc,,,"['dirty', 'stained', 'grubby']",dirty: covered with visible soil or stains,State,0.23,0.34
EL2253,λερωμένος,VERB,,"['ατιμασμένος', 'μπλεγμένος', 'κηλιδωμένος']","Ιδιότητα κατά την οποία η υπόληψη ή το κύρος κάποιου έχει κηλιδωθεί από σκάνδαλα, ατασθαλίες ή αδικίες, προκαλώντας αμφιβολίες για την ειλικρίνεια ή το ήθος του",,"Φορούσα ένα παλιό λερωμένο νυχτικό, γιατί ο Μαρίκακας κρύωνε ν' απλώσει και απόφευγε επιμελώς το πλύσιμο.",,dmc,,,"['tainted', 'compromised', 'dirty']",tainted: morally or reputationally compromised by wrongdoing,Behavioral_Trait,0.23,0.25
EL2253,λερωμένος,VERB,,"['βρόμικος', 'μουτζουρωμένος', 'λασπωμένος']","Πρόσωπο του οποίου το σώμα ή τα ρούχα είναι εμφανώς καλυμμένα με βρομιά, λάσπη ή άλλο ρύπο",,Ισπανόφωνος ραλίστας περιστασιακός τραγουδιστής με κακό γούστο στο ντύσιμο σαπιοκοιλιάς  και λερωμένος με λάδια από τα λίπη που χλαπάκιασε.  Ο τέλειος ιδιοκτήτης για το σωματείο χάρτινων κλόουν που συνήθισε να μας κουβαλάει τα κύπελλα. #AEKPAOK,,dmc,,,"['dirty', 'filthy', 'grubby']",dirty: physically covered with dirt or filth,Person,0.23,
EL846,λεσβία,NOUN,,"['ομοφυλόφιλη', 'λεσβιάννα', 'γκέι']",γυναίκα που αισθάνεται ερωτική έλξη προς γυναίκες,,Θα πρέπει να της τον ρίξω από δίπλα για να μου λυθούν δυο απορίες μαζί: αν πράγματι ξέρει κάτι για τους Αλβανούς και μου το κρύβει κι αν είναι λεσβία.,,or,,,"['lesbian', 'gay woman', 'dyke']",woman sexually attracted to women,Person,1.12,1.09
EL846,λεσβία,NOUN,,"['ανώμαλη (υβρ.)', 'πουτάνα']>",Χαρακτηρισμός για απαξίωση και στιγματισμό απέναντι σε γυναίκα ως ύβρης,,"Μόλις ακούσετε ότι μια γυναίκα κυκλοφορεί μόνη, τη δηλώνετε λεσβία».",,or,,,"['dyke', 'lesbo']",dyke (slur) : disparaging term for lesbian woman,Person,1.12,1.09
EL433,λέτσος,NOUN,,"['ατημέλητος', 'ξεπεσμένος', 'σαρμάς', 'βρωμιάρης']","άνρθρωπος εμφανισιακά απεριποίητος και βρόμικος, που προκαλεί αποστροφή",,Κατεβαίνω στο περίπτερο σαν το λέτσο και σκέφτομαι ευτυχώς που δεν ζω Θεσσαλονίκη να πρέπει να περάσω πρώτα από κομμωτήριο ????,,cds,,,"['slob', 'tramp', 'scruff', 'mess']",shabby filthy man causing disgust,Person,1.07,0.52
EL682,λεχρίτης,NOUN,,"['καθίκι', 'παλιάνθρωπος', 'λέρα']","άτομο θεωρούμενο ηθικά ευτέλες, ύπουλο ή και βρόμικο",,"Παντως παιδια...αφησε τον παππα για εναν λεχριτη η παπαδια,ειχε κανει και φυλακη...#papadia",,qas,,,"['ragamuffin', 'derelict', 'bum']",ragged filthy person despised by others,Person,1.22,0.58
EL248,ληστεία,NOUN,,"['κλοπή', 'αρπαγή', 'διάρρηξη']",εγκληματική πράξη αφαίρεσης περιουσίας με απειλή ή βία,,"«Αφού έκανες ληστεία και βρήκες τον υπολογιστή, τότε κάπου τον πούλησες.",,re,,,"['robbery', 'heist', 'hold-up']",crime of taking property by threat or force,Event,0.59,0.52
EL246,ληστής,NOUN,,"['κλέφτης', 'κακοποιός', 'απατεώνας', 'αρπακτικό']",άτομο που αφαιρεί ξένη περιουσία με χρήση βίας ή απειλής,,"Καλοβαλμένο ληστή, ελαφρώς ματαιόδοξο ψάχνουν στο Κολοράντο  #Eidiseis #News",,cds,,,"['robber', 'bandit', 'thief', 'mugger']",person who robs using force or threat,Person,1.09,0.5
EL246,ληστής,NOUN,,"['αρπακτικό', 'φορομπήχτης', 'αισχροκερδής']",άτομο ή οργανισμός που αποσπά χρήματα ή αξία με καταχρηστικές χρεώσεις ή αισχροκέρδεια,,"username username username username Πιο βιαιοι από τους ληστές δυτικούς δεν ήταν ρώτα Ινδούς Ινδονησίους Κονγκολεζους Αλγερινους και γενικά όπου είχαν αποικίες,Βρετανοί Γαλλοι Βελγοι Ολλανδόι Πορτογάλοι και πάει λέγοντας εκατομμύρια θύματα και πλούτος κλεμμενος",,cds,,,"['racketeer', 'predator', 'extortionist']",predatory profiteer : entity that gouges others for gain,Person,1.09,0.56
EL346,λιμοκοντόρος,NOUN,,"['φλώρος', 'ψευτοκύριος', 'χαρτογιακάς', 'κηφήνας']","μειωτικός χαρακτηρισμός για νεαρό, συνήθως φτωχό και κοκαλιάρικο, που ντύνεται επιδεικτικά προσποιούμενος τον κοσμικό γόη",,Το πρόβλημα είναι ότι είναι ακόμη έξω ο λοιμοκοντορος,,cds,,,"['dandy', 'fop', 'pretty boy', 'loafer']",dandyish weak man seen as useless loafer,Person,1.12,
EL1438,λογοκλοπή,NOUN,,"['πνευματική κλοπή', 'κλοπή πνευματικής ιδιοκτησίας', 'λογοκλοπία']",αντιγραφή ξένης πνευματικής εργασίας και παρουσίασή της ως προσωπικού δημιουργήματος,,"Σκέψου τώρα, η Ρένα Δούρου username να κατηγορείτο ότι έκανε εκτεταμένη λογοκλοπή σε εργασία της…",,re,,,"['plagiarism', 'copying', 'intellectual theft']",copying someone else’s work and presenting it as one’s own,Event,0.46,0.47
EL2466,λύσσα,NOUN,,"['μανία', 'οργή', 'πώρωση']","ακραίος θυμός ή μανιώδης επιθυμία για κάτι, που εκδηλώνεται με ένταση λόγου ή πράξης",,"Μετά, συμπληρώνει με λύσσα.",,re,,,"['rabies', 'fury', 'rage']",state of furious rage and aggression,Behavioral_Trait,0.48,0.43
EL2466,λύσσα,NOUN,,"['ραβιολύση', 'λύσσωμα']",ιική νόσος του νευρικού συστήματος που μεταδίδεται με δάγκωμα θηλαστικών και καταλήγει σχεδόν πάντα σε θάνατο χωρίς έγκαιρο εμβολιασμό,,Το είχα βρει εγω και το είχα βάλει στο γραφείο της κυρίας μαζί με το δικό της» Δεν πρόλαβε να τελειώσει τη φράση της η Ελεονώρα κοα ο Ραμόν είχε πεταχτεί στην άλλη κάμαρα και ανακάτεψε με λύσσα τα χαρτιά της Μυρτώς χωρίς να βρει εκείνο που ήταν πλέον σίγουρος ότι το είχε πάρει η κόρη του.,,re,,,['rabies'],rabies : deadly viral encephalitis spread by saliva of infected mammals,State,0.48,0.33
EL2109,λυσσομανώ,VERB,,"['μαινόμενος', 'αφρίζω', 'ξεσπάω']",ενεργώ με αλλεπάλληλες εκρήξεις θυμού και βίαιης έντασης,,"@username και στην τελική έτσι λυσσομανώ για Ελεονώρα,Λιάγκα που μ'έχουν μπλοκάρει μονο&μόνο γιατί τους είπα την αποψη μου...",,an,,,"['rage', 'foam at the mouth', 'rave']",act furiously with repeated violent outbursts,Event,0.39,
EL2109,λυσσομανώ,VERB,,"['λυσσάω', 'μανιάζω', 'αφρίζω']","ενεργώ ή κινούμαι με παρατεταμένη, αχαλίνωτη μανία· λέγεται για ανθρώπους, ζώα ή φυσικά φαινόμενα.",,"Έξω λυσσομανάει ένας βοριάς, που έχει ρίξει δυο γλάστρες στο απέναντι μπαλκόνι.",,an,,,"['rage', 'storm', 'rampage']",rage (v.) : act with relentless fury,Repetitive_Action,0.39,0.21
EL1693,λωποδύτης,ADJ,,"['πορτοφολάς', 'κλέφτης', 'απατεώνας']","κλέφτης που αφαιρεί αντικείμενα κρυφά, συχνά από τσέπες περαστικών",,"Ποτέ ξανά στους ψεύτες, τυχοδιώκτες και λωποδύτες που λυμαίνονται την πατρίδα μας. Πότε πια σε λαϊκιστές και δημαγωγούς που υπόσχονται τα πάντα στους πάντες.",,dmc,,,"['pickpocket', 'thief', 'crook', 'stealer']",pickpocket who stealthily steals items,Person,1.35,1.22
EL1693,λωποδύτης,ADJ,,"['απατεώνας', 'κλέφτης', 'αρπακτικό']","άτομο ή φορέας που αποσπά χρήμα ή αξία με δόλια μέσα, καταχρηστικές χρεώσεις ή φορολογική αυθαιρεσία",,"username Φώφη με τα 500 μύρια που χρωστάει ΠΑΣΟΚ και ΝΔ, σώζονται τα ΕΛΤΑ και η ΔΕΗ μαζί. Αλλά εσείς αλλάζετε ΑΦΜ σαν τους λωποδύτες τους ποδοσφαίρου ρίχνοντας πιστόλι.",,dmc,,,"['crook', 'swindler', 'rip-off merchant']",crook : swindler who profits dishonestly,Person,1.35,0.53
EL343,μάγκας,NOUN,,"['παλικάρι', 'νταής', 'αντράκι', 'ζόρικος']","άνδρας (ή και γυναίκα) του δρόμου που προβάλλει θάρρος, εξυπνάδα και ικανότητα να επιβιώνει σε δυσκολίες, συχνά εκτός επίσημων κανόνων· χρησιμοποιείται τόσο θαυμαστικά όσο και ουδέτερα",,Ο πιο μάγκας εργοδότης: Έδωσε όλο το ποσό από το τραπέζι στη σερβιτόρα γιατί ήταν αγενείς και τη μείωναν -,,cds,,,"['tough guy', 'street smart', 'braggart', 'macho man']",man showing street-smart boldness and macho swagger,Person,0.25,0.54
EL343,μάγκας,NOUN,,"['ψευτόμαγκας', 'καυχησιάρης', 'φανφαρόνος']",άτομο που καυχιέται για ανύπαρκτη γενναιότητα ή επιτυχίες,,Μουγκα για βιωσιμότητα του χρέους....αυτά είναι μόνο για πολιτικούς ...κι ο Δένδιας κουνιέται τάχα τζάμπα μάγκες ....χεσμενα ανθρωπάκος είναι,,cds,,,"['poser', 'wannabe tough guy', 'blowhard']",poser : swaggering braggart without real grit,Person,0.25,1.26
EL590,μάζα,NOUN,,"['βούβαλος', 'βόδι', 'σακί', 'τούβλο']",άτομο με υπερβολικό βάρος και άμορφη εμφάνιση που θεωρείται νωθρό,,Ο Γιάννος έχει ανταλλάξει εγκεφαλικά κύτταρα με μυϊκή μάζα. #MasterChefGR,,cds,,,"['fatso', 'blob', 'lump', 'slob']",overweight shapeless person,Person,0.21,1.04
EL590,μάζα,NOUN,,"['όχλος', 'αγέλη', 'πλήθος']",πολύς λαός ή ανώνυμη κοινωνική ομάδα που παρουσιάζεται ως πνευματικά άβουλη και εύκολα χειραγωγήσιμη,,username username username Αγαπητή να σου θυμίσω ότι εσύ πρώτη ασχολήθηκες με το σχόλιό μου.Επίσης να σου τονίσω το αυτονόητο:χωρίς σωστά επιχειρήματα δεν πέφτει καμία κυβέρνηση.Με τα καφενειακά επιχειρήματα απλώς συσπειρώνεται κ εκτονώνεται η μάζα των φανατικών.Καλή συνέχεια,,cds,,,"['mob', 'the masses', 'rabble']",mob : undifferentiated crowd seen as mindless,Person,0.21,1.02
EL2107,μαίνομαι,VERB,,"['αφρίζω', 'λυσσάω', 'εξαγριώνομαι', 'αγριεύω']",βρίσκομαι σε κατάσταση ανεξέλεγκτης οργής και επιθετικότητας,,"Απλά αναρωτιόμουν πώς καταλαβαίνω αν χρειάζεται να πάρω άλλη δόση από το φάρμακο; (Την δεύτερη που κρατάς στα μάγουλα για 30 λεπτά.) Μαίνομαι από περίπου 4-5 ώρες αφού το πήρα, έχω κράμπες και έχω περάσει μερικά μικρότερα θρόμβους αίματος.",,an,,,"['rage', 'fume', 'go berserk', 'rampage']",to rage uncontrollably,Event,0.31,
EL2107,μαίνομαι,VERB,,"['λυσσομανώ', 'μανιάζω', 'φρυάζω']","ενεργώ ή εκδηλώνομαι με αδιάκοπη, άγρια ένταση· για πρόσωπα, καιρικά ή άλλα φαινόμενα",,Μαίνεται ανεξέλεγκτη η φωτιά στην Εύβοια - Ήχησε νέο 112 | ΤΟ ΒΗΜΑ,,an,,,"['rage', 'storm', 'rampage']",rage : act with relentless fury or violence,Repetitive_Action,0.31,
EL2321,μαινόμενος,VERB,,"['εξαγριωμένος', 'λυσσασμένος', 'αγριεμένος', 'ξέφρενος']",που βρίσκεται σε έξαλλη κατάσταση βίαιης οργής,,"PrasiaOnline: ΤΩΡΑ-Μπακογιάννης:""Kαρφής μαινόμενος κατά πάντων""..",,ps,,,"['raging', 'furious', 'berserk', 'rabid']","furious, raging person",Person,0.36,0.45
EL2321,μαινόμενος,VERB,,"['μανιασμένος', 'λυσσασμένος', 'αγριεμένος']","έντονα οργισμένος ή ορμητικός, σαν να κινείται χωρίς φρένο· λέγεται για ζώα, φυσικά φαινόμενα ή πλήθη",,Αιγιάλεια: Μαινόμενος εισέβαλλε σε σχολείο για έναν…σκύλο!,,ps,,,"['raging', 'frenzied', 'rampaging']",raging : acting with extreme fury or violence,Person,0.36,
EL446,μαλάκας,NOUN,,"['βλάκας', 'ηλίθιος', 'κάφρος', 'κόπανος', 'χαζός']",υβριστικός χαρακτηρισμός για άτομο που θεωρείται ανόητος ή ενοχλητικός,,"«Το ξέρω ότι είσαι μαλάκας» του απαντώ με το βλέμμα πάντα, «αλλά σε χρειάζομαι».",,asm,,,"['jerk', 'asshole', 'moron', 'idiot', 'dumbass']",offensive term for a foolish or irritating man,Person,1.17,1.12
EL446,μαλάκας,NOUN,,"['φίλε', 'ρε μεγάλε']","οικεία, συχνά φιλική προσφώνηση ανάμεσα σε νέους· δηλώνει εξοικείωση, όχι πάντα προσβολή",,"«Ρε μαλάκα, καταλαβαίνεις πού έμπλεξες;» του λέει ο Δερμιτζάκης.",,asm,,,"['dude', 'mate']","dude (vulgar) : mate, buddy",Person,1.17,1.16
EL2154,μαλακία,NOUN,,"['αυνανισμός', 'αυτοϊκανοποίηση']",πράξη αυτοϊκανοποίησης των γεννητικών οργάνων,,"Σημαντικό είναι να περιμένουμε 5' μετά τη μαλακία μέχρι να κατουρήσουμε, έτσι ώστε να στραγγίσει καλά η τσουτσούνα και να αποφύγουμε φαινόμενα κατουροχύματος.",,cds,,,"['masturbation', 'wanking']",masturbation : self-stimulation of genitals,Event,1.06,1.28
EL2154,μαλακία,NOUN,,"['βλακεία', 'πατάτα', 'γκάφα']","ανόητη ή ατυχής κουβέντα, ενέργεια ή απόφαση",,username Για ποιο λόγο. Να προστάτεψε ο τους σαουδαραβες από τις επιθέσεις της αεροπορίας της Υεμένης; Ή για τον μικρό ψυχρό πόλεμο που έχουν με το Ιράν και στέλνουμε δυνάμεις του στρατού εκεί. Μας περισσεύουν λεφτά για τέτοιες μαλακιες γαμω τον Χριστό σου ρε ανικανε φασιστα;,,cds,,,"['nonsense', 'bullshit', 'blunder']",stupid thing : foolish statement or act,Event,1.06,1
EL2154,μαλακία,NOUN,,"['βλακεία', 'αμβλύνοια', 'σαχλαμάρα']",χαρακτηρισμός για νοητικής ανεπάρκειας ή συνεχούς ανοησίας,,username Που τερματίζει η μαλακία των οργάνων της ΕΕ μάλλον δε θα μάθουμε ποτέ... πάντα θα υπάρχει λίγη ακόμα.,,cds,,,"['idiocy', 'stupidity']",idiocy : persistent stupidity,Behavioral_Trait,1.06,1.21
EL2149,μανιασμένος,VERB,,"['λυσσασμένος', 'εξαγριωμένος', 'αγριεμένος', 'φρενιασμένος']",που επιτίθεται ή κινείται με ανεξέλεγκτη βία και πάθος,,"Μη με βάζετε, βρε παιδιά, να τα ρίχνω τα ρημάδια γιατί καμιά φορά βγαίνουν αληθινά κι έχω τύψεις... Έρχεται, που λέτε, ένας Νταβίκος μανιασμένος σαν ταύρος.",,re,,,"['frenzied', 'rabid', 'raging', 'berserk']",person acting with frenzied violence,Person,0.54,1.05
EL2149,μανιασμένος,VERB,,"['μανιασμένος', 'λυσσασμένος', 'αγριεμένος']","κατέχoµενος από βίαιη οργή ή ακάθεκτη ένταση (πρβλ. «μάνια»), ιδίως για ζώο ή φυσικό φαινόμενο",,Ήταν ένας πεντακάθαρος μανιασμένος βοριάς.,,re,,,"['raging', 'frenzied', 'rampaging']",raging : acting with extreme fury or violence,Behavioral_Trait,0.54,0.07
EL405,μαρτυριάρης,ADJ,,"['κάρφας', 'ρουφιάνος', 'καρφί', 'κουτσομπόλης']",πρόσωπο που αποκαλύπτει μυστικά ή πληροφορίες που του εμπιστεύτηκαν,,"Ο Ντίνος που ήταν πάντα μαρτυριάρης, έτρεχε και το 'λεγε στη μαμά, κι εκείνη κουνούσε το κεφάλι της με θλίψη κι έλεγε πως δεν καταλαβαίνει πώς ήταν δυνατόν να βγει απ' τη δική της την κοιλιά τόσο σκληρό κορίτσι.",,ddp,,,"['snitch', 'tattletale', 'blabbermouth', 'tell-tale']",tattletale who reveals secrets,Person,0.25,0.54
EL2399,μαρτύριο,NOUN,,"['βασανιστήριο', 'ταλαιπωρία', 'οδύνη', 'κακουχία']",παρατεταμένη σωματική ή ψυχική οδύνη που βιώνεται ως βασανισμός,,Τα ψυχικά και σωματικά μαρτύρια που είχε τραβήξει μες στη φυλακή είχαν κλονίσει την υγεία του.,,re,,,"['torment', 'ordeal', 'agony', 'torture']",prolonged physical or mental torment,State,0.46,0.48
EL2399,μαρτύριο,NOUN,,"['βασανισμός', 'πάθη', 'κολαστήριο']","σκόπιμος βασανισμός που προκαλεί έντονο σωματικό ή ψυχικό πόνο, ιστορικά έως θανάτου (λ.χ. θρησκευτικοί διωγμοί)",,Yπέφερε και το μαρτύριο γινόταν πιο έντονο όταν του ζήτησε να αλείψει με λάδι την πλάτη της.,,re,,,"['torture', 'ordeal', 'martyrdom']",torture : deliberate infliction of severe suffering,Event,0.46,0.36
EL1314,μασονία,NOUN,,"['τεκτονισμός', 'μυστική στοά', 'μυητική αδελφότητα']","μυστική αδελφότητα με τελετές, ιεραρχία και αλληλοϋποστήριξη των μελών",,"Σεραφείμ Πειραιώς, ''Τεκτονισμός, Μασονία- Η αποκρυφιστική και παγανιστική λατρεία του Εωσφόρου''.",,cds,,,"['Freemasonry', 'Masonic order', 'secret lodge']",secret brotherhood known as Freemasonry,State,1.02,0.22
EL1313,μασόνος,ADJ,,"['τέκτονας', 'αδελφός', 'μυημένος', 'μέλος στοάς']",μέλος της μυστικής αδελφότητας των τεκτόνων,,"username username username Παναιρετικός, οικουμενιστής, μασόνος, πρόδομος του Αντιχρίστου. Μια έρευνα στο διαδίκτυο των πεπραγμένων του θα σας διαφωτίσει.",,cds,,,"['freemason', 'mason', 'brother', 'lodge member']",member of the Freemasons,Person,0.59,1.22
EL1313,μασόνος,ADJ,,"['καρτέλας', 'πράκτορας', 'ανθέλληνας']","συλλεκτικός χαρακτηρισμός για άτομο που θεωρείται προδότης, πράκτορας ή μέλος σκοτεινής συνωμοσίας",,Μασόνος και ανθέλληνας,,cds,,,"['mason (pejor.)', 'secret-society shill']",mason (slur) : person branded as conspirator,Person,0.59,0.8
EL1230,μαστροπεία,NOUN,,"['νταβατζιλίκι', 'κύκλωμα', 'εμπορία σεξ', 'διακίνηση πορνείας']","οργανωμένη, διαρκής εκμετάλλευση προσώπων στην πορνεία από εγκληματική ομάδα· κύκλωμα",,Σοκάρει η κατάθεση που «καίει» το κύκλωμα μαστροπείας: Με ανάγκαζαν να πηγαίνω με πολλούς πελάτες και απέβαλα,,cds,,,"['pimping', 'procuring', 'sex trafficking', 'pandering']",habitual procuring of prostitutes for profit,Repetitive_Action,1.24,1.07
EL323,μαστροπός,NOUN,,"['νταβατζής', 'προαγωγός', 'εκμεταλλευτής', 'προστάτης']",άτομο που κερδίζει χρήμα κανονίζοντας ή εξαναγκάζοντας άλλους να εκδίδονται,,Το «μπορντέλο της κόλασης». Οι τρομερές γυναίκες μαστροποί που σκότωναν τις ιερόδουλες όταν αρρώσταιναν. Η...,,cds,,,"['pimp', 'procurer', 'sex trafficker', 'exploiter']",pimp who profits from prostitution,Person,1.22,0.49
EL565,ματαιοδοξία,NOUN,,"['έπαρση', 'κομπορρημοσύνη', 'φιλαρέσκεια', 'αλαζονεία']",υπερβολική ανάγκη για θαυμασμό και προβολή,,"Χτυπούσε το φύλλο του με πείσμα για να με διώξει, είχε πειραχτεί η ανδρική του ματαιοδοξία.",,cds,,,"['vanity', 'conceit', 'vainglory', 'self-admiration']",excessive vanity,Behavioral_Trait,0.34,0.6
EL1331,ματαιοπονία,NOUN,,"['μάταιος κόπος', 'ατελέσφορη προσπάθεια', 'χαμένος κόπος', 'κουραστικό τίποτα']",κόπος και χρόνος που ξοδεύονται σε ενέργεια χωρίς αποτέλεσμα,,(Να και η ματαιοπονία!).,,svp,,,"['futile effort', 'fruitless toil', 'wasted labor', 'vain attempt']","vain, futile effort",Repetitive_Action,0.57,0.36
EL1332,ματαιότητα,NOUN,,"['κενότητα', 'ασημαντότητα', 'ανουσιότητα', 'ματαιοπονία']",κατάσταση στοχασμού ότι όλα είναι ανούσια και χωρίς σκοπό,,"Ματαιωσεις, ματαιοτητες και ματαιοπονίες! ΚουκουΒικοι που πιστευουν οτι καλιγωσαν τον ψυλλο, οι γατοι με τα πεταλα!",,svp,,,"['futility', 'emptiness', 'pointlessness', 'vanity']",state of futility or pointlessness,State,0.31,1.13
EL572,ματαιοφροσύνη,NOUN,,"['ματαιοδοξία', 'κομπασμός', 'έπαρση', 'αλαζονεία']",έμφαση σε κενό εγωισμό και επίδειξη για ασήμαντα επιτεύγματα,,"""..Ύφος μακαρονίστικο, μεγάλη εκζήτηση και ματαιοφροσύνη. Παιχνίδια λέξεων, στόμφος και προσποίηση."" , Αλσέστ.",,svp,,,"['vainglory', 'vanity', 'conceit', 'bragging']","empty pride, vainglory",Behavioral_Trait,0.33,
EL1948,μαύρος,ADJ,,"['αράπης', 'νέγρος', 'μαυρούκος', 'ζούγκλας']",ρατσιστική αναφορά σε άτομο αφρικανικής καταγωγής,,username username username username Για να δηλώνεις δεξιός το 2022 και να πιστεύεις πως η ΕΔ είναι αντιπολίτευση της ΝΔ μάλλον δεν ξεπερνάς το iq ενός μέσου Αφρικανού μαύρου εύζωνα.,,ps,,,"['negro', 'darkie', 'blackie', 'black']",racist label for a person of African descent,Person,0.33,1.22
EL1948,μαύρος,ADJ,,"['δυστυχισμένος', 'αθλιός', 'καημένος']","Μεταφορικός χαρακτηρισμός δυστυχισμένης, σκληρής ζωής ή κακοτυχίας που βιώνει κάποιος",,Δεν παραλείπει ευκαιρία να με συγχύσει και να μου κάνει τη ζωή μαύρη.,,ps,,,"['wretched', 'miserable']",wretched (living in or characterized by misery),Behavioral_Trait,0.33,0.47
EL1948,μαύρος,ADJ,,"['βρώμικο χρήμα', 'αδήλωτα κεφάλαια']","Χρήματα που αποκτώνται ή διακινούνται παράνομα, χωρίς καταγραφή στη φορολογική αρχή",,"Τώρα, αν αυτό ήταν μίζα ή κάτι άλλο, δεν το ξέρω, αλλά κάπου θα βρούμε την άκρη, είτε εμείς είτε η Αρχή για το ξέπλυμα μαύρου χρήματος».",,ps,,,"['black money', 'illegal funds']",black money (funds obtained through illicit means and not declared),Object,0.33,1.12
EL1948,μαύρος,ADJ,,"['μπάφος', 'φούντα']","Λαϊκός όρος για κάνναβη ή χασίς, που χρησιμοποιείται ως ναρκωτική ουσία",,,,ps,,,"['grass', 'pot', 'weed']",grass (slang for cannabis),Object,0.33,
EL1772,μαφία,NOUN,,"['συμμορία', 'οργανωμένο έγκλημα', 'σπείρα', 'υπόκοσμος']","οργανωμένη εγκληματική ένωση με ιεραρχία, κώδικα σιωπής και βασική δραστηριότητα τον εκβιασμό, την προστασία και παράνομα δίκτυα εμπορίου",,Και η άκρη που βρήκε τον οδήγησε στη μαφία.,,cds,,,"['mafia', 'mob', 'crime syndicate', 'gang']",organized crime syndicate,Object,1.09,0.49
EL1772,μαφία,NOUN,,"['παραμάγαζο', 'κλίκα', 'παρακράτος']",κλειστό δίκτυο προσώπων που εκμεταλλεύεται θεσμούς ή πόρους με αδιαφανή μέσα,,"Πάντως δεν την είδε σαν λάφυρο και τσιφλίκι του πατέρα του, όπως την βλέπει το καθεστώς Μητσοτάκη, δηλαδή η μαφία που εσείς ψηφίσατε!",,cds,,,"['cabal', 'old-boy network']",shadow clique : corrupt inner circle,Object,1.09,1.02
EL519,μαφιόζος,NOUN,,"['γκάνγκστερ', 'νονός', 'κακοποιός', 'μπράβος']",μέλος ή συνεργός οργανωμένης εγκληματικής ομάδας που ασκεί βία,,"Μπορεί να την πάρουν μακριά.» «Δεν θα την πάρει κανείς.» Και όσο ο απόστρατος μαφιόζος του Ραμόν άρχισε να καταστρώνει τα σχέδιά του, ο Άγγελος, από το άλλο στρατόπεδο, προσπαθούσε να κρύψει καλά τη Μυρτώ για να μην τη βρουν.",,cds,,,"['mafioso', 'mobster', 'gangster', 'crime boss']","member of the mafia, mobster",Person,1.29,0.5
EL519,μαφιόζος,NOUN,,"['μπράβος', 'τραμπούκος', 'νταβατζής'","άτομο που δρα εκβιαστικά, χρησιμοποιώντας διασυνδέσεις και απειλές, χωρίς να ανήκει κατ’ ανάγκη σε εγκληματική ομάδα",,username εμένα εδώ κ καιρό.......ο μαφιόζος που το παίζει δημοσιογράφος..,,cds,,,"['racketeer', 'enforcer']",racketeer : bully using underworld methods,Person,1.29,0.6
EL2260,μεγαλορρήμονας,ADJ,,"['φανφαρόνος', 'κομπαστής', 'υπερφίαλος', 'πομπώδης']",άτομο που μιλά με πομπώδη λόγια και υπερβολές για να εντυπωσιάσει,,Τα μεγάλα λόγια και οι καυχησιολογίες είναι ίδιον των πολιτευτών οι οποίοι βρίσκονται στο προσκήνιο τον τελευταίο καιρό. Μεγαλορρήμονας προσωπικά δεν εύχομαι να γίνω...#Πνευματικος #υγεία#εξετασεις,,qas,,,"['blowhard', 'windbag', 'big-talker', 'bombastic speaker']","grandiloquent, bombastic person",Person,0.43,
EL728,μεθώ,VERB,,"['τα πίνω', 'αλκοολίζομαι', 'ξεφαντώνω']",ενέργεια κατά την οποία κάποιος καταναλώνει πολύ αλκοόλ και χάνει τον έλεγχο των πράξεών του,,"ποιός ξερνά; RT username ο σκοτεινός μου εαυτός πίνει, ο φωτεινός μεθά",,qas,,,"['get drunk', 'intoxicate', 'booze up']",act of drinking excessive alcohol and losing control,Event,0.16,0.39
EL728,μεθώ,VERB,,"['συνεπαίρνομαι', 'εκστασιάζομαι']","σε κατάσταση που επικρατεί έντονη χαρά, συγκίνηση ή ενθουσιασμό που θαμπώνει την κρίση",,Καμιά φορά όταν στα μάτια σε κοιτώ. Μέσα τους χάνομαι και νιώθω πως μεθώ…#Pagidevmenoi,,qas,,,"['be elated', 'be intoxicated (fig.)']",be elated : feel intoxicated by strong positive emotion,Event,0.16,
EL2097,μελοδραματικός,ADJ,,"['δραματικός', 'θεατράλε', 'υπερσυναισθηματικός']",άτομο που αντιδρά υπερβολικά και φορτισμένα συναισθηματικά ώστε να προκαλέσει συγκίνηση,,"Σ. Καρύδη: ''Μου αρέσει να είμαι υπερβολική, μελοδραματική στα ερωτικά μου!'': GirlsVoices",,qas,,,"['melodramatic', 'overemotional', 'histrionic']","person who overreacts in an excessively emotional, theatrical way",Person,0.43,0.34
EL2097,μελοδραματικός,ADJ,,"['δακρύβρεχτος', 'υπερσυναισθηματικός']",έργο ή ύφος που επιδιώκει συγκίνηση με υπερβολή και δακρύβρεχτες κορυφώσεις,,Γραμμή «η αντιπολίτευση αρνείται πως απειλήθηκε ο Τζανακόπουλος» βασισμένη πάνω στο διαδικτυακό δούλεμα για το μελοδραματικό τουιτ του.,,qas,,,"['melodramatic', 'histrionic']",melodramatic (of style) : overly sentimental and theatrical,Behavioral_Trait,0.43,
EL2297,μεσαιωνικός,ADJ,,"['οπισθοδρομικός', 'σκοταδιστικός', 'παρωχημένος', 'αναχρονιστικός']","χαρακτηρισμός για άτομο ή ιδέα που θεωρείται παρωχημένη, αυταρχική και σκοταδιστική",,"""Zoύμε σε μια εποχή που αν κάνεις τον Σταυρό σου είσαι ταλιμπάν και μεσαιωνικός, ενώ αν πιστεύεις σε μπλε κρυστάλλους, αστρολόγους και σκόνες επαναφοράς είσαι προοδευτικός και trendy. Αν κάνεις το Πάσχα νηστεία τότε είσαι παλαιολιθικός, ενώ αν είσαι vegan, ωμοφάγος, χορτοφάγος",,qas,,,"['backward', 'reactionary', 'outdated', 'medieval-minded']","person or idea regarded as outdated, authoritarian and obscurantist",Person,0.49,
EL2297,μεσαιωνικός,ADJ,,"['σκοταδιστικός', 'οπισθοδρομικός', 'βαρβαρικός']","για ιδέα ή πρακτική που κρίνεται σκοταδιστική, βίαιη ή οπισθοδρομική",,"username Το ότι κάποιοι λαοί δεν πέρασαν αναγέννηση και διαφωτισμό, δε σημαίνει ότι οι υπόλοιποι πρέπει να γυρίσουν στο μεσαίωνα, έστω και αν επικαλουνται τη Σαρια μια επικάλυψη μεσαιωνικου δικαίου και νομών.",,qas,,,"['medieval (fig.)', 'backward']","medieval (fig.) : backward, obscurantist",Behavioral_Trait,0.49,0.6
EL1980,μηδαμινότητα,NOUN,,"['ασημαντότητα', 'ελαχιστότητα', 'μηδαμινό μέγεθος']",κατάσταση ελάχιστης αξίας ή σημασίας που δεν επηρεάζει ουσιαστικά τα πράγματα,,"Μ αρέσει αυτός ο ετεροχρονισμένος σχολιασμός απόψε. Σαφέστατη αναφορά στην ματαιότητα της ύπαρξης ενός τουϊτερά, στην μηδαμινότητα ενός τουϊ μέσα στο ταξίδι του χωροχρόνου...#MasterChefGR",,asf,,,"['triviality', 'insignificance', 'negligibility']",condition of being negligible or insignificant,State,0.43,
EL1839,μηχανορράφος,ADJ,,"['συνωμότης', 'δολοπλόκος', 'ραδιούργος', 'ιντριγκαδόρος']",άτομο που σχεδιάζει κρυφά και περίπλοκα κόλπα για να ωφεληθεί ή να βλάψει άλλους,,Το είπε και η Τζο. Μεγάλος μηχανορράφος. #survivorGR,,cds,,,"['plotter', 'schemer', 'intriguer', 'manipulator']",person who secretly devises intricate plots for personal gain or to harm others,Person,1.04,
EL1658,μηχανορραφώ,VERB,,"['δολοπλοκώ', 'ραδιουργώ', 'συνωμοτώ']",σχεδιάζω μυστικά και περίπλοκα σχέδια για να εξασφαλίσω ίδιον όφελος ή να υπονομεύσω άλλους,,παμε ... κουραστηκα να μηχανοραφω εναντιων της νυφης μου :P,,cds,,,"['plot', 'scheme', 'connive', 'intrigue']",to plot secretly and intricately for personal gain or to undermine others,Event,0.48,
EL1658,μηχανορραφώ,VERB,,"['δολοπλοκώ', 'ραδιουργώ', 'συνωμοτώ']","σκαρώνω επανειλημμένα δόλια σχέδια εναντίον κάποιου, κινούμενος με μυστικότητα",,"Οσο κοιμαστε αγαπητοι φολοερς,εγω μηχανοραφω για να κατακτησουμε το κοσμο  #itsadirtyjobbutsomebodysgottodoit",,cds,,,"['plot', 'connive', 'scheme']","to plot : to devise secret, under-handed schemes",Repetitive_Action,0.48,
EL1877,μιγάδα,NOUN,,"['μίξη', 'αράπισσα', 'αφροελληνίδα', 'μισοαίματη']","ρατσιστικός χαρακτηρισμός που στοχοποιεί γυναίκα μικτής φυλής, υπαινισσόμενος κατωτερότητα ή «καθαρό» αίμα",,"Ας πει κάποιος στην αμοιβάδα ότι η συγκεκριμένη είναι αφρικανή ( μιγάδα ναι, αλλά το γένος το δίνει ο πατέρας).  Χυλός ο εγκέφαλος του απ'τα εμβόλια κι όχι μόνο....!",,ps,,,"['mixed-race woman', 'half-breed', 'mulatto (female)', 'half-blood']","woman of mixed racial or ethnic origin, often used pejoratively",Person,0.28,
EL438,μιγάς,nan,,"['μίξας', 'μικτής καταγωγής', 'ημίαιμος']","άνδρας με γονείς από διαφορετικές φυλετικές ή εθνοτικές ομάδες, συχνά με απαξιωτική χροιά",,"Στα @@@ μας αλλά τώρα δεν Έλληνας μιγάς, τώρα είναι μόνο μαύρος;",,cds,,,"['mixed-race man', 'half-breed', 'mulatto', 'half-blood']","man of mixed racial or ethnic origin, often used derogatorily",Person,0.49,
EL1542,μίζερος,ADJ,,"['κακομοίρης', 'μουντρούχος', 'γρουσούζης', 'τσιγκούνης']","άτομο που μόνιμα γκρινιάζει, δείχνει κακομοιριά και συχνά τσιγκουνιά",,Γιατί έχετε γίνει τόσο μίζεροι και κακοί,,an,,,"['miserable', 'petty', 'gloomy', 'stingy']","person constantly complaining, mean-spirited and often stingy",Person,1.06,1.09
EL1542,μίζερος,ADJ,,"['κακομοίρης', 'γκρινιάρης', 'κατσούφης']","οντότητα που ζει ή εκφράζεται με κακομοιριά, μικροπρέπεια και συνεχή γκρίνια, δυσκολευόμενος να χαρεί.",,"username Αν δεν ξοδεύανε, οι καιροί θα ήταν χαλεπεστεροι και η γειτονοπούλα θα περίμενε το μίζερο δελτίο από το κρατος-πατερούλη. Ο κάθε Μητσοτακης δε θα είχε ούτε με την ψιλή να δώσει. Το κόστος του καπιταλισμού είναι η ανισότητα που χτυπάει στην ανθρώπινη αμαρτία του φθόνου.",,an,,,"['miserable', 'petty', 'whiny']",miserable / petty-minded : chronically complaining and joyless,Behavioral_Trait,1.06,1.07
EL1884,μικρόβιο,NOUN,,"['βακτήριο', 'μικροοργανισμός']","παθογόνος μικροοργανισμός που προκαλεί ασθένεια σε ανθρώπους, ζώα ή φυτά.",,"username Μου θυμίζεις ότι όλοι έχουμε καρκινικά κύτταρα,ναι σε μερικούς δυστυχώς ενεργοποιούνται. Κ όπως το λες παίζει,έχεις το μικρόβιο του καριολη κ στο βγάζουν.",,an,,,"['germ', 'microbe']",germ : disease-causing micro-organism,Object,0.23,1.24
EL1884,μικρόβιο,NOUN,,"['σκουλήκι', 'βδέλλα']","υποτιμητικός χαρακτηρισμός για ενοχλητικό ή ύπουλο άτομο, «σκουλήκι».",,Δεν είναι παθογόνο μικρόβιο ο Κυριάκος.;;Τι να φοβηθούμε δηλαδή..;;,,an,,,"['germ', 'pest']",germ (slur) : contemptible person,Person,0.23,
EL1884,μικρόβιο,NOUN,,"['ψώνιο', 'κόλλημα']",έντονη έμφυτη επιθυμία ή πάθος για μια δραστηριότητα,,Σερβος δειχνει στο παιδι του στιγμες απτην κερκιδα στο ΟΑΚΑ για να του κολλήσει το μικρόβιο #OlympiacosFC,,an,,,"['bug', 'itch']",bug (fig.) : consuming passion,Behavioral_Trait,0.23,
EL1930,μικροκλέφτης,NOUN,,"['πορτοφολάς', 'κλεφτράκος', 'τσιμπίτης', 'ψιλικατζής']","άτομο που αφαιρεί αντικείμενα μικρής αξίας, συχνά επανειλημμένα",,Όταν είσαι μικροκλέφτης είσαι εγκληματίας'  όταν είσαι μεγαλοκλέφτης είσαι τραπεζίτης;,,cds,,,"['petty thief', 'pickpocket', 'pilferer', 'shoplifter']","person who steals low-value items, often repeatedly",Person,0.41,
EL1438,μικροκλοπή,NOUN,,"['ψιλοκλοπή', 'κλεψιά μικρού ποσού', 'μικροαρπαγή']",παράνομη αφαίρεση αντικειμένων μικρής χρηματικής αξίας,,"Έχει γεμίσει η Ελλάδα απο Βαλκάνιους Ρομά, κυρίως Αλβανούς. Οι δικοί μας δεν είναι Ρομά, είναι γύφτοι κι είναι καλά παιδιά. Καμια μπαλωθιά, καμια μικροκλοπή κτλ. Ούτε ληστείες, ούτε φόνους.",,re,,,"['petty theft', 'shoplifting', 'pilfering']",illegal taking of low-value items,Event,0.31,1.25
EL2111,μικρολόγος,ADJ,,"['ψειρίστρια', 'μικροπρεπής', 'κακολογητής', 'τσιγκούνης']","άτομο που ασχολείται σχολαστικά με ασήμαντες λεπτομέρειες, αγνοώντας την ουσία και γκρινιάζει για μικροέξοδα· μεταφέρεται και σε κάποιον αδικαιολόγητα τσιγκούνη ή πεισματάρη στις αντιρρήσεις ",,"Οπότε, αν νομίζεις ότι το χαρτί πρέπει να γίνει αποδεκτό με μικρές αναθεωρήσεις, τότε θα πρέπει μάλλον να γίνεις όσο το δυνατόν πιο μικρολόγος και σχολαστικός, γιατί δεν θα το ξαναδείς πριν από τη δημοσίευση, οπότε πρέπει να γνωρίζουν τα πάντα για να διορθώσουν πριν από τη δημοσίευση.",,dmc,,,"['nitpicker', 'pedant', 'hair-splitter', 'quibbler']","person overly focused on trivial details, ignoring the essence",Person,0.21,
EL170,μικρόνους,ADJ,,"['χαζός', 'μικρόμυαλος', 'ανόητος', 'λίγος']","άτομο με περιορισμένη αντίληψη και ευφυΐα, εύκολα παραπλανήσιμο",,Για άλλη μια φορά ο μικρονους σαλτιμπαγκος στην προσπάθεια του να μπερδέψει την πολιτική με την προσωπική επίθεση τα κάνει αχταρμα. Ας του πει κάποιος πως το σχόλιο της κ.Ακριτα ήταν καθαρά πολιτικό  αν δεν το ξέρει.,,asf,,,"['simpleton', 'dim-witted', 'fool', 'small-minded']","person of limited intellect and understanding, easily misled",Person,0.56,
EL439,μιξογενής,ADJ,,"['μιγάς', 'μιξ', 'μισοαίματος', 'διπλής ρίζας']","άτομο που κατάγεται από διαφορετικές φυλές ή εθνοτικές ομάδες, όρος συχνά υποτιμητικός",,"Ο Δημιουργός Ιεχωβά Θεός είχε ως σκοπόν του να είναι η ανθρώπινη φυλή καθαρά ανθρώπινη, όχι μια μιξογενής φυλή μέσω ανίσου συζεύξεως αγγέλων και γυναικών.",,cds,,,"['mixed-blood', 'half-breed', 'hybrid', 'crossbreed']","person of mixed racial or ethnic origin, often pejorative",Person,nan,
EL369,μισαλλόδοξος,ADJ,,"['φανατικός', 'ρατσιστής', 'δογματικός', 'ακροδεξιός']",άτομο που αρνείται να αποδεχτεί διαφορετικές πεποιθήσεις ή τρόπους ζωής και εκδηλώνει εχθρότητα,,Είσαι αντίθετος με την εκχώρηση της Μακεδονίας; Τότε είσαι «μισαλλόδοξος» &amp; «ρατσιστής» σύμφωνα με το υπ. Παιδείας,,svp,,,"['intolerant', 'bigoted', 'narrow-minded', 'fanatical']",person who refuses to accept different beliefs or lifestyles and shows hostility,Person,0.46,1.09
EL1921,μογγολάκι,NOUN,,"['μογγολάκος', 'χαζούλης', 'καθυστερημένο']",υποτιμητικός όρος για παιδί με σύνδρομο Down ή νοητική αναπηρία,,username Έκανε η μιγα κωλο κ´εκλασε τον κόσμο όλο. Το μογγολάκι τα λάθος χάπια πίνει.,,ps,,,"['mongoloid kid', 'retarded child', 'slow kid', 'disabled child (slur)']",derogatory term for a child with Down syndrome or intellectual disability,Person,0.49,1.13
EL1728,μογγόλος,ADJ,,"['καθυστερημένος', 'χαζός', 'μυαλό-κότας']","υποτιμητικός όρος για άτομο με σύνδρομο Down ή, γενικότερα, για κάποιον που θεωρείται χαμηλής νοημοσύνης",,Εσυ ψηφίζεις κιόλας ετσι ούτε τους νόμους δεν γνωρίζεις ρε μογγολε κανεις και σχόλια από πάνω μογγολε ε μογγολε,,ps,,,"['mongoloid', 'retard', 'idiot', 'moron']",derogatory term for a person with Down syndrome or someone deemed unintelligent,Person,0.25,
EL1728,μογγόλος,ADJ,,"['Μογγολάρας', 'Τουρκομογγόλος', 'βάρβαρος']","Άνδρας ή (κατ’ επέκταση) οποιοσδήποτε αντίπαλος που χαρακτηρίζεται ως απόγονος των ιστορικών Μογγόλων· υβριστικά, κυρίως προς Τούρκους ή «ξένους βάρβαρους»• δηλώνει περιφρόνηση και εχθρότητα στον δημόσιο λόγο ή στα social media.",,Την Κυριακή πρέπει να γεμίσουμε το γήπεδο με σημαίες. Ούτε 5 λεπτά δεν θα αντέξει ο μογγολος γκρίζος λύκος. #OlympiacosBC,,ps,,,"['Mongol', 'barbarian']",Mongol (ethnic slur): offensive term for Turks or perceived “eastern barbarians”,Person,0.26,
EL2211,μοιχαλίδα,NOUN,,"['άπιστη', 'παράνομη', 'μοιχεύτρα', 'παραστρατημένη']","γυναίκα που έχει σεξουαλικές σχέσεις με άλλον εκτός του γάμου της, όρος φορτισμένος ηθικά",,Ιρανική δημοκρατία της Ελλάδας- Διαπόμπευση «μοιχαλίδας» σε χωριό της Ευβοιας,,pr,,,"['adulteress', 'cheating wife', 'faithless woman', 'strumpet']",woman having sexual relations outside her marriage; morally charged term,Person,1.12,1.03
EL192,μουλάρι,NOUN,,"['πεισματάρης', 'αγύριστο κεφάλι']","άτομο υπερβολικά πεισματάρικο, που αρνείται να αλλάξει γνώμη ή στάση, παρομοιαζόμενο με την ανυποχώρητη φύση του ζώου.",,Ε ρε μουλάρια...ούτε σε έναν δεν άρεσε..!!?,,an,,,"['stubborn mule', 'obstinate person']",stubborn person : obstinate like a mule,Person,0.33,0.56
EL192,μουλάρι,NOUN,,"['βαποράκι', 'μεταφορέας ναρκωτικών']",άτομο που μεταφέρει παράνομα ναρκωτικά ή άλλο λαθραίο φορτίο για λογαριασμό κυκλωμάτων,,"[NewsIt]: Τα 150 ελληνικά ""μουλάρια του χρήματος"" - Η εμπλοκή ακόμα και τζιχαντιστών",,an,,,"['drug mule', 'courier']",drug mule : courier who smuggles contraband,Person,0.33,1.16
EL979,μουνάκι,NOUN,,"['μουνί', 'αιδοίο', 'πουτί', 'φασούνι']",γυναικείο γεννητικό όργανο σε χυδαία μειωτική μορφή,,Η καλύτερη ώρα να γλείψεις μουνακι. Κι αν είσαι τυχερός λίγο πιο πριν να έχει τρέξει να προλάβει το λεωφορείο.,,asf,,,"['pussy', 'cunt', 'vulva', 'fanny']",vulgar diminutive for female genitals,Object,1.33,
EL979,μουνάκι,NOUN,,"['κορασίδα', 'τσουλί', 'κοριτσάκι']",υποτιμητικός χαρακτηρισμός για ελκυστική νεαρή γυναίκα που αντιμετωπίζεται ως σεξουαλικό αντικείμενο,,username username username Ορεο το μουνακι σου για γλυψιμο,,asf,,,"['chick', 'babe', 'little girl', 'hottie']","demeaning term for an attractive young woman, treated as mere sex object",Person,1.33,1.28
EL979,μουνάκι,NOUN,,"['σκουπίδι', 'κότα']",υποτιμητικός χαρακτηρισμός για άνδρα που θεωρείται δειλός/ανάξιος,,"ΟΧΙ...μουνάκια δεν εχω όφελος απο εσάς αλλιώς.... (#28ηΟκτωβριου ,#Μεταξάς)",,asf,,,['coward'],“little pussy” : derogatory for coward,Person,1.33,1.35
EL978,μουνί,NOUN,,['αιδοίο'],χυδαίος όρος για το γυναικείο γεννητικό σύστημα,,"username Γιατί ΤΟ ΜΟΥΝΙ ΤΗΣ ΜΑΝΑΣ ΤΟΥΣ για δεξιά γίδια, γι'αυτό.",,asf,,,"['cunt', 'pussy', 'vulva', 'fanny']",crude word for female genitals,Object,1.32,1.38
EL978,μουνί,NOUN,,"['κότα', 'κλαψιάρης', 'μαμούχαλος', 'δειλός']",υβριστικός χαρακτηρισμός για άτομο που θεωρείται δειλό ή αντιπαθητικό,,"Κείμενο της Φούρκας: «Αλληλεγγύη στην αδελφή μας &amp; σε κάθε τρανς γυναίκα,σεξεργάτρια ή μη,που έρχεται καθημερινά αντιμέτωπη με την τρανσφοβία,τον σεξισμό &amp; την πατριαρχία.ΓΥΝΑΙΚΕΣ ΜΕ ΑΡΧΙΔΙΑ &amp; ΑΝΤΡΕΣ ΜΕ ΜΟΥΝΙΑ, ΤΟΝ ΣΕΞΙΣΜΟ ΤΣΑΚΙΖΟΥΜΕ ΣΕ ΚΑΘΕ ΕΚΚΛΗΣΙΑ.Θα τα ξαναπούμε,ΚΑΛΟ ΠΑΣΧΑ.»",,asf,,,"['coward', 'jerk', 'wimp', 'loser']",insulting term for a cowardly or obnoxious person,Person,1.32,1.14
EL978,μουνί,NOUN,,['τσουλί'],περιφρονητική προσφώνηση για γυναίκα ως αντικείμενο πόθου,,Τι μουνι ειναι η αντιστοιχη Δωρα Παντελη της τουρκικης τηλεορασης ρε μαλακες μου;! #paobc #OlympiacosΒC,,asf,,,['pussy (slur)'],pussy (slander) : woman objectified,Person,1.32,
EL2045,μουρντάρης,NOUN,,"['γυναικάς', 'μπερμπάντης', 'ερωτιάρης']","άνδρας λάγνος, κυνηγός πολλών γυναικών",,"username username Τί Κον? Μήπως δε σε ξέρω τί ερωτιάρης &amp; μουρντάρης άντρας είσαι? Ν' αφήσω τη μικρή, μόλις 19 ΕΤΏΝ, αζεφούλα μου στα νύχια σου, γύπα?? ????????????????????????????????????????????????",,an,,,"['womanizer', 'philanderer']",womanizer : man who pursues many women,Person,1.06,1.11
EL2045,μουρντάρης,NOUN,,"['βρομιάρης', 'λετσοκακομοίρης']","λαϊκό επίθετο για βρομερό, ακάθαρτο άτομο",,Χώρισε η Μερόπη με τον Περικλή και τον έδιωξε από το σπίτι γιατί ήτανε μουρντάρης,,an,,,"['filthy guy', 'dirty fellow']",filthy fellow,Person,1.06,
EL997,μπαγαποντιά,NOUN,,"['κομπίνα', 'απάτη', 'φεσάρισμα', 'λαμογιά']",πονηρή ή ανέντιμη ενέργεια που αποσκοπεί σε όφελος,,Όταν πας κουβά για Νιοστή φορά γιατί σε κατατρέχει η μπαγαμποντιά στο Μακελειό. #poweroflovegr,,cds,,,"['swindle', 'trick', 'scam', 'rip-off']",cunning or dishonest act aimed at gain,Event,1.01,
EL2106,μπαλώνω,VERB,,"['κουκουλώνω', 'δικαιολογώ', 'σώζω τα προσχήματα']","προσπαθώ πρόχειρα να καλύψω λάθος, ζημιά ή ψέμα για να μη φανεί",,Κάποιοι σκίζουν τα ρούχα τους εδω μέσα και κάποιοι τα μπαλωνουν!! Άντε να βγάλεις άκρη τώρα!! ????????????????????,,qas,,,"['cover up', 'paper over']",cover up : patch over a fault,Event,0.07,0.41
EL2071,μπουκώνω,VERB,,"['φουσκώνω', 'παραγεμίζω', 'πνίγω', 'βυθίζω']","γεμίζω υπερβολικά στόμα, μύτη ή μηχανή, προκαλώντας βούλωμα ή πνιγμό",,"Αυτο που μπουκώνει μία το ένα ρουθούνι μία το άλλο, παλεύεις με τα χαρτομάντιλα και δε βγαίνει ίχνος μύξας ΕΙΝΑΙ ΓΙΑ ΤΟ ΠΟΥΤΣΟ",,cds,,,"['stuff', 'gorge', 'clog', 'jam']",stuff so much that mouth or mechanism gets clogged,Event,0.31,1.24
EL2071,μπουκώνω,VERB,,"['τσιμπουκώνω', 'πιπώνω']",(σεξουαλικό) ερεθίζω ή ικανοποιώ στοματικά γεμίζοντας στόμα ή άλλη κοιλότητα,,Να σε μπουκώνω μέρα νυχτα,,cds,,,"['deep-throat (vulg.)', 'blow']",oral-sex slang : mouth-fill stimulation,Event,0.31,
EL225,μπουρδέλο,NOUN,,"['οίκος ανοχής', 'σπίτι', 'ροζ σαλόνι', 'χαμαιτυπείο']",οίκος ανοχής όπου παρέχονται σεξουαλικές υπηρεσίες επί πληρωμή,,"Μα καλά, εκεί στο χωριό σου δεν έχετε μπουρδέλο; Δεν υπήρχε καμιά χήρα να βολέψεις την κατάσταση;» «Δεν υπήρχε.» «Τέλος πάντων.",,cds,,,"['brothel', 'whorehouse', 'bordello', 'house of pleasure']",brothel providing sexual services for money,Object,1.19,1.02
EL225,μπουρδέλο,NOUN,,"['χαός', 'ακαταστασία', 'κομφούζιο', 'μπάχαλο']",κατάσταση απόλυτης ακαταστασίας ή σύγχυσης,,Παντως το οτι εύχεστε σε εναν τίποτενιο μαλάκα δείχνει πόσο γλειφτες κ ψεύτες είστε κ πόσο θέλετε να κερδίσετε τις εντυπώσεις εδώ στο μπουρδελο το τουίτερ.Οταν τα ίδια άτομα τον θαβατε σε Ντιέμ.Ευτυχώς τα πιο πολλά κατακάθια σας εχω μπλόκ ????????????????????,,cds,,,"['mess', 'chaos', 'shambles', 'mayhem']",state of total mess or chaos,State,1.19,1.35
EL2359,μπουρέκι,NOUN,,"['μαζεμένος', 'υποχωρητικός', 'κατσούφης']",άτομο που δέχεται παθητικά επιπλήξεις ή βία χωρίς να αντιδρά,,Έφτιαξα πυροσκακια ενα μπουρεκι τωρα φτιάχνω κ ενα σπανακορυζο απο τα νεύρα,,ddp,,,"['meek person', 'submissive', 'pushover']",person who stays meekly under reprimand or force,Person,0.25,0.13
EL553,μπουρζουαζία,NOUN,,"['αστική τάξη', 'καπιταλιστές', 'πλουτοκράτες', 'νοικοκυραίοι']","κοινωνική τάξη οικονομικά εύρωστων ιδιοκτητών, συχνά με αρνητική πολιτική χροιά",,η ΣαμαροΝΔΤ καμαρώνει από το πρωί μέχρι το βράδυ για τις τζάμπα σακούλες της μπουρζουαζίας στη Βαρβάκιο. Άντε να γίνουμε όλοι ζητιάνοι,,qas,,,"['bourgeoisie', 'capitalists', 'upper middle class', 'moneyed class']","wealth-owning social class, often with pejorative political tone",Person,0.57,1.03
EL1032,μπούφος,NOUN,,"['χαζός', 'κουτός', 'βλάκας', 'ανόητος']","άνθρωπος αργόστροφος ή ανόητος, συχνά οκνός",,Την Άννα μην την βλέπετε έτσι είναι πολύ ύπουλη ανακατωστρα! Άφησε και τον άλλον τον μπουφο να ανοιχτεί κι εκείνη διάλεξε τον Βασίλη #PowerofLoveGR,,ps,,,"['idiot', 'dumbhead', 'fool', 'dope']",slow-witted or foolish person,Person,0.56,1.11
EL1032,μπούφος,NOUN,,"['θάμνος', 'χνούδι']","Πυκνό τρίχωμα στα γυναικεία γεννητικά όργανα, ιδιαίτερα όταν προεξέχει",,Ο αέρας σήκωσε την φούστα της και επειδή δεν φόραγε βρακί φάνηκε για λίγο ο μπούφος της.,,ps,,,"['bush', 'pubic hair']",pubic bush : abundant female pubic hair,Object,0.56,
EL2299,μπράβος,NOUN,,"['πορτιέρης', 'νταής', 'φουσκωτός', 'τραμπούκος']",μισθοφόρος σωματοφύλακας που εκφοβίζει ή επιβάλλει με τη βία,,username Σαν μπράβος επαρχιακού σκυλάδικου είναι.????????,,cds,,,"['enforcer', 'thug', 'bouncer', 'heavy']",hired bodyguard who intimidates or uses violence,Person,1.12,1.13
EL2327,μωρία,NOUN,,"['βλακεία', 'ηλιθιότητα', 'ανοησία', 'αφροσύνη']",κατάσταση ακραίας ανοησίας ή έλλειψης κρίσης,,Η Μωρία των Ανοήτων,,ddp,,,"['folly', 'stupidity', 'idiocy', 'fatuity']",state of extreme foolishness or lack of judgment,State,0.49,1.05
EL2184,μωρό,NOUN,,"['κακομαθημένος', 'κλαψιάρης', 'νιάνιαρο', 'παιδάκι']",ενήλικο άτομο που συμπεριφέρεται ανώριμα ή παραπονιέται υπερβολικά,,Έμοιαζε μ' ένα μωρό που ξαναβρήκε το αγαπημένο του αρκουδάκι.,,cds,,,"['cry-baby', 'spoiled brat', 'whiner', 'baby']",adult behaving immaturely or whining excessively,Person,0.15,0.21
EL2184,μωρό,NOUN,,"['αγάπη μου', 'κούκλα μου']","Χαϊδευτική προσφώνηση προς ερωτικό σύντροφο, συχνή στην ποπ κουλτούρα",,"Αλλ' αυτό δεν είναι αγάπη, μωρό μου.",,cds,,,"['baby', 'darling']",baby,Person,0.15,0.21
EL867,μωρολογώ,VERB,,"['φλυαρώ', 'αερολογώ', 'παραληρώ']",μιλώ ακατάπαυστα λέγοντας ασυνάρτητες ή ανούσιες κουβέντες,,"Το ίδιο και με τα δικά μου παιδιά, δεν τα καταλαβαίνω αν τα μωρολογώ με τρόπο που ταΐζει τα εγκεφάλια τους για να ξεράσουν αυτό που νομίζουν ότι θέλω να ακούσω.",,cds,,,"['babble', 'prattle', 'ramble', 'gabble']",babble incessantly saying incoherent or trivial talk,Repetitive_Action,1.01,
EL1156,νάνος,NOUN,,"['κοντός', 'λιλιπούτειος', 'πυγμαίος', 'μικρόσωμος']","άνθρωπος με πολύ κοντό στο ανάστημα, όρος που χρησιμοποιείται υποτιμητικά για να υποβαθμίσει σωματικά ή συμβολικά κάποιον",,"username Ξεκίνησαν έναν πόλεμο, χωρίς αιτία &amp; χωρίς να λάβουν υπόψη καμιά παράμετρο. Θλιβεροί πολιτικοί νάνοι.",,an,,,"['dwarf', 'midget', 'shorty', 'tiny person']","person of very short stature, often used mockingly",Person,0.34,1.07
EL768,ναρκισσισμός,NOUN,,"['αυτολατρεία', 'εγωπάθεια', 'αυτοθαυμασμός', 'αυταρέσκεια']",τάση υπέρμετρης αυτοθαυμασίας και εγωκεντρισμού,,"username Ναι..ρε Σταματη..? Και..λοιπον ,εσενα ""τι"" σε ""κοφτει"",ποιους και γιατι αρεσκεται ν`ακουει ο κ.Μητσοτακης ? Μηπως το..παρακανεις-ως συνηθως- με την ""ιδεα"" που`χεις για τα τραγουδακια σου..? Ασε..που αυτο το ""δεν θελω""..φανερωνει ναρκισσισμο η οχι..?",,cds,,,"['narcissism', 'self-love', 'egotism', 'self-admiration']",excessive self-admiration and egocentrism,Behavioral_Trait,0.56,0.55
EL1935,ναρκισσιστής,NOUN,,"['εγωπαθής', 'αυτολάτρης', 'φιγουρατζής', 'φιλοτομαριστής']",άτομο με παθολογική προσκόλληση στον θαυμασμό του εαυτού του,,"ΤΕΣΤ Προσωπικότητας: Κάνε το και Μάθε αν είσαι Ψυχοπαθής, Ναρκισσιστής, Και τα Δύο ή Τίποτα.",,cds,,,"['narcissist', 'egotist', 'self-centered person', 'show-off']",person pathologically attached to self-admiration,Person,1.12,0.21
EL1936,ναρκισσιστικός,ADJ,,"['εγωπαθής', 'αυτοθαυμαστικός', 'αυτοκεντρικός', 'φιγουρατζίδικος']",στάση που χαρακτηρίζεται από υπέρμετρη αγάπη προς τον εαυτό και ανάγκη θαυμασμού,,"username Εμένα δεν μου αρέσει, το βρίσκω αυτάρεσκο &amp; ναρκισσιστικό.",,cds,,,"['narcissistic', 'self-absorbed', 'egotistic', 'vain']",marked by excessive self-love and need for admiration,Behavioral_Trait,0.56,0.6
EL1956,νέγρος,NOUN,,"['μαύρος', 'αράπης', 'κουρσάρος']",ρατσιστικός όρος για άτομο με καταγωγή από την Υποσαχάρια Αφρική ή είναι απόγονος Αφρικανών σκλάβων,,«Οι νέγροι είναι σκλάβοι. Να πάνε στην Αφρική» (ΒΙΝΤΕΟ) Ισραηλινοί διαδηλωτές: Δεν θέλουμε πολυεθνικό Ισραήλ»,,ps,,,"['negro', 'nigger', 'black', 'darkie']",racist slur for a person of sub-Saharan African descent,Person,0.52,1.03
EL1956,νέγρος,NOUN,,['αράπης'],"χρησιμοποιείται για να μειώσει ή να εξυβρίσει άτομο μαύρης φυλής· θεωρείται ρατσιστικός, υβριστικός όρος και αποδοκιμάζεται στον δημόσιο λόγο",,και 2 και νέγρος... αμέ!,,ps,,,"['n-word', 'racial slur (black)']","racial slur, racist slur for black people, n-word",Person,0.52,0.54
EL2060,νεόπλουτος,ADJ,,"['φρέσκοπλουτος', 'νεοπλουτίστας', 'χρυσόπαιδο', 'λεφτάς']",άτομο που απέκτησε ξαφνικά πλούτο και επιδεικνύει κραυγαλέα πολυτέλεια,,"username username Η εποχη που το μπουλιγκ, το καπνισμα, ο διασυρμος των ανθρωπων και το βρισιμο θεωρουνταν "" μαγκια"" απο μικρουτσικο, κωστπουλο και εσας και διασκεδαζαν τους νεοπλουτους ελληνες περασε ανεπιστρεπτι.. 1/2",,cds,,,"['nouveau riche', 'upstart', 'parvenu', 'new-rich']",person who became rich suddenly and shows flashy luxury,Person,0.49,1.09
EL2060,νεόπλουτος,ADJ,,"['νεοπλουτισμός', 'φανφάρα']",χαρακτηριστική επιδειξιομανία και κιτς αισθητική ατόμου με πρόσφατο πλουτισμό,,"Αυτό το κουλζεν του ποζερα νεοπλουτου με τη διχαλωτη γλώσσα που μπήκε για ίντριγκα αλλά και για τα λεφτά, με σκοπό πανελιστα την επόμενη σεζόν είναι κάπως ????????#BigBrotherGR",,cds,,,"['show-off attitude', 'parvenu taste']",nouveau-riche attitude,Behavioral_Trait,0.49,1.22
EL965,νεοφερμένος,VERB,,"['νεοαφιχθείς', 'νεόφερτος', 'πρωτάρης', 'φρέσκος']","Άτομο που μόλις καταφτάνει σε έναν τόπο, ομάδα ή παρέα και δεν έχει ακόμη προσαρμοστεί, συχνά δηλώνει απειρία ή μειονεκτική θέση",,username Εγώ θέλω να δω εξέλιξη και ας μεταφράζεται και χωρίς τους νεοφερμένους.,,cds,,,"['newcomer', 'new arrival', 'rookie', 'freshman']",person who has just arrived and is not yet integrated,Person,0.15,0.52
EL2185,νήπιο,NOUN,,"['βρέφος', 'μικρό', 'πιτσιρίκι', 'νιάνιαρο']",Παιδί ηλικίας έως περίπου τεσσάρων ετών που δεν έχει αναπτύξει ακόμη πλήρη λόγο και αυτονομία. Χρησιμοποιείται με αρνητική χροιά για να προσβάλει την μικρή ηλικία ενός ατόμου,,"“Εσύ θα με μάθεις, βρε νήπιο, συμπεριφορά”, του λέω, “εγώ γέννησα εσένα, δε γέννησες εσύ εμένα!",,cds,,,"['toddler', 'infant', 'little child', 'tot']",child up to about four years old,Person,0.3,0.7
EL2185,νήπιο,NOUN,,"['παιδαρέλι', 'μωρό (μετ.)']","Ειρωνική προσφώνηση που χαρακτηρίζει ενήλικο ή έφηβο ως ανώριμο, που φέρεται με παιδική γκρίνια.",,Είχα μιλήσει στο τηλέφωνο μαζί τους και σαλιάριζαν σαν νήπια που μόλις έχουν τελειώσει τα κακά τους.,,cds,,,"['cry-baby', 'childish person']",toddler (pejorative),Person,0.3,1.13
EL447,νόθος,ADJ,,"['μπάσταρδος', 'εξώγαμος', 'παράνομος γόνος']",Άνθρωπος γεννημένος εκτός γάμου και συχνά κοινωνικά στιγματισμένος.,,Εφημερίδα αγόρασε και… έθαψε πληροφορία πως ο Τραμπ έχει νόθο παιδί!,,cds,,,"['bastard', 'illegitimate child', 'love child']","illegitimate child, bastard",Person,0.59,0.58
EL447,νόθος,ADJ,,"['πλαστός', 'ψεύτικος', 'κίβδηλος', 'κάλπικος']",Αντικείμενο ή ιδέα που δεν είναι γνήσιο αλλά παραποιημένο ή αναμεμειγμένο με κατώτερης ποιότητας στοιχεία.,,"Εργαζόμενοι έξω από το Εργατικό Κέντρο Θεσσαλονίκης καταγγέλουν τις μεθοδεύσεις της πλειοψηφίας του ΕΚΘ (ΠΑΣΚΕ, ΔΑΚΕ, ΣΥΡΙΖΑ) να οδηγήσει σε νόθο συνέδριο.",,cds,,,"['fake', 'spurious', 'counterfeit', 'bogus']",spurious or counterfeit thing,Object,0.59,
EL1228,νταβατζής,NOUN,,"['μαστροπός', 'προαγωγός', 'προστάτης', 'εκμεταλλευτής']",Άνδρας που εκμεταλλεύεται σεξουαλικά εργαζόμενες εισπράττοντας χρήματα με εκβιασμό ή βία.,,username username Όταν χρεοκοπεί η χώρα και αυτοί που την χρεοκόπησαν ακόμη κυβερνούν με την ψήφο του ελληνικού λαού αυτά παθαίνεις. Και ακόμη την χρεοκοπούν 50 δις από τις αγορές πήρε ο Μητσοτάκης για να ταισει τους νταβατζηδες με απευθείας σναθεσεις,,cds,,,"['pimp', 'procurer', 'racketeer', 'exploiter']","man who profits from prostitutes, pimp",Person,1.25,1.19
EL2435,ντραγκέτα,NOUN,,"['μαφία', 'καλαβρέζικη μαφία', 'συνδικάτο εγκλήματος']","Ιταλική εγκληματική οργάνωση γνωστή για διακίνηση ναρκωτικών, εκβιασμούς και ξέπλυμα χρήματος.",,Ντραγκέτα: Η μαφιόζικη συμμορία που απλώνεται από την Αυστραλία μέχρι τον Καναδά...,,re,,,"['’Ndrangheta', 'Calabrian mafia', 'crime syndicate']",Calabrian mafia crime syndicate,Person,0.48,0.3
EL1973,νυμφομανής,ADJ,,"['σεξομανής', 'υπερσεξουαλική', 'λιγούρα']","Γυναίκα με ασυνήθιστα υψηλή και επίμονη σεξουαλική επιθυμία, συχνά κοινωνικά στιγματισμένη.",,"O Σωτηρόπουλος, που την επίσης αλλά ως Ροβεσπιέρος υπερασπίζεται το λαό και διάφορους περιθωριακούς, προτίμησε να τη βγάλει νυμφομανή και λυσσάρα.",,cds,,,"['nymphomaniac', 'sex addict', 'hypersexual woman']",woman with excessive sexual desire,Person,1.09,1.09
EL503,νυμφομανία,NOUN,,"['υπερσεξουαλικότητα', 'σεξομανία', 'ερωτική έμμονη']","Ψυχοσεξουαλική κατάσταση που περιγράφει (πλέον παρωχημένα) παθολογικά έντονη και συνεχή σεξουαλική επιθυμία γυναίκας, όρος που συχνά χρησιμοποιείται ως στίγμα",,Υπάρχει μεγαλύτερη νυμφομανία από όση μπορούμε να εξυπηρετήσουμε...,,svp,,,"['nymphomania', 'hypersexuality', 'sex addiction']",condition of excessive female sexual drive,State,0.59,
EL65,νωθρότητα,NOUN,,"['αδράνεια', 'βραδύτητα', 'ραθυμία', 'υποτονικότητα']",Κατάσταση βραδύτητας ή έλλειψης ενεργητικότητας σε δραστηριότητες ή λειτουργίες.,,"Στα 100 άτομα ζήτημα είναι αν 10 ξέρουν όνομα ή φάτσα του εγκληματία #σταθμαρχη που έβαλε 2 τρένα στην ίδια γραμμή κ σκότωσε 57 ψυχές. Όσο η κυβέρνηση τηρούσε αστική νωθρότητα,η πιο χυδαία αντιπολίτευση του πλανήτη ασελγούσε σε χαμηλά IQ πολιτών. #Τεμπη_εργαλειοποιηση #δεν_θα_παω",,svp,,,"['sluggishness', 'torpor', 'inertia', 'lethargy']","sluggishness, lack of energy",State,0.48,
EL65,νωθρότητα,NOUN,,"['τεμπελιά', 'οκνηρία', 'ραθυμία', 'πλαδαρότητα']",Σταθερή ροπή ενός ατόμου ή οραγισμού να αποφεύγει ενέργεια ή γρήγορες κινήσεις.,,"Η παρακμή και η νωθρότητα της Ευρώπης σε ένα άρθρο! Φοβούμενη νέα επίθεση η Γερμανία στερεί το δικαίωμα της ψυχαγωγίας στους πολίτες τής. Χριστούγεννα στο σπίτι Γερμανε, Έλληνα, Γαλλε.. Στους δρόμους έχουν δικαίωμα να βγουν μόνο οι μουσουλμάνοι στα ραμαζανια και τα μπαιραμια",,svp,,,"['laziness', 'indolence', 'sloth', 'idleness']","personal tendency toward slow, idle behaviour",Behavioral_Trait,0.48,
EL2075,ξεγελάω,VERB,,"['εξαπατώ', 'κοροϊδεύω', 'παραπλανώ', 'δουλεύω']",Πράξη κατά την οποία κάποιος παραπλανά άλλον για να αποσπάσει όφελος ή να αποφύγει ευθύνη.,,Έχεις ευθύνη για την ανικανότητα που έδειξες. 6.500 πέθαναν από την ανικανότητα σου. Δεν μας ξεγελάς πια,,re,,,"['deceive', 'trick', 'cheat', 'hoodwink']",act of deceiving or tricking,Event,0.51,1.01
EL2222,ξινισμένος,VERB,,"['μουτρωμένος', 'ξινός', 'γκρινιάρης', 'κατσούφης']","Πρόσωπο που δείχνει μόνιμη κακοκεφιά, γκρίνια και αποστασιοποίηση.",,"Μόνιμα ξινισμενες, και μετά αναρωτιεστε γιατί σας λένε αγαμητες",,cds,,,"['grumpy', 'sour-faced', 'crabby', 'sullen']",grumpy or sulky person,Person,0.38,1.33
EL2222,ξινισμένος,VERB,,"['ξινός', 'μπαγιάτικος']","Τροφή ή ποτό που έχει χαλάσει, με ενοχλητική όξινη γεύση ή οσμή",,username username Αυτή σε κάθε ερώτηση πρώτα έπινε μια γουλιά νερό κ μετά απαντούσε μια μαλακία με ξινισμένη φάτσα.,,cds,,,"['acidic', 'off']",sour / spoiled,Behavioral_Trait,0.38,0.8
EL1491,οβραίος,NOUN,,"['οβριός', 'εβραίος', 'ιουδαίος', 'τσιφούτης']",Προσβλητικός όρος για άτομο εβραϊκής καταγωγής.,,Θελει ο οβραιος να κρυφτεί κ η χαρα δεν τον αφήνει,,ps,,,"['Jew', 'kike', 'Hebrew', 'Yid']",derogatory term for a Jew,Person,nan,
EL893,οβριός,NOUN,,"['οβραίος', 'ιουδαίος', 'τσιφούτης']","Παλιός και υποτιμητικός τύπος της λέξης Εβραίος, που χρησιμοποιείται κυρίως για να δηλωθεί περιφρόνηση ή εχθρότητα",,"Πόσο καλά μιλάει ο όβριος τα βαρβαρικά!: Ακούστε πόσο καλά μιλάει ο δεξιός όβριος τα βαρβαρικά, δεν τον έχει δικάσει ούτε ένας πράκτορας δικαστικός…",,an,,,"['Jew', 'kike', 'Hebrew']",old derogatory form for Jew,Person,nan,
EL1550,οίηση,NOUN,,"['αλαζονεία', 'υπεροψία', 'έπαρση', 'βεντετισμός']",Ψυχολογικό γνώρισμα με έντονη και αδικαιολόγητη πεποίθηση ανωτερότητας που εκδηλώνεται ως έπαρση και περιφρόνηση προς τους άλλους,,username Όταν έχεις ταπεινώσει τους Γερμανοτσολιάδες επιβάλλεται λίγη οίηση.,,ddf,,,"['conceit', 'arrogance', 'hubris', 'self-importance']",overbearing self-conceit,Behavioral_Trait,0.3,0.7
EL4,οκνηρία,NOUN,,"['τεμπελιά', 'ραθυμία', 'αδιαφορία', 'απραξία']",Κατάσταση απραξίας και σταθερή ροπή σε αδράνεια και αναβλητικότητα στη δράση,,username Ομολογία ανικανότητας και οκνηρίας.,,svp,,,"['laziness', 'indolence', 'sloth', 'inertia']",state of laziness or inertia,State,0.44,0.54
EL4,οκνηρία,NOUN,,"['τεμπελιά', 'ραθυμία', 'απάθεια', 'νωθρότητα']",Σταθερή προσωπική τάση να αποφεύγεται η εργασία και η προσπάθεια.,,"Ρε παιδιά, τούτος εδώ συνέχεια επαναλαμβάνει: ""όταν έφυγε ο Στάθης, πείσμωσα περισσότερο και ήθελα να νικήσω"". Αυτό το θέατρο του παραλόγου που βλέπαμε τους τελευταίους μήνες, αυτή η γελοιότητα, η οκνηρία, το όνειδος ήταν ο πεισμωμένος του εαυτός; Δουλευόμαστε; #survivorGR",,svp,,,"['laziness', 'indolence', 'idleness', 'sloth']",habitual avoidance of effort,Behavioral_Trait,0.44,
EL79,οκνηρός,ADJ,,"['τεμπέλης', 'ραθυμός', 'αδρανής', 'νωθρός']",Άτομο με μόνιμη προδιάθεση να αποφεύγει κόπο και εργασία.,,"Κ αυτό λέμε ότι είναι κανονικότητα, απλά επειδή εγκαταλείψαμε την προσπάθεια κ δεν αντιδρούμε. Γιατί η αντίδραση για να είναι υγιής, απαιτεί κόπο, κρίση, υπομονή ... Κ εμείς γίναμε οκνηροί κ βολεψακιδες.",,svp,,,"['lazy', 'sluggish', 'indolent', 'idle']",lazy person,Person,1.04,1.01
EL1994,ομερτά,NOUN,,"['νόμος της σιωπής', 'σιγή ιχθύος', 'σύμφωνο σιωπής']","Άγραφος κανόνας σιωπής και αλληλοκάλυψης, ιδιαίτερα σε παράνομες ομάδες, όπου η αποκάλυψη πληροφοριών θεωρείται προδοσία",,"Σκάνδαλο Novartis και μετά... ""Ομερτά"": Οι Κυριακάτικες Εφημερίδες εξαφάνισαν την είδηση μετά το φιάσκο της Πέμπτης",,cds,,,"['omertà', 'code of silence', 'silence pact', 'gag rule']",code of silence among criminals,State,0.23,0.58
EL1475,ομοφυλοφιλία,NOUN,,"['ομοερωτισμός', 'γκέι σεξουαλικότητα', 'ίση έλξη']",Σεξουαλικός προσανατολισμός που στρέφει τη συναισθηματική και ερωτική έλξη προς άτομα του ίδιου φύλου. Φέρει συχνά αρνητικές ή παθολογιοποιητικές συνδηλώσεις,,Ιάσονας Μανδηλάς: Η αντίδραση της οικογένειάς του μετά τη συνέντευξή του για την ομοφυλοφιλία,,om,,,"['homosexuality', 'same-sex orientation', 'gayness']",homosexual orientation,State,0.59,0.22
EL842,ομοφυλόφιλος,NOUN,,"['γκέι', 'λεσβία', 'ομοερωτικός']","Άτομο που νιώθει ερωτική ή συναισθηματική έλξη προς πρόσωπα του ίδιου φύλου. Ο όρος, παρότι ουδέτερος, συχνά φορτίζεται υβριστικά σε ομοφοβικό λόγο.",,"username Είπε ότι ξεφτιλίζει τον εαυτό του και τον κλάδο των ομοφυλόφιλων. Όταν θεωρεί ότι οι ομοφυλόφιλοι αποτελούν κλάδο, δεν είναι ομοφοβικό σχόλιο;",,or,,,"['homosexual', 'gay', 'lesbian', 'same-sex attracted']",person attracted to the same sex,Person,1.02,1.05
EL842,ομοφυλόφιλος,NOUN,,['ομοφυλοφιλία (ουσ.)'],Ιδιότητα κατά την οποία κάποιος κατευθύνει τον ερωτικό του προσανατολισμό προς το ίδιο φύλο,,"Νεόφυτος, επίσκοπος Μόρφου:Η ομοφυλόφιλη επιθυμία μεταδίδεται στο έμβρυο από μητέρα που της αρέσει το πρωκτικό σεξ.ΔΛΔ ΤΟ ΠΑΡΚΙΝΣΟΝ ΜΕΤΑΔΙΔΕΤΑΙ ΑΠΟ ΜΗΤΕΡΑ ΠΟΥ ΧΡΗΣΙΜΟΠΟΙΕΙ ΔΟΝΗΤΗ&amp;ΤΟ ΟΤΙ ΓΕΜΙΣΑΜΕ ΜΑΛΑΚΕΣ ΕΙΝΑΙ ΔΙΟΤΙ ΟΙ ΓΟΝΕΙΣ ΤΟΥΣ ΑΥΝΑΝΙΖΟΝΤΑΝ;ΠΑΤΕΡ ΕΛΕΟΣ!",,or,,,['homosexuality'],same-sex orientation : enduring attraction to the same sex,Behavioral_Trait,1.02,1
EL80,οπαδός,NOUN,,"['φιλάθλος', 'υποστηρικτής', 'θαυμαστής', 'ακόλουθος', 'φανατικός']","Άτομο που υποστηρίζει με ζήλο μια ομάδα, ιδεολογία ή δημόσιο πρόσωπο.",,"Το 2001, σε έναν αγώνα της Μπάγερν Μονάχου με τη Μάντσεστερ Γιουνάιτεντ για το Τσάμπιονς Λιγκ, ένας οπαδός της αγγλικής ομάδας μπήκε στον αγωνιστικό χώρο φορώντας στολή ως!! ένας από τους παίκτες της Μάντσεστερ Γιουνάιτεντ., έβγαλε και φωτογραφίες με την ομάδα☺️",,qas,,,"['supporter', 'fan', 'follower', 'adherent']",zealous supporter or fan,Person,0.18,0.18
EL1093,οπίσθιος,ADJ,,"['οπίσθια', 'πισινός', 'κώλος']","Οπίσθιο μέρος του ανθρώπινου σώματος· τα γενικά «οπίσθια», χρησιμοποιούμενο συχνά χιουμοριστικά ή μειωτικά.",,Άβυσσος η ψυχή του μαλάκα του τουρκόγυφτου....η κατάσταση του είναι βαρείας μορφής και μη αναστρέψιμος. Τελευταίο όπλο της επιστήμης πλέον οι συνεχείς 'επακουμβίσεις' στα οπίσθια του...,,om,,,"['butt', 'rear', 'backside']","back-side : buttocks, rear part of the human body",Object,0.28,1.27
EL217,οπισθοδρομικότητα,NOUN,,"['καθυστέρηση', 'αναχρονισμός', 'στασιμότητα', 'συντηρητισμός']","κατάσταση καθυστέρησης και άρνησης προόδου σε ιδέες, στάσεις ή πρακτικές",,"Ανοίγεις την τηλεόραση, νιώθεις πως βρίσκεσαι στο 1965, αφού σιχτιρίζεις χαίρεσαι με τη σκέψη πως όλη αυτή η γενιά σύντομα θα τα τινάξει και θα εκλείψει η οπισθοδρομικότητά της, κατόπιν αηδιάζεις ακούγοντας τους άθλιους δημοσιογράφους που έχουν απαξιωθεί προ πολλού. #κηδεια_τεως",,ddp,,,"['backwardness', 'retrogression', 'stagnation', 'reactionism']","backwardness, resistance to progress",State,0.59,
EL1653,όργανο,NOUN,,"['μπάτσος', 'σερίφης (λ.χ.)']"," αστυνομικός αναφερόμενος υποτιμητικά, ιδιαίτερα σε λαϊκή αργκό",,"username username username username Ο σύγκριση είναι του τύπου, ο αστυνομικός είναι όργανο και το μπουζούκι είναι όργανο άρα ο αστυνομικός είναι μπουζούκι!",,asm,,,"['cop', 'pig']",cop : police officer referred to derogatorily,Person,0.11,0.58
EL1653,όργανο,NOUN,,"['υποχείριο', 'πιόνι', 'φερέφωνο', 'τσιράκι']",άτομο που λειτουργεί ως τυφλό υποχείριο ξένων συμφερόντων,,Καλά κάνετε και δε γίνεστε όργανα του συστήματος.,,asm,,,"['pawn', 'tool', 'stooge', 'minion']",pawn or stooge blindly serving others,Person,0.11,0.5
EL1324,οργή,NOUN,,"['θυμός', 'μανία', 'αγανάκτηση', 'οξύθυμια']",έντονο συναίσθημα θυμού και αγανάκτησης που συχνά οδηγεί σε βίαιη αντίδραση,,Τρέμει ολόκληρος από οργή και αγανάκτηση.,,an,,,"['anger', 'rage', 'fury', 'wrath']",intense anger or fury,State,0.28,0.38
EL2467,ορμή,NOUN,,"['φόρα', 'δυναμική', 'παρόρμηση', 'ώθηση']","Κατάσταση έντονης και συχνά βίαιης κίνησης ή παρόρμησης που παρασύρει πρόσωπα ή πράγματα σε επίθεση, σύγκρουση ή καταστροφή",,"Πριν προλάβουν να κάνουν κάτι, ενα τρίτο κύμα πιο φοβερό από τα προηγούμενα, χτυπάει με απίστευτη φόρα το accommodation και σηκώνει την αριστερή βάρκα από τα μόρσα, τη χτυπάει με ορμή στην κουβέρτα, τη σπάει, την κόβει στα δύο και παίρνει του το μισό σπασμένο κομμάτι καθώς το βαπόρι ριζε από την άλλη μεριά.",,re,,,"['impetus', 'momentum', 'drive', 'urge']",propulsive force or inner drive,State,0.1,0.18
EL1419,όρνεο,NOUN,,"['κοράκι', 'αρπακτικό']",άτομο άπληστο που εκμεταλλεύεται τη δυστυχία των άλλων,,"Το άλλο το ""όρνεο"" εδώ, πίστεψε μετά από όλα αυτά την Ελευθερία, και έβγαλε και λογύδριο στο Q της κατά του Μάριου. Ε, ώρσε 🖐 ξόρκι.  #survivorGR",,an,,,"['vulture', 'predator', 'ghoul']",greedy predator exploiting others' misfortune,Person,1.01,
EL1417,όρνιο,NOUN,,"['χαζός', 'αργόστροφος', 'βλάκας']","Άτομο που επιδεικνύει βραδύ ή απρόσεκτο νου, κάνει αστόχαστες κινήσεις και προκαλεί θυμηδία ή εκνευρισμό.",,Οχι σε μένα ρε όρνιο,,an,,,"['dummy', 'slow-poke', 'nitwit']",birdbrain : person of slow or careless mind,Person,1.01,
EL1417,όρνιο,NOUN,,"['κοράκι', 'αρπακτικό', 'καραδοκός']",προσβλητικός όρος για άπληστο ή ανήθικο άνθρωπο που εκμεταλλεύεται,,username username username Κι έβγαινε σαν τον προύχοντα στη Ζήνα. ΒΡΕ ΟΥΣΤ ΟΡΝΙΟ #πατρα,,an,,,"['vulture', 'shark', 'predator']","pejorative for greedy, immoral exploiter",Person,1.01,1.12
EL1153,ορντινάντσα,NOUN,,"['υπηρέτης', 'λακές', 'τσιράκι', 'υποτακτικός']","στρατιώτης ή γενικά υπηρέτης που εκτελεί τα θελήματα ανωτέρου, συχνά με δουλικό τρόπο",,username Λογικά πιστεύω νοιώθεις περήφανος κ για το ότι υπήρξε και ορντιναντσα των Γερμανων,,cds,,,"['lackey', 'gofer', 'minion', 'servant']",orderly or lackey performing errands servilely,Person,1.06,1.12
EL1062,ούννος,NOUN,,"['βάρβαρος', 'αγρίμι', 'κανίβαλος', 'απολίτιστος']","χαρακτηρισμός για βίαιο, βάρβαρο και άξεστο άτομο",,ΟΙ ΟΥΝΝΟΙ...,,ps,,,"['hun', 'barbarian', 'savage', 'brute']","label for violent, uncivilized brute",Person,0.48,0.45
EL1431,ουτιδανός,ADJ,,"['τιποτένιος', 'μηδενικό', 'ποταπός', 'αχρείος']","άνθρωπος χωρίς αξία ή κύρος, ασήμαντος και αξιοπεριφρόνητος",,#SurvivorGR Τι είδα στο τρέιλερ; Πείραξε τα πουλέν μου ο ουτιδανός; 😡😠😡,,cds,,,"['nobody', 'worthless fellow', 'good-for-nothing', 'loser']","worthless, insignificant person",Person,0.38,
EL2035,οχιά,NOUN,,"['φίδι', 'ύπουλος', 'διπρόσωπος']","Άτομο δόλιο και ύπουλο, που κρύβει κακία και χτυπά απροσδόκητα, όπως το δηλητηριώδες φίδι στο οποίο παραπέμπει η λέξη",,"""H Φένια είναι οχιά διμουτσουνη. Το νου σου μαυρε!"" #BigBrotherGR",,an,,,"['snake', 'viper', 'backstabber']",sly and treacherous person,Person,0.51,
EL588,όχλος,NOUN,,"['συρφετός', 'πλήθος', 'μάζα', 'ορδή']","Μάζα ανθρώπων θεωρημένη ως αμόρφωτη, θορυβώδης και επικίνδυνη, συχνά με υπαινίσσομενη κοινωνική κατωτερότητα",,Η Υπατία (370-418 μ.Χ.) υπήρξε νεοπλατωνική φιλόσοφος και μαθηματικός. Έζησε και δίδαξε στην Αλεξάνδρεια όπου και δολοφονήθηκε από όχλο που αποτελείτο από φανατικούς χριστιανούς. (Alejandría,,cds,,,"['mob', 'rabble', 'horde', 'crowd']","unruly, violent mob",Person,0.31,0.19
EL2085,παζαρεύω,VERB,,"['διαπραγματεύομαι', 'αλισβερίζω', 'κοστολογώ']",πράξη κατά την οποία κάποιος διαπραγματεύεται πιεστικά την τιμή για όφελος,,Παζαρεύει την επιβίωση της χώρας σήμερα ...,,cds,,,"['haggle', 'bargain', 'negotiate']",to haggle persistently over price,Repetitive_Action,0.13,0.48
EL1017,παιδεραστής,NOUN,,"['παιδόφιλος', 'βιαστής ανηλίκων', 'ανώμαλος', 'τέρας']",ενήλικος άντρας που επιζητά ή έχει σεξουαλικές σχέσεις με ανήλικα αγόρια,,"Το σύστημα που υπερυμνούσε τον ανώμαλο και βιαστή #Φιλιππίδη και τους κολλητούς του, κι έκανε Διευθυντή τον πρεζάκια βιαστή ανηλίκων παιδεραστή #Λιγνάδη κρίνει τον Άρη. To καλάβατε τώρα ????#Με_τον_Σερβετάλη",,pr,,,"['pederast', 'pedophile', 'child molester', 'pervert']",man who engages in sexual acts with underage boys,Person,1.32,1.21
EL1790,παιδεραστία,NOUN,,"['παιδοφιλία', 'ασέλγεια σε ανήλικους', 'βιασμός ανηλίκου']","Σεξουαλική πράξη ή διαρκής έλξη ενηλίκου προς ανήλικο, θεωρούμενη σήμερα σοβαρό ποινικό αδίκημα",,username Κάντε τον Θεό που επί εποχής του παίζουν τα μεγαλύτερα σκάνδαλα παιδεραστίας και ξεπλύματος βρώμικου χρήματος στο Βατικανό,,om,,,"['pederasty', 'pedophilia', 'child molestation']","pederasty, sexual activity with minors",Repetitive_Action,1.19,1.18
EL1429,παλιάλογο,NOUN,,"['ροσίνι', 'ψοφίμι', 'κουτσάλογο']","γηρασμένο, εξαντλημένο άλογο ακατάλληλο για εργασία, χρησιμοποείται μεταφορικά για να δηλώσει ένα χαλασμένο αντικείμενο",,"username Κάπου χάνει σε συμπίεση το παλιάλογο και δεν ξεκινάει,βάλτε φελό,και ζοριστείτε.!!!",,an,,,"['old nag', 'broken-down horse', 'spavined horse']","old, worn-out horse",Object,1.14,1.02
EL1429,παλιάλογο,NOUN,,"['σκρόφα', 'γριά', 'κακομούτσουνο', 'τελειωμένος']","υποτιμητικός χαρακτηρισμός για άνθρωπο που θεωρείται εξαντλημένος, ανίκανος ή άχρηστος",,"Αλλα βρε παλιάλογο , τα λεει αυτα ο κοσμος , τα ανακοινώνει ..κανει ενα ποστ, καλη ωρα, και φωναζει ΕΠΙΔΟΜΑ ΕΝΟΙΚΙΟΥ . . Να ενημερωνετε ο κοσμος",,an,,,"['hag', 'old bag', 'ugly woman', 'wreck']","derogatory term for unattractive, worn-out person",Person,1.14,
EL414,παλιανθρωπιά,NOUN,,"['ποταπότητα', 'μοχθηρία', 'ατιμία', 'κακουργία']","στάση ζωής που χαρακτηρίζεται από κακία, ατιμία και έλλειψη αρχών",,username Μη στεναχωριεσαι ολο και καμια καινουργα παλιανθρωπιά θα κανουν,,cds,,,"['villainy', 'baseness', 'wickedness', 'rascality']","baseness, wickedness, absence of principles",Behavioral_Trait,1.19,1.15
EL575,παλιάνθρωπος,NOUN,,"['αχρείος', 'καθίκι', 'αλήτης', 'ποταπός']","ποταπό, κακόβουλο άτομο χωρίς ηθικούς φραγμούς",,"Δεν ήμουνα καθόλου ψυχρή, αλλά και να 'μουνα, έπρεπε να ξέρει ο παλιάνθρωπος ότι όλες οι άμαθες γυναίκες, προπάντων όταν φτάσουν σε μια ορισμένη ηλικία χωρίς να 'χουν γνωρίσει άντρα, στην αρχή είναι πάντα ψυχρές, κι από κείνον εξηρτάτο να με διδάξει.",,dmc,,,"['scoundrel', 'bastard', 'lowlife', 'villain']","scoundrel, wicked person",Person,0.7,1.24
EL2040,παλιάτσος,NOUN,,"['κλόουν', 'καραγκιόζης', 'γελωτοποιός', 'παλιάτσαρος']",άτομο γελοίο και ανώριμο που γίνεται υπόδειγμα χλευασμού,,"Η Μάρθα την έβλεπε σαν παλιάτσο και μια φορά μου το «Εσύ είσαι σαν τους αυτοκράτορες», μου λέει, «που είχαν τζουτζέδες τους».",,dmc,,,"['clown', 'buffoon', 'joker', 'fool']","buffoon, ridiculous person",Person,0.43,1.03
EL2210,παλιοκόριτσο,NOUN,,"['αλήτισσα', 'σκρόφα', 'αχάριστη', 'ατακτούλα']","κοπέλα με απρεπή, άτακτη ή προκλητική συμπεριφορά",,Αλλ' αυτό το παλιοκόριτσο άρχισε να ντύνεται και να στολίζεται σα να επρόκειτο να πάει σε γάμο.,,pr,,,"['bad girl', 'hussy', 'brat', 'wild girl']","bad-mannered, unruly girl",Person,0.59,0.55
EL2210,παλιοκόριτσο,NOUN,,"['σαΐνι', 'βρε θηρίο']",Τρυφερή ή πειρακτική προσφώνηση προς οικείο θηλυκό πρόσωπο∙ η προσβολή αμβλύνεται από το οικείο πλαίσιο,,username username Με συγκίνησες πάλι ρε παλιοκόριτσο,,pr,,,"['rascal girl', 'cheeky lass']",you rascal girl – friendly teasing address to a familiar female,Person,0.59,0.41
EL385,παλιόμουτρο,NOUN,,"['κατεργάρης', 'απατεώνας', 'πονηρός', 'ρεμάλι']",ύπουλο και παμπόνηρο άτομο που ενεργεί με δόλο,,ΓΙΑΤΙ ΔΕΝ ΚΑΝΕΙΣ ΜΗΝΥΣΗ ΡΕ ΠΑΡΑΚΡΑΤΙΚΟ ΠΑΛΙΟΜΟΥΤΡΟ;;; #υποκλοπές #παρακολουθήσεις #κυβερνηση_Μητσοτακη #μητσοτακη_παραιτησου #Μητσοτακης_τελος #Ανδρουλακης #Βαξεβανης #documento #pega #predator #Pegasus #κουκακης #Μπιτζιος #Λαβρανος #intellexa,,re,,,"['rogue', 'crook', 'rat', 'scoundrel']","sly, untrustworthy crook",Person,1.14,
EL1019,παλλακεία,NOUN,,"['συμβίωση', 'εξωσυζυγική σχέση', 'παραγαμία']","Θεσμοθετημένη ή ανεκτή συμβίωση άνδρα-γυναίκας χωρίς γάμο, ιστορικά συνδεδεμένη με κατώτερη κοινωνική θέση της γυναίκας",,"Καθε Αθηναίος επιτρεπόταν να έχει, ελεύθερο δεσμό παράλληλα με τον γάμο, την παλλακεία: H συμβίωση μιας γυναίκας με ένα άνδρα, χωρίς γάμο.",,pr,,,"['concubinage', 'cohabitation', 'extramarital union']",status of a woman cohabiting as a secondary partner outside lawful marriage,State,0.54,
EL1018,παλλακίδα,NOUN,,"['ερωμένη', 'δεύτερη γυναίκα', 'παράνομη']","Γυναίκα που συζεί ερωτικά με άντρα χωρίς γάμο, ως δευτερεύουσα σύζυγος στο πλαίσιο θεσμοθετημένης συμβίωσης",,Η πανέμορφη παλλακίδα που έγινε πειρατής. Διοικούσε 1.000 πλοία και 50.000 άνδρες. Τιμωρούσε με αποκεφαλισμό...,,pr,,,"['mistress', 'concubine', 'lover']",woman living as a man's unofficial partner; concubine,Person,1.02,0.33
EL1018,παλλακίδα,NOUN,,"['ερωμένη', 'μαίτρέσα', 'κρατημένη γυναίκα']","Χαρακτηρισμός γυναίκας που αντιμετωπίζεται ως «κρατημένη» ερωμένη παντρεμένου άντρα, με κοινωνική απαξίωση",,Η παλλακίδα του Θέμου αναζητά καρέκλα για τον κωλο της,,pr,,,"['mistress', 'kept woman']",mistress : socially disapproved lover of a married man,Person,1.02,
EL351,πανδαιμόνιο,NOUN,,"['χαμός', 'χάος', 'κομφούζιο', 'αναστάτωση']",κατάσταση απόλυτης φασαρίας και αταξίας με έντονο θόρυβο και αναστάτωση,,Αληθινό ΠΑΝΔΑΙΜΟΝΙΟ στο Twitter με τα… Eλληνικά του Τσίπρα! -BINTEO,,cds,,,"['chaos', 'bedlam', 'uproar', 'mayhem']",total chaos and uproar,State,0.33,0.3
EL902,πανουργία,NOUN,,"['πονηριά', 'δολιότητα', 'απατεωνιά']",ικανότητα να επιτυγχάνεται στόχος με δόλο και κρυφή στρατηγική,,Τρία χρόνια είχε αδελφό τον Ηλία Μαργαρίτη. Κάτι δεν θα έπαιρνε και η Αδελφή Κατσάμπα από πανουργία. #Tzela,,cds,,,"['cunning', 'craftiness', 'guile']",crafty cunningness,Behavioral_Trait,0.52,
EL902,πανουργία,NOUN,,"['κόλπο', 'τέχνασμα', 'μηχανή']",Δόλιο τέχνασμα σχεδιασμένο να εξαπατήσει,,Μια παράμετρος της ναυμαχίας στην Σαλαμίνα είναι ότι ο Ευρυβιάδης δεν μέτρησε σωστά την πανουργία του Θεμιστοκλή με αποτέλεσμα οι Αθηναίοι να καρπωθούν τη νίκη λες και αν πέρναγαν τον Ισθμό οι Πέρσες δεν θα τους τσακίζαμε τα κόκκαλα,,cds,,,"['ruse', 'trick', 'ploy']",ruse : deceitful stratagem,Event,0.52,
EL1427,πανούργος,ADJ,,"['πονηρός', 'δόλιος', 'σατανικός']",άτομο που ενεργεί με πονηριά και δόλο για να πετύχει σκοπούς,,Μακρυά από αντρα γκρινιάρη και πανούργα πεθερά !,,cds,,,"['cunning', 'crafty', 'sly']","cunning, crafty person",Person,1.04,1.09
EL1819,παπαγάλος,NOUN,,"['παπαγαλάκι', 'ηχώ', 'κονσερβοφωνημένος']","άτομο που επαναλαμβάνει μηχανικά ό,τι ακούει χωρίς κριτική σκέψη",,username Μα γιατί το λέτε αυτό; Αφού ο username θεωρειται αντικειμενικός παπαγάλος στην Μόσχα....,,an,,,"['parrot', 'copycat', 'echo', 'mouthpiece']",person who parrots others mechanically,Person,0.15,1.12
EL743,παπάρα,NOUN,,"['ηλίθιος', 'χαζός', 'βλάκας', 'καραγκιόζης']",προσβλητικός χαρακτηρισμός για πολύ ανόητο ή κουτό άτομο,,username Γιατί τι έχει το μοχίτο ρε παπάρα; Εσύ τι πίνεις; Τσαι;,,asm,,,"['idiot', 'moron', 'dummy', 'fool']",stupid person; moron,Person,0.48,1.22
EL743,παπάρα,NOUN,,"['μουσκεμένο ψωμί', 'βουτυγμένο ψωμί']",κομμάτια ψωμιού βουτηγμένα σε ζωμό ή γάλα ως πρόχειρο φαγητό,,username σε 10 σαιτ την ίδια μαλάκια γράφεις.... Φάε την παπαρα σου τώρα κ καλή χώνεψη,,asm,,,"['soaked bread', 'bread mush']",bread pieces soaked in liquid food,Object,0.48,
EL743,παπάρα,NOUN,,"['ανοησία', 'κοτσάνα', 'μπούρδα']",Λόγος ή πράξη χωρίς ουσία που θεωρείται ανοησία,,ο. φουριε. φταει. τι? αηδια οι διαιτησια. απλα. πειτε παπαρες μετα... #OlympiacosBC,,asm,,,"['nonsense', 'blunder', 'clanger']",nonsense : foolish remark or blunder,Event,0.48,
EL1793,παπαράτσι,NOUN,,"['φωτορεπόρτερ', 'κοσμικογράφος', 'κουτσομπόλης ρεπόρτερ']",φωτογράφος που καταδιώκει διασημότητες για ιδιωτικές φωτογραφίες προς πώληση,,ΕΓΩ κάθε μέρα που με κυνηγάνε οι παπαράτσι,,cds,,,"['paparazzo', 'tabloid photographer', 'celebrity stalker']",celebrity-hunting photographer; paparazzo,Person,0.26,
EL1793,παπαράτσι,NOUN,,"['κατάσκοπος φωτογράφος', 'ψαχτήρι']",Άτομο που σκαλίζει αδιάκριτα τις προσωπικές στιγμές άλλων χωρίς να είναι επαγγελματίας,,"Τι έχουμε πάθει,με αυτές τις παπαράτσι φωτογραφίες?Πρέπει να βάλω σέξι μαγιό,να κάνω μαλλί,να βάλω κραγιόν,το καλό μου παρεό, λάδι στο κορμί,να πάρω και ωραίες πόζες!Φοβουμαι γαρ,μην έρθει κανένας αψεγάδιαστος στην παραλία και με βρει χάλια! ????????️",,cds,,,"['snoop', 'busybody']",snoop : nosy person prying with a camera,Person,0.26,0.43
EL745,παπάρι,NOUN,,"['πούτσος', 'τσουτσούνι', 'μαλακία (μτφ)', 'βλακεία']",χυδαίος λαϊκός όρος για το ανδρικό γεννητικό όργανο,,Τους πονηρούς τους αντέχω οι κουτοπόνηροι ειναι που σου ζαλίζουν τα παπάρια.....,,asm,,,"['dick', 'cock', 'bollocks', 'nonsense']",vulgar term for penis; also worthless thing or nonsense,Object,1.17,1.29
EL745,παπάρι,NOUN,,"['παλιομηχάνημα', 'σαχλομηχάνημα']",Ενοχλητικό ή άχρηστο αντικείμενο που δυσκολεύει τον χρήστη,,username Αφήσατε όλα αυτά ... απλώς γνωρίσατε μας γιατί δεν συντάσσεστε με τους Γάλλους αλλά με τους πουλημένους Τούρκο τσολιάδες Γερμανούς !!!! Γιατί??? Και τι παπαριες μας λέτε για 6 μίλια κόκκινες γραμμές !!! Αυτά σας λένε οι Γερμανοί και αμερικανοί ?? Τα φιλαράκια??? Για να δούμε ...,,asm,,,"['gizmo', 'contraption']",gizmo : annoying device,Behavioral_Trait,1.17,1.26
EL745,παπάρι,NOUN,,"['βλάκας', 'χαϊβάνι', 'μαλάκας']",Υβριστική προσφώνηση για άτομο που θεωρείται ανόητο ή εκνευριστικό,,Έχω υπάρξει ερωτική μετανάστρια Α Παρί...  Λέει μια γνωστή. Για να είσαι εδώ της λέω κατάλαβα. Παπαρί ..!,,asm,,,"['idiot', 'jerk', 'dumbass']",idiot : stupid or irritating person,Person,1.17,
EL1761,παραβάτης,NOUN,,"['παράνομος', 'παρανομών', 'εγκληματίας', 'ατακτικός']","άτομο που αθετεί νόμους, κανονισμούς ή κανόνες",,Συστηματικός παραβάτης αποφάσεων του Ευρωπαϊκού Δικαστηρίου η Ελλάδα: Τελευταία προειδοποίηση,,cds,,,"['offender', 'violator', 'lawbreaker', 'culprit']",offender; lawbreaker,Person,0.39,0.45
EL1036,παραβατικότητα,NOUN,,"['εγκληματικότητα', 'παρανομία', 'παραβίαση']",διαρκές φαινόμενο παράνομης συμπεριφοράς σε άτομα ή ομάδες,,"username Συμφωνώ μαζί σου σε πολλά,αλλά διαφωνώ όσον αφορά το συναισθηματικό υπόβαθρο που δίνεις στην παρανομία!Θεωρώ ότι πλέον η παραβατικότητα έχει αναχθεί σε επιστήμη, για εύκολη ζωή. Λαχταράμε εργάτες εδώ για δουλειά και δεν υπάρχει ούτε δείγμα!",,re,,,"['delinquency', 'criminality', 'lawlessness']",delinquency; criminal behavior,State,1.04,1.15
EL475,παραδρομή,NOUN,,"['ολίσθημα', 'πλάνη', 'παράλειψη', 'λάθος']",τυχαίο λάθος λόγου ή γραφής που γίνεται χωρίς πρόθεση,,Διόρθωση: Το όνομα του συνηγόρου που ανέφερε ο συνήγορος Μιχαλόλιας είναι Κατσαβός και όχι Κατσιαβής όπως μεταφέρθηκε εκ παραδρομής. #GDtrial,,cds,,,"['slip', 'lapse', 'mistake', 'blunder']",inadvertent slip or lapse,Event,0.1,0.15
EL1559,παράλογος,ADJ,,"['παλαβός', 'ανόητος', 'τρελός']",άτομο που δεν σκέφτεται με το νου και προβάλλει ανυπόστατα επιχειρήματα,,Οι άνθρωποι είναι καμιά φορά τρομερά παράλογοι.,,ddp,,,"['irrational', 'absurd', 'unreasonable', 'crazy']",irrational person,Person,0.26,0.47
EL1559,παράλογος,ADJ,,"['παράδοξο', 'αδιανόητο', 'ανόητο']","Λόγος, αίτημα ή κατάσταση που αντιβαίνει στη στοιχειώδη λογική και δύσκολα δικαιολογείται",,"username Σε άλλες θρησκείες επιτρέπεται. Αυτό που θεωρώ παράλογο είναι πως επειδή το απαγορεύει ο χριστιανισμός, ηλιθιωδως το απαγορεύει το κράτος. Εννοώ σε περίπτωση πολιτικού γάμου που δεν θίγεται η θρησκεία, τι πειράζει;",,ddp,,,"['absurd', 'preposterous', 'irrational']",absurd : demand or situation that defies reason,Behavioral_Trait,0.26,0.5
EL1412,παράνομος,ADJ,,"['παραβάτης', 'παράτυπος', 'εγκληματίας', 'λαθρέμπορος']","Άτομο που έχει τεθεί εκτός κανονισμού ή δρα παραβατικά, π.χ. λαθρομετανάστης ή αντάρτης",,"username username Σε φαρμακοποιό όχι, θα ήταν παράνομος. Σπούδασε Κτηνίατρος στο ΑΠΘ. Κατ'α τα άλλα, κάπως έτσι έχουν τα πράγατα. Αυτό το κράτος χτίσα-""με"" 2) Μιλώ για τους ΠΡΟΣΦΥΓΕΣ από την Ουκρανία, των οποίων την ροή μπορείς να ελέγξεις σε σημαντικό βαθμό (ο παράνομος αν καταφέρει να μπει, μπήκε)",,cds,,,"['outlaw', 'illegal', 'lawbreaker', 'offender']",outlaw; illegal person,Person,1.02,0.48
EL1412,παράνομος,ADJ,,"['παράτυπος', 'παρανομών', 'λαθραίος']","Πράξη, ιδιότητα ή κατάσταση που παραβιάζει ισχύοντα κανονισμό, ιδίως σε διοικητικό, ποινικό ή πολεοδομικό πλαίσιο",,Ο πιο σίγουρος τρόπος για να μετατρέψεις αυτό που ονομάζουν παράνομο χρήμα σε νόμιμο είναι να το επενδύσεις.,,cds,,,"['illegal', 'unlawful', 'illicit']",illegal : status that breaks the law,Behavioral_Trait,1.02,0.52
EL1009,παραπλανητικός,ADJ,,"['παρελκυστικός', 'δόλιος', 'απατηλός']","Πληροφορία, τίτλος ή διαφήμιση που δίνει εσφαλμένη εντύπωση με στόχο να εξαπατήσει",,Facebook: Κατηγορείται για παραπλανητική προώθηση VPN υπηρεσίας,,dmc,,,"['misleading', 'deceptive', 'false', 'delusive']",misleading; deceptive,Behavioral_Trait,0.57,0.45
EL2124,παραπονιάρης,ADJ,,"['γκρινιάρης', 'κλαψιάρης', 'μίζερος']",άτομο που διαρκώς γκρινιάζει συνεχώς για μικροπράγματα,,#FF username γιατί είναι ένας γλυκός...παραπονιάρης!,,cds,,,"['whiner', 'complainer', 'moaner', 'grumbler']",whiny person; complainer,Person,0.31,0.27
EL1124,παράσιτο,NOUN,,"['τζαμπατζής', 'κοπρίτης', 'λουφαδόρος', 'εκμεταλλευτής']","Άτομο που ζει μονίμως στηριζόμενο σε κόπο ή χρήματα άλλων, χωρίς δική του παραγωγική προσπάθεια.",,username Δεν έχεις+άδικο για το παράσιτο…,,svp,,,"['freeloader', 'sponger', 'moocher', 'parasite']",freeloader; person living off others,Person,0.44,0.41
EL1124,παράσιτος,ADJ,,"['τζαμπατζής', 'κολαούζος', 'αυλοκόλακας', 'κηφήνας']","άντρας που επιβιώνει σε βάρος άλλων, συχνά κολακεύοντας για να αποκομίσει οφέλη",,username username ...είσαι χρόνια μέσα στη μλκια η έγινες στην πορεία; κοψε την ολοήμερη γιατί θα τυφλωθεις λένε...σταλινικο παράσιτο...απτην φωτογραφία καταλαβαίνεις πολλά,,svp,,,"['sponger', 'hanger-on', 'parasite', 'sycophant']",male parasite; hanger-on living off others,Person,1.02,1.04
EL1124,παράσιτος,ADJ,,"['παρασιτικός', 'ξενόβιος']","Χαρακτηρισμός οργανισμού ή σχέσης που εξαρτάται από άλλον ξενιστή, προκαλώντας του ζημιά",,"Προκαλει αηδία η στάση της εκκλησίας. Παραβιάζει ιερούς κανόνες των σχέσεων παράσιτου και ξενιστή. Δηλαδή σε τι ελπίζει, σε νέο ξενιστή;",,svp,,,"['parasitic', 'host-dependent']",parasitic – dependent in a harmful wa,Behavioral_Trait,1.02,0.55
EL1810,παρασιτώ,VERB,,"['τζαμπατζιλικώ', 'λουφάζω', 'εκμεταλλεύομαι', 'καλοπερνώ εις βάρος']",ζω συστηματικά εις βάρος άλλων χωρίς να εργάζομαι ή να προσφέρω,,Ευκαιρία είναι να πάνε από κει που ήρθαν δεν θέλουμε να τους ταΐζουμε και να παρασιτούν εις βάρος μας...,,qas,,,"['freeload', 'leech', 'mooch', 'sponger']",to live parasitically off others,Repetitive_Action,1.06,1.22
EL2423,παρενδυσία,NOUN,,"['τρανσβεστισμός', 'διασταυρωμένη ένδυση', 'διαφυλική μεταμφίεση']",συνήθεια ή επιθυμία να φορά κάποιος ρούχα του άλλου φύλου,,Το μόνο κοινό με τον Τσώρτσιλ είναι η παρενδυσια (λέγεται ότι φορούσε μεταξωτές κυλότες) 🤡,,om,,,"['transvestism', 'cross-dressing', 'gender nonconforming dress']",cross-dressing; transvestism,Behavioral_Trait,0.59,
EL2423,παρενδυσία,NOUN,,['φετιχιστικός τρανσβεστισμός'],Κλινική κατάσταση όπου κάποιος διεγείρεται σεξουαλικά φορώντας ρούχα που κοινωνικά αποδίδονται στο άλλο φύλο,,Παρενδυσία και νόμιζα ότι η σχιζοφρένεια είναι σοβαρή πάθηση,,om,,,"['transvestic fetishism', 'fetishistic cross-dressing']",transvestic fetishism : paraphilia involving erotic cross-dressing,State,0.59,
EL639,παρίας,NOUN,,"['απόβλητος', 'παρείσακτος', 'μαύρο πρόβατο', 'λούμπεν']",Πρόσωπο κοινωνικά αποκλεισμένο και περιφρονημένο από την κοινότητα,,Αν είχαμε βγει από το ευρώ θα ειμάσταν κράτος παρίας-Η ρευστότητα θα αρχίσει να επιστρέφει - Ζωντανά η ομιλία Σαμαρά,,is,,,"['outcast', 'pariah', 'reject']",social outcast,Person,1.09,0.34
EL2095,πατάτα,NOUN,,"['γκάφα', 'κοτσάνα', 'μπούρδα']","Ειρωνικός χαρακτηρισμός για άτομο ανίκανο, αργό ή τεμπέλικο",,Κοροϊδεύετε τον πατάτα αλλά για τον εκάστοτε πατάτα που ψηφίζει το ίδιο κόμμα με σας δεν βγάζετε άχνα,,or,,,"['blunder', 'gaffe', 'howler']",loser / couch-potato : inept or lazy person,Person,0.11,1.11
EL2095,πατάτα,NOUN,,"['χαϊβάνι', 'ανίδεος', 'τεμπέλης']",Μεγάλο λάθος ή γκάφα που προκαλεί αμηχανία,,Μόνο ένας ηλίθιος σαν τον Πετράτο θα έβγαζε στον αέρα τέτοια πατάτα».,,or,,,"['loser', 'couch potato', 'dummy']",big blunder,Event,0.11,1.16
EL2083,πεθαίνω,VERB,,"['αποθνήσκω', 'σβήνω', 'τελευτώ', 'αποδημώ']",Χάνω οριστικά τη ζωή και παύω να υπάρχω,,"Δόξαζα μονάχα το θεό, όποιος κι αν ήταν, που είχε λυπηθεί τη μαμά και της έστειλε εγκαίρως τον καταρράχτη για να μη δει το Ντίνο να πεθαίνει ζωντανός.",,cds,,,"['die', 'pass away', 'perish', 'expire']",cease living,Event,0.36,0.36
EL2083,πεθαίνω,VERB,,"['ξεκαρδίζομαι', 'λιώνω στο γέλιο']","Σωματικό ή ψυχικό αίσθημα· βιώνω ακραίο πόνο, έλλειψη ή ένταση (πείνα, δίψα, κρύο, γέλιο).",,"Ο άλλος είναι γύρω στα τριάντα, αδύνατος μ’ ένα φτηνό κοστούμι αγορασμένο από μεγάλο κατάστημα και μια γραβάτα, τόσο χιλιοφορεμένη, που θα πρέπει να πεθαίνει από τη μοναξιά, γιατί σίγουρα δεν έχει ταίρι.",,cds,,,"['suffer badly', 'be starving', 'die laughing']","to be dying (of…), to be starving, to keel over laughing",Event,0.36,0.5
EL2083,πεθαίνω,VERB,,"['υποφέρω', 'ψοφάω']","Επιθυμώ κάτι πάρα πολύ, σε σημείο ανυπομονησίας",,"Έστω κι αν λογικά λες ότι έκανες καλά που το ‘κοψες, μέσα σου πεθαίνεις να ρίξεις μερικές φάπες, όπως ο τέως καπνιστής που ψοφάει για μια τζούρα.",,cds,,,"['crave', 'long for', 'die for']",to die for : crave intensely,Event,0.36,0.26
EL2170,πειρατεία,NOUN,,"['θαλάσσια ληστεία', 'αεροπειρατεία']","Ένοπλη επίθεση ή κατάληψη πλοίου, αεροσκάφους ή άλλου οχήματος με στόχο λεηλασία ή ομηρία για λύτρα",,Κομισιόν για πειρατεία στα ελληνικά πλοία: «Απαράδεκτη κατάσχεση – Εκφράσαμε την ανησυχία μας στο Ιράν»,,re,,,"['piracy', 'hijacking', 'sea robbery']",piracy (armed robbery at sea or hijacking),Repetitive_Action,0.54,0.52
EL2170,πειρατεία,NOUN,,"['κλοπή λογισμικού', 'παρανόμη διανομή']","Παράνομη αντιγραφή, διανομή ή αναμετάδοση προστατευόμενων αρχείων, προγραμμάτων ή σήματος χωρίς άδεια",,Ιδρύεται και στην Ελλάδα κόμμα “διαδικτυακής πειρατείας”.,,re,,,"['software piracy', 'media piracy']",copyright infringement/piracy (unauthorized copying or distribution),Repetitive_Action,0.54,0.38
EL1028,πειρατής,NOUN,,"['κουρσάρος', 'καταραντής', 'λαθρέμπορος', 'πειρατιώτης']",Άτομο που ληστεύει πλοία ή καταλαμβάνει αεροπλάνα ή άλλο όχημα με τη βία,,O Johnson είναι ένας broker: Μου επιβεβαίωσε αυτό που φανταζόμουν: ότι αποκλείεται να έβαλαν πειρατές τη φωτιά στο πλοίο του Χαρδάκου.,,an,,,"['pirate', 'corsair', 'buccaneer', 'raider']",person who commits piracy,Person,0.38,0.23
EL1028,πειρατής,NOUN,,"['ραδιοπειρατής', 'πειρατικός εκφωνητής']","Άτομο που αντιγράφει, διανέμει ή αναμεταδίδει προστατευόμενο ψηφιακό περιεχόμενο ή ραδιοσήμα χωρίς άδεια, παραβαίνοντας πνευματικά ή ραδιοτηλεοπτικά δικαιώματα",,Πιάστηκε στα πράσα 60χρονος «πειρατής» - Μετέδιδε ποδόσφαιρο και ταινίες για να βγάζει μεροκάματο #ΠΕΙΡΑΤΗΣ #ΣΥΝΔΡΟΜΗΤΙΚΑ_ΚΑΝΑΛΙΑ,,an,,,"['software pirate', 'cracker', 'pirate broadcaster', 'radio pirate']",software pirate / pirate broadcaster (unauthorized infringer or radio operator),Person,0.38,
EL64,πεισματάρης,ADJ,,"['ξεροκέφαλος', 'μονόχνωτος', 'πηγνός', 'πεισματάρικο']",Άτομο που επιμένει υπερβολικά στις απόψεις του και δεν συμβιβάζεται,,username Ρώτα να μάθεις. Λες να τα γράφω έτσι; Απλώς είναι πολύ πεισματάρης και λατρεύει το βυθό και την περιπέτεια. Κάνει και φυσιοθεραπείες στον Άγιο Δομήνικο. Αυτά.????,,an,,,"['stubborn', 'obstinate', 'headstrong', 'pig-headed']",obstinate person,Person,0.31,0.19
EL2072,περιδρομιάζω,VERB,,"['καταβροχθίζω', 'τσακίζω', 'ξεσκίζω στο φαγητό', 'λυσσολερώ']","Τρώω πάρα πολύ, συχνά με βουλιμικό τρόπο, μέχρι σκασμού",,"Αδιαφορουν για τις ζωες των ανθρωπων, αν θα χουν ψωμι στο τραπεζι, αν θα μπορουν να προσφερουν τα απαραιτητα στα παιδια τους. Τι ζητανε? Δουλεια, απλως δουλεια. Αυτοι περιδρομιαζουν απο παντου χωνουν τα παιδια τους στις πιο υψηλες θεσεις αλλα εσυ εργατη μεινε στο δρομο.",,cds,,,"['gorge', 'stuff oneself', 'pig out', 'devour']",gorge oneself repeatedly,Repetitive_Action,0.44,0.41
EL1409,πηδώ,VERB,,"['γαμώ', 'πηδάω', 'ξεσκίζω', 'καρφώνω']",Επιτελώ σεξουαλική πράξη με χυδαίο ή επιθετικό τόνο,,- Θα σου πηδάω την Μελάνια και συ θα βλέπεις - Μου αρέσει να βλέπω #ΧΑΟΣ_ΔΑΓΚΩΤΟ,,asm,,,"['fuck', 'bang', 'screw', 'ride']",have sex (vulgar),Event,0.46,
EL2142,πιετισμός,NOUN,,"['ευσέβεια', 'πουριτανισμός', 'θρησκοληψία', 'μυστικισμός']",Υποτιμητικός όρος για υπερβολικά ηθικολογική στάση που προβάλλει εξωτερική ευσέβεια.,,@username Η προβολή συγκεκριμένων δημιουργών στο έργο των οποίων κυριαρχεί ο πιετισμός και η χριστιανική ηθικολογία.,,cds,,,"['pietism', 'piety', 'puritanism', 'religiosity']",excessive religious piety,Behavioral_Trait,0.46,
EL1109,πισινός,NOUN,,"['κώλος', 'οπίσθια', 'ποπός', 'γλουτοί']","Οπίσθιο μέρος του ανθρώπινου σώματος, οι γλουτοί",,"Τον βάζω στο κρεβάτι και του δίνω δυο τσουχτές στον πισινό, και του λέω: “Σους!”.",,om,,,"['butt', 'rear', 'behind', 'backside']",buttocks,Object,0.31,0.47
EL1087,πίσω,ADV,,"['πίσω ρε!', 'κάνε πίσω']",Επιφώνημα ή προστακτική που διατάζει κάποιον να απομακρυνθεί· συχνά εκφέρεται με επιθετικό τόνο,,"Έλαβ' ένα γράμμα απ' τον αρχιτσιφούτη τον πατέρα της, στο οποίο τη διατάζει ο στραβούλιακας να γυρίσει αμέσως πίσω.",,om,,,"['back off!', 'get back!']",back off! : abrupt order to step back,Event,0,1.05
EL1282,πλαστογραφία,NOUN,,"['παραχάραξη', 'πλαστοποίηση', 'νόθευση', 'απάτη']",Παράνομη κατασκευή ή αλλοίωση εγγράφων ή υπογραφών με σκοπό εξαπάτηση,,Χειροπέδες σε έξι μέλη διεθνούς κυκλώματος πλαστογραφίας με δράση και στην Κρήτη  #creteplus_gr #plastografia,,dmc,,,"['forgery', 'counterfeiting', 'falsification', 'fraud']",illegal forging of documents,Event,1.01,0.26
EL2196,πλαστός,ADJ,,"['ψεύτικος', 'μαϊμού', 'νόθος', 'απομίμηση']",Κατασκευασμένο ή αλλοιωμένο ώστε να μοιάζει γνήσιο χωρίς να είναι αυθεντικό,,"username username username Αυτό είναι θεωρητικό και συζήτηση περί υπερκατανάλωσης, πλαστών αναγκών και καπιταλισμού. Η κουβέντα όμως δεν γίνεται για εκείνους που έχουν χρήματα να αγοράσουν 1 καλο vs 5 χαμηλής ποιότητας και την πολυτέλεια να μιλήσουν περί ηθικής.",,dmc,,,"['fake', 'counterfeit', 'bogus', 'spurious']",fake or forged,Behavioral_Trait,0.43,0.36
EL256,πλεονεκτικότητα,NOUN,,"['υπεροχή', 'πλεονέκτημα', 'προνόμιο', 'ισχύς']",Ιδιότητα που προσφέρει συγκριτικά οφέλη σε σχέση με άλλες επιλογές,,Ναι οκ να γίνουμε τότε ένα μπαχαλο κ ένα κολοχανιο εντελώς για να είστε μερικοί ελεύθεροι να κάνετε ότι θέλετε χωρίς τύψεις ακόμα κ εις βάρος αλλονων!!! Αυτό είναι  πλεονεκτικοτητα.,,svp,,,"['advantage', 'superiority', 'benefit', 'edge']",state of being advantageous,State,0.34,
EL215,πλεονεξία,NOUN,,"['απληστία', 'φιλαργυρία', 'κτητικότητα', 'λαγωμάρα']",Υπερβολική και αδιάκοπη επιθυμία για απόκτηση περισσότερων αγαθών ή πλούτου,,Κατάφερε να βρει γαλήνη στα γεράματα σε σπίτι φιλοξενίας! Είναι πλεονεξία να θέλει και υιοθεσία;;;,,svp,,,"['greed', 'avarice', 'covetousness', 'cupidity']",excessive greed,Repetitive_Action,0.46,0.25
EL2405,πληγώνω,VERB,,"['τραυματίζω', 'λαβώνω', 'πονέζω', 'σπαράζω']",Προκαλώ σωματικό ή ψυχικό πόνο σε κάποιον,,"Στον πόνο δεν υπάρχουν όμορφοι ή άσχημοι, ούτε συμπάθειες ή αντιπάθειες..Δεν χρειάζεται να είναι φίλος σας ή να θέλετε την άλλη για να της πείτε μια ζεστή κουβεντούλα..κ με πληγώνει να η επιλεκτική ευαισθησία. Μη φοβάστε, δεν θα θεωρήσουμε πως μας νοιάζεστε, ανθρωπιά είναι",,re,,,"['hurt', 'wound', 'injure', 'harm']",cause physical or emotional hurt,Event,0.28,0.43
EL1174,πλημμέλημα,NOUN,,"['παράπτωμα', 'αδίκημα', 'ελαφρύ έγκλημα', 'παρανομία']",Ποινικά κολάσιμη πράξη μικρότερης βαρύτητας από κακούργημα,,username Μιλάει για ανθρωποκτονίες κ βιασμούς σαν να πρόκειται για απλά πλημμελήματα.Εγκληματικές φυσιογνωμίες οι κυβερνώντες που τους αξίζουν ισόβια,,re,,,"['misdemeanor', 'offense', 'minor crime', 'violation']",misdemeanor,Event,0.46,1.22
EL506,πλήξη,NOUN,,"['ανία', 'βαρεμάρα', 'ριχάδα', 'μούχλα']",Αίσθημα ανίας και έλλειψης ενδιαφέροντος,,Η Σουηδία θυμίζει την γυναίκα που δεν άντεχε την τέλεια ζωή της και έγινε δούλα για να σκοτώσει την πλήξη της,,svp,,,"['boredom', 'ennui', 'tedium', 'dullness']",boredom,State,0.23,0.56
EL214,πολυλογάς,ADJ,,"['φλύαρος', 'λαλίστατος', 'μουρμουράς', 'παρλαπίπας']","Άτομο που μιλά συνεχώς, μακρηγορεί και κουράζει με περίσσεια, συνήθως ανούσιο, λόγο",,Μεγάλος πολιτικός ο Δένδιας...πολυλογάς και επιδειξίας ο Μπογδάνος.Είναι από τους τύπους που θα συνεργάζονταν με τον εκάστοτε κατακτητή για πλάκα...,,ddp,,,"['talkative person', 'chatterbox', 'blabbermouth', 'motor-mouth']","chatterbox, person who talks too much",Person,0.43,1.18
EL2047,πολυλογώ,VERB,,"['φλυαρώ', 'μπλαμπλαδίζω', 'μουρμουρίζω', 'κουβεντιάζω ακατάπαυστα']","Μιλώ ακατάπαυστα, σε σημείο να κουράζω όσους ακούνε, επαναλαμβάνοντας συνήθως περιττές λεπτομέρειες",,"«Να μη σας τα πολυλογώ, κύριε πρόεδρε, του λέω: “Θα μου ξηγηθείς τίποτα;”.",,cds,,,"['ramble', 'babble', 'prattle', 'yak']",talk incessantly,Repetitive_Action,0.28,0.33
EL903,πονηριά,NOUN,,"['κουτοπονηριά', 'υπουλότητα', 'δόλος']",ιδιότητα ανθρώπου που σκέφτεται ύπουλα και εκμεταλλεύεται τους άλλους για προσωπικό όφελος,,"Είχαμε τη φαντασία να κατασκευάσουμε το Δούρειο Ίππο, αλλά δεν είχαμε την πονηριά και την τόλμη, να τον τοποθετήσουμε μέσα στα τείχη.",,cds,,,"['cunning', 'craftiness', 'guile']","slyness, crafty mentality",Behavioral_Trait,0.49,0.3
EL903,πονηριά,NOUN,,"['κόλπο', 'τρικ', 'δουλειά από μέσα']",Κρυφό τέχνασμα ή επιμέρους πράξη δόλου,,username username username Αυτοί έχουν διαιρέσει με # εμβολιασμένων/ανεμβολίαστων με θανάτους. Για αυτό έκαναν την πονηριά με τον 'πληθυσμό'.,,cds,,,"['trick', 'ploy', 'ruse']",trick : deceitful act,Event,0.49,0.39
EL1426,πονηρός,ADJ,,"['κουτοπόνηρος', 'δόλιος', 'υποχθόνιος', 'μπαμπέσης']",άνθρωπος με ύπουλο νου που ενεργεί με δόλο για να ωφεληθεί,,Πονηρή και αδίσταχτη σαν τον πατέρα της.,,cds,,,"['sly', 'cunning', 'devious', 'crafty']","sly, deceitful person",Person,0.41,1.17
EL1426,πονηρός,ADJ,,"['ματιές με νόημα', 'πονηρούτσικος', 'υπονοούμενος']","Λέξη για βλέμμα, χαμόγελο ή υπονοούμενο με κρυφό, συχνά σεξουαλικό, υποδηλούμενο",,Το ερώτημα είναι: πού βρήκε τα λεφτά ένας υπάλληλος εταιρείας σοσιαλιστικής χώρας για ν’ ανοίξει επιχείρηση στην Ελλάδα;» Σωπαίνει και με κοιτάζει μ’ ένα πονηρό χαμόγελο.,,cds,,,"['suggestive', 'naughty', 'knowing']",suggestive : hinting at something improper,Behavioral_Trait,0.41,0.48
EL1453,πορνεία,NOUN,,"['εκδιδόμενη εργασία', 'αγοραίο σεξ']","Επαγγελματική, συστηματική ανταλλαγή σεξουαλικών πράξεων έναντι αμοιβής",,"username Κάθε εργασία με σκοπό το κέρδος είναι πορνεία. Κράξιμο, περιοδικό. Φυσικά υπάρχει και ως επάγγελμα η πορνεία. Από πάντα!",,pr,,,"['prostitution', 'whoredom', 'sex work']",practice of prostitution,Repetitive_Action,0.8,1.09
EL229,πορνείο,NOUN,,"['οίκος ανοχής', 'χαμαιτυπείο', 'μπουρδέλο']",χώρος όπου προσφέρονται σεξουαλικές υπηρεσίες επί πληρωμή,,Aυτά ήταν τα τομάρια της οικογένειας Κλίντον που όλο το πολιτικο-δημοσιογραφικό πορνείο της χώρας ...,,cds,,,"['brothel', 'whorehouse', 'bordello']",brothel,Object,0.7,1.27
EL321,πόρνη,NOUN,,"['ιερόδουλη', 'κοινή', 'πουτάνα', 'εργαζόμενη του σεξ']",γυναίκα που παρέχει σεξουαλικές υπηρεσίες με αμοιβή,,Στην κουζινα μια νεγρα πορνη ισιωνει την καλτσοδετα της καθως ο μπαρμαν μασαει με τροπο λαιμαργο τον καπνο του.,,an,,,"['prostitute', 'sex worker', 'hooker', 'whore']",female prostitute,Person,0.9,1.07
EL321,πόρνη,NOUN,,"['ελαφρών ηθών', 'ξεδιάντροπη']",Υβριστικός χαρακτηρισμός γυναίκας θεωρούμενης ανήθικης ή πολύ ερωτικά διαθέσιμης,,"Με φώναξες εδώ, για να μου πεις πως είμαι πόρνη και πως ο έρωτας είναι θρησκεία; Ωραία!",,an,,,"['slut', 'whore']",slut : woman insulted for alleged promiscuity,Person,0.9,1.24
EL737,πουλί,NOUN,,"['πούτσος', 'πούτσα', 'τσουτσούνι', 'μόριο']",λαϊκός όρος για το ανδρικό γεννητικό όργανο,,Πιθανόν... Μαλακότερο μαξιλαράκι για να παίζει το πουλί του.,,asm,,,"['dick', 'cock', 'penis', 'member']",slang for penis,Object,0.33,0.6
EL739,πούλος,NOUN,,"['άντε γεια', 'άι στο διάολο', 'παραιτήσου']","χυδαία προστακτική ή βρισιά που δηλώνει απόρριψη και προτρέπει κάποιον να φύγει, προερχόμενη από αναφορά στο ανδρικό μόριο",,username Πρώτα θα της φτιάξει τα μαλλιά η Μαίρη και μετά θα την πάρει ο πούλος,,asm,,,"['scram', 'get lost', 'buzz off']",vulgar dismissive expletive meaning “get lost”,Event,0.59,1.32
EL833,πούστης,NOUN,,"['αδελφή', 'γιακουμής', 'λουλού', 'γκέι']","Υβριστικός όρος για ομοφυλόφιλο άνδρα, συχνά με ρητορική μίσους",,"username username Εμείς μιλάμε για την το πουστη και όχι για πουστια , με κάθε ανία, ο πουστις είναι αυτός που το παίρνει, μετά απλά βγάλανε την λέξη πουστια.",,or,,,"['faggot', 'queer (slur)', 'sissy', 'homo']",faggot : derogatory term for gay man,Person,1.25,1.18
EL833,πούστης,NOUN,,"['κατεργάρης', 'παλιάνθρωπος']","Βρισιά για ύπουλο ή ανέντιμο άτομο, ανεξάρτητα από σεξουαλικότητα, χρησιμοποιείται κυρίως σε ανδρικές, οικείες παρέες ως σκληρή ή σκωπτική προσφώνηση",,"username Ρε πούστη έχω ακουσει για φετίχ με στολές, τέτοιο πράγμα σαν αυτή την βαρεμενη δεν έχω ματαπετυχει",,or,,,"['scumbag', 'sly dog']",sly bastard : treacherous person,Person,1.25,1.16
EL325,πουτάνα,NOUN,,"['τσούλα', 'πόρνη', 'ξεκωλιάρα', 'βίζιτα']","Βρισιά για γυναίκα που θεωρείται ανήθικη, άπιστη ή προκλητική",,"Σαν την πουτάνα που μόλις μπουκάρει μπάτσος στο παράνομο πορνείο φωνζει ""βιασμός!""",,an,,,"['whore', 'slut', 'bitch', 'hooker']",offensive term for promiscuous woman or prostitute,Person,1.22,1.37
EL325,πουτάνα,NOUN,,"['πόρνη', 'εκδιδόμενη', 'σεξεργάτρια']","Γυναίκα που εμπορεύεται συστηματικά το σεξ· λαϊκή, προσβλητική λέξη για ιερόδουλη",,"Επίτηδες το κάνει η πουτάνα, για να μ' αφήσει σε αγωνία.",,an,,,"['whore', 'hooker', 'prostitute']",whore : female sex-worker (vulgar),Person,1.22,1.35
EL325,πουτάνα,NOUN,,"['μπάχαλο', 'χάος', 'πανικός']",Έκφραση για ακραίο χάος ή πανικό: «γίνεται της πουτάνας»,,Μη βρεθεί Έλληνας που να μην τα κάνει πουτανα ολα με τη μια. AI και chat gpd σε βραχυκύκλωμα,,an,,,"['pandemonium', 'utter chaos']",pandemonium : total chaos,State,1.22,
EL1650,πούτσα,NOUN,,"['πούτσος', 'πουλί', 'τσουτσούνι', 'καυλί']",χυδαίος λαϊκός όρος για το ανδρικό μόριο,,"δίπλα μου στην παραλία ήρθαν δύο που είχαν τον ίδιο σωματότυπο, ίδιο κούρεμα και γένια και ήταν ισοϋψείς. Τους ξεχώριζες μόνο από το χρώμα της πούτσας του ενός που ήταν αρκετά πιο σκουρόχρωμη.",,asm,,,"['dick', 'cock', 'prick', 'penis']",vulgar word for penis,Object,1.17,0.8
EL1650,πούτσα,NOUN,,"['της κακιάς ώρας', 'του κώλου']","Έκφραση ολικής κακοτεχνίας, απόλυτου χάους ή μηδαμινής αξίας",,username Ρε βλαμεννε δεν βαρέθηκες να ξεφτλιζεσαι; πόσο πουτσα θα τρως στα πάνελ; δεν μπορείς να αρθρώσεις μια λέξη βρε αναπηρε που θέλεις και να βγαίνεις να μιλάς. Δεν έχεις δικούς σου να σε προφυλαξουν; είσαι πραγματικά για πολύ λύπηση... Δες τον εαυτό σου.. Δεν μπορείς να μιλήσεις πια,,asm,,,"['crappy', 'half-assed']",worthless / chaotic,State,1.17,1.33
EL744,πούτσος,NOUN,,"['πούτσα', 'πουλί', 'τσουτσούνι', 'καυλί']",καθολικός χυδαίος όρος για το ανδρικό γεννητικό όργανο,,username Τέλειο μουνάκι για ????????γλυψιμο. Κ πουτσο. Καυλα. Είσαι.,,asm,,,"['dick', 'cock', 'prick', 'penis']",common vulgar term for penis,Object,1.12,1.37
EL744,πούτσος,NOUN,,"['χάλια', 'του κώλου']","Χαμηλή ποιότητα ή πλήρης αποτυχία, χαρακτηρισμός αντικειμένου ή κατάστασης",,"Αυτο που μπουκώνει μία το ένα ρουθούνι μία το άλλο, παλεύεις με τα χαρτομάντιλα και δε βγαίνει ίχνος μύξας ΕΙΝΑΙ ΓΙΑ ΤΟ ΠΟΥΤΣΟ",,asm,,,"['crap', 'lousy']",third-rate stuff : very poor or useless thing/situation,State,1.12,1.24
EL1232,προαγωγός,NOUN,,"['νταβατζής', 'μαστροπός', 'προστάτης ιερόδουλων']","άνδρας που εκμεταλλεύεται ιερόδουλες, οργανώνοντας και αποκομίζοντας κέρδος από την πορνεία",,username Εσύ για να το γράφεις αυτό ή βιαστής είσαι ή προαγωγός,,cds,,,"['pimp', 'procurer', 'trafficker']","pimp, person who profits from prostitution",Person,0.59,1.28
EL719,πρόβατο,NOUN,,"['άβουλος', 'ακολουθός', 'υπάκουος']","Άτομο που ακολουθεί άκριτα την ομάδα, παθητικό και εύκολα χειραγωγήσιμο",,username Πρόβατα είναι που τους λένε «κακή αστυνομία» και τα πιστεύουν. Έχουν προπαγανδιστεί από όταν γεννήθηκαν.,,an,,,"['sheep', 'follower', 'pushover', 'yes-man']","docile, unthinking follower",Person,0.33,0.57
EL754,πρόβλημα,NOUN,,"['μπλέξιμο', 'ζόρι', 'δυσκολία', 'αναποδιά']",δυσκολία ή ανεπιθύμητη κατάσταση που απαιτεί λύση,,"Δυστυχώς όμως αυτός δεν θα μπορέσει να συνοδέψει μάνα και κόρη, γιατί η φάρμα ξαφνικά παρουσίασε κάτι πολύ σοβαρά προβλήματα και πρέπει να καθίσει να κουμαντάρει την κατάσταση.",,cds,,,"['problem', 'issue', 'trouble', 'difficulty']",difficulty requiring solution,State,0.18,0.3
EL754,πρόβλημα,NOUN,,"['μπελάς', 'πονοκέφαλος']",Άτομο που προκαλεί συνεχώς δυσκολίες· πηγή ενόχλησης,,Το μόνο πρόβλημα είναι ο Μπέης.,,cds,,,"['nuisance', 'pain']",troublemaker : person who is the problem,Person,0.18,0.34
EL2480,προδότης,NOUN,,"['καταδότης', 'δωσίλογος', 'αποστάτης']",άτομο που παραδίδει ή εγκαταλείπει τους δικούς του παραβιάζοντας την εμπιστοσύνη,,Πληρώνετε τους προδότες που τους αλλάζουν κάθε τέσσερα χρόνια και σας ενοχλούσε ο Βασιλέας που πάλευε και παλεύει με κάθε τρόπο για την χώρα μας. Καλύτερα ο Βασιλιάς παρά οι προδότες σας #Σακελλαροπουλου,,dmc,,,"['traitor', 'betrayer', 'turncoat', 'back-stabber']",traitor,Person,1.12,0.55
EL1850,προπαγανδιστής,NOUN,,"['χειραγωγός', 'προβοκάτορας', 'διακινητής ιδεών']",άτομο που διαδίδει συστηματικά παραπλανητικές ιδέες για να επηρεάσει τη γνώμη του κοινού,,username username Γιατί δεν τους ταίζει με διαφημίσεις... Τι ψάχνεις και συ τώρα... Προπαγανδιστές ήταν μια ζωή... Ήθελε ο ΨΥΡΙΖΑ να βγάλει το αντιπατριωτικό του μένος και το φερέφωνο έτρεξε να κάνει το θέλημα του αφεντικού του...,,cds,,,"['propagandist', 'spin doctor', 'agitator', 'brainwasher']",propagandist,Person,1.02,0.52
EL430,προσβάλλω,VERB,,"['βρίζω', 'θίγω', 'υποτιμώ', 'εξευτελίζω']",πράξη με την οποία κάποιος λέει ή κάνει κάτι που μειώνει την αξιοπρέπεια άλλου,,"Έκανα την πράξη αυτή υπό την επήρεια κακής συγκυρίας στη ζωή μου, χωρίς καμία πρόθεση να βλάψω, να προσβάλλω ή να ζημιώσω κανέναν.",,cds,,,"['insult', 'offend', 'mock', 'demean']","to insult, offend",Event,0.54,0.45
EL1025,ραδιούργος,ADJ,,"['δολοπλόκος', 'συνωμότης', 'υποχθόνιος', 'δόλιος']",άτομο που μηχανεύεται κρυφά σχέδια και παγίδες εις βάρος άλλων,,"Εχουμε δει πολλούς παικτες που μας εκνεύριζαν κυρίως με τους καυγαδες τους! Όμως αυτός εδώ είναι μακράν ό,τι χειρότερο εχει περάσει! Ενας ραδιούργος δίχως όρια! Ένα βύσμα που για να προχωρήσει στο παιχνίδι, σπέρνει τη διχόνοια στους αντιπάλους του! Υπουλος και βύσμα! #survivorGR",,cds,,,"['schemer', 'plotter', 'conniver', 'intriguer']","schemer, intriguer",Person,1.14,
EL78,ραθυμία,NOUN,,"['οκνηρία', 'τεμπελιά', 'νωθρότητα']",σταθερή τάση για αδράνεια και αποφυγή προσπάθειας,,"Είναι όμως θλιβερό, άτομα που κάποτε ξεκίνησαν με κάποιο ταλέντο, να καταλήγουν σε μια εξυπνάδικη χυδαιότητα για να καλύψουν έτσι τη ραθυμία τους και τη μουσική τους απραξία.",,svp,,,"['sloth', 'laziness', 'indolence']","sloth, lethargy",Behavioral_Trait,0.43,
EL78,ραθυμία,NOUN,,"['ακηδία', 'βαρεμάρα']",Παροδική αίσθηση ψυχικής νάρκης και ανίας που παραλύει κάθε ενδιαφέρον,,Όταν πάψουν να τους βγάζουν τα κανάλια τόσο συχνά θα διακρίνουμε την ραθυμία τους και την έλλειψη αγωνιστικότητας. Λίγη αναμονή,,svp,,,"['torpor', 'boredom']",torpor : temporary mental listlessness,State,0.43,
EL2257,ρυπαρός,ADJ,,"['βρομερός', 'μολυσμένος', 'ακάθαρτος']",αντικείμενα που φέρουν ορατή βρωμιά,,Θωμάς Μαργαρίτης: «Οι ρυπαρές πένες του κ.Χαρακίδη πήραν φωτιά»,,dmc,,,"['filthy', 'dirty', 'squalid', 'unclean']","filthy, dirty ",Behavioral_Trait,0.51,0.59
EL2257,ρυπαρός,ADJ,,"['χυδαίος', 'μιαρός', 'ανήθικος']",Ηθικά αισχρός ή χυδαίος· που προσβάλλει την αγνότητα του λόγου ή της συμπεριφοράς,,"Αναβίωσε ο ΣΥΡΙΖΑ το εμφυλιοπολεμικό κλίμα κι όχι ο ρυπαρός ακροδεξιός εσμός του Βορίδη, του Πλεύρη, του Κυριακου και των συλλαλητηρίων της Μακονιας αγκαλιά με τους ναζί και τους παπάδες. Αυτοί που έστελναν σφαίρες σε υπουργούς και βουλευτές ήταν… μετριοπαθείς",,dmc,,,"['vile', 'sordid', 'unclean']",vile : morally foul,Person,0.51,
EL244,σαβούρα,NOUN,,"['παλιοπράγματα', 'σκουπίδια', 'άχρηστα', 'ξεπερασμένα είδη']","Κάθε άχρηστο, ευτελές ή χαμηλής ποιότητας αντικείμενο",,Ρε τι σαβούρες πατάτες είναι αυτές που πουλάτε στα χαμπουργκεράδικα!!!! Καλά κάνω και προτιμώ τα πιτογυρεία.,,qas,,,"['junk', 'trash', 'rubbish', 'scrap']",worthless junk or low-grade material,Object,1.02,1.01
EL244,σαβούρα,NOUN,,"['απόβρασμα', 'περιθώριο', 'κατιναριό', 'καθάρματα']",χαρακτηρισμός για άτομα ή ομάδες που θεωρούνται παντελώς άχρηστα ή αποκρουστικά,,username Αλλωστε στη Τζωρτζινα την πρόδωσε η μεγάλη ποσότητα γιατι δε πρόλαβε να αποβληθεί ..οπως ισως στο πρώτο παιδι…γι αυτο χτυπιόταν δεν θα βρείτε τιποτα!ηξερε η σαβούρα!αλλα…πισω εχει η αχλάδα την ουρά!,,qas,,,"['scum', 'riffraff', 'trash', 'low-lifes']",derogatory term for people considered low-class or worthless,Person,1.02,1.15
EL937,σακατεύω,VERB,,"['ακρωτηριάζω', 'τραυματίζω σοβαρά', 'ξεκάνω', 'καταστρέφω']","προκαλώ σοβαρή, μόνιμη σωματική βλάβη ή μεγάλη φθορά",,username Κακομαθημενοι είναι οι χειρούργοι που σφάζουν κ σακατευουν κόσμο χωρίς να τους κρεμαμε κ κλέβουν τα σφαγεία,,ddf,,,"['maim', 'cripple', 'disable', 'ruin']",to maim badly or ruin irreparably,Event,0.41,0.43
EL1826,σατανικός,ADJ,,"['διαβολικός', 'μοχθηρός', 'πονηρός', 'απάνθρωπος']","προσβλητικός χαρακτηρισμός για άτομο με κακόβουλες, δόλιες ή ακραία πονηρές προθέσεις",,Ο Κοντιζάς συνεχίζει.. Παρατηρήστε τον τρόπο που ξεψαχνιζει το ψάρι. Σε συγκεκριμένα σημεία γιατί...ξερει σαν γνώστης ότι εκεί ΠΑΝΤΑ θα βρει. Σατανικός #MasterChefGR,,dmc,,,"['devilish', 'evil', 'diabolical', 'malevolent']",describing a person as devilishly evil or cunning,Person,1.17,1.05
EL1826,σατανικός,ADJ,,"['δαιμονικός', 'πονηρός', 'δολοπλόκος']","χαρακτηρισμός που εκδηλώνει μοχθηρία, πανουργία ή κακία «σαν του Σατανά»",,Σου επιδοτούμε το 80% της αυξησης του ρεύματος και τα χρήματα για τις ανάγκες της επιδότησης θα τα πάρουμε απο εσένα μέσω της παρακράτησης φόρου που γίνεται στο 40% του μισθού σου κάθε μήνα. Σατανικό.,,dmc,,,"['diabolical', 'devilish', 'satanic']",diabolical,Behavioral_Trait,1.17,0.5
EL1977,σατυρίαση,NOUN,,"['υπερσεξουαλικότητα', 'παθολογική λαγνεία', 'υπερλιβιδινική διάθεση']","Παθολογικά έντονη και μόνιμη σεξουαλική ορμή σε άνδρα, αναγνωρισμένη σε παλιότερα ιατρικά εγχειρίδια.",,Σατυρίαση/υπερσεξουαλικότητα. Απλά μια τυχαία ιδέα που μου ήρθε στο μυαλό. Αναρωτιέμαι αν υπάρχουν βιβλία με έναν κεντρικό χαρακτήρα που είναι υπερσεξουαλικός.,,cds,,,"['hypersexuality', 'satyriasis', 'excessive libido']",pathological male hypersexuality (satyriasis),State,0.33,
EL1977,σατυρίαση,NOUN,,"['λιγούρα', 'καψούρα']",Υπερβολική ερωτική διάθεση που χαρακτηρίζει τη συμπεριφορά κάποιου χωρίς να αποτελεί κλινική διάγνωση.,,"Η σεξουαλική εξάρτηση λέγεται συχνά και εξαρτητική-καταναγκαστική σεξουαλική συμπεριφορά. Στους άνδρες αναφέρεται επίσης ως σατυρίαση, στις γυναίκες ως νυμφομανία και στα  δυο φύλα ως υπερσεξουαλικότητα.",,cds,,,"['raging libido', 'sex craze']",rampant libido : extreme sexual drive,Behavioral_Trait,0.33,
EL2358,σαχλαμάρα,NOUN,,"['ανοησία', 'βλακεία', 'χαζομάρα', 'μπούρδα']","λόγος ή πράξη ανόητη και χωρίς ουσία, που θεωρείται ενοχλητική ή ασήμαντη",,"username H Μελονη δεν είναι ανόητη, βλέπει τα συμφέροντα τις Ιταλίας. Δεν ασχολείται με τις σαχλαμάρες και δεν παρέδωσε την χώρα της στους ευρωπαίους και στους Αμερικάνους.",,ddp,,,"['nonsense', 'silliness', 'stupidity', 'baloney']",silly remark or act lacking substance,Event,0.16,0.44
EL870,σαχλαμαρίζω,VERB,,"['χαζολογώ', 'τεμπελιάζω', 'αερολογώ', 'χασομερώ']","Χάνω χρόνο με ανόητες πράξεις ή ανούσιο, φλύαρο λόγο",,"Βασικα,δεν ειμαι σε θεση να γνωριζω. Θεση μονο πηρα κ σαχλαμαριζω.",,cds,,,"['goof around', 'mess about', 'fool around', 'idle']",to keep fooling around doing silly things,Repetitive_Action,0.46,
EL2493,σίντε,NOUN,,"['γύφτος', 'τσιγγάνος', 'ρομά']",όρος που χρησιμοποιείται απαξιωτικά για μέλος της ομάδας Σίντι των Ρομά,,Εσυ δεν εκοψες τα δωρα....? Σιντε χάσου,,ps,,,"['gypsy', 'romani', 'sinti']",derogatory term for a Romani individual of the Sinti subgroup,Person,nan,
EL2498,σίντηδες,NOUN,,"['γύφτοι', 'τσιγγάνοι', 'ρομά']","απαξιωτική ονομασία για την κοινότητα των Σίντι, υποομάδα των Ρομά, συχνά μαζί με γενικεύσεις περί «κλοπών» ή «σκηνών»",,"Σίντηδες, που τώρα πια το πολιτικά ορθό προστάζει να σας πουν όλους Ρομά, νομάδες την εποχή που όλοι μετρούν τα ακίνητα, άνθρωποι της κοινότητας στις μέρες του ιδιωτεύειν, σκηνίτες περιφερόμενοι σε τόπους που ακόμη και το οργανωμένο camping πεθαίνει σαν τουριστική ατραξιόν, περίσσεψε το μίσος για εσάς.",,ps,,,"['gypsies', 'romani people', 'sinti']",offensive name for the Sinti people as a group,Person,1.04,
EL412,σκανταλιά,NOUN,,"['παιχνιδιάρικη αταξία', 'πείραγμα', 'ζαβολιά', 'φάρσα']",μικρή αταξία ή πείραγμα που προκαλεί γέλιο αλλά και ενόχληση,,Γιώργος Λιάγκας: «Θα αποκαλύψω μια σκανταλιά που έκανα! Εγώ όταν ήμουν μικρός...» (Video),,cds,,,"['mischief', 'prank', 'shenanigan', 'trick']",playful mischief or prank,Event,0.13,0.18
EL811,σκατά,ADV,,"['κόπρανα', 'κακά', 'περιττώματα', 'βρωμιές']",ανθρώπινα ή ζωικά περιττώματα που αποβάλλονται από το έντερο,,username Με το σκατο στο ποπο και οπου φύγει,,asm,,,"['stool', 'feces', 'excrement', 'poop']",excrement; feces,Object,1.02,0.6
EL811,σκατά,ADV,,"['χάλια', 'απαίσιο', 'αηδία']","Αυτό που έχει πολύ κακή, απογοητευτική ποιότητα· προϊόν ή δημιούργημα που είναι ελαττωματικό ή δυσάρεστο στη χρήση.",,"«Τι σκατά είναι αυτά που κάνεις;» «Μπαλώνω, καπετάν Διονύση.» «Έτσι μπαλώνουν;» «Έτσι με έμαθε ο λοστρόμος.» «Σκατά σου έμαθε.",,asm,,,"['lousy', 'crappy', 'shit-quality']",lousy / crappy: of very poor quality,Behavioral_Trait,1.02,1.02
EL811,σκατά,ADV,,"['χάος', 'μπερδέματα', 'καταστροφή']","Κατάσταση απόλυτης αποτυχίας, χάους ή συντριβής· όλα πάνε τόσο άσχημα που δεν σώζεται τίποτα.",,Έστω και για μισό βιασμό να έχει κριθεί ένοχος ο #Λιγναδης πρέπει να είναι σε μπουντρουμι κι όχι να σουλατσαρει ελεύθερος. Βάλτε τους νόμους σας εκεί που ξέρετε έτσι σκατά που τα χετε κανει όλοι!,,asm,,,"['a mess', 'shambles', 'gone to shit']",a mess / in the gutter: total failure or chaos,State,1.02,1.16
EL811,σκατά,ADV,,"['σκουπίδι', 'απόβρασμα']","Χυδαία βρισιά που προσάπτει σε κάποιον ότι είναι αναξιόπιστος, αποκρουστικός ή ανίκανος· υποδηλώνει εχθρική στάση απέναντι στην εξωτερική του εικόνα ή την προσωπικότητά του.",,username Όλοι τα ίδια σκατά είναι δεν πήρα θέση υπέρ του Μητσοτάκη,,asm,,,"['piece of shit', 'bastard', 'scumbag', 'trash']",piece of shit (slang): a contemptible or worthless person,Person,1.02,1.03
EL1154,σκαφτιάς,NOUN,,"['χαμάλης', 'εργάτης γης', 'λατόμος', 'χωριάτης']","Ανειδίκευτος εργάτης που σκάβει θεμέλια, τάφρους ή χωράφια",,username και σκαφτιάς!!! Μουαχαχαχαααα... Πάω για ύπνο!!! Τα λέμε αύριο! Kiss,,cds,,,"['navvy', 'digger', 'laborer', 'peasant']",disparaging term for a manual digger or uneducated laborer,Person,0.26,0.55
EL1154,σκαφτιάς,NOUN,,"['βλάχος', 'εργάτης (μειωτ.)']","Υποτιμητικός χαρακτηρισμός φτωχού, αγράμματου ή «πεζοδρόμιου» εργάτη",,δεν ντραπηκα ποτε γιατι ειμαι σκαφτιας ειμαι υπερηφανως γιατι υδρωνο& τρωω το ψωμη μου και μεγαλωνο το παιδακι μου κοβοντας απο το δικομ,,cds,,,"['ditch-digger', 'peasant']",ditch-digger (slur),Person,0.26,
EL1657,σκευωρώ,VERB,,"['συκοφαντώ', 'παγιδεύω', 'στήνω κατηγορία', 'δολοπλοκώ']","Σχεδιάζω και στήνω κρυφή συνωμοσία εις βάρος κάποιου, χαλκεύοντας κατηγορίες",,Μελανοχίτωνες – Τον να σκευωρείς εναντίον της 28ης Οκτωβρίου σημαίνει “ότι είσαι τουλάχιστον ηλίθιος”,,cds,,,"['frame', 'conspire', 'falsify charges', 'set up']",to frame someone by fabricating accusations,Event,0.59,
EL1583,σκληρότητα,NOUN,,"['βαρβαρότητα', 'απανθρωπιά', 'ωμότητα', 'ανηλεία']",ψυχική ή ηθική βαναυσότητα που εκδηλώνεται με σκληρή συμπεριφορά προς ανθρώπους ή ζώα,,Είδα ξαφνικά ανάγλυφη όλη τη σκληρότητα και την απανθρωπιά των ανθρώπων που θεωρούν εαυτούς αναμάρτητους.,,an,,,"['cruelty', 'harshness', 'ruthlessness', 'brutality']",cruelty; hardness of heart,Behavioral_Trait,0.34,1.09
EL1583,σκληρότητα,NOUN,,"['επεισόδιο βίας', 'κύμα επιθέσεων']","Ψυχική ή ηθική βαναυσότητα· η διάθεση ή συνήθεια να συμπεριφέρεται κανείς με άγριο, απάνθρωπο τρόπο προς άλλους",,"Για ""προμήνυμα νέας σκληρότητας "" έκανε λόγο η Παπαρήγα:",,an,,,"['act of cruelty', 'outburst of cruelty']",act of cruelty (a cruel or brutal incident),Event,0.34,0.4
EL1380,σκνίπα,NOUN,,"['τύφλα', 'λιώμα', 'πίτα', 'κουδούνι']","κατάσταση ακραίας μέθης, όπου το άτομο δεν ελέγχει τις πράξεις του",,Σκνίπα στο μεθύσι ...ο Κούλης από τις ρακιές ! (βίντεο),,an,,,"['wasted', 'plastered', 'sloshed', 'blind drunk']",state of being completely drunk,State,0.39,0.56
EL2006,σκοτώνω,VERB,,"['δολοφονώ', 'φονεύω', 'εκτελώ', 'εξοντώνω']",αφαιρώ τη ζωή κάποιου με πράξη βίας ή αμέλειας,,"username Ναι τους είδα,ήταν όλοι μέλη της συμμαχίας αυτοί που επιτέθησαν, σκοτώνουν καταστρέφουν και ρημάζουν μια ανεξάρτητη χώρα. Κι εσείς με τον τρόπο σας δικαιολογείται αυτή την απάνθρωπη πράξη",,re,,,"['kill', 'murder', 'slay', 'execute']",to kill; to take someone's life,Event,1.04,1.08
EL2006,σκοτώνω,VERB,,"['διαλύω', 'βασανίζω']",προξενώ έντονο σωματικό πόνο ή δυσανεξία.,,Οι ανθρωπιστες σας σκωτωσαν τους περισσότερους απ όλους,,re,,,"['hurt badly', 'kill (slang)']",Hurt badly : cause great physical discomfort,Event,1.04,
EL2006,σκοτώνω,VERB,,"['χαραμίζω', 'λιμνάζω']",δαπανώ χρόνο άσκοπα για να περάσει η ώρα,,Αναρωτησου καθε φορα. Αυτο που κανω τωρα ειναι σημαντικο; Η απλα σκοτωνω τον πολυτιμο χρονο μου;,,re,,,"['kill time', 'idle']",Kill time : spend time idly,Event,1.04,
EL2006,σκοτώνω,VERB,,"['θερίζει', 'σαρώνει']",δηλώνει ότι κάτι είναι εντυπωσιακά καλό ή ισχυρό,,Ο συνδυασμός που σκοτώνει.,,re,,,"['rocks', 'kills (slang)']",Totally rocks : is exceptionally impressive,Behavioral_Trait,1.04,0.22
EL2461,σκουλήκι,NOUN,,"['έγνοια', 'άχτι']","έμμονη, βασανιστική σκέψη που «τρυπά» το μυαλό.",,Μα εμένα μ' έτρωγε όλη μέρα ένα σκουλήκι.,,an,,,"['nagging idea','obsession']",nagging thought,State,0.59,0.43
EL2461,σκουλήκι,NOUN,,"['αρουραίος', 'κάθαρμα', 'φίδι', 'κόπρος']","μειωτικός χαρακτηρισμός για δειλό, ποταπό ή σιχαμερό άτομο",,username username Το μνήμα σου καριόλη με τα σκουλήκια γιατί μόνο εκεί είναι η θέση σου????????????????,,an,,,"['worm', 'creep', 'low-life', 'vermin']",insult for someone seen as cowardly or contemptible,Person,0.59,1.26
EL879,σκουπίδι,NOUN,,"['απορρίμματα', 'βρωμιά', 'περίσσευμα', 'σκάρτο υλικό']",κάθε άχρηστο υλικό που πετιέται μετά τη χρήση,,"Μια μέρα πριν γυρίσει από τη Θεσσαλονίκη θα τα πετάξω στα σκουπίδια, για να μην τα βρει στο ψυγείο κι έχω γκρίνιες.",,cds,,,"['garbage', 'trash', 'rubbish', 'litter']",waste material; trash,Object,0.39,0.44
EL879,σκουπίδι,NOUN,,"['αποβράσμα', 'τίποτας', 'καθίκι', 'σκάρτος']",χυδαίος χαρακτηρισμός για άτομο θεωρούμενο άχρηστο ή ανήθικο,,Μιλάμε για τα μεγαλύτερα σκουπιδια της χώρας,,cds,,,"['trash', 'scum', 'worthless person', 'dirtbag']",derogatory term for someone deemed trashy or useless,Person,0.39,1.11
EL879,σκουπίδι,NOUN,,"['σαβούρα','σαβούρι']","Προϊόν, έργο ή ιδέα εξαιρετικά χαμηλής ποιότητας",,"Εμένα μου ήρθε 48€,αρα με κλέψατε 45 ολόκληρα € ....και για ενα προϊόν σκουπίδι.",,cds,,,"['trash','junk']",trash (quality) : very poor product,Behavioral_Trait,0.39,0.44
EL885,σκραπ,NOUN,,"['παλιοσίδερα', 'σκραπ μέταλλο', 'σαβούρα μετάλλου', 'απορρίμματα μετάλλων']",παλιό μέταλλο ή μηχανικό υλικό που προορίζεται για ανακύκλωση ως απόβλητο,,Η πρώτη φορά που βλέπω  κατάσχεση του σπάνιου  Poliçan P84 . Όπλο κατασκευής δεκαετίας 80 σε χρήση με «ειδικές» αλβανικές υπηρεσίες που τα πέρασαν και στις Ερυθρές Ταξιαρχίες. Υποτίθεται ότι όλα έγιναν σκραπ,,cds,,,"['scrap', 'junk metal', 'metal waste', 'scrap iron']",scrap metal; discarded machinery for recycling,Object,nan,
EL885,σκραπ,NOUN,,"['σαβούρα','μπάζο']",Οτιδήποτε θεωρείται άχρηστο ή πλήρως φθαρμένο.,,"Βίντεο καταγράφει τη δράση συμμοριών που ξηλώνουν μεταλλικά στοιχεία και καλώδια από τις σιδηροτροχιές για να τα πουλήσουν ως σκραπ! Καταγράφεται καρέ - καρέ η καταστροφή κρίσιμων υποδομών του σιδηροδρομικού δικτύου, την ώρα που δίπλα περνούν τρένα με επιβάτες..!",,cds,,,"['junk','clunker']",junk : worthless old thing,Behavioral_Trait,nan,
EL885,σκραπ,NOUN,,"['σαράβαλο (μεταφ.)', 'σαβούρα (πρόσωπο)']","Υποτιμητικός όρος για άτομο (συνήθως γυναίκα ή γενικά ανεπιθύμητο άτομο) που θεωρείται άχρηστο, ασχημόπαπο ή “κατώτερης εμφάνισης”",,"Ρε μαλάκα, από τα τόσα μουνιά που κάλεσα μόνο το σκραπ ήρθε...",,cds,,,"['scrap', 'wreck']",scrap (slur): worthless person,Person,nan,
EL683,σκύβαλο,NOUN,,"['άχυρο', 'φλούδες', 'ρίγες', 'υπολείμματα']","μικρά άχρηστα κομμάτια υλικού, συνήθως μετά την επεξεργασία δημητριακών ή ξύλου",,«Πληρώνω όσο πετώ»: Πόσο θα χρυσοπληρώνουμε τα σκύβαλα – Οι τιμές για τις σακούλες ανά μέγεθος #Κύπρος #Cyprus,,cds,,,"['chaff', 'debris', 'refuse', 'dross']",chaff; worthless debris,Object,0.46,
EL683,σκύβαλο,NOUN,,"['αποβράσμα', 'σκουπίδι', 'καθάρμα', 'τίποτας']",υποτιμητικός όρος για άνθρωπο χωρίς αξία ή ηθικό βάρος που θεωρείται «περιττός»,,username Ρε πστ μου από ποιο βόθρο ξέφυγε αυτό το σκύβαλο;,,cds,,,"['trash', 'scum', 'dregs', 'low-life']",insult for someone regarded as utter refuse,Person,0.46,1.24
EL651,σκύλα,NOUN,,"['καριόλα', 'στρίγγλα', 'λύκαινα', 'δαιμονίστρα']","απρεπής χαρακτηρισμός για γυναίκα που θεωρείται σκληρή, κακόβουλη ή ανυπάκουη",,Δε θα ξαναπάμε σ' αυτή τη σκύλα.,,an,,,"['bitch', 'witch', 'shrew', 'harpy']",offensive term for a woman seen as vicious or unpleasant,Person,1.17,1.13
EL281,σκυλάκι,NOUN,,"['τσιράκι', 'υποτακτικός', 'κόλακας', 'δεκανίκι']",Άτομο που υπακούει δουλικά σε ισχυρότερο χωρίς να φέρνει αντίρρηση,,“Τρέχει σαν το σκυλάκι πίσω από τον Ντελόπουλο και του λέει ναι σε όλα”».,,an,,,"['lapdog', 'yes-man', 'minion', 'sycophant']",servile follower who blindly obeys,Person,0.16,0.54
EL688,σκυλί,NOUN,,"['εργατικός', 'φιλόπονος', 'ακούραστος']","Πρόσωπο που επιδεικνύει αδιάκοπη προσπάθεια και αντοχή στη δουλειά, χωρίς παράπονα, εργαζόμενο σκληρά και με πλήρη αφοσίωση στο έργο του.",,Ξέρεις ότι είμαι σκυλί.,,an,,,"['hardworking', 'diligent', 'tireless']",hard worker: someone who works with relentless effort and dedication,Person,0.26,0.43
EL688,σκυλί,NOUN,,"['κοπρόσκυλο', 'κτήνος', 'αληταράς', 'χαμερπές άτομο']","Άτομο υποταγμένο ή αναίσχυντο, που φέρεται δουλοπρεπώς ή ανήθικα, προκαλώντας αποστροφή",,Κατίνα... σε παρακαλώ... Έτρεξε πίσω της σαν το σκυλί.,,an,,,"['lackey', 'cur', 'bastard']","lap-dog, servile or despicable person",Person,0.26,1.04
EL282,σκύλος,NOUN,,"['θηρίο', 'παλιάνθρωπος', 'σκληρός', 'αλήτης']","Άνδρας σκληρός, αδίστακτος ή αχάριστος· ",,"Όταν ο σκύλος σου σταματήσει να γαβγίζει, να είσαι σίγουρος ότι κάποιος άλλος τον ταΐζει. Το παραπάνω τουί δεν αφορά σκύλους.",,an,,,"['brute', 'hound', 'bastard', 'ruffian']","dog (pejorative),  ruthless ",Person,0.3,
EL2283,σνομπ,ADJ,,"['ψηλομύτης', 'υπερόπτης', 'ελιτιστής', 'καβαλημένος', 'αρχοντοχωριάτης']",Άτομο που θεωρεί εαυτό ανώτερο και περιφρονεί όσους δεν θεωρεί στο επίπεδό του,,"Είχα μάθει από τη συγχωρεμένη τη μαμά να 'μαι φιλόξενη μ' όλο τον κόσμο κι απ’ το μπαμπά να μην είμαι σνομπ και να μην απορρίπτω κανένα πριν τον γνωρίσω λιγάκι, και πώς να γνωρίσεις, αν δεν πιεις έναν καφέ μαζί του; «Πήγαινε να μας ψήσεις ένα καφεδάκι, και βγάλε κι ένα βύσσινο» της έλεγα.",,cds,,,"['snob', 'elitist', 'stuck-up', 'pretentious', 'posh']",person who looks down on others as socially inferior,Person,0.49,0.2
EL75,σοδομία,NOUN,,"['πρωκτικό σεξ', 'κτηνιμία', 'βδελυρία']","Σεξουαλική πράξη με πρωκτική διείσδυση ή συνεύρεση με ζώο, στιγματισμένη ως ανήθικη",,Ο ηγέτης της αντιπολίτευσης στη Μαλαισία κρίθηκε ένοχος για σοδομία,,om,,,"['sodomy', 'buggery', 'anal intercourse', 'bestiality']",anal or bestial sexual act seen as perverse,Event,1.12,1.21
EL77,σοδομισμός,NOUN,,"['ακολασία', 'ανωμαλία', 'ασελγία']","Συνήθης πρακτική πρωκτικής συνεύρεσης, θεωρούμενη αποκλίνουσα",,Ποιο ISIS? Ο ασύμμετρος πόλεμος της πάσιβ-αγκρέσιβ ελληνίδας μάνας/πεθεράς.. Και κανένας σοδομισμός δεν μας σώζει..,,om,,,"['sodomy', 'habitual buggery', 'anal practice', 'unnatural vice']",habitual practice of sodomy,Repetitive_Action,1.24,0.57
EL1439,σούφρωμα,NOUN,,"['κλεψιά', 'ψιλό κλέψιμο', 'αρπαγή', 'αρπαχτή']",Απότομη κλοπή μικροπράγματος συνήθως χωρίς βία,,Κάποιος πιο πονηρεμένος από εμένα θα έλεγε ότι η Κάτια ξεκίνησε το σούφρωμα  #SurvivorGR,,re,,,"['pinch', 'nick', 'swipe', 'shoplifting']",quick theft of a small object,Event,0.34,
EL1439,σούφρωμα,NOUN,,"['ρυτίδωση', 'πτύχωση']","Δημιουργία πτυχών ή ρυτίδων σε ύφασμα ή λεπτό υλικό (π.χ. χαρτί), συνήθως από δίπλωμα, τσαλάκωμα ή συμπίεση",,"Μελετώντας εκφράσεις κ σούφρωμα κούτελου καταλαβαίνεις πόσο νοσεί. Η αρρώστια λέγεται ‘Τρέλα του μεγαλείου’ Αυτός θεωρεί τ εαυτό του διεθνή παράγοντα, μεγάλο καθοδηγητή κάτι σαν τον Μάο, το φωτεινό μονοπάτι, Ναπολέων, ο μεγάλος αστέρας, τον λένε κ ηγέτη. Είναι να μη τη ψωνίσεις...",,re,,,"['crease', 'wrinkle', 'fold']",crease: the fold or line made by folding or pressing,State,0.34,
EL233,σπαγγοραμμένος,VERB,,"['τσιγκούνης', 'σφιχτοχέρης' 'τσιγφούτης']",Άτομο που κρατά τα χρήματά του με υπερβολική τσιγκουνιά και αποφεύγει κάθε έξοδο,,Φαίνεται από τα μούτρα του ο Πέτσας σπαγγοραμενος και βρήκε ευκαιρία. Είναι από αυτούς που σε βάζουν να τα λες μέχρι το τέλος και σου δίνουν ένα 10λεπτο,,svp,,,"['miser', 'cheapskate', 'skinflint', 'tightwad', 'penny-pincher']",extremely stingy person,Person,0.54,
EL1752,σπασίκλας,NOUN,,"['φυτό', 'ξερόλας', 'σχολαστικός', 'βιβλιοφάγος']","Μαθητής ή νέος με εμμονή στο διάβασμα ή την τεχνολογία, κοινωνικά άχαρος και κουραστικός",,username φημίζομαι για το χιούμορ μου κυρίες! σπασίκλας μήπως ήταν το παρατσούκλισου??? :-P,,cds,,,"['nerd', 'geek', 'dork', 'bookworm', 'swot']","over-studious, socially awkward nerd",Person,0.54,0.45
EL1208,σπάταλος,ADJ,,"['ανοιχτοχέρης', 'ασώτος', 'αφειδής', 'χαλαρός', 'μποέμ']",Άτομο που ξοδεύει αλόγιστα χρήματα σε περιττά πράγματα,,"Τα παράδοξα πόθεν έσχες: Ο «σπάταλος» Δένδιας, ο οικονόμος Μηταράκης και τα 156 ακίνητα βουλευτού",,dmc,,,"['spendthrift', 'extravagant', 'wasteful', 'profligate', 'big spender']",person who spends money wastefully,Person,0.41,0.52
EL2118,σπερμολογία,NOUN,,"['μαλακίες', 'παπαριές', 'κουτσομπολιό']",Επαγγελματική αργκό πολιτικών και δημοσιοκάφρων που σηματοδοτεί την αδιάκοπη διασπορά φημών ή ανοησιών,,"ΝΤΟΥΛΕΙΑ ΝΤΟΥΛΕΙΑ ΝΤΟΥΛΕΙΑ αντί αυτού καθε μέρα καφενείο, ΞΥΣΤΟ και αριστερή σπερματολογια.",,cds,,,"['stop the bullshit', 'cut the crap']",stop the bullshit: dismissive imperative to halt spreading nonsense,Repetitive_Action,0.48,
EL850,σπερμολόγος,NOUN,,"['κουτσομπόλης', 'φημολόγος']",Άτομο που διασπείρει αβάσιμες φήμες και κουτσομπολιό,,Κούλης ο σπερματολόγος και κοπρολόγος!! Έγραψε η Ζωή!! #klaiw #Intriga,,ddp,,,"['rumor-monger', 'gossip', 'babbler', 'tale-bearer']",person who spreads unfounded rumours,Person,1.04,
EL1589,στόμφος,NOUN,,"['πομπώδης τόνος', 'βερμπαλισμός', 'μεγαλοστομία', 'ρητορεία']","Ύφος πομπώδης, βαρύγδουπη διατύπωση που δίνει έμφαση στον εντυπωσιασμό και όχι στο νόημα",,Ας πούμε ότι είμαι ο Πελέ και παίρνω ένα μικρόφωνο και αγορεύω πως δεν υπάρχει περίπτωση να μη χάσει η Βραζιλία και πάει κάποιος φουκαράς που με ακούει και ποντάρει το μπορετό του πάνω στο στόμφο μου - θα τον βρίσω και από πάνω επειδή παρασύρθηκε ή θα φροντίσω λίγο το ύφος μου;,,cds,,,"['bombast', 'pomposity', 'grandiloquence', 'inflated style']","bombastic, pompous style of speech",Behavioral_Trait,0.13,0.47
EL2390,στραβόξυλο,NOUN,,"['γκρινιάρης', 'κατσούφης', 'μουρτζούφλης', 'στραβομούρης', 'δύστροπος']","Άτομο μονίμως κακοδιάθετο και δύστροπο, που αντιδρά αρνητικά σε όλα",,#Δεν_φταίμε_εμείς που είμαστε στραβόξυλα,,ddp,,,"['grump', 'grouch', 'curmudgeon', 'sourpuss', 'crank']","perpetually grumpy, cantankerous person",Person,0.51,0.57
EL1613,στρεψόδικος,ADJ,,"['σοφιστής', 'δικομανής', 'πανούργος']",Άτομο που χρησιμοποιεί σοφίσματα και νομικά τερτίπια με σκοπό να παραπλανήσει και να διαστρέψει την αλήθεια,,"Η συνέντευξη του πρωθυπουργού Αλέξη Τσίπρα στον ΣΚΑΙ με πέντε λέξεις: καταβεβλημένος, απολογητικος, στρεψοδικος, ουσιαστικά αμετανόητος και ελάχιστα πειστικός! #Τσιπρας #ΣΚΑΙ #ΣΥΡΙΖΑ #εκλογες #εκλογες2019 #εκλογες_2019 #συνεντευξη_Τσιπρα #Αριστερα",,dmc,,,"['pettifogger', 'shyster', 'quibbler', 'sophist']",person who twists the law with sophistry,Person,1.06,
EL1613,στρεψόδικος,ADJ,,"['δικολαβίστικος', 'σοφιστικός', 'παραπλανητικός']","Πρόσθετο σε λόγους, γραπτά ή συλλογισμούς που αποδεικνύουν έλλειψη ειλικρίνειας, διαστρεβλώνουν τα γεγονότα και βασίζονται σε πονηρές ή αποπροσανατολιστικές φράσεις",,"Στο στρεψόδικο ερώτημα ""ποιος θα αξιολογήσει τους αξιολογητές"" η απάντηση δεν μπορεί παρά να είναι ο Καστανίδης.",,dmc,,,"['sophistic', 'fallacious', 'deceptive']",sophistic: employing specious reasoning intended to deceive,Behavioral_Trait,1.06,
EL1077,συγκάλυψη,NOUN,,"['κουκούλωμα', 'απόκρυψη', 'σβήσιμο', 'θάψιμο', 'αποσιώπηση']",Εσκεμμένη απόκρυψη πληροφοριών ώστε να μη φανεί παράνομη ή ανήθικη ενέργεια,,Α. Γεωργιάδης (2011) για τα υποβρύχια: «Ο Μεϊμαράκης είναι ένοχος συγκαλύψεως εγκλήματος» (βίντεο)...,,dmc,,,"['cover-up', 'concealment', 'whitewash', 'hush-up', 'suppression']",intentional concealment of wrongdoing,Event,0.46,0.59
EL669,συκοφάντης,NOUN,,"['διαβολέας', 'σπίλος', 'κακολογητής', 'σπερμολόγος', 'ψευδολόγος']",Άτομο που κατηγορεί ψευδώς άλλους προκειμένου να τους βλάψει ή να ωφεληθεί,,username Θεωρείτε ότι δεν πρέπει να τιμωρούνται οι συκοφάντες? Εκείνοι που συστηματικά ψεύδονται και χυδαιολογουν στα πρωτοσέλιδα τους για να πλήξουν τους πολιτικούς αντιπάλους τους? Είστε στο απυρόβλητο οι δημοσιογράφοι? Δεν ισχύουν για εσάς οι νόμο,,re,,,"['slanderer', 'defamer', 'libeler', 'calumniator', 'backbiter']",person who falsely accuses to harm others,Person,1.17,1.24
EL656,συκοφάντηση,NOUN,,"['δυσφήμηση', 'διαβολή', 'σπίλωση', 'ψευδοκατηγορία', 'λάσπη']",Ενέργεια προβολής ψευδών κατηγοριών που πλήττουν την υπόληψη κάποιου,,Χυδαία συκοφάντηση για τη Novartis καταγγέλλει ο Στουρνάρας - Ολομέτωπη επίθεση Αβραμόπουλου στους προστατευόμενους μάρτυρες,,re,,,"['slander', 'defamation', 'calumny', 'vilification', 'smearing']",act of making false damaging accusations,Event,1.04,1.08
EL150,συκοφαντία,NOUN,,"['δυσφήμηση', 'λάσπη', 'διαβολή', 'σπίλωση']",Η διάδοση ψευδών ισχυρισμών με σκοπό να υπονομευθεί η φήμη κάποιου,,"username username username username username username username username username username Και ποια είναι η συμβουλή σου φερατ; Ακόμα να δείξεις σε ποιο tweet εκφράζομαι φασιστικά. Αν συνεχίσεις να μην μπορείς, αυτό θα καθιστά συκοφαντία... ????",,re,,,"['slander', 'defamation', 'character assassination', 'calumny']",continuous spreading of false allegations,Event,1.07,0.48
EL657,συκοφαντικός,ADJ,,"['δυσφημιστικός', 'σπιλωτικός', 'κακολογητικός', 'λασπολογικός']","Λέγειται για λόγο, κείμενο ή χειρονομία που διαδίδει ψευδείς κατηγορίες με σκοπό να πλήξει την υπόληψη κάποιου στο δημόσιο πεδίο",,username O κ.ΣΔΟΕΣ ενοχλείται όταν τον ρωτάνε ΓΙΑ ΕΠΩΝΥΜΟΥΣ ΚΑΙ ΜΕ ΣΤΟΙΧΕΙΑ ΦΟΡΟΦΥΓΑΔΕΣ συνηθισμένος στις ανώνυμες συκοφαντικές διαρροές.,,re,,,"['slanderous', 'defamatory', 'calumnious', 'libelous', 'vilifying']","containing or expressing false, damaging allegations",Behavioral_Trait,1.04,0.6
EL1029,συλητής,NOUN,,"['ιερόσυλος', 'βέβυλος', 'λεηλάτης']","Άτομο που αφαιρεί ή καταστρέφει ιερά ή ιστορικά αντικείμενα, παραβιάζοντας χώρους λατρείας ή ταφής για ιδιοτέλεια",,Πώς κατέληξαν τα Γλυπτά του Παρθενώνα στο Βρετανικό Μουσείο -Πώς τα άρπαξε ο «συλητής» Ελγιν,,an,,,"['grave robber', 'desecrator', 'looter']",person who desecrates graves or sacred sites to steal valuables,Person,0.56,
EL376,συμμορία,NOUN,,"['σπείρα', 'κλίκα', 'ομάδα κακοποιών', 'παρέα εγκληματιών']",Συγκροτημένη ομάδα ατόμων που διαπράττει παράνομες ή βίαιες ενέργειες.,,"Αν ήταν σε καμιά συμμορία που πουλούσε προστασία, μπορεί και να τον είχαμε μπαγλαρώσει.",,cds,,,"['gang', 'mob', 'crew', 'criminal group']",organized group committing illegal or violent acts,Person,0.7,0.25
EL378,συνάφι,NOUN,,"['κλίκα', 'παρέα', 'συντροφιά', 'τσούρμο']","Παρέα ανθρώπων με κοινά συμφέροντα ή επάγγελμα, συχνά υποτιμητικά για τη συνοχή και τη συμπεριφορά τους.",,"username Δεν είναι μονο η Ακρίτα ,είναι ολο αυτο το συνάφι των κουλτουριαρεων ""θυμωμενων"" καλλιτεχνών (Μαχαιριτσας , Πασχαλιδης κλπ ) που μας τα ζαλιζαν τόσα χρονιά με την προοδευτική και ευαίσθητη Αριστερά και τώρα...",,cds,,,"['bunch', 'band', 'clique', 'lot']","group of people with shared interests or trade, often used derogatorily",Person,0.46,1.06
EL1407,συνευρίσκομαι,VERB,,"['συναντώ', 'βρίσκομαι', 'σμίγω', 'κοιμάμαι με']",Βρίσκομαι μαζί με κάποιον σε κοινό χώρο ή ερωτική πράξη.,,"Όταν βγαίνει ο Ζαγοράκης και λέει: ""...Εάν ο ΠΑΟΚ δεν δικαιωθεί, εγώ δεν μπορώ να συνευρίσκομαι στην ίδια πολιτική στέγη με όλους αυτούς..."" έπρεπε να έχει ήδη παραδώσει την έδρα στην Ευρωβουλή και έπρεπε να έχει ήδη διαγραφεί...",,asm,,,"['meet', 'encounter', 'hook up', 'sleep with']",meet or have sexual relations with someone,Event,0.21,
EL89,συνονθύλευμα,NOUN,,"['μίγμα', 'αχταρμάς', 'χάος', 'ανακάτεμα']",Ακατάστατο και ετερόκλητο μείγμα στοιχείων χωρίς συνοχή.,,"username username username Εκεί στο Συνονθύλευμα ""Ριζοσπαστικής"" «Αριστεράς» - Προοδευτική Συμμαχία (Ραγκούσης",,cds,,,"['mishmash', 'hodgepodge', 'jumble', 'mix']",messy jumble of disparate elements,State,0.23,0.17
EL1401,συνουσιάζομαι,VERB,,"['σμίγω', 'κοιμάμαι με', 'πηγαίνω με', 'έρχομαι σε επαφή']",Έρχομαι σε σεξουαλική επαφή με άλλο πρόσωπο.,,Συνουσιάζομαι με ένα κουτί μπισκότα Cadbury..,,asm,,,"['have sex', 'copulate', 'sleep with', 'make love']",engage in sexual intercourse,Event,0.28,0.54
EL2444,συνωμοσιολογία,NOUN,,"['θεωρίες συνωμοσίας', 'παραφιλολογία', 'σκοτεινή ρητορική', 'δοξασίες ίντριγκας']",Ρητορική ή θεωρίες που αποδίδουν γεγονότα σε μυστικές δολοπλοκίες ισχυρών.,,"username username Κινδυνεύουν ΚΥΡΙΩΣ οι ανεμβολίαστοι, όχι όμως ΜΟΝΟ αυτοί. Καλώς ή κακώς, τα εμβόλια δεν είναι τόσο αποδοτικά όσο ελπίζαμε, σε μία κοινωνία με παιδεία και εμπιστοσύνη στην επιστήμη θα ήταν ΟΚ αυτό και όχι λόγος συνωμοσιολογίας. 1/2",,cds,,,"['conspiracism', 'conspiracy talk', 'paranoia theories', 'plot narratives']",discourse attributing events to secret plots by powerful actors,Repetitive_Action,0.7,0.54
EL2442,συνωμοσιολόγος,NOUN,,"['συνωμοσιοφρενής', 'ψεκασμένος', 'παρανοϊκός', 'μυθοπλάστης']",Άτομο που υιοθετεί και διαδίδει θεωρίες για μυστικές συνωμοσίες.,,username στημενα τα δικαστήρια; δεν πιστεύω να είσαι κανας ψεκασμένος συνωμοσιολόγος σαν τα εθνίκια ρε σπύρο;,,cds,,,"['conspiracist', 'conspiracy theorist', 'paranoid', 'fabricator']",person who adopts and spreads conspiracy theories,Person,0.7,1.19
EL680,συρφετός,NOUN,,"['όχλος', 'τσογλάνια', 'τσούρμο', 'αγέλη']",Μεγάλη ομάδα ανθρώπων που θεωρούνται ανάξιοι ή ενοχλητικοί.,,Ο νεοφιλελεύθερος και ακροκεντρώος συρφετός που επιτίθεται στους καλλιτέχνες και στους διοργανωτές κατάφερε να μετατρέψει μια αντιπολεμική συναυλία σε αντικυβερνητική.,,cds,,,"['rabble', 'riffraff', 'mob', 'horde']",large crowd regarded as worthless or annoying,Person,0.43,1.17
EL680,συρφετός,NOUN,,"['χαμός', 'χάος', 'σαβούρα']",Άτακτος σωρός άχρηστων ή κακοσυντηρημένων πραγμάτων,,"Στο συρφετό της λάσπης και των fake news κατά της Αφροδίτης Λατινοπούλου, τα οποία στοχευμένα διακινούνται από τους Βελοπουλικούς και τους συν αυτώ, ήρθε να προστεθεί αλλά μια υποψήφια «παραφωνία» η οποία σκοπίμως αναδημοσιεύει φωτογραφία που τραβήχτηκε το 2021 και ηθελημένα (?) την παρουσιάζει ως πρόσφατη.",,cds,,,"['junk pile', 'clutter']",mess : untidy heap of worthless stuff,Object,0.43,
EL992,σφαγή,NOUN,,"['μακελειό', 'μαζικός φόνος', 'σκοτωμός', 'σφαξίματα']",Μαζική και βίαιη θανάτωση ανθρώπων ή ζώων∙ χρησιμοποιείται κυριολεκτικά ή μεταφορικά για ακραία ζημιά,,"29/5/1824 Ισχυρός αιγυπτιακός στόλος υπό τον Χουσεΐν, μετά από πολιορκία δύο ημερών της Κάσου, αποβιβάζει 4.000 Αλβανούς στον Αντιπέρατο και προσβάλλει από τα νώτα τους υπερασπιστές. Σφαγές, λεηλασίες και αιχμαλωσίες καταστρέφουν το ηρωικό νησί.",,qas,,,"['massacre', 'slaughter', 'bloodbath', 'butchery']",massacre and violent killing of people or animals,Event,0.56,1.13
EL473,σφάλμα,NOUN,,"['λάθος', 'αστοχία', 'παράλειψη', 'ατόπημα']",Λανθασμένη ενέργεια ή αποτέλεσμα που αποκλίνει από το σωστό.,,Το μόνο σφάλμα που 'κανε στη ζωή του είναι ότι έδιωξε το Ντίνο απ' το σπίτι.,,qas,,,"['error', 'mistake', 'fault', 'blunder']",incorrect action or outcome deviating from what is right,Event,0.21,0.29
EL53,σχολαστικισμός,NOUN,,"['περιττός λεπτολογισμός', 'ψείρισμα']","Τάση ή πρακτική υπερβολικής προσκόλλησης σε λεπτομέρειες και τυπικούς κανόνες, που θεωρείται άκαμπτη και κουραστική",,O Γουλιέλμος του Όκαμ και ο όψιμος Σχολαστικισμός: Τα τελευταία χρόνια του Μεσαίωνα (από το 14ο αιώνα περίπου)...,,pa,,,"['pedantry', 'hair-splitting']",excessive focus on details and rigid rules that hinders substance,Behavioral_Trait,0.26,0.14
EL2100,σχολαστικός,ADJ,,"['ψείρας', 'λεπτολόγος', 'τυπολάτρης']","Άτομο που επιδεικνύει υπερβολική προσήλωση στις λεπτομέρειες, ελαχιστοποιώντας ή παραβλέποντας την ουσία του θέματος ή την ταχύτητα δράσης",,θέμα για σχολαστικούς παρθένους!! Πώς να τυλίγεις τα ακουστικά σου σαν άνθρωπος | Το συρτάρι,,cds,,,"['pedantic', 'nit-picking', 'meticulous', 'stickler']",person or attribute of someone who insists excessively on detail and protocol,Person,0.26,0.48
EL2100,σχολαστικός,ADJ,,"['εξονυχιστικός', 'λεπτομερειακός', 'επιμελημένος']","Χαρακτηρισμός έργων, μεθόδων ή διαδικασιών που εκτελούνται με εξονυχιστική επιμέλεια, διασφαλίζοντας ακρίβεια και πληρότητα σε κάθε βήμα",,username Σπάμε νεύρα...πολύ σχολαστικά ????????,,cds,,,"['meticulous', 'thorough', 'rigorous']",meticulous: done with great care and thoroughness,Behavioral_Trait,0.26,1.03
EL2290,σχολαστικότητα,NOUN,,"['λεπτολογία', 'υπερβολική ακρίβεια', 'τυπολατρία']",Ιδιότητα κατά την οποία κάποιος επιδεικνύει υπερβολική ακρίβεια και λεπτολογία σε λόγο ή πράξη,,Η σχολαστικότητα της νοικοκυράς.,,cds,,,"['pedantry', 'meticulousness', 'fastidiousness', 'nitpicking']","tendency toward pedantic, overly detailed approach",Behavioral_Trait,0.2,0.31
EL1234,σωματέμπορος,NOUN,,"['νταβατζής', 'μαστροπός', 'διακινητής ανθρώπων', 'λαθρέμπορος ψυχών']",Άτομο που εκμεταλλεύεται ανθρώπους με την απειλή ή την εξαπάτηση για σεξουαλική ή άλλη εργασία.,,username Η Καλαματα βγαζει κ καλους σωματεμπορους να τους προσλαβεις στην φυλαξη σου Μ..............,,cds,,,"['human trafficker', 'pimp', 'slaver', 'people smuggler']",person who exploits people through coercion or deception for sexual or other labor,Person,1,1.03
EL2398,ταλαιπωρία,NOUN,,"['περιπέτεια', 'βάσανο', 'κούραση', 'δοκιμασία']","Επίμονη ή παρατεταμένη κατάσταση σωματικού ή ψυχικού κόπου, δυσφορίας και άγχους λόγω κακουχιών, δυσλειτουργιών ή γραφειοκρατίας.",,"Ο γιατρός τούς συνέστησε να αποφύγουν τις συχνές επισκέψεις στο νοσοκομείο, γιατί, έπειτα από αυτή την ψυχική και σωματική ταλαιπωρία, είχε ανάγκη από ξεκούραση και ψυχική ηρεμία.",,re,,,"['hardship', 'ordeal', 'trouble', 'affliction']",discomfort or prolonged trouble causing fatigue and annoyance,State,0.23,0.31
EL2066,ταλανίζω,VERB,,"['βασανίζω', 'ταλαιπωρώ', 'κατατρέχω', 'παίρνω στο κυνήγι']","Προκαλώ επανειλημμένα πόνο, προβλήματα ή ανησυχία.",,"Και για να καταλαβετε πόσο με ταλανιζει αυτο το θέμα, εχω φτασει σε σημείο που σκεφτομαι να επαναχρησιμοποιω τα τι μπαγκζ. #ουστχωργιατα",,qas,,,"['torment', 'plague', 'afflict', 'harass']","repeatedly cause pain, problems or anxiety",Repetitive_Action,0.43,1.07
EL2076,ταραξίας,NOUN,,"['καβγατζής', 'μπελάς', 'νταής', 'φασαριόζος']","Άτομο που προκαλεί θόρυβο, συγκρούσεις ή αταξία σε δημόσιους χώρους.",,????Μητσοτάκης: «Ταραξίας με θρησκευτικό μανδύα η Τουρκία»-Η πρόσκληση σε Πούτιν-Λαβρόφ: Η Μόσχα έτοιμη να συμβάλει στην αποκλιμάκωση-ΒΙΝΤΕΟ,,qas,,,"['troublemaker', 'rowdy', 'disturber', 'brawler']","person who causes noise, conflicts or disorder in public",Person,0.48,0.5
EL1676,ταραχή,NOUN,,"['αναστάτωση', 'πανικός', 'σάλος', 'αναταραχή']","Κατάσταση έντονης αναστάτωσης, άγχους ή κοινωνικής αναστάσεως.",,username Κρίμα τα παιδάκια ????????????????????????????που να της κοψουν την παλάμη ευτυχώς υπάρχει αποτύπωμα εάν το διάβασα καλά μέσα στη ταραχή μου ????????????????????????????,,cds,,,"['turmoil', 'disturbance', 'upheaval', 'agitation']","state of intense disturbance, anxiety or social unrest",State,0.16,1.02
EL2079,ταραχοποιός,NOUN,,"['υποκινητής', 'αντάρτης', 'φασαριόζος', 'ταραξίας']",Άτομο που υποκινεί ή προκαλεί ταραχές και βίαιες συγκρούσεις.,,Προκαλεί ο Ερντογάν: Ταραχοποιός ο 15χρονος: Ο πρωθυπουργός της Τουρκίας Ρετζέπ Ταγίπ Ερντογάν υποστήριξε ότι ο...,,qas,,,"['agitator', 'rioter', 'instigator', 'rabble-rouser']",person who instigates or causes riots and violent clashes,Person,0.48,0.37
EL508,ταύρος,NOUN,,"['θεριό', 'βόδι', 'κτήνος', 'γιγάντας']","άνδρας με μεγάλη μυϊκή δύναμη και ορμητική, συχνά άγαρμπη συμπεριφορά",,"Μη με βάζετε, βρε παιδιά, να τα ρίχνω τα ρημάδια γιατί καμιά φορά βγαίνουν αληθινά κι έχω τύψεις... Έρχεται, που λέτε, ένας Νταβίκος μανιασμένος σαν ταύρος.",,an,,,"['brute', 'ox', 'beast', 'hulk']",very strong and aggressive male person,Person,0.18,1.05
EL587,τεμπέλης,ADJ,,"['οκνηρός', 'νωθρός', 'ραθύμος', 'αδρανής']",άτομο που αποφεύγει την εργασία και προτιμά την αδράνεια,,username Ναι ναι θα πέρναγε 5μηνες κακουχιες για την δημοσιότητα μήπως τον μπερδεύεις με τον ξεφτίλα τον τεμπέλη το νταφυ γιατί άκυρα όλα αυτά που λες αυτά ο νταφυ τα κανει,,cds,,,"['idler', 'slacker', 'loafer', 'lazybones']","person who avoids work, lazybones",Person,0.56,1.12
EL3,τεμπελιά,NOUN,,"['οκνηρία', 'ραθυμία', 'απραξία']","Απουσία διάθεσης για εργασία ή προσπάθεια, εμφανιζόμενη ως σταθερό γνώρισμα ή ως συνήθεια κάποιου",,"username Εσείς έχετε μάθει να γαλουχείτε τη νεολαία με βρισιές, καταστροφές, πορείες και τεμπελιά. Παιδεία ΜΗΔΕΝ!",,svp,,,"['laziness', 'idleness', 'sloth', 'inertia']","habit of avoiding effort, laziness",Behavioral_Trait,0.38,1.28
EL2171,τετριμμένος,ADJ,,"['κοινότυπος', 'μπανάλ', 'συνηθισμένος', 'ανιαρός']",χαρακτηρισμός για ιδέα ή λόγο που έχει χρησιμοποιηθεί υπερβολικά και δεν προκαλεί ενδιαφέρον,,"Όχι λυπάμαι. Τα μεγάλα λογότυπα δεν είναι καθόλου στυλάτα, ο συνδυασμός ασπρο μαυρο κόκκινο είναι τετριμμένος, το άσπρο της μάσκας είναι διαφορετικό από το άσπρο της μπλούζας και χτυπάει στο μάτι. Για σήμερα, 2.#antireport  #mystylerocks",,cds,,,"['trite', 'banal', 'hackneyed', 'commonplace']","overused and uninteresting, cliché",Behavioral_Trait,0.33,
EL2056,τζαμπατζής,NOUN,,"['τζαμπαδόρος', 'λαθρεπιβάτης', 'τσάμπας']","άτομο που επιδιώκει να απολαμβάνει πράγματα χωρίς να πληρώνει, εκμεταλλευόμενο τους άλλους",,"Ο Μητσοτάκης βέβαια, μπορεί να κάνει αποταμίευση αφού δεν πληρώνει δεκάρα τσακιστή για τα δάνεια του. Κουλτουριάρης είναι τελικά, όχι τζαμπατζής.",,qas,,,"['freeloader', 'sponger', 'scrounger', 'mooch']","person who wants everything for free, freeloader",Person,0.56,1.23
EL2031,τοκογλυφία,NOUN,,"['παρατοκισμός', 'τοκογλυτισμός', 'αργυραδελφία', 'αισχροκέρδεια']",παράνομη πρακτική δανεισμού χρημάτων με υπερβολικά υψηλό επιτόκιο,,Αρχιεπίσκοπος Ιερώνυμος: Έχουμε πέσει θύματα τραγικής τοκογλυφίας!,,cds,,,"['usury', 'loan sharking', 'excessive interest', 'shylocking']",illegal lending at exorbitant interest,Event,1.06,0.7
EL1623,τοκογλύφος,NOUN,,"['σαράφης', 'στυγνός τοκιστής', 'δανειστής', 'πλουτοκέρδης']",άτομο που δανείζει παράνομα ή ανήθικα χρήματα απαιτώντας υπέρογκο επιτόκιο και συχνά εκβιάζει για αποπληρωμή,,Ξένοι τοκογλύφοι. λοιπόν ή ντόπιοι απατεώνες και δημαγωγοί;,,cds,,,"['loan shark', 'usurer', 'moneylender', 'shylock']","person who lends money at exorbitant interest, loan shark",Person,1.17,1.16
EL1027,τολμηρός,ADJ,,"['θαρραλέος', 'γενναίος', 'ριψοκίνδυνος', 'ανδρείος']","Άτομο που χαρακτηρίζεται από υπερβολική τόλμη ή θράσος, με έντονα στοιχεία ρίσκου ή παραβίασης των ορίων· μπορεί να επισημαίνεται ως ειρωνική ή επικριτική",,username μέχρι να δύσει ο ήλιος να στέλνεις....αλλά σε έκοψα με τον τολμηρό...μπορεί να θυμώσει...γύρνα σε δαύτον καλύτερα...,,cds,,,"['brave', 'daring', 'bold', 'audacious']",bold and daring person,Person,0.26,0.42
EL1027,τολμηρός,ADJ,,"['γενναίος', 'θαρραλέος']","Πράξη ή στάση που φανερώνει τόλμη και διάθεση ανάληψης ρίσκου, ακόμα και πέρα από τα συνηθισμένα όρια",,Αναγκαίο ένα εξωφρενικά τολμηρό οικονομικό όραμα για την μετα- Covid κοινωνία,,cds,,,"['bold', 'audacious']",daring: showing courage and willingness to take risks,Behavioral_Trait,0.26,0.26
EL182,τούβλο,NOUN,,"['βλάκας', 'χοντροκέφαλος', 'χαζός', 'στόκος']",άτομο που θεωρείται πολύ αργό στη σκέψη ή στην κατανόηση,,username username εύκολα. έχουν πιο έξυπνο πθ από το τούβλο τον Κουλη!,,an,,,"['moron', 'blockhead', 'dumb', 'brickhead']",very stupid person,Person,0.51,1.09
EL2418,τραβεστί,NOUN,,"['τρανσβεστί', 'αδερφή', 'τρανσέξουαλ']","άτομο που φορά ρούχα διαφορετικού φύλου, λέξη που συχνά χρησιμοποιείται μειωτικά για τρανς",,Τον έχουν ριμαξει τον Πούτιν οι τραβεστί Ευρωπαίοι,,om,,,"['transvestite', 'drag queen', 'cross-dresser', 'tranny']","person wearing clothes of another gender, often used as slur for transgender",Person,1.19,1
EL396,τράγος,NOUN,,"['βρωμιάρης', 'μουρντάρης', 'κατσικίλα', 'γίδα']",άνδρας που θεωρείται βρώμικος ή υπερβολικά σεξουαλικός και αντιμετωπίζεται περιφρονητικά,,"Σε τρεις μέρες θ’ αναστηθώ σαν το Χρηστό... Μα έπεσαν απάνω του οι τράγοι οι παπάδες και τον έδιωξαν...” Καταλαβαίνεις λοιπόν, Νίνα μου, ότι με την πολιτική κατάσταση που επικρατούσε όταν πρωτόρθε ο Μεταξάς στα πράματα, έτρεμε το φυλλοκάρδι μου, μη τον συλλάβουν και τον στείλουν εξορία...» Ολ’ αυτά μου 'φεραν στο νου το συχωρεμένο το Ντίνο.",,an,,,"['dirty guy', 'lech', 'goat', 'filthy man']","man regarded as dirty or lecherous, used contemptuously",Person,0.48,1.01
EL2057,τρακαδόρος,NOUN,,"['τζαμπατζής', 'ζητιάνος', 'σφουγγοκωλάριος', 'λαμόγιο']","άτομο που συνηθίζει να ζητά τσιγάρα, χρήματα ή άλλα αντικείμενα χωρίς να τα επιστρέφει",,Ο Τρακαδόρος: SOS....Αντιμέτωποι με ισόβια οι ληστές με τα “καλά...,,qas,,,"['moocher', 'cadger', 'sponger', 'bum']","person who habitually bums cigarettes or money, cadger",Person,0.41,0.47
EL2406,τραυματίζω,VERB,,"['πληγώνω', 'λαβώνω', 'χτυπώ', 'βλάπτω']",πράξη πρόκλησης σωματικής ή ψυχικής βλάβης σε κάποιον,,"username Αν ήταν ο Πεπε έτοιμος να παίξει σε καλό επίπεδο και δεν τραυματιζοταν ο Λακαζετ ο Μικιταριαν δε θα έπαιζε ποτέ, δεν μπορείς να πεις ότι τον έδωσαν άδικα. Αλλά όπως λες, στραβό το κλίμα, κλπ...",,re,,,"['injure', 'wound', 'hurt', 'maim']",act of causing physical or mental injury,Event,0.28,0.3
EL2325,τρέλα,NOUN,,"['παράνοια', 'ζουρλαμάρα', 'λόξα', 'τρέψιμο']",σοβαρή ψυχική διαταραχή που αλλοιώνει τη σχέση ενός ατόμου με την πραγματικότητα,,"Όσο το γύριζα στο μυαλό μου, τόσο περισσότερο μου 'ρχόταν τρέλα, και προς στιγμήν σκέφτηκα ν' αυτοκτονήσω.",,ddp,,,"['madness', 'insanity', 'lunacy', 'craziness']",madness or mental disorder,State,0.23,0.56
EL2325,τρέλα,NOUN,,"['μανία', 'κόλλημα']",υπερβολικός ενθουσιασμός ή πάθος για κάτι· έντονη επιθυμία,,"Εγκαταλείψαμε, βέβαια, τις σπουδές και επιδοθήκαμε στις εκδρομές, στα ξενύχτια, στα οργιώδη πάρτυ, στις αρπαχτές του έρωτα και στις βουτιές στην τρέλα.",,ddp,,,"['craze', 'obsession']",craze : intense enthusiasm,State,0.23,0.41
EL2325,τρέλα,NOUN,,"['κουταμάρα', 'τρέλαρα (δημ.)']",απερίσκεπτη ή εκκεντρική πράξη που παρεκκλίνει από το σύνηθες,,«Δεν καταλαβαίνω γιατί κυριεύει τους Αθηναίους αυτή η τρέλα να φύγουν.,,ddp,,,"['folly', 'mad act']",mad act : reckless action,Event,0.23,0.34
EL1168,τρελός,ADJ,,"['παλαβός', 'ζουρλός', 'παράφρων', 'αλλοπαρμένος']",άτομο με σοβαρή ψυχική διαταραχή· συχνά ως στιγματιστικός χαρακτηρισμός,,"Αυτος ήταν που ηταν τρελος, τωρα που εχασε και το παιδι του έχει κόψει καπίστρι",,qas,,,"['madman', 'lunatic', 'nutcase', 'crazy person']",person considered insane or crazy,Person,0.51,0.5
EL1168,τρελός,ADJ,,"['παλαβός', 'κουζουλός']","άτομο που συμπεριφέρεται παράλογα, βιαστικά ή χωρίς λογική",,Με κοιτάζει σα να έχει να κάνει με τρελό.,,qas,,,"['crazy', 'nuts']",crazy (behaviour) : irrational person,Person,0.51,0.45
EL1168,τρελός,ADJ,,"['φοβερός', 'απίθανος']","Χρησιμοποιείται για να χαρακτηρίσει αντικείμενα, εκδηλώσεις ή καταστάσεις ως εξαιρετικά εντυπωσιακές, αξιοθαύμαστες ή έντονα ευχάριστες, χωρίς αναφορά σε ανθρώπους",,Ήταν και κείνο το τρελό κοτσύφι πάνω στο περβάζι που τραγουδούσε συνεχώς.,,qas,,,"['awesome', 'wild']",awesome: extremely good or impressive,Behavioral_Trait,0.51,0.23
EL2492,τρομοκράτης,NOUN,,"['εξτρεμιστής', 'βομβιστής', 'φονταμενταλιστής', 'αντάρτης']",άτομο που χρησιμοποιεί βία ή απειλή βίας για πολιτικούς σκοπούς μέσω φόβου,,5 Ιανουαρίου του 2009 τραυματίσθηκε σοβαρά από τρομοκράτες ο Δ. Ματζούνης των ΥΑΤ,,ps,,,"['terrorist', 'bomber', 'extremist', 'insurgent']",person who uses violence to intimidate for political aims,Person,1.22,0.27
EL2386,τρομοκρατία,NOUN,,"['πολιτικός τρόμος', 'άκρατη βία', 'τρομολαγνεία', 'εξτρεμιστική δράση']","Συστηματική χρήση φόβου και βίας ως μέσου πίεσης για την επίτευξη στόχων, συνήθως πολιτικών",,username username Γιατί φοβούνται τα αντίποινα της εγχώριας τρομοκρατίας και τα συμβόλαια θανάτου που θα βγάλουν σε βουλευτές και υπουργούς.,,re,,,"['terrorism', 'political violence', 'terror', 'extremism']",terrorism : systematic violent intimidation,Repetitive_Action,1.06,1.09
EL2386,τρομοκρατία,NOUN,,"['κλίμα φόβου', 'τρομο-κλίμα']","Κλίμα έντονου φόβου που προκαλείται σε μια κοινότητα από συνεχή απειλητική συμπεριφορά, ακόμη κι όταν δεν έχει πολιτικό χαρακτήρα.",,username Τοτε ολη η εργατικη ταξη εδωσε μεγαλους αγωνες και ο 330 εμεινε στα χαρτια .Εζησα ως ανηλικη βιομηχανικη εργατρια ολη την καταστολη και την τρομοκρατια της εποχης,,re,,,"['state of fear', 'reign of terror']",state of terror : pervasive fear atmosphere,State,1.06,0.43
EL872,τσαρλατάνος,NOUN,,"['κομπογιαννίτης', 'απατεώνας', 'μαϊμού γιατρός', 'αγύρτης']","Άτομο που προσποιείται τον ειδικό, εξαπατά το κοινό με ψεύτικες γνώσεις ή θεραπείες για προσωπικό όφελος",,"username username Γιατρός με παρουσία στην αννιτα Πάνια πανιά,ακαταδίωκτο και μπινελικια σε όποιον διαφωνεί μαζί του.Εχετε μπερδέψει την ιατρική με τους τσαρλατάνους.",,ddp,,,"['charlatan', 'quack', 'fraud', 'con artist']","fraud who poses as expert, charlatan",Person,1.19,1.13
EL2485,τσιγγάνος,NOUN,,"['γύφτος', 'ρομά', 'κατσίβελος']","μέλος νομαδικής εθνοτικής ομάδας, όρος που συχνά χρησιμοποιείται μειωτικά",,"username username Οι τσιγγάνοι, γύφτοι, Ρομά δεν σκοτώνουν τα παιδιά. Φέρνουν χρήματα τα παιδιά, επιδόματα, φανάρια κ.λ.π",,ps,,,"['gypsy', 'roma', 'traveler']","member of Roma ethnic group, often used as slur",Person,0.49,1.12
EL2485,τσιγγάνος,NOUN,,"['απατεώνας', 'λαμόγιο']","Υβριστικός χαρακτηρισμός για οποιονδήποτε θεωρείται πανούργος, ακάθαρτος ή κλέφτης, ανεξάρτητα από εθνοτική καταγωγή",,Τσιγγάνος από την Ρουμανία ευχαριστεί τους Άγγλους φορολογούμενους που με τα λεφτά τους ... -,,ps,,,"['crook', 'con-artist']",trickster : deceitful or grubby person,Person,0.49,0.21
EL211,τσιγκούνης,ADJ,,"['σφιχτοχέρης', 'τσιφούτης', 'σκρούτζ']",άτομο που αποφεύγει να ξοδέψει χρήματα και κρατά τα πάντα για τον εαυτό του,,Μπαίνει ένας τσιγκούνης στο λεωφορείο και ρωτάει. -Συγνώμη πληρώνουμε εισιτήριο και για τα λουλούδια ? -Όχι...,,svp,,,"['miser', 'cheapskate', 'tightwad', 'penny-pincher']",stingy person,Person,0.56,0.36
EL210,τσιγκουνιά,NOUN,,"['τσιγκουνευιά', 'καβουροσύνη', 'μίζερια', 'σφιχτοχέρι']","Χαρακτηριστικό ατόμου που αποφεύγει να ξοδεύει χρήματα και να μοιράζεται, επιδεικνύοντας υπέρμετρη οικονομία",,username username Γιατί; 10.000.000 έπρεπε να είχαμε.Να καλύψουμε όλο τον πληθυσμό.Τσιγκουνιες τώρα;,,svp,,,"['stinginess', 'miserliness', 'parsimoniousness', 'cheapness']",excessive stinginess,Behavioral_Trait,0.48,0.4
EL1996,τσιμπούρι,NOUN,,"['βδέλλα', 'κολλιτσίδα', 'κολλητήρι', 'σφουγκοκολάριος']","Άτομο που κολλάει επίμονα στους άλλους, ζητά συνεχώς και δεν αφήνει χώρο",,username username Ρε μπαχτσεβανη σε κοιτώ και βλεπω μια βδέλλα ένα τσιμπουρι ένα παράσιτο.φίλε εισαι σκέτη αηδία.,,an,,,"['leech', 'hanger-on', 'sponger', 'pest']",clingy hanger-on person,Person,0.54,1.16
EL1907,τσοπάνης,NOUN,,"['ποιμένας', 'βοσκός', 'γιδάς', 'προβατάς', 'βλαχάκος']","Άνδρας που βόσκει κοπάδι αιγοπροβάτων, συχνά χρησιμοποιείται μειωτικά για αγροίκο άτομο",,username Όταν τα κάνεις πλακάκια μετά πρέπει να βγάλεις και το σχέδιο για το που θα τα βάλεις. Το ποίμνιο χρειάζεται στοχευμένη καθοδήγηση και ποιος είναι καλύτερος τσοπάνης από την εκκλησία;,,pa,,,"['shepherd', 'herdsman', 'goatherd', 'yokel', 'rustic']","shepherd, often used pejoratively for crude rural man",Person,0.23,0.4
EL324,τσούλα,NOUN,,"['πόρνη', 'ξεκωλιάρα', 'ελευθερίων_ηθών', 'αλήτισσα', 'χαμηλοτάτου_ήθους']",Γυναίκα που θεωρείται ηθικά ελαφριά λόγω συχνών ερωτικών σχέσεων· υβριστικός χαρακτηρισμός,,"Τσούλα, που τολμάς να με ψάχνεις!",,pr,,,"['slut', 'whore', 'tramp', 'promiscuous woman', 'hussy']",derogatory term for promiscuous woman,Person,1.37,1.33
EL738,τσουτσούνι,NOUN,,"['πουτσί', 'πουλί']","ζωικό μέλος που δηλώνει το ανδρικό γεννητικό όργανο σε παιδικό, κοροϊδευτικό ή χυδαίο ύφος, κυρίως σε καθημερινό λόγο",,"username username username username Στα μουτρα σου ευχαριστως μωρη τρελα!! Ετσι σε θυμουνται δηλ οι φιλοι σου;; Ενας 35αρης Greek kamaki σε κρουαζιερα στις Κυκλαδες!! 70αρης με προστατη δηλ τωρα..Κι εχεις τα γκατς,να κανεις πλακιτσα για τσουτσουνια και προωρη εξπερματωση σε μενα θείο;;",,asm,,,"['dick', 'willy']",penis : male sex organ in childish/vulgar register,Object,0.46,1.15
EL738,τσουτσούνι,NOUN,,"['μικρούλης', 'χαζούλης']","κοροϊδευτικός χαρακτηρισμός για άτομο που θεωρείται μικρό, άβγαλτο ή άτολμο, συνήθως με οικείο ή υποτιμητικό τόνο",,username username Ευχή μου εδωκες γιοκα μου... εσυ μείνε αγαμητος και άπλυτος . Καληνύχτα και φιλάκια τσουτσουνι ε τσουτσουνι,,asm,,,"['kiddo', 'wimp']",rookie (about a timid/immature person),Person,0.46,1.31
EL54,τυπολατρία,NOUN,,"['τυπομανία', 'τυποκρατία', 'γραφειοκρατία', 'στενοτυπία', 'δογματισμός']",Τάση για υπερβολική προσκόλληση σε κανόνες και διαδικασίες εις βάρος της ουσίας,,username η τυπολατρία τους μάρανε. Ας βγουν στα social media να δουν τί λέει ο κόσμος για όσους τα είχαν έτοιμα κ για όσους μόχθησαν,,pa,,,"['formalism', 'pedantry', 'bureaucratism', 'rule worship', 'rigidity']",excessive formalism or rule-worship,Repetitive_Action,0.28,1.05
EL2192,τυφλός,ADJ,,"['στραβός', 'ανεπίγνωστος']","Χαρακτηρισμός προσώπου που αρνείται να δει ή να παραδεχτεί το αυτονόητο, παριστάνοντας ότι δεν αντιλαμβάνεται όσα συμβαίνουν γύρω του",,username username Είμαι τυφλός και δεν βλέπω πως το κεφάλαιο δεν καίει ότι εμποδίζει/δυσκολεύει την επένδυση του;,,ddf,,,"['oblivious', 'unaware', 'blind to reality'",blind (metaphorically unaware or stubborn),Person,0.41,0.47
EL2192,τυφλός,ADJ,,"['αόρατος (παρωχημένο)', 'θεότυφλος']","χαρακτηρισμός για άτομα με πρόβλημα όρασης, αποκτά υποτιμητικό, μειωτικό ύφος απέναντι στα ΑμεΑ",,Απέναντι μου στάθηκε ένα γεροντάκι ίσαμε εβδομήντα χρόνων τυφλός.,,ddf,,,"['sightless', 'visionless', 'blind']",blind (medical condition – used offensively when flung as slur),Person,0.41,0.21
EL2192,τυφλός,ADJ,,"['αδιάκριτος', 'ανεξέλεγκτος', 'αχαλιναγώγητος']","Περιγραφή πράξης, βίας ή συναισθήματος που εκδηλώνεται χωρίς στόχο ή διάκριση, άρα ανεξέλεγκτα",,Ν. ΣΥΡΙΖΑ: Τυφλή βία από την αστυνομία κατά διαδηλωτών-Τραυματίσθηκαν μέλη μας-Να παραιτηθεί ο κ. Χρυσοχοίδης  via username,,ddf,,,"['indiscriminate', 'uncontrolled', 'blind (fig.)']","indiscriminate : uncontrolled, blind (fig.)",Behavioral_Trait,0.41,0.41
EL1527,ύαινα,NOUN,,"['όρνεο', 'κοράκι', 'αρπακτικό', 'κανίβαλος', 'γύπας']","Άτομο σκληρό και αδίστακτο που εκμεταλλεύεται τη δυστυχία των άλλων, υβριστικός χαρακτηρισμός",,«Ενάντια στις ύαινες»: Η αναρχική συλλογικότητα «Οκτάνα» για τη συζήτηση περί εκκένωσης της Κατάληψης Rosa Nera...,,an,,,"['hyena', 'vulture', 'predator', 'ghoul', 'scavenger']",ruthless exploiter; vulture-like person,Person,0.52,0.38
EL667,υβριστής,NOUN,,"['βλάσφημος', 'λοιδορός', 'συκοφάντης', 'προσβλητικός']","Άτομο που εκτοξεύει προσβολές, συχνά με χυδαίο λόγο",,username Μιλάς για διεμβολισμό εκτος απο υβριστης και με μεθοδεύσεις λασπολογίας κρυφες συναντησεις με τον μεγαλύτερο σε διαπλοκές ψυχαρη(γάτα Ιμαλαΐων)νομίζεις ότι θα καθιερωθείς σαν δημοκρατική παράταξη σε εσωκομματικές εκλογές οταν γίνουν με το καλό,,re,,,"['insulter', 'abuser', 'reviler', 'offender', 'blasphemer']",person who insults; abuser,Person,1.02,1.11
EL2383,υπεροπτικός,ADJ,,"['αλαζόνας', 'σνομπ', 'ψηλομύτης', 'καβάλα_στο_καλάμι']",Άτομο που δείχνει αδικαιολόγητη αίσθηση ανωτερότητας και περιφρόνηση προς τους άλλους,,"Αυτός είναι ο Ιωάννης. Ο Ιωάννης είναι υπεροπτικός, μαλάκας,κακόψυχος,κωλοχαρακτήρας. Μη γίνεις ποτέ σαν τον Ιωάννη. #MasterChefGR",,svp,,,"['arrogant', 'haughty', 'snobbish', 'conceited', 'supercilious']",arrogant person,Person,0.59,
EL2383,υπεροπτικός,ADJ,,"καταφρονητικός', 'υποτιμητικός', 'πατροναριστικός']","Ύφος/τόνος  που εκφράζει περιφρόνηση και αίσθηση ανωτερότητας, εμφανίζεται σε λόγο, βλέμμα ή στάση χωρίς αναφορά σε συγκεκριμένο άτομο",,"Ένα κορίτσι ψηλό και λεπτό, με την ίδια αυστηρή ομορφιά και το ίδιο υπεροπτικό βλέμμα της Γιάννας.",,svp,,,"['disdainful', 'condescending', 'patronizing']",disdainful : condescending,Behavioral_Trait,0.59,0.47
EL558,υπεροψία,NOUN,,"['αλαζονεία', 'οίηση', 'έπαρση', 'σνομπισμός', 'υπερηφάνεια']",Ψυχολογική τάση που κάνει κάποιον να θεωρεί τον εαυτό του ανώτερο από τους άλλους,,"Όχι από υπεροψία ή κόντρα, αλλά επειδή στο βάθος φοβόμουν να συγκρουστώ μαζί της.",,svp,,,"['arrogance', 'pride', 'haughtiness', 'conceit', 'hubris']",arrogance; haughtiness,Behavioral_Trait,1.07,0.39
EL1972,υπερσεξουαλικός,ADJ,,"['σεξομανής', 'ερωτομανής', 'καυλωμένος']",Άτομο με ασυνήθιστα υψηλή επιθυμία ή δραστηριότητα για την ερωτική πράξη,,Είπε κ μια σωστή ατακα η Άννα: μας βγηκε  υπερσεξουαλικος ο Ιωσήφ τι κάνουμε #tatouaz,,cds,,,"['hypersexual', 'sex-addicted', 'libidinous', 'horny', 'sex-obsessed']",person with extremely high libido,Person,0.34,
EL1972,υπερσεξουαλικός,ADJ,,"['προκλητικό', 'ακατάλληλο']","Προσδιορισμός σε έργα, διαφημίσεις ή εκδηλώσεις που δίνουν υπερβολική έμφαση σε σεξουαλικές εικόνες ή θεματολογία, με σκοπό την πρόκληση ή το σοκ",,Ένα μόνο παράπονο έχω @username... αυτό είναι σεξιστικό. Υπερσεξουαλικό pin up - νοικοκοιρά με μελομακάρονα..,,cds,,,"['overly erotic', 'explicitly sexual']",sexually excessive: containing an undue or extreme focus on sexual content,Behavioral_Trait,0.34,
EL1972,υπερσεξουαλικότητα,NOUN,,"['σεξομανία', 'ερωτομανία', 'υπερλίμπιντο', 'λιβιδισμός']",Κατάσταση όπου η σεξουαλική επιθυμία ή δραστηριότητα ξεπερνά το συνηθισμένο μέτρο,,Η υπερσεξουαλικότητα των ανδρών μπορεί να κρύβει ανικανότητα,,cds,,,"['hypersexuality', 'sex addiction', 'nymphomania', 'satyriasis']",excessive sexuality; hypersexuality,Behavioral_Trait,0.34,0.43
EL1399,υπερσυντηρητικός,ADJ,,"['ακροδεξιός', 'φανατικός', 'σκοταδιστής', 'ορθόδοξος', 'αντιδραστικός']","Άτομο με υπερβολικά αυστηρές παραδοσιακές απόψεις, αντίθετο σε κάθε αλλαγή",,"Νέος Πρόεδρος του Ιράν, ο υπερσυντηρητικός, Εμπραχίμ Ραϊσί",,cds,,,"['ultraconservative', 'reactionary', 'die-hard', 'traditionalist', 'right-wing extremist']",ultra-conservative person,Person,1.01,0.39
EL1399,υπερσυντηρητικός,ADJ,,,"Χαρακτηρισμός για απόψεις, στάσεις, μέτρα, πολιτικές ή πρακτικές που εφαρμόζονται με σκοπό τη διατήρηση της υπάρχουσας τάξης πραγμάτων, απορρίπτοντας ριζικά κάθε αλλαγή και ενισχύοντας τα στερεότυπα",,Λένε για υπερσυντηριτικές φωνές στην Κύπρο @AdonisGeorgiadi δεν το ήξερα βγαίνεις και στα τηλεοπτικά πάνελ της Κύπρου  #Eurovision,,cds,,,"['reactionary measures', 'ultraconservative policies']",ultraconservative policy: an approach that strongly resists innovation or reform,Behavioral_Trait,1.01,
EL1438,υποκλοπή,NOUN,,"['κοριός', 'παρακολούθηση', 'καταγραφή', 'απόρρητη_ακρόαση']","Παράνομη ή κρυφή λήψη και καταγραφή συνομιλιών, δεδομένων ή μηνυμάτων τρίτων",,Μάντζος για υποκλοπές: Γίνεται επίμονη προσπάθεια να θολώσει η εικόνα,,re,,,"['wiretapping', 'eavesdropping', 'interception', 'bugging', 'surveillance']",illegal interception of communications,Event,0.44,0.48
EL1080,υποκρισία,NOUN,,"['φαρισαϊσμός', 'διπροσωπία', 'ψευδοηθική', 'επιτήδευση']","Στάση ή συμπεριφορά όπου το άτομο δείχνει δημόσια ηθικές ή ευγενικές αρχές τις οποίες δεν ακολουθεί στην πράξη, ιδίως για να ενισχύσει την εικόνα του ή να εξαπατήσει άλλους",,username Δεν κοροιδευω τιποτα. Μονο την υποκρισια και την εμπαθεια σας κοροιδευω. Στις 18 του μηνα ελα να ξανασυζητησουμε για το τι πετυχαινουν οι απεργιακες κινητοποιησεις της μιας μερας οπως γινονται στην ελλαδα.,,dmc,,,"['hypocrisy', 'double-dealing', 'insincerity', 'duplicity']",hypocrisy; pretense of virtue,Behavioral_Trait,1.07,0.6
EL1076,υποκριτής,NOUN,,"['διπρόσωπος', 'φαρισαίος', 'ψεύτης', 'θεατρίνος', 'αλαμπουρνέζος']",Άτομο που παρουσιάζεται ως ηθικό ή ειλικρινές ενώ πράττει το αντίθετο,,«Ο τέλειος υποκριτής» τον κοντράρει η γυναίκα του.,,dmc,,,"['hypocrite', 'phony', 'two-faced', 'faker', 'fraud']",hypocrite,Person,1.06,0.43
EL858,υπόνομος,NOUN,,"['βόθρος', 'καναλέτο', 'αποχετευτικός_αγωγός', 'κανάλι', 'λούκι']",Υπόγειος αγωγός όπου συγκεντρώνονται λύματα και όμβρια ύδατα των πόλεων,,username Οχι! Άλλο η χωματερή και άλλο ο υπόνομος. Δεν είναι απλά θέμα φύλου.,,cds,,,"['sewer', 'drain', 'gutter', 'storm drain', 'sewage pipe']",sewer,Object,0.28,1.08
EL858,υπόνομος,NOUN,,"['οχετός', 'βόθρος', 'καταβόθρα']","Περιβάλλον ή κατάσταση που φέρει έντονη ηθική σήψη, διαφθορά και δυσωδία, σαν βόθρος ή οχετός που συγκεντρώνει κάθε είδους ανήθικα υπολείμματα",,username username Μικρή αμοιβαδα της τρουμπας ξεκόλλα λίγο το μυαλό σου από τους υπονομους που σερνεσαι στα νερά από τις λεκανατζουδες. Και εσένα γήπεδο σου έφτιαξαν και μάλιστα με πουστια. Και όταν ήσουν για διάλυση με τα σκάνδαλα σε έσωσε το πολιτικό σύστημα για να τους ψηφίζουν τα γαυροορκς,,cds,,,"['cesspool', 'cesspit']",sewer (figurative): a place or state of great moral filth and corruption,Behavioral_Trait,0.28,1.37
EL1342,φάβα,NOUN,,"['αποτυχημένο', 'ανούσιο', 'φιάσκο']","Μεταφορική αναφορά σε κάτι που αποδείχτηκε αποτυχημένο ή ανώφελο, δεν ανταποκρίνεται στη φήμη ή στις προσδοκίες που το περιέβαλλαν",,Κάτι λάκκον έχει η φάβα.,,asm,,,"['flop', 'dud']",fava: something that fails to live up to expectations,Object,0.13,0.45
EL1122,φαγάς,NOUN,,"['λαίμαργος', 'καλοφαγάς', 'κοιλιόδουλος']","Άτομο που τρώει πολύ και με όρεξη, συχνά σε βαθμό υπερβολής",,Όπου τεμπέλης και φαγάς...,,svp,,,"['glutton', 'big eater', 'greedy', 'foodie', 'pig']",big eater; glutton,Person,0.2,
EL2394,φαλλικός,ADJ,,"['φαλλοσχηματισμένος', 'σεξουαλικός']","επίθετο για σχήμα ή σύμβολο που παραπέμπει στο ανδρικό γεννητικό όργανο, συχνά με σεξουαλικό ή λατρευτικό υπαινιγμό",,username Ωραία λοιπόν είναι ενα φαλλικο ομοιωμα που φοριέται με ζώνη στη μέση,,asm,,,"['penile', 'phalliform', 'sexualized']",penis-shaped or penis-symbolic,Object,0.54,0.46
EL2393,φαλλός,NOUN,,"['πέος', 'ανδρικό όργανο', 'ανδρισμός']","Ανδρικό γεννητικό όργανο, συχνά επικαλούμενο μεταφορικά ως σύμβολο ανδρικής δύναμης• η χρήση του κρίνεται χυδαία ή προσβλητική σε τυπικό λόγο",,"Στον Τύρναβο το έθιμο «Μπουρανί» αναβιώνει εδώ και πάρα πολλά χρόνια. Σύμβολο σε αυτό το έθιμο είναι ο φαλλός και οι βωμολοχίες που ακούγονται είναι μυθικές. Αυτή την ημέρα, όλα επιτρέπονται και δεν παρεξηγούνται στον Τύρναβο.",,asm,,,"['penis', 'member', 'manhood']",penis or its cult symbol,Object,0.57,
EL370,φανατικός,ADJ,,"['δογματικός', 'μανιώδης', 'ακραίος', 'φανατισμένος']","Άτομο με υπερβολικό, άκριτο ζήλο και μισαλλοδοξία υπέρ μιας ιδέας, ομάδας ή πίστης, που συχνά καταφεύγει σε ακραία λόγια ή πράξεις απέναντι σε αντίθετες απόψεις",,Για ρίξτε μια ματιά και στο παρακάτω άρθρο. Είναι πολύ διαφωτιστικό ιδίως για αυτούς που είναι φανατικά υπέρ των ????????,,cds,,,"['fanatic', 'zealot', 'extremist', 'bigot']",person with blind extreme zeal,Person,0.56,0.3
EL370,φανατικός,ADJ,,"['αποκλειστικός', 'μονομανής']","Ιδιότητα έντονου, άκαμπτου ενθουσιασμού που δεν ανέχεται αντίλογο",,"Ένα φανατικό ισλαμικό καθεστώς, που μισεί τη Δύση και ονειρεύεται πυρηνικό ολοκαύτωμα, επιτίθεται στο Ισραήλ. Το Ιράν δεν είναι “θύμα”, είναι η απόλυτη πυρηνική απειλή για τον πολιτισμένο κόσμο και πρέπει να συντριβεί ολοκληρωτικά.",,cds,,,"['fanatical', 'bigoted']",fanatical : showing excessive and uncritical enthusiasm,Behavioral_Trait,0.56,
EL108,φανατισμός,NOUN,,"['τυφλό πάθος', 'δογματισμός', 'μισαλλοδοξία', 'εξτρεμισμός']",κατάσταση τυφλής και παθιασμένης αφοσίωσης που γεννά μισαλλοδοξία και βία,,«Αρκετά σ' ανέχτηκα τόσα χρόνια και σένα και το φανατισμό σου!,,cds,,,"['fanaticism', 'zealotry', 'extremism', 'bigotry']",blind passionate zeal leading to intolerance,State,0.57,0.38
EL108,φανατισμός,NOUN,,"['επεισόδια μίσους', 'ακρότητες']",Συγκεκριμένα επεισόδια ή πράξεις βίας που απορρέουν από ακρότητες πίστης ή οπαδισμού,,"Γιατί αυτός, μας έλεγε και γινόταν κατακόκκινη από το φανατισμό της, μας είχε σώσει όχι μια φορά αλλά εκατό, τη ζωή μας.",,cds,,,"['fanatic acts', 'hate incidents']",acts of fanaticism : violent incidents driven by blind zeal,Event,0.57,0.45
EL1326,φανφαρόνος,NOUN,,"['κομπορρήμων', 'καυχησιάρης', 'ψώνιο', 'μπλαμπλας']",πρόσωπο που μιλά πομπωδώς και υπερβάλλει για τις ικανότητες ή τα πλούτη του για εντύπωση,,Ο Φανφαρόνος Μουσολίνι και η ελληνική προέλαση 18 Νοεμβρίου 1940. 22η ημέρα του Πολέμου,,cds,,,"['braggart', 'blowhard', 'windbag', 'show-off']",pompous braggart,Person,0.51,0.38
EL477,φάουλ,NOUN,,"['παράβαση', 'λάθος', 'ατόπιμα', 'σφάλμα']","ενέργεια ή λόγος που παραβιάζει ρητούς κανόνες παιχνιδιού ή άγραφους κοινωνικούς κανόνες, θεωρούμενη απρεπής ή άδικη",,Δώστε και κανενα φάουλ ρε μαλακες ακόμα,,qas,,,"['foul', 'infraction', 'violation', 'misconduct']",foul : deliberate or careless rule-breaking,Event,0.33,1.13
EL85,φάρσα,NOUN,,"['πλάκα', 'αστείο', 'καλαμπούρι', 'σκανταλιά']","σκόπιμη χιουμοριστική ενέργεια που ξεγελά ή γελοιοποιεί κάποιον, συχνά προκαλώντας αμηχανία ή ενόχληση",,Η μερική αποκατάσταση της δικαιοσύνης για πολύ λίγους (455) και ο παραγκωνισμος των υπολοίπων είναι μια κακόγουστη φάρσα που πρέπει να σταματήσει εδώ. Μην παίζετε άλλο με τη νοημοσύνη μας και με τις ζωές μας #Ασεπιτες2008 #14η_χρονια_αδικιας #Ασεπιτες_2008_θελουμε_δικαιωση,,an,,,"['prank', 'practical joke', 'trick', 'gag']",prank : playful trick intended to embarrass,Event,0.1,0.56
EL995,φαρσέρ,NOUN,,"['πλακατζής', 'σκανταλιάρης', 'αστειάτορας', 'πειραχτήρι']","άτομο που επινοεί και εκτελεί φάρσες, συχνά αδιαφορώντας για την ενόχληση ή ζημιά που προκαλεί",,Συνελήφθη η φαρσέρ που ειδοποιούσε ψευδώς για βόμβες,,cds,,,"['prankster', 'joker', 'trickster', 'hoaxer']","prankster, person who habitually plays pranks",Person,0.26,0.38
EL1337,φασισμός,NOUN,,"['ναζισμός', 'ολοκληρωτισμός', 'αυταρχισμός', 'δεσποτισμός']","αυταρχική εθνικιστική ιδεολογία που επιβάλλει ολοκληρωτικό έλεγχο και καταστολή αντιφρονούντων,  που συχνά επικαλείται «τάξη» και «ομοιογένεια» ως άλλοθι για την καταπάτηση θεμελιωδών δικαιωμάτων",,επιδημία συμπάθειας και αγάπης για Τραμπ .... το λες και πανδημία που υποτιμά την νοημοσύνη των πολιτών ξεχνά την κακοψυχία οπαδού Αδόλφου που έχει οδηγήσει τις ΗΠΑ σε υπερμεταδότη κοροναϊού με αλλοπρόσαλλη καταστροφική πολιτική του ... ο φασισμός σκοτώνει πλανήτη και ανθρωπισμό,,cds,,,"['fascism', 'nazism', 'totalitarianism', 'authoritarianism']",authoritarian nationalist ideology,State,1.29,1.24
EL1249,φασίστας,NOUN,,"['ναζί', 'ολοκληρωτιστής', 'ακροδεξιός', 'αυταρχικός']","άτομο που υποστηρίζει ή ασκεί βίαια αυταρχική ιδεολογία και καταπιέζει τους διαφωνούντες, επιδεικνύοντας μισαλλοδοξία και περιφρόνηση προς δημοκρατικούς κανόνες, συχνά ως βαρύς απαξιωτικός χαρακτηρισμός στην πολιτική αντιπαράθεση",,Αλίμονο! Τα Ματ και ο προιστάμενός τους δεν θα προστατέψουν το δικαίωμα του φασίστα να είναι φασίστας και να τα βάζει με μια κούκλα και ό,,ps,,,"['fascist', 'nazi', 'authoritarian', 'far-right extremist']",supporter or enforcer of fascism,Person,1.27,0.52
EL2264,φασιστικός,ADJ,,"['απολυταρχικός', 'αυταρχικός', 'ολοκληρωτικός', 'καταπιεστικός']","Λόγος, πράξη ή μέτρο που χαρακτηρίζεται από αυταρχισμό, μισαλλοδοξία και καταπίεση, παρόμοια με ολοκληρωτική ιδεολογία",,"άλλων πόλεων στήνονται μπλόκα και συλλαμβάνονται εκατοντάδες άτομα, κυρίως από το χώρο των αναρχικών και της εξωκοινοβουλετικής Αριστεράς. Και όλα αυτά ενω όλες οι οργανώσεις της αριστεράς καταγγέλουν την επίθεση ως φασιστική προβοκάτσια με στόχο την κλιμάκωση της αστυνομικής",,cds,,,"['fascistic', 'authoritarian', 'oppressive', 'totalitarian']","authoritarian, fascistic in nature",Behavioral_Trait,1.17,1.09
EL704,φατρία,NOUN,,"['κλίκα', 'συντροφιά', 'ομάδα', 'παράταξη']",ομάδα ατόμων μέσα σε μεγαλύτερο σύνολο που δρα για ιδιοτελή συμφέροντα και υπονομεύει την ενότητα,,"Γιάννης #Σμαραγδής : «Υπάρχει μια φατρία που ελέγχει τον ελληνικό κινηματογράφο, που δεν θέλει εθνικού περιεχομένου ταινίες» Δεν είναι απλά μια φατρία, είναι ένα ΚΡΑΤΟΣ ΕΧΘΡΟΣ ΤΟΥ ΕΘΝΟΥΣ #Καποδιστριας",,cds,,,"['faction', 'clique', 'cabal', 'bloc']",clique or faction within a larger group,Person,0.21,
EL1824,φαύλος,ADJ,,"['διεφθαρμένος', 'ανήθικος', 'κακός', 'παλιάνθρωπος']","για άτομο με ανήθικες, διεφθαρμένες ή βίαιες πράξεις",,"Ατιμε, φαύλε, καμποτίνε, μιλάς κι εσύ για πίστη και για ηθική  Γ. Θεοτοκάς #Δεκαπενταύγουστος #ΚαληΠαναγια #ΚαλοΔεκαπενταυγουστο",,dmc,,,"['vicious', 'immoral', 'corrupt', 'wicked']",immoral or vicious person,Person,0.52,
EL1824,φαύλος,ADJ,,"['ελαττωματικός', 'κακός']",Κάτι ποιοτικά κατώτερο ή ελαττωματικό που αποτυγχάνει στον σκοπό του,,username και γιατι απεναντι του ειχε ενα εξισου φαυλο συστημα δημόσιας διοικησης και ενα διεφθαρμενο καρατικοδιαιτο ιδιωτικο ΕΠΙΧΕΙΡΗΝ ΟΛΑ ΑΥΤΑ ΠΟΡΕΎΤΗΚΑΝ και πορνευτηκαν ΑΝΤΑΜΑ,,dmc,,,"['defective', 'bad']",faulty : of poor quality and not fit for purpose,Behavioral_Trait,0.52,1.26
EL1365,φαφλατάς,NOUN,,"['φλύαρος', 'πολυλογάς']",άτομο που μιλά ασταμάτητα και πομπωδώς χωρίς ουσιαστικό περιεχόμενο,,Πάκη Παυλόπουλε φαφλατά ντροπιάζεις το θεσμό του ΠτΔ. Άρπα μια φάπα από τον σουλτάνο βλάξ.,,cds,,,"['windbag', 'blabbermouth', 'chatterbox', 'big talker']","windbag, empty talker",Person,0.57,1.31
EL1662,φθόνος,NOUN,,"['ζήλια', 'κακεντρέχεια', 'απληστία', 'μισαλλοδοξία']",αρνητικό συναίσθημα λύπης για την επιτυχία άλλου και επιθυμίας να την στερηθεί,,"Ποτε δεν θα καταλάβω την ζήλια,φθόνο που νιώθουν μερικές όταν βλέπουν κάποια πιο ωραία από εκείνες",,svp,,,"['envy', 'jealousy', 'spite', 'resentment']",envy toward others' success,Behavioral_Trait,1.06,0.56
EL2344,φίδι,NOUN,,"['ύπουλος', 'δολοπλόκος', 'οχιά', 'μοχθηρός']",προσβλητικός χαρακτηρισμός για άτομο ύπουλο και αναξιόπιστο που βλάπτει κρυφά,,Μιλαει για την Ελπίδα και την Πόπη και δεν βλέπει ότι είναι στην αγκαλιά ενός φιδιού (Φανή) #MasterChefGR,,an,,,"['snake', 'back-stabber', 'schemer', 'betrayer']",sneaky treacherous person,Person,0.49,0.5
EL725,φιλαργυρία,NOUN,,"['τσιγκουνιά', 'απληστία', 'πλεονεξία', 'σφιχτοχεριά']","έντονη, εγωιστική επιθυμία συσσώρευσης χρημάτων με άρνηση δαπάνης",,"Ή φυλαργυρια είναι αναμφίβολα ένα από τα πιο αξιόπιστα σημάδια βαθιάς δυστυχίας """,,svp,,,"['avarice', 'greed', 'miserliness', 'stinginess']","avarice, obsessive love of money",State,1.02,
EL212,φιλάργυρος,ADJ,,"['τσιγκούνης', 'σφιχτοχέρης', 'σκρουτζ', 'μίζερος']",άτομο που αποφεύγει να ξοδεύει και συγκεντρώνει χρήματα εμμονικά,,"Φιλάργυρος, συμφεροντολόγος, σπάταλος, αλαζόνας, υπερόπτης. Ποιος ειναι;",,svp,,,"['miser', 'penny-pincher', 'cheapskate', 'tightwad']",stingy money-hoarding person,Person,1.22,1.21
EL212,φιλάργυρος,ADJ,,"['φιλαργυρία', 'απληστία']",Ιδιότητα που δηλώνει υπέρμετρη προσκόλληση στον πλούτο και απόρριψη της κατανάλωσης,,Καταραμένο φυλαργυρο παπαδαριό που σκατα είστε? Έχετε χιλιάδες άχρηστα κοπροσκυλα που κάθονται. Φοβάστε μην αρπάξει το μούσι σας φωτιά? #ΠυρκαγιαΕυβοια,,svp,,,"['avarice', 'stinginess']","avarice, obsessive love of money",Behavioral_Trait,1.22,
EL61,φιλαυτία,NOUN,,"['ναρκισσισμός', 'εγωπάθεια', 'αυτοθαυμασμός', 'εγωκεντρισμός']",υπερβολική αγάπη και θαυμασμός προς τον εαυτό με εγωισμό και αδιαφορία για άλλους,,"O αγώνας,είναι ήδη μια μεγάλη νίκη.Νίκη ενάντια στς φόβους,τς ανασφάλειες κ τς δυσκολίες του εαυτού σου,ενάντια στν εγωισμό κ τ φιλαυτία σου",,svp,,,"['narcissism', 'self-love', 'egotism', 'self-admiration']","excessive self-love, narcissism",Behavioral_Trait,0.41,0.54
EL1757,φιληδονία,NOUN,,"['ηδονισμός', 'απολαυσιοκρατία', 'ηδυπάθεια', 'σαρκολατρεία']",τάση αναζήτησης σωματικών και αισθησιακών απολαύσεων ως κύριο σκοπό ζωής,,"Οι άνθρωποι σήμερα χωρίζουν από φιληδονία και από τον εγωισμό τους. Από τίποτε άλλο! Όλους τους άλλους λόγους τους εμπνέονται εκ των υστέρων, για να δικαιολογηθούν. Άγιος Παΐσιος",,svp,,,"['hedonism', 'sensualism', 'pleasure-seeking', 'self-indulgence']","love of sensual pleasure, hedonism",State,0.36,
EL2319,φιλήδονος,ADJ,,"['ηδονιστής', 'καλοπερασάκιας', 'ηδονοθήρας', 'ηδονόφιλος']","Χαρακτήρας που κυνηγά με πάθος σωματικές και κυρίως ερωτικές απολαύσεις, γι’ αυτό θεωρείται ανεύθυνος ή ανήθικος",,Να ρθω να ξεσκιστούμε μωράκι μου; - Βασίλη είσαι φιλήδονος. - Όχι Αττική οδό είμαι τώρα.,,svp,,,"['hedonist', 'pleasure-lover', 'sensualist', 'sybarite']","pleasure-seeking, sensual person",Person,0.43,
EL2319,φιλήδονος,ADJ,,"['προκλητικός', 'αισθησιακός']","Προσδιορισμός σε πράξεις, εκφράσεις ή έργα που αποσκοπούν στην πρόκληση έντονης αισθησιακής ευχαρίστησης ή γενετήσιας διέγερσης",,Η απάντηση στο πως διατηρώ το φιλήδονο κορμί,,svp,,,"['seductive', 'erotic']",seductive: enticing sexual interest,Behavioral_Trait,0.43,
EL2104,φιλόνικος,ADJ,,"['καβγατζής', 'εριστικός', 'αντιλογάς', 'γκρινιάρης']",πρόσωπο που απολαμβάνει τις διαμάχες και επιδιώκει συνεχώς αντιπαραθέσεις,,"Όταν κάποτε ο Φιλόνικος ο Θεσσαλός έφερε στον Φίλιππο τον Βουκεφάλα, για να τον αγοράσει για τριάντα τάλαντα,",,cds,,,"['quarrelsome', 'argumentative', 'contentious', 'combative']","quarrelsome, contentious person",Person,0.39,
EL1374,φιλοπερίεργος,ADJ,,"['αδιάκριτος', 'κουτσομπόλης', 'περίεργος', 'σκαλίζων']","άτομο που θέλει να μαθαίνει τα πάντα για τους άλλους, συχνά αδιάκριτα",,"""Μου κίνησε την περιέργεια..."" Είναι και φιλοπερίεργος ο άτιμος! #πατρα",,cds,,,"['nosy', 'prying', 'inquisitive', 'meddlesome']","nosy, inquisitive person",Person,0.25,
EL213,φλύαρος,ADJ,,"['πολυλογάς', 'λαλίστατος', 'παρλαπίπας', 'μπλαμπλάς']",άνθρωπος που μιλά πολύ και χωρίς ουσιαστικό περιεχόμενο,,username Μα τόσο φλυαρος αυτος ο Καμπουρακης και δεν αφήνει ούτε τον Λάζαρου αλλά ούτε τον Σακκερι να μιλήσει.Μαν πόσο τραγικός είσαι ρε Καμπουρακη.Μαλλον γελοίος.,,cds,,,"['talkative', 'garrulous', 'chatterbox', 'blabbermouth']","garrulous, overly talkative person",Person,0.54,0.6
EL213,φλύαρος,ADJ,,"['πολύλογο', 'μακροσκελές', 'περιττολογικό']","λόγος ή κείμενο που περιέχει περιττές, μακριές λεπτομέρειες χωρίς ουσία",,"Κι έλεγαν... Έλεγαν... Έλεγαν τόσα πολλά... Γέμιζε το σαλόνι φλύαρη σιωπή... Σε μια επίσκεψη, που ίσως δεν είχε τα πρωτεία η σιωπή, μπήκε ξαφνικά χωρίς να χτυπήσει την πόρτα, η Λολαρία.",,cds,,,"['verbose', 'wordy', 'flowery', 'long-winded']",verbose / wordy text>: discourse that is over-elaborate and lacks concision,Behavioral_Trait,0.54,0.27
EL608,φλυαρώ,VERB,,"['πολυλογώ', 'μπουρδολογώ', 'αερολογώ', 'μπλαμπλαδίζω']","μιλώ ασταμάτητα και χωρίς ουσία, κουράζοντας τους ακροατές",,"Κυβερνητικός Εκπρόσωπος είναι η ικανότητα να φλυαρείς, χωρίς να λες τιποτα…να συμπιέζεις μια μεγάλη ποσότητα λέξεων, χρησιμοποιώντας την ελάχιστη ποσότητα σκέψης, με αποτέλεσμα να καταλήγεις να μιλάς για θέματα που δεν ξέρεις ή δεν κατέχεις…",,ddp,,,"['jabber', 'ramble', 'blabber', 'prattle']",talk endlessly without substance,Repetitive_Action,0.46,
EL2203,φοβητσιάρης,ADJ,,"['δειλός', 'λιποψύχος', 'φοβησούλης', 'κιοτής']",άτομο που τρομάζει εύκολα και αποφεύγει οποιονδήποτε κίνδυνο,,"Φοβητσιαρης οδηγός παλεύει να προσπεράσει στην εθνικη οδο! ""Ωραιος, πάτα λίγο φρένο αδερφέ, ετσι, με -20χλμ/ωρα, πάτα φρένο!""",,cds,,,"['coward', 'wimp', 'chicken', 'faint-hearted']","cowardly, easily frightened person",Person,0.38,
EL2014,φονιάς,NOUN,,"['δολοφόνος', 'φονεύς', 'ανθρωποκτόνος']","άτομο που στέρησε τη ζωή άλλου ανθρώπου, συνήθως με πρόθεση",,"Είχε πέντε μαχαιριές στην πλάτη, οι τρεις οριζόντιες, από το ύψος της καρδιάς προς τη δεξιά ωμοπλάτη, και οι άλλες δυο κάτω από τη μεσαία μαχαιριά, διαδοχικά, λες και o φονιάς ήθελε να του χαράξει στην πλάτη το «T» του τέλους.",,re,,,"['killer', 'murderer', 'slayer', 'homicide']","killer, murderer",Person,0.9,0.32
EL2014,φονιάς,NOUN,,"['μάστιγα', 'θανατηφόρος παράγοντας']","φαινόμενο, ουσία ή πράγμα που προκαλεί πολλούς θανάτους",,"Ο ανελέητος φονιάς, το σιγάρο",,re,,,"['killer', 'silent killer', 'lethal menace']","a phenomenon, substance, or thing that causes many deaths.",Object,0.9,
EL2016,φόνισσα,NOUN,,"['δολοφόνισσα', 'φονεύτρια', 'ανθρωποκτόνος', 'εγκληματίας']",γυναίκα που έχει αφαιρέσει ανθρώπινη ζωή,,username username Ετσι ειναι κανονικα.Αλλα μην ξέροντας τι γινεται παρασκηνιακά και αν δουλευουν στο να δημιουργηθούν αμφισβητήσεις που συμφέρουν τη φονισσα,,re,,,"['murderess', 'female killer', 'slayer', 'homicide']",female murderer,Person,nan,1.05
EL2002,φόνος,NOUN,,"['δολοφονία', 'ανθρωποκτονία', 'θανάτωση', 'σφαγή']",πράξη αφαίρεσης ανθρώπινης ζωής με ή χωρίς πρόθεση,,«Το παιδί μπορεί να έχει σχέση με το φόνο της αδελφής σας».,,re,,,"['murder', 'homicide', 'killing', 'slaying']",act of killing; homicide,Event,1.09,0.4
EL1322,φονταμενταλισμός,NOUN,,"['δογματισμός', 'ακραίος θρησκευτισμός', 'σκληροπυρηνισμός', 'αδιαλλαξία']","ιδεολογική κατάσταση απόλυτης προσκόλλησης σε θρησκευτικές ή πολιτικές αρχές, συνήθως ακραία και βίαιη",,ΥΠΟΚΡΙΣΙΑ ΣΚΟΤΑΔΙΣΤΗ ΘΕΟΥΣΟΥ ---&gt; username Αντιχριστιανικός φονταμενταλισμός. Γνωρίζεις το δόγμα; Username,,cds,,,"['fundamentalism', 'dogmatism', 'extremism', 'hard-line stance']",rigid fundamentalism,State,0.49,1.23
EL1323,φονταμενταλιστής,NOUN,,"['δογματιστής', 'σκληροπυρηνικός', 'εξτρεμιστής', 'ζηλωτής']",άτομο που υποστηρίζει ακραία κυριολεκτική ερμηνεία θρησκευτικών ή πολιτικών δογμάτων,,Οχι βέβαια. Φονταμενταλιστής σκληροπυρηνικός αναρχοφιλελές που δεν χαμπαριάζει είσαι... username username,,cds,,,"['fundamentalist', 'extremist', 'zealot', 'hard-liner']",fundamentalist,Person,1.01,1.21
EL1320,φονταμενταλιστικός,ADJ,,"['δογματικός', 'εξτρεμιστικός', 'ακραίος', 'ζηλωτικός']",που εκδηλώνει άκαμπτη και ακραία προσήλωση σε δογματικές αρχές,,Αυτό που κάνετε την αυτοκτονία ενός ανθρώπου φονταμενταλιστική κορόνα για περισσότερο αίμα με ξεπερνά. Δεν υπάρχει λογική πλέον.,,cds,,,"['fundamentalistic', 'dogmatic', 'extremist', 'hard-line']","fundamentalistic, hard-line attitude",Behavioral_Trait,0.48,1.02
EL1313,φραμασόνος,NOUN,,"['τεκτόνας', 'μασόνος', 'κρυφόχειρας', 'στοάς']","μέλος μυστικής εταιρείας, λέξη που χρησιμοποιείται μειωτικά από συντηρητικούς κύκλους",,"«Ορέ, θα πάς στο Ληξούρι, προσέχετε μωρές, γιατί εφκείνοι οι φραμασόνοι εκάμανε το Βασιλιά και ξέρασε».",,cds,,,"['freemason', 'mason', 'lodge member', 'secret-society member']","freemason, used pejoratively",Person,1.04,
EL2108,φρενιάζω,VERB,,"['αφηνιάζω', 'τρελαίνομαι', 'λυσσάω', 'αγριεύω']","εξαγριώνομαι και συμπεριφέρομαι μανιακά, χάνοντας τον έλεγχο",,"Είναι ανυπόμονη και με εξάπτει, μέχρι που φρενιάζω.",,an,,,"['freak out', 'go berserk', 'rage', 'run amok']","go berserk, freak out",Event,0.43,
EL1576,φτώχεια,NOUN,,"['ανέχεια', 'ένδεια', 'μιζέρια', 'στέρηση']",κατάσταση έλλειψης οικονομικών μέσων που δεν επιτρέπει αξιοπρεπή διαβίωση,,"Δεκάδες χώρες, ζούν στη στέρηση τη φτώχεια, την αμορφωσιά κ την υπανάπτυξη, καθηλωμένοι σε ενα τρόπο ζωής, σε έθιμα κ θρησκοληψίες ενίοτε απάνθρωπες",,is,,,"['poverty', 'destitution', 'penury', 'want']",poverty,State,0.26,1.18
EL1576,φτώχεια,NOUN,,"['ένδεια ιδεών', 'λιτότητα', 'φτωχολογία']","ποιοτική έλλειψη ή έντονη ανεπάρκεια σε ιδέες, πόρους ή δημιουργικότητα· χρησιμοποιείται υποτιμητικά για προϊόντα λόγου, έργα τέχνης κ.λπ.",,"Η φτώχεια εξελίχθηκε σε μόδα, Κώστα.",,is,,,"['poverty of ideas', 'meagerness', 'scarcity']",poverty (metaphor) : severe lack of richness or variety in non-material domain,Behavioral_Trait,0.26,0.37
EL1841,φτωχός,ADJ,,"['άπορος', 'πένης', 'μπατίρης', 'κουρελής']",άτομο χωρίς επαρκείς οικονομικούς πόρους για βασικές ανάγκες,,"Παλιά, αυτά τα κουρέλια τα φορούσαν οι φτωχοί στις συνοικίες που έφαγα τη ζωή μου.",,is,,,"['poor', 'destitute', 'penniless', 'needy']",poor person,Person,0.36,0.58
EL1841,φτωχός,ADJ,,"['πενιχρός', 'ανεπαρκής', 'φτωχικό']","ποιότητα, ιδέα ή αποτέλεσμα με ελάχιστο περιεχόμενο ή ποικιλία∙ μεταφορική χρήση σε κριτική",,"username Μην ασχολείσαι, δίνεις αξία σε φτωχά μυαλά",,is,,,"['meagre', 'scant', 'poor']","poor / meagre : lacking richness, depth or quantity",Behavioral_Trait,0.36,1.02
EL1841,φτωχός,ADJ,,"['ρηχός', 'επιπόλαιος', 'επιφανειακός']","Πρόσωπο του οποίου οι σκέψεις, τα λόγια ή τα ενδιαφέροντα στερούνται βάθους και ουσίας, παρουσιάζοντας επιφανειακότητα και ασυνέπεια",,Ειλικρινα απορω πως περιμενετε πλουσια συναισθηματα απο φτωχα μυαλα,,is,,,"['shallow', 'superficial']",shallow: lacking depth of intellect or emotion,Person,0.36,
EL392,φυγοδικία,NOUN,,"['αποφυγή δικαιοσύνης', 'απόδραση', 'παραβίαση περιορισμών']",παράνομη αποφυγή εμφάνισης σε δίκη ή εκτέλεσης ποινής,,"Ζούμε στη χώρα όπου ο άλλοτε πανίσχυρος Τσουκάτος παραδέχθηκε ότι πήρε ένα εκατομμύριο μάρκα για το κόμμα του από τη Simenes, ο επικεφαλής της οποίας φυγοδίκησε στο εξωτερικό και εν τη φυγοδικία του απαλλάχθηκε από το δικαστήριο!",,cds,,,"['fugitive status', 'escape', 'evasion of justice', 'absconding']",absconding from justice,Event,0.46,
EL1716,φυγόπονος,ADJ,,"['τεμπέλης', 'οκνηρός', 'λουφαδόρος', 'ραθύμος']",άνθρωπος που αποφεύγει τον κόπο και τη σκληρή εργασία,,"Η απεικόνιση της εφιαλτικής, πολιτικής πραγματικότητας της χώρας σε ένα βίντεο!Προσωπικά δεν με αφορά ο κ. ΜΠΕΟΣ αλλά θέλω να δείτε τις κινήσεις του πρωθυπουργού! Ο κόσμος δεν έχει να φάει, κάνει παράπονα και ο πρωθυπουργός ως φυγόπονος...φυγομαχει! Αντί να κάνει παρέμβαση και να πει τώρα φέρτε φαγητό στους ανθρώπους κοιτάει δεξιά... αριστερά! #πλημμυρες #Παλαμας #κακοκαιρια_Ντανιελ #Βελοπουλος",,svp,,,"['lazy', 'work-shy', 'slacker', 'shirker']","work-shy, lazy person",Person,1.12,
EL615,φυλακισμένος,VERB,,"['κρατούμενος', 'έγκλειστος', 'κατάδικος', 'τρόφιμος φυλακής']",Άτομο που κρατείται σε κατάστημα κράτησης ή άλλο χώρο που περιορίζει την ελευθερία του,,Πασχαλινό μπαζάρ για τα παιδιά 0-3 ετών που ζουν με τις φυλακισμένες μητέρες τους,,ddp,,,"['prisoner', 'inmate', 'convict', 'detainee']","prisoner, inmate",Person,0.3,0.21
EL615,φυλακισμένος,VERB,,"['δέσμιος', 'παγιδευμένος']",Ψυχική ή κοινωνική συνθήκη όπου κάποιος νιώθει παγιδευμένος χωρίς επιλογές διαφυγής,,"O Άγγελος δεν πίστευε ότι ήταν αλήθεια οι στιγμές που ζούσε και η Κάτε, για πρώτη φορά, κατάλαβε ότι η λαχτάρα της κόρης της δεν ήταν τίποτε άλλο παρά ένα ξέσπασμα έρωτα που ήταν μέσα της καταπιεσμένος τόσα χρόνια, φυλακισμένος στα «πρέπει» και στα «απαγορεύεται» της κοινωνίας, της θρησκείας και της συμβατικότητας.",,ddp,,,"['trapped', 'captive']",trapped : feeling of being confined with no escape,Person,0.3,0.4
EL1751,φυτό,NOUN,,"['σπασίκλας', 'βιβλιοφάγος', 'σπασικλάκι', 'κομπιουτεράκιας']",υποτιμητικός χαρακτηρισμός για μαθητή ή φοιτητή που ασχολείται αποκλειστικά με το διάβασμα και με περιορισμένη κοινωνική ζωή,,"Θα τα καταφέρεις να την κάνεις φυτό; - Αχ, παιδάκι μου!",,cds,,,"['nerd', 'geek', 'swot', 'bookworm']","nerd or grind, used as insult",Person,0.34,0.5
EL1751,φυτό,NOUN,,"['ασθενής σε φυτική κατάσταση', 'εγκεφαλικά νεκρός']",Ασθενής σε επίμονη φυτική κατάσταση· στον κοινό λόγο χρησιμοποιείται προσβλητικά για άτομο με βαριά εγκεφαλική βλάβη,,Ενώ η θεία Κατίγκω έζησε και πέθανε σαν τα φυτά.,,cds,,,"['vegetable', 'PVS patient']",vegetable : person in a persistent vegetative state (pejorative slang),Person,0.34,0.39
EL166,χαζομάρα,NOUN,,"['βλακεία', 'κουταμάρα', 'ηλιθιότητα', 'μωρία']",νοητικό μειονέκτημα που εκδηλώνεται με έλλειψη κριτικής ικανότητας και λογικής,,Κόλλησες χαζομάρα από τους Αλβανούς που συναναστρέφεσαι!,,an,,,"['stupidity', 'foolishness', 'idiocy', 'silliness']","lack of intelligence, stupidity",Behavioral_Trait,0.44,1.22
EL166,χαζομάρα,NOUN,,"['ανοησία', 'πατάτα', 'γκάφα', 'βλακεία']",Πράξη ή λόγος που δείχνει έλλειψη λογικής ή ωριμότητας,,Και κλαίτε για άχρηστα πράγματα; Τι χαζομάρες είν' αυτές; Πολλά βράδια κάναμε ολονυχτίες με τον Τζόνυ και σκεφτόμασταν πώς ν' ανατρέψουμε το καθεστώς.,,an,,,"['blunder', 'stupid act', 'gaffe', 'screw-up']",blunder : foolish act or remark,Event,0.44,1.04
EL175,χαζός,ADJ,,"['βλάκας', 'ηλίθιος', 'κουτός', 'μωρός', 'ντουβάρι']",άτομο με μειωμένη εξυπνάδα ή αδύναμη κριτική σκέψη,,username username Αναμενόμενο. Η συγκεκριμένη περίπτωση σήκωνε κριτική στην κυβέρνηση αλλά το ξεχείλωσαν. Το σοβαρότερο όμως παραμένει ο τρόπος που επέλεξε η Μενδώνη να κάνει τη χαζή και αργότερα οι γελοίες δηλώσεις της για υποκριτικές τέχνες κλπ. Ήθελαν να το θάψουν και φάνηκε.,,an,,,"['idiot', 'fool', 'dumb', 'moron', 'thickhead']",stupid person,Person,1.06,0.52
EL175,χαζός,ADJ,,"['άφωνος', 'εμβρόντητος']",κατάσταση αιφνίδιας αποβλάκωσης/αποσβόλωσης που αφήνει κάποιον άναυδο,,“Τι στέκεσαι και με κοιτάς σα χαζή; της λέω.,,an,,,"['speechless', 'dumb-struck']",dumb-struck : being left speechless with surprise,Person,1.06,0.58
EL175,χαζός,ADJ,,"['ηλίθια κίνηση', 'απερίσκεπτο λάθος', 'αφελής δράση']","Ενέργεια ή απόφαση που γίνεται χωρίς σκέψη ή λογική κρίση, επιδεικνύοντας απερισκεψία ή βλακεία",,"μια χαζή ερώτηση: οι καταλήψεις πλατειών και άλλων δημόσιων ή ιδιωτικών χώρων, που οργανώνουν κομματικοί συνδικαλιστές, ορίζονται από νομοσχέδια; τότε πως μπορεί να απαγορευτεί η απεργία των εργαζομένων που αυτοοργανώνονται χωρίς συνδικαλιστές τής φασιστικής αριστεράς και δεξιάς;",,an,,,"['foolhardy', 'rash', 'ill-advised']","foolhardy act: “An action or decision carried out without thought or logical judgment, displaying recklessness or foolishness.",Behavioral_Trait,1.06,1.16
EL2223,χαλασμένος,VERB,,"['ελαττωματικός', 'σπασμένος', 'χαλασμένος', 'φθαρμένος', 'μπαγιάτικος']",πράγμα ή τροφή που δεν λειτουργεί σωστά ή έχει αποσυντεθεί,,Δεν πατώ γκάζι με χαλασμένα φρένα,,cds,,,"['broken', 'damaged', 'defective', 'spoiled', 'rotten']",broken or spoiled item/food,Behavioral_Trait,0.48,0.16
EL2223,χαλασμένος,VERB,,"['διεφθαρμένος', 'ανήθικος', 'σάπιος', 'διαφθαρμένος']",άτομο με διεστραμμένα ή ανήθικα ήθη,,Πήγε για αυτοψία και χασκογελάει. Δεν μπορεί να να κρατηθεί. Ο τύπος είναι εντελώς χαλασμένος. #φωτια  #Πεντελη #Πυρκαγια,,cds,,,"['corrupt', 'depraved', 'perverted', 'rotten']",morally corrupt person,Person,0.48,
EL2248,χαμερπής,ADJ,,"['ποταπός', 'τιποτένιος', 'ξετσίπωτος']","Άτομο με πολύ χαμηλό ηθικό επίπεδο, άνανδρο ή πρόστυχο",,Σιχαμένος κ χαμερπής ως αδίστακτος,,cds,,,"['base', 'vile', 'abject', 'low-life']",base / vile person : someone of ignoble morals,Person,0.56,0.8
EL2248,χαμερπής,ADJ,,"['χυδαίος', 'ποταπός', 'ανέντιμος']",Ιδέα ή πράξη εμποτισμένη με αναξιοπρέπεια και ταπεινά κίνητρα,,πάντα με το δίκαιο ο χαμερπής δαπιτοπασόκος,,cds,,,"['base', 'sordid', 'ignoble']",base motive : action driven by sordid aims,Behavioral_Trait,0.56,
EL353,χάος,NOUN,,"['μπάχαλο', 'κομφούζιο', 'αναρχία', 'ανακατωσούρα']",κατάσταση απόλυτης αταξίας και σύγχυσης,,"Πολιτικό χάος είναι η ανάδειξη πρωθυπουργών που ενώ δεν ψηφίστηκαν από κανέναν επέβαλλαν αποφάσεις που προσβάλλουν την ανθρώπινη αξιοπρέπεια, την ηθική, τις Ευρωπαϊκές αξίες &amp; το βιοτικό επίπεδο των πολιτών. Δεν έπρεπε να παραιτηθεί διότι δεν έπρεπε να βρίσκεται εκεί που ήταν...",,cds,,,"['chaos', 'mess', 'turmoil', 'disorder']",utter disorder,State,0.16,0.44
EL353,χάος,NOUN,,"['ακατάστατος', 'μπαχαλάκιας']",Άτομο τόσο ανοργάνωτο ή απρόβλεπτο που μεταφέρει αταξία όπου βρεθεί,,Νιώθεις ποτέ ότι είσαι απλά απόλυτο και ολοκληρωτικό χάος τις περισσότερες φορές;,,cds,,,"['walking disaster', 'chaotic']",chaotic person : someone whose behaviour spreads disorder,Person,0.16,
EL1392,χαραμοφάης,NOUN,,"['παράσιτο', 'τεμπέλης', 'κηφήνας', 'αεργός']","Άτομο που ζει σε βάρος άλλων, χωρίς να εργάζεται ή να προσφέρει έργο, θεωρούμενο ως βάρος",,"Αυτό το ""ιστορικό στέλεχος της αριστεράς"" μόνο στα δικά μου αυτιά ηχεί ίδιο με ""μια ζωή χαραμοφάης κοπριτης""?",,dmc,,,"['parasite', 'sponger', 'loafer', 'idler']",freeloader : person who sponges off others without working,Person,0.56,1.07
EL856,χαφιές,NOUN,,"['ρουφιάνος', 'σπιούνος', 'καρφί', 'κατάσκοπος']",άτομο που προδίδει πληροφορίες κρυφά στις αρχές ή σε ισχυρούς,,username username Είσαι για κλάματα χαφιές,,ddp,,,"['snitch', 'informer', 'spy', 'rat']",snitch : informer who betrays others to authorities for gain,Person,1.29,1.13
EL1914,χλευαστής,NOUN,,"['κοροϊδευτής', 'ειρωνευτής', 'σατιριστής', 'γελωτοποιός']",άτομο που περιγελά και ταπεινώνει άλλους με λόγια,,"Η σειρά που προσφέρει στον τηλεθεατή κάτι περισσότερο από τις υπόλοιπες μπούρδες που ούτε αισθητική έχουν, ούτε περιεχόμενο, θα βρει ένθερμους χλευαστές αυτούς που κατά τα άλλα κατηγορούν την τηλεόραση ότι δεν προβάλλει τίποτα καλό! #AgiosPaisios",,asm,,,"['mocker', 'scoffer', 'jeerer', 'ridiculer']","mocker, scoffer",Person,0.57,1.09
EL1667,χολή,NOUN,,"['πικρία', 'φαρμάκι', 'κακία', 'μίσος']",Λεκτική έκρηξη μίσους ή δηλητηριώδους σχολίου,,Αυτή εδώ η ψυχοπονιαρα άκουγε τόση ώρα μια γυναίκα να στάζει χολή και σεξισμό για μια άλλη κ συμφωνούσε κιόλας πάρτα κι εσύ. #bigbrothergr,,svp,,,"['tirade of bile', 'venomous rant']",outburst of bile : act of venting spite in speech,Event,0.3,
EL168,χονδροκέφαλος,ADJ,,"['βλάκας', 'κουτορνίθι', 'ντουβάρι', 'χαζοκέφαλος']","Άτομο πεισματάρικο ή νοητικά αργό, που δυσκολεύεται να καταλάβει λογικά επιχειρήματα",,Παλι καλά... Ο Χονδροκέφαλος δεν θέλει εκλογές ... Το είπε αν και μας γκάστρωσε...,,an,,,"['thickhead', 'blockhead', 'numbskull', 'dimwit']",blockhead : stubborn or slow-witted person,Person,1.25,
EL2069,χοντραίνω,VERB,,"['παχαίνω', 'φορτώνω κιλά']",σωματική μεταβολή όπου κάποιος παίρνει βάρος και γίνεται πιο παχύς,,"Μέχρι κι ο Νοδάρας αδυνάτισε, μόνο εγώ χοντραίνω",,cds,,,"['put on weight', 'fatten']",to gain weight,Event,0.21,
EL2069,χοντραίνω,VERB,,"['αγριεύω', 'εντείνω', 'βαραίνω', 'χειροτερεύω']",ενέργεια κατά την οποία μια κατάσταση γίνεται πιο σοβαρή ή αγενής,,Καλή συνέχεια σε όλους και να θυμάστε πως η φήμη είναι κάτι που χοντραίνει,,cds,,,"['escalate', 'intensify', 'worsen', 'aggravate']",to escalate or become coarse,Event,0.21,0.44
EL987,χούντα,NOUN,,"['δικτατορία', 'τυραννία', 'απολυταρχία', 'καθεστώς']",στρατιωτικό καθεστώς που κυβερνά αυταρχικά χωρίς δημοκρατική νομιμοποίηση,,Τα παιδιά των αμετανόητων χαφιέδων της χούντας υπήρχε περίπτωση να μη γίνουν ρουφιάνοι;,,cds,,,"['dictatorship', 'junta', 'regime', 'tyranny']",military dictatorship,State,0.8,1.35
EL987,χούντα,NOUN,,"['κλίκα πραξικοπηματιών', 'συμβούλιο στρατιωτικών']",ομάδα αξιωματικών ή πολιτικών που κατέχει αυταρχικά την εξουσία,,username Κυρία μου κρατήστε τα προσχήματα δεν είναι επίσημη ακομα η χούντα. Δεν μπορούμε να σκοτώνουμε όποιον θέλουμε εμείς οι αστυνομικοί. (Ακόμα τυπικά),,cds,,,"['junta', 'military clique']",junta members,Person,0.8,1.07
EL1254,χρηματολογία,NOUN,,"['φιλοχρηματία', 'λεφτοκουβέντα', 'καπηλεία χρημάτων']",επίμονη και συχνά κουραστική συζήτηση γύρω από χρήματα,,"Η «λαφυραγωγία» που δεν απέδωσε τα αναμενόμενα, η «χρηματολογία» που άνοιξε το δρόμο της ιστορίας των εθνικών δανείων, τα χαράτσια στους ευκατάστατους και η «εξόρμηση» (για την είσπραξή τους) της ομάδας με τη συμμετοχή του »Γέρου του Μοριά»….. ",,re,,,"['money-talk', 'money obsession', 'pecuniary chatter', 'greediness']",constant talk about money,Repetitive_Action,nan,
EL733,χυδαιότητα,NOUN,,"['απρέπεια', 'ακαλαισθησία', 'κακογουστιά', 'αισχρολογία']",συμπεριφορά χωρίς ευπρέπεια και λεπτότητα που προκαλεί αποστροφή,,Δεν υπάρχει κανένας φραγμός στην χυδαιότητα.,,an,,,"['vulgarity', 'crudeness', 'coarseness', 'roughness']",vulgarity as a trait,Behavioral_Trait,1.25,
EL733,χυδαιότητα,NOUN,,"['αισχρολογία', 'απρέπεια', 'χυδαίο σχόλιο', 'βωμολογία']",αγενής πράξη ή λόγος που προσβάλλει το κοινό αίσθημα,,username Ξεφτιλίσατε και το νόημα της διαγραφής με τόσες ανοησίες και χυδαιότητες που ακούμε από όλους και τώρα ενοχληθήκατε,,an,,,"['obscenity', 'crude remark', 'vulgar act', 'indecency']",vulgar act or remark,Event,1.25,1.09
EL2208,χωλός,ADJ,,"['κουτσός', 'σακάτης', 'ανάπηρος', 'λειψός']",άτομο με μόνιμη δυσκολία βάδισης λόγω βλάβης στο πόδι,,Κι από Μαρτικα χάνω. Χαχααα! Δεν είμαι εγώ Ολύμπιος; Ο  Ήφαιστος (ο χωλος) #survivorGR,,ddf,,,"['lame', 'crippled', 'disabled', 'limping']",lame person,Person,0.36,
EL2208,χωλός,ADJ,,"['ατελής', 'αναιμικός', 'ανεπαρκής']","Μεταφορικά, κάτι ελλιπές ή αδύναμο που δεν στέκει λογικά",,Η «παλιά» Ευρώπη και το χωλό άλογο,,ddf,,,"['flawed', 'weak', 'unsound']",flawed : logically weak,Behavioral_Trait,0.36,
EL251,χωριάτης,NOUN,,"['βλάχος', 'επαρχιώτης', 'ακαλλιέργητος', 'μπουρτζόβλαχος']",άτομο από την ύπαιθρο που θεωρείται άξεστο ή απλοϊκό,,"Βεβαίως, όλοι μας το βλέπουμε πως ο Σωτήρης είναι χωριάτης και, καμιά φορά, σαχλός μέχρις αηδίας.",,pa,,,"['country bumpkin', 'yokel', 'rustic', 'peasant']",uncouth peasant,Person,1.09,1.12
EL1272,ψάρι,NOUN,,"['θύμα', 'άβγαλτος', 'αρχάριος', 'γλαρωμένος']",αφελής και άπειρος άνθρωπος που πέφτει εύκολα θύμα,,"Άσσος στην οικονομία, ψάρι στην πολιτική, Ποιός είναι?",,asm,,,"['naive', 'sucker', 'newbie', 'greenhorn']",naive greenhorn,Person,0.21,
EL2103,ψείρα,NOUN,,"['κόνιδα', 'σκνίπα', 'κοριός', 'ψείρακι']",μικρό παρασιτικό έντομο που ζει στα μαλλιά ανθρώπων ή ζώων,,"Είδα το Δημήτρη, ή μάλλον ένα ζητιάνο που ήταν τάχα ο Δημήτρης, γεμάτο ψείρες.",,cds,,,"['louse', 'nit', 'parasite', 'bug']",louse insect,Object,0.28,0.53
EL2103,ψείρα,NOUN,,"['τσιγκούνης', 'λεπτολόγος', 'μίζερος', 'τσιφούτης']",άτομο υπερβολικά τσιγκούνικο ή σχολαστικό σε λεπτομέρειες,,"«Να μην ψάξουμε για λεφτά;» με ρώτησε ο Σωτήρης, ο υπαστυνόμος, που είναι ψείρας.",,cds,,,"['cheapskate', 'penny-pincher', 'nitpicker', 'miser']",cheapskate or nitpicker,Person,0.28,0.52
EL2103,ψείρα,NOUN,,"['υποψία', 'καχυποψία']",ύποπτη σκέψη που γεννά καχυποψία,,Σας εχει συμβει ρε παιδια? Μου μπηκαν ψειρες στα αυτια οτι εγινε εσκεμμενα,,cds,,,"['naggingdoubt', 'suspicion']",nagging doubt,Event,0.28,
EL340,ψέμα,NOUN,,"['ψευτιά', 'ανακρίβεια', 'μούφα', 'παραμύθι']",ψευδής δήλωση με σκοπό την παραπλάνηση,,"«Τι να κάνω; Καλά θα 'ταν να του 'χε πει απ' την αρχή την αλήθεια, αλλ' αφού του 'πε ψέματα, δε θέλω να την εκθέσω.",,qas,,,"['lie', 'falsehood', 'untruth', 'deception']",lie : intentional false statement,Event,0.43,0.45
EL362,ψεματάκι,NOUN,,"['άσπρο ψέμα', 'μικρό ψέμα', 'αθώο ψέμα', 'ιστοριούλα']",μικρή και συνήθως ακίνδυνη ανακρίβεια που λέγεται για να αποφευχθεί αμηχανία,,Τώρα το είπες το ψεματάκι σου Ηλία.. δεν θα σε χαλούσε να έφευγε το τσόφλι ο Αγόρου.. #survivorGR,,qas,,,"['white lie', 'little lie', 'fib', 'minor falsehood']",little white lie : deliberately harmless falsehood,Event,0.15,1.07
EL1608,ψευδής,ADJ,,"['ψεύτης', 'ανειλικρινής', 'δόλιος']",χαρακτηρισμός για άτομο που λέει ανακρίβειες και αποκρύπτει την αλήθεια,,Ήταν που απλά τις ξεκρεμασε και του έπεσαν κατά λάθος από τα χέρια. Εδώ βέβαια όταν εισαι ψευδής τι ακριβώς λέει η θρησκεία για αυτούς που κάνουν μεγαλεπήβολους σταυρούς;,,dmc,,,"['lying', 'mendacious', 'dishonest']",adjective for a person who tells lies,Person,0.52,
EL1608,ψευδής,ADJ,,"['αναληθής', 'ψεύτικος', 'κίβδηλος', 'πλαστός']",επίθετο για πληροφορία ή δήλωση που δεν ανταποκρίνεται στην πραγματικότητα,,Τα μπουρδελοκαναλα σας.Και η δημοσιογράφοι σας. Πληρωμένη.Για ψευδής ειδήσεις. Κάνανε γαργάρα. Και είναι συνένοχοι σε αυτό. Τον είχαν και συνάδελφο. Αίσχος?,,dmc,,,"['false', 'untrue', 'fake', 'bogus']",adjective for a statement that is not true,Behavioral_Trait,0.52,1.29
EL365,ψευδολόγος,NOUN,,"['ψεύτης', 'ψευδομάρτυρας', 'λαοπλάνος', 'παραμυθάς']",άτομο που συστηματικά διατυπώνει ψέματα,,Ένα από τα πιο θλιβερά που διδάχτηκα σε αυτόν τον πόλεμο ήταν πως ο τύπος της Αριστεράς ήταν το ίδιο ψευδολόγος και ανέντιμος όσο και της Δεξιάς.[...]Είναι άσχημο να αναγκάζεται να μπαίνει κανείς στις λεπτομέρειες της εσωτερικής πολιτικής των κομμάτων. Μοιάζει σα να βουτάς σε,,cds,,,"['liar', 'fabricator', 'prevaricator', 'deceiver']",person who persistently tells lies,Person,0.39,
EL1608,ψευδός,ADJ,,"['βραδυγλώσσος', 'συριστικός', 'αψόγλωσσος']",άτομο με διαταραχή άρθρωσης που προφέρει λανθασμένα συλλαβές ή σύμφωνα,,"Είμαι ένας συγγραφέας με δυσλεξία, επαγγελματίας ομιλητής που ήμουν σε λογοθεραπεία για τρία χρόνια ως παιδί επειδή ήμουν ψευδός.",,dmc,,,"['lisping', 'speech-disordered']",lisping person : speaker who mis-articulates certain phonemes,Person,0.23,
EL1608,ψευδός,ADJ,,"['ψευδής', 'πλαστός', 'ανακριβής']","δήλωση που δεν ανταποκρίνεται στην αλήθεια, ιδίως σε νομικό πλαίσιο",,Γερμανία: H Aναλένα Μπέρμποκ είναι ο κύριος στόχος ψευδών ειδήσεων από ΜΜΕ,,dmc,,,"['false', 'fabricated', 'perjured']",false statement : legally untrue deposition,Behavioral_Trait,0.23,0.52
EL339,ψεύδος,NOUN,,"['αναλήθεια', 'ψευδός', 'απάτη']",λόγος ή ιδέα που αντίκειται στην πραγματικότητα,,- Κι ως πότε θα κρατήσει αυτό το ψεύδος; Κάποτε θα το μάθει.,,dmc,,,"['lie', 'falsehood', 'fabrication']",lie; false statement,Event,0.44,1.02
EL1612,ψεύτης,NOUN,,"['ψευδολόγος', 'απατεώνας', 'παραμυθατζής', 'λαοπλάνος']","άτομο που δηλώνει σκόπιμα αναλήθειες, συνήθως επανειλημμένα",,Ψεύτρα!,,dmc,,,"['liar', 'fibber', 'deceiver', 'prevaricator']",person who deliberately lies,Person,0.56,1.07
EL1081,ψεύτικος,ADJ,,"['πλαστός', 'κίβδηλος', 'μαϊμού', 'τεχνητός']","Πράγμα ή έκφραση που μιμείται το αληθινό χωρίς να διαθέτει την ουσία του (π.χ. χαμόγελο, έγγραφο)",,"Δεν υπάρχει μεγαλύτερη, πιο βαθιά ανηθικότητα από αυτήν εκείνου που απευθύνεται στον λαό με προτεταμένο δάχτυλο, μεταφέροντάς του με ψεύτικα διλήμματα ευθύνες που δεν του αναλογούν, για να καλύψει τις δικές του και αυτές του συστήματος που υπηρετεί. Ανθρωπάριο.",,dmc,,,"['fake', 'counterfeit', 'bogus', 'phony']",object that is not genuine,Behavioral_Trait,0.59,1.09
EL1081,ψεύτικος,ADJ,,"['υποκριτικός', 'ανειλικρινής', 'δόλιος', 'πλαστός']","Άνθρωπος που παρουσιάζει ψεύτικη εικόνα, υποκρίνεται ή απομιμείται συναισθήματα κι έτσι κρίνεται αναξιόπιστος",,Σε μισώ με πάθος.....Ο πιο ψεύτικος άνθρωπος παγκοσμιως,,dmc,,,"['insincere', 'phony', 'two-faced', 'sham']",insincere or phony person,Person,0.59,
EL734,ψωλή,NOUN,,"['καβλί', 'πουλί', 'τσουτσούνι', 'φαλλός']",χυδαίος όρος για το ανδρικό γεννητικό όργανο,,username Έχω μεγάλη ψωλη γι'αυτό έχω αυτοπεποίθηση. Η μάνα σου θα επιβεβαιώσει..,,asm,,,"['dick', 'cock', 'penis', 'phallus']",vulgar word for penis,Object,1.32,1.35
EL734,ψωλή,NOUN,,"['πούτσος', 'μαλαπέρδα', 'καβλί']","Χυδαίος χαρακτηρισμός άνδρα, ταυτίζοντας τον με το ανδρικό μόριο για να τον μειώσει ή να εκφράσει επιθετικότητα",,Ασχολήσου με καμιά ψωλή και άσε να μιλήσει κανένας άλλος για την παραβατικότητα των γύφτων,,asm,,,"['dick', 'prick', 'cock']",dick (slur) : vulgar insult equating a man to his penis,Person,1.32,
EL1098,ψωμάκι,NOUN,,"['παχάκι', 'σωσίβιο', 'ψωμάκια'']","Mαλακό εξόγκωμα που σχηματίζεται στα πλαϊνά των γλουτών ή της μέσης· θεωρείται αντιαισθητικό και αναφέρεται μειωτικά σε λόγο, ιδίως για γυναικείες σιλουέτες",,"Άμα ο κώλος της δεν έχει καί τά ψωμάκια του δεν νοιώθεις κώλο, την κολόνα της ΔΕΗ νοιώθεις.",,om,,,"['love handles', 'muffin top']","love handle : small bulge of fat on the side of the waist, mentioned with disparaging intent",Object,0,
EL1098,ψωμάκι,NOUN,,"['σεξ', 'πηδήματα']","Σεξουαλική επαφή – στην αργκό, μεταφορική ονομασία της πράξης του σεξ",,Με το καλημέρα ψωμάκι,,om,,,"['get-laid', 'score', 'nookie']",get laid : informal term for having sexual intercourse,Event,0,
EL1098,ψωμάκι,NOUN,,"['μεροκάματο', 'βιοπορισμός', 'μισθός (οικ.)']","Mικρό εισόδημα που αποκτά κανείς με εργασία· λέγεται οικεία ή χιουμοριστικά στη φράση βγάζω / κερδίζω το ψωμάκι μου, όπου το ψωμί συμβολίζει τα αναγκαία προς το ζην",,username Ευτυχώς υπάρχει ο Ολυμπιακός και βγάζουν το ψωμάκι τους κι αυτοί. Όπως επίσης ευτυχώς υπάρχει ο Ολυμπιακός και ασχολούνται και οι υπόλοιποι φίλαθλοι-οπαδοι με το ποδόσφαιρο γιατί άμα περιμεναν από τις ομάδες τους θα είχαν πεσει σε βαθιά καταθλιψη. Είμαστε ο λόγο υπαρξης σας!,,om,,,"['bread', 'living', 'livelihood', 'wages']",bread / living : money earned to make ends meet,Object,0,0.27
EL1430,ψωράλογο,NOUN,,"['σαραβαλάκι', 'ψοφίμι', 'τρισάθλιο άλογο', 'κουτσόλογο']","Άλογο πολύ αδύνατο, γεμάτο ψώρα, άρα άχρηστο για ιππασία ή εργασία",,"Ο δικός μου μονόκερως είναι ένα ψωράλογο με έναν αποφρακτηρα στο κούτελο. Πριγκιπετσα, 46 χρόνια επιτυχίες",,an,,,"['nag', 'old crock', 'broken-down horse', 'wreck']","shabby, worn-out horse or object",Object,1.14,
EL1430,ψωράλογο,NOUN,,"['άχρηστος', 'κακομοίρης', 'φουκαράς', 'ανίκανος']",υβριστικός χαρακτηρισμός για άτομο θεωρούμενο άχρηστο ή κακομοίρη,,Ο Λαζόπουλος είναι ο ορισμός του ποντικού.... βλέπει ότι δεν τραβάει το ψωροαλογο και σε ένα χρόνο θα μας πει ότι πάντα μέσα στην καρδιά ήταν Μητσοτακικος!,,an,,,"['loser', 'worthless', 'deadbeat', 'good-for-nothing']",abusive term for a person seen as useless,Person,1.14,
EL1430,ψωράλογο,NOUN,,"['σαράβαλο', 'παλιοσίδερο']","Κάθε πράγμα παλιομοδίτικο, ρημαγμένο ή άχρηστο",,"Το ιστορικό αμαυρώθηκε από την ντούχνα που εξαπέλυε το ψωράλογο μέχρι την Αθήνα.Χρειάστηκαν 7,8 λίτρα λάδι συνολικά να συμπληρώνονται ανά τακτά χρονικά διαστήματα (κάθε χιλιόμετρο δηλαδή :D ) για να καταφέρει να φτάσει στο συνεργείο, όπου και παραμένει κλινήρεις στην εντατική του Απρίλιου θεραπευτηρίου, μέχρι να διαφύγει τον κίνδυνο.",,an,,,"['clunker', 'old wreck']",clunker : decrepit object,Object,1.14,
EL2058,ωρύομαι,VERB,,"['ουρλιάζω', 'βρυχώμαι', 'γκρινιάζω δυνατά']",φωνάζω πολύ δυνατά σαν θηρίο ή δυνατός άνεμος,,Βλέπεις τον Πλεύρη να ωρύεται και ξέρεις ότι κάτι καλό έκανε η Σταματέλου του ΚΚΕ... Μπράβο και ξανά μπράβο! #ΤΩΡΑ_ΚΚΕ,,an,,,"['roar', 'bellow', 'howl']",to roar or bellow loudly,Event,0.41,
,αντιγράφω,VERB,,"['πλαγιάρω', 'κλέβω ιδέες', 'αναπαράγω']",μεταφέρω πιστά κείμενο ή έργο άλλου χωρίς πρωτοτυπία,,username περιττό να σου πώ ότι έχω ή΄δη αρχίσει και αντιγράφω τουίτς σου στο φμπ...μη με μαρτυρήσεις,,,,,"['copy', 'plagiarize', 'replicate', 'duplicate']",to copy someone else's work,Event,0.18,0.36
EL11,απαθής,ADJ,,"['ασυγκίνητος', 'ανέκφραστος']","Άτομο που δείχνει αδιαφορία· δεν αντιδρά συγκινησιακά σε ό,τι θα συγκινούσε τους περισσότερους",,δεν μπόρεσε να μείνει απαθής με τις δηλώσεις του προέδρου της βουλής που ακύρωσε την ελληνορθόδοξη ταυτότητα......,,svp,,,"['apathetic', 'impassive', 'indifferent']",apathetic person : someone emotionally unresponsive,Person,0.3,0.43
EL12,απαθής,ADJ,,"['αδιάφορος', 'ψυχρός']",Σταθερή τάση να αντιμετωπίζεται κάθε γεγονός χωρίς ενθουσιασμό ή ανησυχία,,"Η επέκταση του Ισλάμ βρίσκει πρόσφορο έδαφος στην Ελλάδα. Μια χώρα που παρακολουθεί απαθής και χαίρεται που γίνεται ""πολυπολιτισμική""",,svp,,,"['apathetic', 'indifferent', 'emotionless', 'unmoved']",emotionally flat disposition,Behavioral_Trait,0.3,479
EL1150,μαστιγώνω,VERB,,"['ραβδίζω', 'βασανίζω', 'δέρνω', 'τιμωρώ']",χτυπώ επανειλημμένα με μαστίγιο ή παρόμοιο όργανο,,Μαστίγωσαν νεαρή μέχρι λιποθυμίας στην Ινδονησία γιατί είχε εξωσυζυγική σχέση (pic),,cds,,,"['whip', 'flog', 'lash', 'scourge']",to whip or flog repeatedly,Event,0.39,1.03
EL1150,μαστιγώνω,VERB,,"['ξεσπαθώνω κατά', 'κατακεραυνώνω']",Κατακρίνω ή επιτίθεμαι λεκτικά με μεγάλη δριμύτητα,,username Μολις σε βιασε ο Βαρουφακης ξεφτιλισμενο ανδροειδες που σε μαστιγωνει ο Αντωνης σου. Σε εκανε λαχουρενια ΡΟΜΠΑ! Βρωμιλε.,,cds,,,"['lambast', 'lash', 'scourge']",to lambast : criticise harshly,Event,0.39,1.37
EL1469,φαιδρότητα,NOUN,,"['γελοιότητα', 'αστειότητα', 'κωμικότητα', 'παρωδία']",γελοιότητα ή έλλειψη σοβαρότητας σε λόγο ή πράξη,,Δεν είδε με καλό μάτι την επίσκεψη Μητσοτάκη στον Ευαγγελισμό ο νταής Πολάκης.Τ πρότεινε να αλλάξει image maker(!) Η απόλυτη φαιδρότητα????????,,om,,,"['ridiculousness', 'absurdity', 'farce', 'comicalness']",ridiculousness; lack of seriousness,Behavioral_Trait,0.46,0.7
EL1469,φαιδρότητα,NOUN,,"['κωμικό περιστατικό', 'γελοίο συμβάν']",Ενέργεια ή δήλωση που γίνεται αντιληπτή ως γελοία και κατακρίνεται δημοσίως,,Η «επανάσταση του αυτονόητου» και λοιπές φαιδρότητες…,,om,,,"['ludicrous act', 'farce']",ludicrous act,Event,0.46,0.34
EL1277,φωνακλάς,ADJ,,"['βροντόφωνος', 'κράχτης', 'φωνακλού']","Άνθρωπος που συνηθίζει να υψώνει τη φωνή και να διαμαρτύρεται θορυβωδώς, συχνά διακόπτοντας τους γύρω",,«Νίνα... Δε θέλω να πεθάνω... Θυμάσαι που σου 'λεγα πως θέλω να πεθάνω;... Τώρα δε θέλω να πεθάνω... Θέλω να ζήσω να δω τον άλλο γιο μου... Ίσως αυτός να 'ναι ο μόνος απ' τα παιδιά μου που μ' αγάπησε λιγάκι... Ήταν φωνακλάς... μα δε μου είπε ποτέ μια πικρή κουβέντα... ας έχει την ευχή μου... Αλλ' αν πεθάνω...» «Σώπα!» της λέω.,,pa,,,"['loudmouth', 'shouter', 'bawler', 'noisy person']",person who habitually shouts,Person,0.52,0.37
EL2082,ψοφώ,VERB,,"['πεθαίνω', 'ψοφάω', 'τεζάρω', 'ξεψυχώ']","Πεθαίνω, κυρίως για ζώα· για ανθρώπους χρησιμοποιείται χλευαστικά ή μισαλλόδοξα",,καλύτερα να ψοφήσω στην ψάθα παρά να υποχρεωθώ σε 'σένα...,,cds,,,"['die', 'perish', 'keel over', 'kick the bucket']","to die (mainly of animals, rudely of people)",Event,1.02,1.14
EL2083,ψοφώ,VERB,,"['λιώνω', 'πεθαίνω (από κούραση)', 'ψοφάω στην πείνα']",Βρίσκομαι σε άκρο εξάντλησης ή έντονη σωματική ανάγκη,,"Βάρδια τέλος, πάω να φάω γιατί ψοφάω στην πείνα…",,cds,,,"['dead tired', 'starving']",to be dead tired / starving,State,1.02,
EL2084,ψοφώ,VERB,,"['λιώνω για', 'τρελαίνομαι για', 'γουστάρω τρελά']","Ποθώ εντόνως, «τρελαίνομαι» για κάτι",,Ψοφούσαμε για περιπέτεια.,,cds,,,"['to crave', 'to be crazy about']",to be crazy about,Event,1.02,0.14
EL1521,ύβρη,NOUN,,"['προσβολή', 'βρισιά', 'ασέβεια', 'απρέπεια']",βαριά προσβολή ή ασέβεια προς κάποιον,,Δίκη Χρυσής Αυγής: Πρωτοφανείς ύβρεις από τον καταδικασμένο Ιωάννη Λαγό προς το δικαστήριο,,cds,,,"['insult', 'offense', 'affront', 'hubris']",serious insult or offense,Event,0.51,0.34
EL1521,ύβρη,NOUN,,"['αλαζονεία', 'έπαρση', 'υπεροψία']","Ακραία αλαζονική στάση που παραβιάζει ηθικά ή κοινωνικά όρια, θεωρούμενη πρόκληση της μοίρας",,"username username username Λαθος απόφαση.Στους λασπολόγους συκοφάντες δεν"" χωράει"" αστική ευγένεια. Την επόμενη εβδομάδα κατα τη συζήτηση στη βουλή για συσταση προανακριτικής που οι ΣΥΡΙΖΑΝΕΛ-με πρώτο τον ΥΠΕΘΑ -θα ανοίξουν τον οχετό ύβρεων κατά των στελεχών της παράταξης θα δείτε",,cds,,,"['hubris', 'arrogance', 'presumption']",hubris : overbearing pride offending moral limits,Behavioral_Trait,0.51,1.14