hurtlex_ID,lemma,POS,ERIS_score,definition_category,definition_el,definition_en,synonyms_el,synonyms_en,examples,aikia_offensive_score,hurtlex_category
EL8,αβουλησία,NOUN,0.38,State,Ψυχολογική κατάσταση όπου το άτομο αδυνατεί να πάρει αποφάσεις ή να αναλάβει δράση,mental state of inability to decide or act,"['βουλητική αδυναμία', 'απραξία', 'αποφασιστική ανικανότητα']","['abulia', 'indecision', 'passivity']","«Η αβουλησία, ως κατάσταση πρόσκαιρης αδυναμίας τής παρόρμησης ή εσκεμμένη απουσία τής πρόθεσης ή της διάθεσης και της τάσης για δράση, θα πρέπει να διακρίνεται από την απραξία και την απάθεια.»",,svp
EL8,αβουλησία,NOUN,0.38,Behavioral_Trait,Σταθερό χαρακτηριστικό προσώπου που δεν αναλαμβάνει πρωτοβουλίες και αφήνει άλλους να αποφασίζουν,habitual trait of someone who lets others decide,"['διστακτικότητα', 'μαλθακότητα', 'παθητικότητα']","['hesitancy', 'softness', 'passiveness']","«Αβουλία, ή αβουλησία, είναι η αδυναμία της θέλησης για ενέργεια και πράξη με συνειδητή προσπάθεια.»",,svp
EL10,αβουλία,NOUN,0.23,State,Νευροψυχιατρική διαταραχή που εκδηλώνεται με έλλειψη θέλησης για πράξη ή λόγο,neuro-psychiatric condition marked by lack of will,"['απραγία', 'αδρανοποίηση', 'βουλητική παράλυση']","['abulia', 'lethargy', 'inactiveness']","«Για να το θέσω απλά, η αβουλία αναφέρεται στην έλλειψη κινήτρων.»",,svp
EL10,αβουλία,NOUN,0.23,Behavioral_Trait,Ιδιότητα ανθρώπου που αποφεύγει κάθε πρωτοβουλία και δεν δείχνει προσωπική θέληση,quality of a person who avoids taking any initiative,"['μαλθακότητα', 'αναποφασιστικότητα', 'απραξία']","['softness', 'indecision', 'inertia']",«Στις δύσκολες στιγμές τον κυρίευε μια αβουλία.»,,svp
EL315,αγαθιάρης,ADJ,0.28,Person,Άνθρωπος απλοϊκός και εύπιστος που δεν υποψιάζεται πονηρές προθέσεις,"simple-minded, gullible person","['αφελής', 'καλόβολος', 'κουτόχορτος', 'καλοκάγαθος']","['naive', 'gullible', 'simple', 'trusting']",Ελα μωρε τι να της κανει ο αγαθιαρης #vrady,0.53,ddp
EL983,αγγούρι,NOUN,0.26,Person,Υποτιμητικός χαρακτηρισμός για άτομο αργόστροφο ή αδέξιο,derogatory term for slow or clumsy person,"['βλήμα', 'κούτσουρο', 'ψώνιο']","['dummy', 'blockhead', 'slowpoke']",username username Ο Χρήστος ο Καμπαρες φίλε ειναι λαικο παιδί. Θέλει καμια Κοκκινου τετοιες γυναίκες οχι το αγγουρι την Ευα,0.76,or
EL983,αγγούρι,NOUN,0.26,State,"Δύσκολη ή επίπονη υποχρέωση· μεταφορική χρήση για μεγάλη ταλαιπωρία, φόρτο δουλειάς ή πρόβλημα που προμηνύει κόπο","big hassle: tough, draining task or predicament","['μπελάς', 'παλούκι', 'καζίκι', 'ζόρι']","['ordeal', 'slog', 'headache', 'pain']",Πρέπει να φύγω για να πληρώσω το κωλοκράτος κι ο πισινός μου αρνείται να σηκωθεί από την καρέκλα και να φάει το αγγούρι!,0.93,or
EL515,αγελάδα,NOUN,0.49,Person,Υβριστικός όρος για γυναίκα που θεωρείται βαριά ή αδέξια,insult for a woman seen as heavy or clumsy,"['βόδι', 'βουβάλι', 'φάλαινα', 'χοντρή']","['cow', 'buffalo', 'fatso', 'heifer']",Δεν την είδες; Σαν όρθια αγελάδα.,0.83,pr
EL1799,αγένεια,NOUN,0.48,Behavioral_Trait,Συμπεριφορά που δείχνει έλλειψη σεβασμού και καλών τρόπων,trait of lacking courtesy and respect,"['αγροικία', 'χοντράδα', 'απρέπεια', 'αναισθησία']","['rudeness', 'impoliteness', 'coarseness', 'discourtesy']",Η κουλτούρα της αγένειας,0.47,dmc
EL1799,αγένεια,NOUN,0.48,Event,Μεμονωμένη πράξη ή σχόλιο που προσβάλλει και δείχνει έλλειψη τρόπων,single rude act or comment,"['απρέπεια', 'χωριάτικο', 'φάουλ']","['rude act', 'impropriety', 'gaffe']",username username username Από την αγένεια σου καταλαβαίνω τι μπετοβλακας είσαι!,0.83,dmc
EL1611,αγενής,ADJ,0.67,Person,Άτομο που συμπεριφέρεται χωρίς τρόπους και δεν σέβεται τους άλλους,person who behaves rudely and without respect,"['απρεπής', 'χοντράνθρωπος', 'αναιδής', 'κακομαθημένος']","['rude', 'impolite', 'boor', 'ill-mannered']","username Εσάς πάντως, που είστε αγενής, δεν θα σας φιλοξενώ ΄στο εξής στο προφίλ μου.",0.53,dmc
EL1611,αγενής,ADJ,0.67,Behavioral Trait,Λόγος ή ενέργεια που παραβιάζει κοινωνικούς κανόνες και προκαλεί ενόχληση ή δυσαρέσκεια,rude behaviour : impolite act or remark,"['απρεπής', 'προσβλητικός', 'κακότροπος', 'χυδαίος']","['rude', 'discourteous', 'impolite conduct']","username username username έχετε να μου πείτε κάτι απευθείας αντί με κουτσομπολεύετε; αυτό που κάνετε είναι το λιγότερο αγενές, αν όχι ξεκάθαρα στοχοποιητικό!",0.67,dmc
EL1611,αγενής,ADJ,0.67,Person,"Άτομο χαμηλής κοινωνικής καταγωγής, χαρακτηρισμένο ως κατώτερο με μειωτική διάθεση",ignoble : person of low birth,"['χαμηλόφρων', 'ταπεινής σειράς', 'λαϊκός']","['ignoble', 'base-born', 'low-born', 'plebeian']",username username username Σήμερα σε μία καφετέρια με σέρβιρε ένας αλλοδαπός σερβιτόρος. Δεν είχε ιδέα από σέρβις και τα Ελληνικά του ήταν τόσο φτωχά που φαινόταν αγενής. Είμαι σίγουρος ότι είχε στείλει βιογραφικό από Πακιστάν και μετά από συνέντευξη επιλέχτηκε μεταξύ πολλών άλλων για τη θέση...,0.5,dmc
EL114,αγράμματος,ADJ,0.75,Person,άνθρωπος που δεν γνωρίζει ανάγνωση και γραφή ή θεωρείται πνευματικά ακαλλιέργητος,person who is illiterate or seen as uneducated,"['αμόρφωτος', 'ακαλλιέργητος', 'αναλφάβητος', 'χωριάτης']","['illiterate', 'uneducated', 'unschooled', 'ignorant']","Πλεύρης: ""Όσοι εισέρχονται στη χώρα υποχρεούνται με ισχυρή σύσταση να κάνουν τεστ μπλα μπλα"". Τι σημαίνει ""υποχρεούνται με ισχυρή σύσταση"", ρε αγράμματοι;",0.62,ddp
EL114,αγράμματος,ADJ,0.75,Behavioral Trait,"Κείμενο ή γραπτό μήνυμα γεμάτο ορθογραφικά σφάλματα ή συντακτικές αδεξιότητες, το οποίο προκαλεί ενόχληση ή δυσπιστία στον αναγνώστη.",poorly written text : error-ridden piece of writing,"['κακογραμμένο', 'ανορθόγραφο', 'πρόχειρο', 'επιπόλαιο']","['ungrammatical', 'poorly written', 'error-filled', 'sloppy']",«…μοιάζει με ένα αγράμματο κείμενο γραμμένο από έναν μεθυσμένο μετά το ρεβεγιόν· το παρατηρεί και κάποιος άλλος;»,,ddp
EL252,άγριος,ADJ,0.51,Person,"Xαρακτηρισμός για άτομο βίαιο, απρόβλεπτο ή χωρίς κοινωνικούς τρόπους","label for violent, uncivilized person","['βάρβαρος', 'σκληρός', 'τραμπούκος', 'αγροίκος']","['savage', 'rough', 'brutal', 'barbaric']",username username Πιστεψε με ειναι λιγο αγριοι,0.44,dmc
EL252,άγριος,ADJ,0.51,Behavioral_Trait,"Συμπεριφορά ή κίνηση που χαρακτηρίζεται από σκληρότητα και επιθετικότητα, αγνοώντας τους αποδεκτούς κοινωνικούς τρόπους","behaviour which is violent, unpredictable, and lacking the restraints of civilized conduct","['σκληρός', 'αγροίκος', 'ανήμερος', 'ωμός']","['ferocious', 'fierce', 'unruly', 'violent']",Πιάσε αυτή την Αράλια και μίλα της άγρια.,0.39,dmc
EL252,άγριος,ADJ,0.51,Behavioral Trait,"Ζώο, φυτό ή προϊόν που ζει ή αναπτύσσεται ελεύθερα στη φύση, δίχως εξημέρωση ή καλλιέργεια∙ η χρήση συχνάζει σε οικολογικά, γαστρονομικά και λαϊκά κείμενα",wild : organism that grows or lives outside human control,"['αδάμαστος', 'ελεύθερος', 'φυσικός', 'ακαλλιέργητος']","['wild', 'feral', 'untamed', 'natural']",Σαν άγριο μπουλντόγκ.,0.37,dmc
EL252,άγριος,ADJ,0.51,Behavioral Trait,"Φαινόμενο ή γεγονός που εκδηλώνεται με μεγάλη σφοδρότητα ή υπερβολική ένταση και ξεφεύγει από το συνηθισμένο, συχνό σε δημοσιογραφικά και μεταφορικά συμφραζόμενα",fierce : event or state marked by extreme intensity or violence,"['σφοδρός', 'ορμητικός', 'βίαιος', 'ακραίος']","['fierce', 'harsh', 'violent', 'intense']","Όταν σε ρίξουν σ' ένα βαθύ άγριο ποτάμι και το περάσεις κολυμπώντας, με κίνδυνο εκατό φορές την ώρα να πνιγείς, στάσου στην όχθη και σφύριζε γλυκά ένα τραγουδάκι.",0.47,dmc
EL257,αγριότητα,NOUN,0.49,Behavioral Trait,Kατάσταση βίαιης και απάνθρωπης συμπεριφοράς,"condition of cruel, inhuman behavior","['βαρβαρότητα', 'σκληρότητα', 'ωμότητα']","['cruelty', 'barbarity', 'brutality']","Αγία Παρασκευή: 18χρονοι Ρομά χτύπησαν με αγριότητα και λήστεψαν ηλικιωμένο. Μια απ'τις πολλές καθημερινές ειδήσεις στο ελλαδιστάν!Που είναι εδω τα #metooGR ,οι πορείες κ τα συναφή?Προσέχετε,ηλικιωμένοι και μή,τι ψηφίζετε!!! #Ελλάδα #κοινωνια",0.84,ddp
EL257,αγριότητα,NOUN,0.49,Event,Συγκεκριμένη πράξη βίας ή βαρβαρότητας,particular act of violence or brutality,"['ωμότητα', 'κακοποίηση', 'θηριωδία']","['atrocity', 'outrage', 'savagery']",Πιπιλή: Να θυμηθούμε τι γινόταν με τις αγριότητες του ΣΥΡΙΖΑ του 4%,0.59,ddp
EL253,αγροίκος,NOUN,0.66,Person,"Άτομο αγενές, χωρίς τρόπους και κοινωνική λεπτότητα","boorish, uncouth person","['χωριάτης', 'χοντροκομμένος', 'ακατέργαστος', 'άξεστος']","['boor', 'lout', 'uncouth person', 'churl']","Εδώ έκαναν ήρωα τον θρασύδειλο γιο της Ντίνας της κουφής που σκότωνε κόσμο χωρίς λόγο πισώπλατα, δεν θα θα αποθέωναν έναν αγροικο τύποις γιατρο που προτείνει στους ασθενείς φάρμακα για άλογα; #mpeee",0.8,ddp
EL253,αγροίκος,NOUN,0.66,Behavioral Trait,Λόγος ή πράξη χωρίς λεπτότητα και χωρίς σεβασμό στους κανόνες ευγένειας,boorish behaviour : coarse act lacking manners,"['άξεστη συμπεριφορά', 'αγενές φέρσιμο', 'χοντροκοπιά', 'τραχύτητα']","['boorishness', 'rudeness', 'crudeness', 'roughness']",«Η αγροίκα συμπεριφορά της δυσκόλεψε την απόλαυση του φαγητού.»,,ddp
EL877,αγυρτεία,NOUN,0.61,Repetitive_Action,Συνεχής άσκηση εξαπάτησης με ψεύτικες υποσχέσεις ή τεχνάσματα,habitual practice of fraud and trickery,"['απατεωνιά', 'μαϊμουδιά', 'λαμογιά', 'κομπίνα']","['charlatanism', 'fraud', 'scam', 'trickery']","Εισοδηματίες, κεφαλαιούχοι - επενδυτές. Αστοί με τίτλους αγυρτίας, ηθικολόγοι υποκριτές. Μεταμφιεσμένοι παρθένες της εγκράτειας, απατεώνες..",0.91,ddp
EL871,αγύρτης,NOUN,0.67,Person,Άτομο που εξαπατά άλλους προσποιούμενο ειδικές γνώσεις ή δυνάμεις,person who deceives by posing as expert or healer,"['απατεώνας', 'κομπογιαννίτης', 'μαϊμού', 'λαμόγιο']","['charlatan', 'fraudster', 'quack', 'con artist']","Προσοχή στους αγύρτες και τους ψευδοπροφήτες που παρασύρουν τους πιστούς, προειδοποιεί η Εκκλησία της Ελλάδος",0.69,cds
EL836,αδερφή,NOUN,0.43,Person,Γυναίκα που έχει αφιερωθεί σε μοναχικό βίο σε χριστιανικό τάγμα,nun : woman living under religious vows,"['μοναχή', 'καλόγρια']","['nun', 'sister (religious)', 'monastic']","«Η αδερφή μου, είναι μοναχή. Είναι μια αντάρτισσα…»",,om
EL836,αδερφή,NOUN,0.43,Person,Υβριστικός όρος που χρησιμοποιείται για ομοφυλόφιλο άνδρα,slur for a homosexual man,"['πούστης', 'γκέι', 'λουλού', 'τρελλή']","['faggot', 'queer', 'gay man (slur)', 'poof']","Η συζήτηση δεν συνεχίστηκε, διότι η δίκιά μου θα έβγαλε το συμπέρασμα ότι ή ήμουν απένταρος ή αδερφή.",0.75,om
EL1158,αδηφαγία,NOUN,0.49,Repetitive_Action,Έξη υπερβολικής κατανάλωσης φαγητού χωρίς μέτρο,habit of excessive food consumption,"['λαιμαργία', 'καταβροχθισμός', 'φαγοπότι']","['gluttony', 'voracity', 'overeating']","Πήγαν τα ρεμάλια και δώσανε 130 εκ για να φτιάξουν το φωτοβολταῑκό στην Κοζάνη, μια περιοχή με 20% ηλιοφάνεια τον χρόνο, αντί να το φτιάξουν στην Πελοπόννησο ή στην Κρήτη. Το αντίστοιχο στην Ισπανία στοίχισε 40. Δεν έχει πάτο η αδηφαγία τους #κυβερνηση_συμμορια",0.84,svp
EL2258,αδηφάγος,ADJ,0.69,Person,Άνθρωπος που τρώει υπερβολικά και λαίμαργα,person who eats excessively and greedily,"['λαιμάργος', 'φαγάς', 'καταβροχθιστής']","['glutton', 'voracious eater', 'hog']",Δεν άντεξαν άλλο οι αχυρόμπαλες και τρέχουν να ξεφύγουν από τα αδηφάγα γιδοψηφοφόρια Μπεεεεε ???????????????????? #τι_ψηφισατε_ρε_γιδοψηφοφοροι #ΝΔ_ΑΠΑΤΕΩΝΕΣ #ΝΔ_ΠΡΟΔΟΤΕΣ #θα_τα_πούμε_στην_καλπη???? #λαθρομεταναστες #λαθροεισβολεις #ξέφραγο_αμπέλι #Αντικατασταση_Πληθυσμων #απελασεις_τωρα,0.93,svp
EL2258,αδηφάγος,ADJ,0.69,Behavioral Trait,"Ιδιότητα οργανισμών ή αφηρημένων οντοτήτων που απορροφούν πόρους αδιάκοπα, προκαλώντας φθορά ή κοινωνική ζημιά.",rapacious : entity consuming resources insatiably,"['αρπακτικός', 'ανεξέλεγκτα άπληστος', 'αχόρταγος']","['rapacious', 'predatory', 'insatiable', 'devouring']",«Το αδηφάγο τέρας της γραφειοκρατίας.»,,svp
EL1378,αδιάκριτος,ADJ,0.46,Person,"Άτομο που εισβάλλει σε ξένες υποθέσεις και ρωτά ό,τι δεν το αφορά",person who pries into matters that are not his,"['περίεργος', 'παρεμβατικός', 'κουτσομπόλης']","['nosy', 'prying', 'meddlesome', 'intrusive']",username δεν είμαι τόσο αδιακριτη...:),0.4,qas
EL1378,αδιάκριτος,ADJ,0.46,Behavioral Trait,"Ερώτηση, βλέμμα ή επίσκεψη που παραβιάζει προσωπικά όρια και θεωρείται αγενής στον δημόσιο ή οικογενειακό λόγο",intrusive : remark or act invading someone’s privacy,"['παρεμβατικός', 'ενοχλητικός', 'άκομψος', 'αμήχανος']","['intrusive', 'prying', 'personal', 'impertinent']","Ποτε θα σταματησετε να ρωτατε (αδιακριτα) ζευγαρια ""ποτε θα κανετε παιδια, τι περιμενετε?""... Καποιους τους πληγωνετε πολυ!!",0.46,qas
EL1378,αδιάκριτος,ADJ,0.46,Behavioral Trait,"Δράση ή επίθεση που πλήττει αλόγιστα, χωρίς στόχευση σε στρατιωτικούς στόχους και συχνά καταγγέλλεται ως παραβίαση ανθρωπίνου δικαίο",indiscriminate : action carried out without distinction among targets,"['αλόγιστος', 'τυφλός', 'γενικευμένος', 'ακατάσχετος']","['indiscriminate', 'wholesale', 'blanket', 'random']",Η συλλογή μεταδεδομένων από την NSA είναι πιο αδιάκριτη από τις παραδοσιακές υποκλοπές,0.58,qas
EL1649,αδιαλλαξία,NOUN,0.48,Behavioral_Trait,Σταθερή άρνηση συμβιβασμού ή αποδοχής άλλης άποψης,persistent refusal to compromise,"['ακαμψία', 'στενοκεφαλιά', 'δογματισμός', 'ανελαστικότητα']","['intransigence', 'rigidity', 'dogmatism', 'stubbornness']","«Πολιτική αδιαλλαξίας, πολιτική των άκρων.»",,svp
EL1649,αδιαλλαξία,NOUN,0.48,Event,"Συγκεκριμένες πράξεις άκαμπτης άρνησης, που φανερώνουν πείσμα και οδηγούν σε αδιέξοδο",acts of intransigence : uncompromising deeds,"['πείσματα', 'ακαμψίες', 'εμμονές', 'μισαλλοδοξίες']","['obstinate acts', 'hard-line moves', 'deadlocks', 'stalemates']",Α.Δημητριάδης: «Η απραξία της κυβέρνησης έφερε το Βαρώσι στο πιάτο της αδιαλλαξίας της Τουρκίας»,0.54,svp
EL13,αδιαφορία,NOUN,0.34,State,Στάση ανθρώπου ή φορέα που δεν ανταποκρίνεται σε όσα συμβαίνουν γύρω του και αποφεύγει να αναλάβει οποιαδήποτε ευθύνη,indifference : lack of concern or care,"['απάθεια', 'νιρβάνα', 'ψυχρότητα', 'ανενδοίαστη στάση']","['indifference', 'apathy', 'detachment', 'unconcern']","«Θα μου πείτε, επιτέλους, τι σημαίνουν όλα αυτά; Η σιωπή και η αδιαφορία μου της έχουν σπάσει τα νεύρα και φωνάζει.",0.4,svp
EL1047,αδίκημα,NOUN,0.43,Event,Πράξη που παραβιάζει τον νόμο και επισύρει ποινή,act that breaches the law and is punishable,"['παράβαση', 'έγκλημα', 'αξιόποινη πράξη', 'παρανομία']","['offense', 'crime', 'violation', 'unlawful act']",username Πες μα ρε ερευνητικέ δημοσιοκαφρε για ποια αδικήματα τον καταζητούσε η Ιντερπόλ.,0.76,cds
EL1165,αδικοπραξία,NOUN,0.52,Event,παράνομη ενέργεια που προκαλεί ζημιά σε άλλον,wrongful act causing harm to another,"['αδίκημα', 'παρανομία', 'παρέκκλιση']","['offense', 'misconduct', 'tort']",«…η αδικοπραξία του οδηγού του ζημιογόνου οχήματος εξακολούθησε να έχει γι’ αυτόν επιζήμιες συνέπειες…»,,re
EL1215,αδράνεια,NOUN,0.16,State,κατάσταση έλλειψης δράσης ή αντίδρασης,state of inactivity or lack of response,"['απραξία', 'νάρκη', 'ακινησία', 'ραθυμία']","['inertia', 'idleness', 'stillness', 'apathy']",Δεν υπάρχει τίποτα χειρότερο από την αδράνεια της αναμονής όταν ασχολείσαι με μια υπόθεση.,0.23,svp
EL1585,αδυσώπητος,ADJ,0.62,Person,"Άτομο χωρίς έλεος που δεν κάνει καμία υποχώρηση, επιδεικνύοντας σκληρότητα απέναντι σε άλλους",ruthless person : merciless and relentless,"['ανελέητος', 'αμείλικτος', 'αμνησικέρδος', 'σκληρός']","['ruthless', 'merciless', 'relentless', 'pitiless']",username εσύ την 'έδωσες στεγνά?' Αδυσώπητος ο τουιτερόκοσμος!...,0.63,an
EL1585,αδυσώπητος,ADJ,0.62,Behavioral_Trait,"Ιδιότητα φαινομένου ή δύναμης που δρα αμείλικτα, χωρίς δυνατότητα αναστολής",relentless force : harsh and unstoppable,"['ανελέητος', 'αμείλικτος', 'αμειδής', 'αδιάλλακτος']","['relentless', 'unrelenting', 'inexorable', 'implacable']",username Η πραγματικότητα είναι αδυσώπητη με η χωρίς μνημόνιο η Ελλάδα θα πρέπει να μηδενίσει το έλλειμμα και να κάνει μεταρρυθμίσεις.,0.42,an
EL1563,αερολόγημα,NOUN,0.44,Event,"Κούφια, αβάσιμη δήλωση χωρίς περιεχόμενο ή αποδείξεις, η οποία εκφέρεται για εντυπωσιασμό",empty statement lacking substance,"['κενόλογο', 'μπούρδα', 'παραμύθι']","['nonsense', 'hot air', 'empty talk']","«…είτε είναι ένα αερολόγημα κενό περιεχομένου είτε κάτι εύστροφο, το Facebook μας έδωσε βήμα να το ποστάρουμε»",,ddp
EL2215,αερολογία,NOUN,0.41,Event,"Λόγος χωρίς αποδείξεις ή ουσία, που εκφέρεται για εντυπωσιασμό και θεωρείται κενός",habitual idle talk without substance,"['φλυαρία', 'παραθεωρία', 'μπούρδες', 'μπλαμπλα']","['blather', 'windbaggery', 'prattle', 'babble']","Slum Dunk μεγαλύτερες αερολογίες απο το τελευταίο δεν έχω δει στη ζωή μου, έλα Χριστέ και Κύριε , αφιέρωσα 3 λεπτά απο τη ζωή μου έτσι ... #paobc #sdna #slumdunk",0.59,pr
EL1071,αηδία,NOUN,0.62,State,έντονο συναίσθημα αποστροφής και αποφοράς,strong feeling of disgust and revulsion,"['αποστροφή', 'απέχθεια', 'σιχασιά', 'βδελυγμία']","['disgust', 'revulsion', 'loathing', 'nausea']","Βγάζω από το συρτάρι μου δυο ασπιρίνες και τις καταπίνω με τον παγωμένο καφέ, που μου φέρνει αηδία.",0.43,svp
EL1071,αηδία,NOUN,0.62,Person,Προσβλητικός χαρακτηρισμός για άτομο που προκαλεί έντονη αποστροφή,disgusting person : someone that evokes revulsion,"['σιχαμάρα', 'αηδιαστικός τύπος', 'βδέλυγμα']","['disgusting person', 'eyesore', 'creep']",Ζηλιαρης μέχρι αηδία! #survivorGR #sixamenios,0.54,svp
EL1071,αηδία,NOUN,0.62,Behavioral_Trait,"Υλικό ή άυλο πράγμα που προκαλεί έντονη αποστροφή ή θεωρείται εξαιρετικά άσχημο από τον ομιλητή, συνήθως σε οικείο-επικριτικό ύφος",disgusting thing : something that evokes revulsion,"['αίσχος', 'σιχαμάρα', 'χάλι', 'βδέλυγμα']","['disgusting thing', 'abomination', 'atrocity', 'gross stuff']",τι αηδιες ειν' αυτες που λες.,0.6,svp
EL1411,αθέμιτος,ADJ,0.51,Behavioral_Trait,χαρακτηρισμός πράξης που παραβιάζει ηθικούς ή νομικούς κανόνες,quality of an act that violates moral or legal rules,"['παράνομος', 'ανήθικος', 'απερίτρεπτος', 'υπόγειος']","['illicit', 'unfair', 'unlawful', 'underhand']",Έγινε τέτοια δημοσκόπηση και δε βρέθηκε ένας πολίτης σ αυτή τη χώρα να μυνησει το κανάλι για προσβολή νεκρού και για αθέμιτη αποκόμμιση κέρδους?,0.47,cds
EL2464,άθλιος,ADJ,0.49,Person,"Άτομο με εξαιρετικά κακή ή ανάλγητη συμπεριφορά, που προκαλεί αποδοκιμασία",derogatory term for someone with very poor quality or morals,"['παλιάνθρωπος', 'ελεεινός', 'κάθαρμα']","['wretched', 'lousy', 'miserable', 'pathetic']",username ίυου ούτε να γράψω το όνομά του του άθλιου,0.62,cds
EL2464,άθλιος,ADJ,0.49,Object,"Πράγμα (φαγητό, έργο, προϊόν) τόσο κακό που γεννά αποστροφή",awful thing,"['χάλι', 'σκουπίδι', 'χρεπάκι']","['lousy stuff', 'trash', 'dud']",Γι' αυτό κρατήστε τις άθλιες απόψεις σας για τον εαυτό σας κι αφήστε τους ανθρώπους να είναι όπως είναι. Και να τους σέβεστε για την ψυχή τους και όχι για το σώμα τους. Όσο χοντρό ή αδύνατο να είναι.,0.54,cds
EL2464,άθλιος,ADJ,0.49,State,"Συνθήκη μεγάλης κακοδαιμονίας ή υποβάθμισης· περιγράφει επίπεδο ζωής, χώρων ή οργανισμών.",miserable state,"['εξαθλίωση', 'μιζέρια', 'κατάντια']","['wretchedness', 'squalor']",E-Radio.gr Blog Ηγουμενίτσα: Δικαστήριο αθώωσε δραπέτες λόγω άθλιων συνθηκών κράτησης,0.43,cds
EL1,αθλιότητα,NOUN,0.62,State,κατάσταση μεγάλης εξαθλίωσης ή ηθικής κατάπτωσης,condition of extreme squalor or moral decline,"['εξαθλίωση', 'ένδεια', 'κακομοιριά', 'βρωμιά']","['squalor', 'wretchedness', 'misery', 'degeneracy']",Γνωστός και ως «ο άγιος των ελληνικών γραμμάτων»… Με ζωή σε… κατάσταση αθλιότητας,0.36,dmc
EL1,αθλιότητα,NOUN,0.62,Behavioral_Trait,Έλλειψη αξιοπρέπειας που χαρακτηρίζει λόγους ή συμπεριφορές,vileness : moral baseness,"['ελεεινότητα', 'απρέπεια', 'χαμέρπεια']","['vileness', 'baseness']","Πώς μπορούσα... Ύστερα από πολλές ώρες, έτσι για κόντρα, στην αθλιότητα που μ' έδερνε, πήρα τηλέφωνο τη Βιργινία.",0.55,dmc
EL1,αθλιότητα,NOUN,0.62,Event,επαίσχυντη πράξη ή λόγος που προσβάλλει,shameful act or utterance that offends,"['αίσχος', 'ντροπή', 'κατακραυγή']","['outrage', 'disgrace', 'shame']",Τσίπρας: Σταματήστε τις αθλιότητες και τα fake news Ζητάει δηλαδή από τους γκεμπελιστες να σταματήσουν να τον λασπολογουν ενώ είναι το πλέον επιτυχημένο όπλο που έφερε τον Μητσοτάκη αυτοδύναμο στην εξουσία,0.58,dmc
EL2113,αισχροκερδής,ADJ,0.7,Person,άτομο που επιδιώκει κέρδος με ανήθικο τρόπο,person seeking profit through immoral means,"['κερδοσκόπος', 'μαυραγορίτης', 'πλεονέκτης', 'αρπακτικό']","['profiteer', 'racketeer', 'greedy', 'predatory']","«Ο επίσκοπος πρέπει να είναι νηφάλιος, επιεικής, όχι αισχροκερδής»",,an
EL2113,αισχροκερδής,ADJ,0.7,Behavioral_Trait,Πρακτική ή σύμβαση που εξασφαλίζει υπερβολικό κέρδος μέσω δόλιας υπερχρέωσης,exploitative practice,"['καταπλεονεκτικός', 'άδικος', 'ληστρικός']","['predatory pricing', 'gouging']",«Σήμερα οι ανακοινώσεις από Μητσοτάκη για τις αισχροκερδείς χρεώσεις των τραπεζών»,,an
EL613,αιχμάλωτος,NOUN,0.31,Person,"άνθρωπος που κρατείται παρά τη θέλησή του, συνήθως σε πόλεμο ή κάποιος που νιώθει δεσμευμένος, υποδουλωμένος σε έντονο συναίσθημα","person held against their will, usually in war","['όμηρος', 'κρατούμενος', 'σκλάβος', 'φυλακισμένος']","['captive', 'prisoner', 'hostage', 'detainee']","username Ε καλά, πώς κάνεις έτσι; Ο δικός σου ρε σφεντόνα κρατούσε αιχμαλώτους 11 εκατομμύρια πολίτες 5+ μήνες, όσο αυτός ψωλοκοπάναγε Ικαρίες, Πάρνηθες κλπ, κ στο τέλος, τους εγκατέλειψε κ σε ναρκοπέδιο, για να βρουν τον δρόμο μόνοι τους.",0.85,ddp
EL55,ακαδημαϊσμός,NOUN,0.26,Behavioral_Trait,λογοτεχνικό ή επιστημονικό ύφος υπερβολικά θεωρητικό και αποξενωμένο από την πράξη,overly theoretical academic style detached from practice,"['σχολαστικισμός', 'ξερόλας', 'διανόηση', 'περίπλοκος λόγος']","['academic pedantry', 'scholasticism', 'bookishness', 'highbrow style']",«Τα Ονειρικά Τραγούδια: Αποθεσμοποίηση και μεταφραστικός ακαδημαϊσμός»,,pa
EL2255,ακάθαρτος,ADJ,0.77,Person,χαρακτηρισμός ατόμου με πολλή βρωμιά ή ηθική μόλυνση,person that is very dirty or morally impure,"['βρόμικος', 'μολυσμένος', 'ρυπαρός', 'αποκρουστικός']","['unclean', 'dirty', 'filthy', 'impure']","Τύπους σαν τον Τζήμερο, στο χωριό τους υποδεχομάστε με μια πατσά, ακάθαρτη, καπέλο.",0.56,dmc
EL2255,ακάθαρτος,ADJ,0.77,Behavioral_Trait,"Πράγμα ή χώρος γεμάτος βρωμιά ή ρύπους, επικίνδυνος για υγεία ή αισθητική",dirty object : item or place heavily soiled,"['βρόμικος χώρος', 'μολυσμένο νερό', 'ρυπαρό οικόπεδο']","['dirty', 'filthy', 'unsanitary', 'unclean']","username Καθαρό, ακάθαρτο νομίζω μικρή σημασία έχει μετά τη χθεσινή νεροποντή που τα ξέπλυνε όλα ????",0.44,dmc
EL2351,ακαλαίσθητος,ADJ,0.41,Person,Άτομο του οποίου οι επιλογές ή το στυλ δείχνουν έλλειψη γούστου και αισθητικής,tasteless person : someone lacking aesthetic sense,"['κιτς', 'κακόγουστος', 'άτεχνος', 'χοντροκομμένος']","['tasteless', 'gaudy', 'inelegant', 'tacky']",Δεν υπάρχει πιο ακαλαίσθητο πράμα απ' τις χαμηλοκώλες όταν φοράνε παντελόνια.,0.79,ddp
EL2351,ακαλαίσθητος,ADJ,0.41,Behavioral_Trait,"Κατασκευή, εικόνα ή έργο που παραβιάζει βασικούς κανόνες καλαισθησίας, θεωρούμενο άσχημο ή προσβλητικό για τον χώρο",ugly object : visually displeasing thing,"['αντιαισθητικό', 'κιτς', 'κακόγουστο', 'δυσμορφικό']","['ugly', 'unsightly', 'unaesthetic', 'hideous']",«Η άλλη μου έστειλε dm για να μου πει ότι η φωτογραφία μου είναι προκλητική και ακαλαίσθητη. Ακαλά.»,,ddp
EL1677,ακαταστασία,NOUN,0.2,State,κατάσταση όπου επικρατεί χάος και έλλειψη τάξης,state of chaos and lack of order,"['αταξία', 'μπάχαλο', 'αναρχία', 'βούρκος']","['mess', 'disorder', 'chaos', 'clutter']",Στην κουζίνα βασίλευε ακαταστασία και βρωμιά.,0.49,cds
EL1207,ακόλαστος,ADJ,0.72,Person,άτομο που επιδίδεται σε ηδονές χωρίς ηθικούς φραγμούς,person indulging in pleasures without moral restraints,"['σαρκαστής', 'χυδαίος', 'λάγνος', 'ηδονιστής']","['licentious', 'debauched', 'lustful', 'lewd']",«Ο ακόλαστος πρίγκηπας του Γκιγιώμ Απολλιναίρ…»,,dmc
EL1207,ακόλαστος,ADJ,0.72,Behavioral_Trait,"Πράξη, επιθυμία ή τρόπος ζωής που φανερώνει πλήρη έλλειψη αυτοσυγκράτησης και θεωρείται ηθικά επιλήψιμος",wanton : morally unrestrained act or desire,"['έκλυτος', 'ανήθικος', 'ασυγκράτητος']","['wanton', 'immoral', 'unchaste', 'lewd']","«…είχε μετανιώσει που είχε παραδοθεί στις βρώμικες, στις ακόλαστες επιθυμίες του»",,dmc
EL18,ακόλουθος,NOUN,0.07,Person,"Άτομο που υπηρετεί ή υπακούει τυφλά σε ηγέτη, ιδεολογία ή αφεντικό, συχνά με μειωμένη κριτική σκέψη· χρησιμοποιείται υποτιμητικά στον πολιτικό και διαδικτυακό διάλογο",person who obediently or blindly supports another,"['οπαδός', 'πιστός', 'υποστηρικτής', 'υπηρέτης']","['follower', 'supporter', 'minion', 'henchman']",Ελπιζω να βάλουν μυαλό οι ακόλουθοι του - αν και δεν το βλέπω. Εμβολιαστείτε και σοβαρευτείτε! #Τραγκας,0.58,qas
EL568,αλαζονεία,NOUN,0.77,Behavioral_Trait,στάση υπερβολικής αυτοπεποίθησης και περιφρόνησης προς τους άλλους,attitude of excessive self-confidence and contempt for others,"['υπεροψία', 'έπαρση', 'ματαιοδοξία', 'καβάλημα']","['arrogance', 'hubris', 'conceit', 'haughtiness']",Καμμένος: Ξεπερνά τα όρια της αλαζονείας ο Βενιζέλος,0.44,cds
EL568,αλαζονεία,NOUN,0.77,Event,Μεμονωμένη επιδεικτική πράξη υπεροψίας,arrogant acts : displays of haughtiness,"['κομπορρημοσύνες', 'υπεροπτικές ενέργειες']","['arrogant acts', 'displays of hubris']","Καθισμένη στον τηλεοπτικό θρόνο του Μπόμπολα, δίνει ρεσιτάλ αλαζονείας και εκβιασμών... Το νέο ήθος και ύφος...",0.65,cds
EL1113,αλεπού,NOUN,0.18,Person,μεταφορικός χαρακτηρισμός για πολύ πονηρό άτομο,metaphor for a very cunning person,"['πονηρός', 'σκακιστής', 'τσακάλι', 'διάβολος']","['fox', 'sly person', 'trickster', 'cunning one']","Η αλεπού δεν πλησίαζε τα Αλεπουδάκια, για να μην κινήσει υποψίες.",0.26,cds
EL679,αλητεία,NOUN,0.62,Event,"Συγκεκριμένο επεισόδιο βίαιης ή ανέντιμης δράσης, εμφανίζεται κυρίως σε πληθυντικό αλητείες",outrage : individual act of thuggery,"['τραμπουκισμοί', 'έκτροπα', 'αισχρές πράξεις']","['outrage', 'misdeed', 'thug act']","Η δικαιωματίστρια που δεν έχει βγάλει άχνα για τα εγκλήματα του Πούτιν, για τις αλητείες της Πρεσβείας κλπ, ανησυχεί ""μην μπλέξουμε"". Πόσο υπάλληλος, πια;",0.74,cds
EL679,αλητεία,NOUN,0.62,State,Κατάσταση επιθετικής ή ανέντιμης συμπεριφοράς που προκαλεί κοινωνική όχληση,continuous aggressive or illegal street behaviour,"['τραμπούκισμός', 'παραβατικότητα', 'κακοποιία', 'μπαχαλοσύνη']","['hooliganism', 'rowdyism', 'delinquency', 'thuggery']","username Μεγάλωσα μέσα στην αλητεία. Δεν έχω σπίτι, δεν έχω ελπίδα.",0.5,cds
EL581,αλήτης,NOUN,0.82,Person,Άτομο χωρίς μόνιμη στέγη και δουλειά που περιπλανιέται στους δρόμους και αντιμετωπίζεται ως κοινωνικά απόβλητο.,homeless vagrant regarded as disreputable,"['ρεμάλι', 'περιθωριακός', 'μπατίρης', 'τσογλάνι']","['vagrant', 'tramp', 'bum', 'drifter']","Όσο για τους αλήτες αυτούς, όπως είδες, τους έδιωξα.",0.64,re
EL837,αλλόκοτος,ADJ,0.33,Person,Πρόσωπο με ασυνήθιστη συμπεριφορά ή εμφάνιση που προκαλεί απορία στους άλλους,odd or eccentric person,"['παράξενος', 'εκκεντρικός', 'ιδιόρρυθμος', 'παράδοξος']","['odd', 'weird', 'eccentric', 'quirky']","Τέτοιον αλλόκοτο, κλειστό χαρακτήρα έχει.",0.41,om
EL837,αλλόκοτος,ADJ,0.33,Behavioral_Trait,"γνωρισμα πράγματος, κατάστασης ή σκηνής που φαίνεται παράδοξο ή εκτός συνηθισμένου πλαισίου","bizarre quality: trait of an object, scene or situation that appears uncanny or out-of-the-ordinary","['παράξενος', 'ιδιόμορφος', 'ασυνήθιστος']","['bizarre', 'peculiar', 'uncanny']","Όλα είχαν συμβεί τόσο γρήγορα, οι συνθήκες ήταν τόσο αλλόκοτες, που οποιαδήποτε γυναίκα στη θέση μου δε θα είχε φερθεί διαφορετικά.",0.36,om
EL876,αλμπάνης,NOUN,0.59,Person,Τεχνίτης χωρίς επαρκείς γνώσεις που κάνει πρόχειρη και κακή δουλειά,incompetent handyman or bungler,"['άσχετος', 'τσαπατσούλης', 'κομπογιαννίτης', 'ερασιτέχνης']","['bungler', 'botcher', 'incompetent', 'quack']",,0.19,ddp
EL1200,αμαρτωλός,ADJ,0.7,Person,Άτομο που παραβαίνει θρησκευτικούς ή ηθικούς κανόνες και θεωρείται ένοχο απέναντι στον Θεό ή στην κοινωνία,person deemed sinful or guilty,"['ασεβής', 'παραβάτης', 'ένοχος', 'κολασμένος']","['sinner', 'wrongdoer', 'culprit', 'wicked']",γιατί γέμισε αμαρτωλούς.,0.71,cds
EL1200,αμαρτωλός,ADJ,0.7,Behavioral_Trait,για πράγμα ή απόλαυση που προσφέρει έντονη ηδονή αλλά θεωρείται υπερβολικό ή ενοχικό,decadent indulgence: object or activity that gives intense pleasure yet is viewed as excessive or guilt-laden,"['πειρασμός', 'δελεαστικός', 'ενοχικός']","['decadent', 'sinful', 'guilty (as in guilty pleasure)']",Μίκης Θεοδωράκης: Ο ΣΥΡΙΖΑ μεταβάλλεται σε τμήμα της αμαρτωλής Βουλής,0.48,cds
EL316,αμερικανάκι,NOUN,0.36,Person,Αφελές ή νεαρό άτομο που μιμείται άκριτα την αμερικανική κουλτούρα ή θεωρείται εύκολη λεία.,"gullible, Americanised youngster","['αφελής', 'κορόιδο', 'ξενόδουλος', 'ευκολόπιστος']","['gullible', 'naive', 'pushover', 'americanised kid']","username ωχχχ και αυτό είναι καλύτερο? Premier League οκ.. τα άλλα... Τελικα νομίζω ότι είσαι ""αμερικανάκι"" :)",0.5,ddp
EL1264,αναθυμίαση,NOUN,0.05,Event,"Δυσάρεστες συνέπειες ή κακοσμία που αποπνέει ένα σκάνδαλο, μια πράξη διαφθοράς ή μια μεγάλη αποτυχία",scandalous fallout : lingering bad effects or stench of wrongdoing,"['κατάλοιπα', 'μιάσματα', 'κλυδωνισμοί', 'οσμή σκανδάλου']","['fallout', 'after-effects', 'stink', 'whiff']","Βίκυ, κόψε τη βαφή κ τα προϊόντα σταιλινγκ γιατί από τις αναθυμιάσεις αρπαξες #shoppingstar",0.64,dmc
EL676,αναίδεια,NOUN,0.61,Behavioral_Trait,"Συνήθεια να φέρεται κανείς χωρίς σεβασμό, με θράσος και απουσία ντροπής.",habitual insolence or impudence,"['θράσος', 'αδιαντροπιά', 'προκλητικότητα']","['impudence', 'insolence', 'shamelessness', 'cheek']","Κατάλαβες, Νίνα μου, είχε την αναίδεια να με κοροϊδεύει κι από πάνω.",0.45,cds
EL676,αναίδεια,NOUN,0.61,Event,συγκεκριμένη πράξη θράσους που προσβάλλει κάποιον,act of insolence: blatant action that offends another,"['προσβολή', 'αυθάδεια']","['affront', 'insolent act']",Έβγαζαν αποφάσεις -συνήθως υπέρ του Φώτη- κι είχαν την αναίδεια να θέλουν να τις εφαρμόσω.,0.44,cds
EL1377,ανακατωσούρης,ADJ,0.51,Person,Άτομο που προκαλεί σύγχυση και καβγάδες αναμειγνύοντας τους άλλους σε υποθέσεις που δεν το αφορούν,person who meddles and stirs trouble,"['μπερμπάντης', 'μπερδεψίας', 'ταραχοποιός', 'περίεργος']","['troublemaker', 'meddler', 'busybody', 'agitator']","Πρεπει να χει κομπλεξ για το υψος του αυτο, που και καλα το κρυβει με αυτοσαρκασμο, και πρεπει ναναι και τέρμα σκατοψυχο. Και ανακατωσουρης. Για να δουμε το μελλον. #BigBrotherGR",0.8,cds
EL1377,ανακατωσούρης,ADJ,0.51,Event,"Σειρά παρεμβάσεων σε ξένες υποθέσεις που προκαλεί αναστάτωση, μπελάδες ή καβγάδες",meddling disruptive interference mess,"['μπελάδες,' 'φασαρίες', 'αναστάτωση', 'μαντάρα', 'ντράβαλα']","['meddling', 'turmoil', 'fuss', 'stir-up', 'hassle']","Αρκετό κακό μου 'χαν κάνει στην περίπτωση του Αργύρη με τις ανακατωσούρες τους, δεν εννοούσα να τους αφήσω να ξανανακατευτούν στη ζωή μου.",0.49,cds
EL338,αναλήθεια,NOUN,0.34,Event,Ισχυρισμός κατά την οποία τα λεγόμενα ή γραφόμενα δεν συμφωνούν με την πραγματικότητα,statement of falsehood or untruth,"['ψεύδος', 'ανακρίβεια', 'ψευδολογία', 'στημένη ιστορία']","['falsehood', 'untruth', 'inaccuracy', 'lie']",««Η μεγαλύτερη αναλήθεια που έχει γραφτεί για μένα είναι ότι προσποιήθηκα…» #SurvivorGR»,,cds
EL111,αναλφάβητος,ADJ,0.46,Person,Άτομο που δεν έχει μάθει να διαβάζει και να γράφει.,illiterate person,"['αγράμματος', 'αμόρφωτος', 'αδιάβαστος', 'απαίδευτος']","['illiterate', 'unlettered', 'uninformed', 'unschooled']",Καλό ειναι να εισαι ανοιχτό βιβλίο...προσοχή όμως στους αναλφάβητους...my way...,0.44,ddp
EL111,αναλφάβητος,ADJ,0.46,Person,"Υβριστικός χαρακτηρισμός για κάποιον που αγνοεί βασικές γνώσεις (π.χ. οικονομικές, ψηφιακές) και θεωρείται άτομο χαμηλής αντίληψης",ignorant : person lacking essential literacy in a domain,"['αδαής', 'άσχετος', 'ψεκασμένος']","['ignoramus', 'know-nothing', 'ill-informed']",username Εάν υπάρχει τρόπος μην τον κρατάς κρυφό Κάπτεν απο εμάς τους τεχνολογικά αναλφάβητους δικηγόρους !,0.4,ddp
EL866,ανανδρία,NOUN,0.62,Behavioral_Trait,Έλλειψη θάρρους που οδηγεί κάποιον να αποφεύγει τον κίνδυνο ή την ευθύνη,cowardice; lack of courage,"['δειλία', 'φοβία', 'μικροψυχία', 'λίγοψυχία']","['cowardice', 'timidity', 'spinelessness', 'pusillanimity']",«Πολιτική ανανδρία οι προσπάθειες συκοφάντησης του Τάσσου Παπαδόπουλου.»,,cds
EL866,ανανδρία,NOUN,0.62,Event,μεμονωμένη ενέργεια χωρίς ρίσκο που προσβάλλει άλλον και κρίνεται δειλή,single deed carried out safely against defenceless target,"['ύπουλη πράξη', 'δόλος']","['dastardly deed', 'sneaky attack']",«Πράξη νυχτερινής ανανδρίας· σκότωσαν θηλυκό αίγαγρο και τράπηκαν σε φυγή.»,,cds
EL862,άνανδρος,ADJ,0.57,Person,Πρόσωπο που δείχνει δειλία και ενεργεί χωρίς τιμή ή ευθύτητα,cowardly person lacking honour,"['δειλός', 'λίγος', 'φοβητσιάρης', 'χαμερπής']","['coward', 'craven', 'gutless', 'spineless']",username Να ειςαι λιγότερο άνανδρος ρε μπορείς?,0.69,cds
EL862,άνανδρος,ADJ,0.57,Behavioral_Trait,χαρακτηρισμός για ενέργεια που πλήττει απροστάτευτο στόχο χωρίς ρίσκο,adjective qualifying a dishonourable attack,"['ύπουλος', 'δόλιος']","['cowardly', 'dastardly', 'sneaky']","“Να την αφήσω να πεθάνει τη μαγκούφα, αυτό ήθελες; Να τη δεις νεκρή; Αντί να μιλάς σε μένα, τη μάνα σου, κατ αυτόν τον τρόπο και να μου κάνεις λεονταρισμούς, άνανδρε, γιατί βρε δε γίνεσ' επιτέλους άνθρωπος να βοηθήσεις και μας, να πάψω να τρέχω και στις φυλακές;” Κι αρπάζει, Νίνα μου, μια πιατέλα απ' την πιατοθήκη και τη βροντάει στα πλακάκια.",0.77,cds
EL1551,αναπηρία,NOUN,0.51,State,Μόνιμος ή μακροχρόνιος περιορισμός σωματικών ή νοητικών λειτουργιών που δυσκολεύει την καθημερινή ζωή,long-term physical or mental disability,"['εξουθένωση', 'ακρωτηριασμός', 'δυσλειτουργία', 'ανικανότητα']","['disability', 'impairment', 'handicap', 'infirmity']","username Άσχετο το ένα με το άλλο , οι κουτσοί και οι τυφλοί είναι ιδιαίτερα συμπαθητικοί σε αντίθεση με τους ανεμβολίαστους ψεκασμένους που δεν τους συμπαθεί κανείς φυσιολογικός άνθρωπος . Αν εννοείς πως είμαστε ρατσιστές ενάντια σε ανθρώπου με αναπηρία στον εγκέφαλο τότε να το δεχτώ .",0.62,ddf
EL1551,αναπηρία,NOUN,0.51,State,"Σοβαρή δυσλειτουργία συστήματος, θεσμού ή οικονομίας που εμποδίζει την ομαλή λειτουργία",systemic handicap : severe dysfunction hampering performance,"['αδυναμία', 'παράλυση', 'καθίζηση']","['impediment', 'systemic flaw', 'structural paralysis']",Το κράτος οι μπάτσοι μια Αρχή φταίει για την αναπηρία της Μυρτούς παλιοξεκολιάρηδες.,0.76,ddf
EL936,ανάπηρος,NOUN,0.51,Person,Άτομο με μόνιμη ή παρατεταμένη βλάβη που περιορίζει τις σωματικές ή νοητικές ικανότητές του,person with a disability,"['ημιπληγικός', 'ανίκανος', 'καροτσάτος', 'μονοπόδαρος']","['disabled person', 'handicapped', 'crippled', 'impaired']","username username Τα γεροντάκια θα κάνουν πειραματόζωα, θα τα θυσιάσουν, και τους ήδη άρρωστους με άλλες αρρώστιες, μου θυμίζει τους ναζι που εκτελούσαν τους ανάπηρους. Τα γεροντάκια έχουν και άνοια και επηρεάζονται φουλ απο τα ξεπουλημένα στην ΝΔ, ΣΥΡΙΖΑ μμε και τα καθάρματα που κυβερνούν",0.83,ddf
EL936,ανάπηρος,NOUN,0.51,Person,Βρισιά για πρόσωπο που θεωρείται ανίκανο ή ανεπαρκές· συχνή σε αθλητικές αψιμαχίες και διαδικτυακό εκφοβισμό,cripple (slur) : insulting term for incapable person,"['κακομοίρης', 'άχρηστος', 'κουτσός']","['crip', 'handicapped (slur)', 'useless']",username Και εγώ αυτήν την φορά ψήφισα Μαρίανθη και εγώ εάν όμως δεν φυγει το ανάπηρο αυτήν την φορά έλεος ρε πουστη μου,0.91,ddf
EL936,ανάπηρος,NOUN,0.51,Behavioral_Trait,"στοιχείο, μηχανισμός ή σύστημα που λειτουργεί ελλιπώς ή καθόλου",crippled (metaph.) : functioning badly or partially,"['κουτσουρεμένος', 'παραλυμένος', 'ατελής']","['crippled', 'hamstrung', 'impaired']","«…όσο ανάπηρο λειτουργικό κι αν ήταν, ήταν η πρώτη υλοποίηση του concept…»",,ddf
EL413,αναστάτωση,NOUN,0.21,State,"Κατάσταση έντονης αταξίας, σύγχυσης ή ψυχικής ταραχής.",turmoil or disturbance,"['αναμπουμπούλα', 'ταραχή', 'χαμός', 'σαματάς']","['upheaval', 'disturbance', 'turmoil', 'commotion']","Η κατάσταση έχει προκαλέσει την αναστάτωση και τις εύλογες ανησυχίες των αγανακτισμένων πλέον κατοίκων της περιοχής, ενώ προστίθεται στην εν γένει απαξίωση των υποδομών του λιμένα. #Αλιευτικό_Καταφύγιο_Ραχών",0.49,cds
EL1605,ανήθικος,ADJ,0.72,Person,Πρόσωπο που παραβαίνει τους γενικά αποδεκτούς κανόνες ηθικής.,someone who routinely breaks prevailing moral rules,"['ασυνείδητος', 'διεφθαρμένος', 'ελεεινός', 'παλιάνθρωπος']","['immoral', 'unethical', 'depraved', 'vile']",username username Είσαι ανήθικος παρά το πτυχίο σου ????,0.68,dmc
EL1605,ανήθικος,ADJ,0.72,Behavioral_Trait,πράξη ή ενέργεια που αντίκειται στους κοινούς κανόνες ηθικήςπράξη ή ενέργεια που αντίκειται στους κοινούς κανόνες ηθικής,deed judged to violate accepted moral standards,"['φαυλότητα', 'ανηθικότητα', 'ατιμία']","['unethical act', 'wrongdoing']","username username Μα.., κάνουν τέτοιες ανήθικες ερωτήσεις σε αριστερό..;;",0.76,dmc
EL1198,ανηθικότητα,NOUN,0.61,Behavioral_Trait,Τάση ή κατάσταση παραβίασης ηθικών κανόνων και κοινωνικών αξιών.,state of immorality or depravity,"['διαφθορά', 'ακολασία', 'ατιμία', 'πονηριά']","['immorality', 'depravity', 'corruption', 'vice']",«“Ο Τραμπ φταίει για την ανηθικότητα του Μπάιντεν”»,,dmc
EL2021,ανθρωπάκι,NOUN,0.66,Person,"Πρόσωπο μικρής σημασίας ή αξίας, συχνά δειλό ή δουλοπρεπές.","insignificant, submissive person","['τιποτένιος', 'μικρός', 'ασήμαντος', 'χαμερπής']","['little man', 'nobody', 'insignificant', 'wretch']","Κάτω από το κοστούμι της χρησικαρπίας, κρύβεται το ανθρωπάκι.",0.71,dmc
EL2005,ανθρωποκτονία,NOUN,0.85,Event,Εγκληματική πράξη κατά την οποία αφαιρείται η ζωή ανθρώπου από άλλον.,homicide; act of killing a person,"['φόνος', 'δολοφονία', 'έγκλημα']","['homicide', 'murder', 'manslaughter', 'killing']",username Μιλάει για ανθρωποκτονίες κ βιασμούς σαν να πρόκειται για απλά πλημμελήματα.Εγκληματικές φυσιογνωμίες οι κυβερνώντες που τους αξίζουν ισόβια,0.82,re
EL1621,ανθρωποκτόνος,NOUN,0.93,Person,Πρόσωπο που σκότωσε ή σκοτώνει άνθρωπο.,person who committed homicide,"['φονιάς', 'δολοφόνος', 'κακοποιός', 'εκτελεστής']","['killer', 'murderer', 'homicide offender', 'slayer']",«Ο ανθρωποκτόνος όμως διάβολος προσπαθεί να μας οδηγήσει στην απελπισία!»,,re
EL1621,ανθρωποκτόνος,NOUN,0.93,Behavioral_Trait,Χαρακτηρισμός που προκαλεί ανθρώπινους θανάτους ή θέτει σε άμεσο κίνδυνο τη ζωή ανθρώπων,capable of causing death to humans,"['θανατηφόρος', 'φονικός', 'καταστροφικός']","['lethal', 'deadly', 'fatal']","#πατρα Είναι η δολοφόνος, η παιδοκτόνος,η ανθρωποκτόνος,δεν είναι η Ρούλα. Είναι ο δολοφόνος, ο γυναικοκτόνος, δεν είναι ο Μπάμπης. Ας ξεχωρίσουμε τα βασικά πια, κάπου οπα!",0.81,re
EL503,ανία,NOUN,0.2,State,ψυχική κατάσταση παρατεταμένης πλήξης και έλλειψης ενδιαφέροντος,state of prolonged boredom and lack of interest,"['πλήξη', 'βαρεμάρα', 'ενόχληση', 'μονοτονία']","['boredom', 'tedium', 'ennui', 'dullness']",Είναι τόσο πληκτικά τον Αύγουστο που μόνο ένα συλλαλητήριο κατά της Συμφωνίας των Πρεσπών θα μπορούσε να μας βγάλει από την ανία,0.24,svp
EL1581,ανίκανος,ADJ,0.74,Person,άτομο που δεν διαθέτει τις απαραίτητες δεξιότητες ή δύναμη για να επιτύχει κάτι,person who lacks the required skills or power to achieve something,"['ανεπρόκοπος', 'αδύναμος', 'άχρηστος', 'ανεπαρκής']","['incapable', 'incompetent', 'useless', 'inept']",Έλεγε ότι εγώ είμαι η ανίκανη.,0.41,ddp
EL1547,ανικανότητα,NOUN,0.67,Behavioral_Trait,μόνιμη έλλειψη ικανότητας να εκτελεστεί συγκεκριμένη ενέργεια ή έργο,persistent lack of ability to perform a specific task,"['αδυναμία', 'ανεπάρκεια', 'αναποτελεσματικότητα', 'ατολμία']","['inability', 'incapacity', 'inefficiency', 'powerlessness']",«…και επειδή η ανικανότητα της κυβέρνησης φθάνει στο όριο του θράσους…»,,ddf
EL1547,ανικανότητα,NOUN,0.67,State,Χρόνια σωματική κατάσταση κατά την οποία ένας άνδρας δεν μπορεί να επιτύχει ή να διατηρήσει στύση ικανή για ολοκλήρωση σεξουαλικής πράξης,impotence; chronic inability to achieve or maintain an erection,"['στυτική δυσλειτουργία', 'σεξουαλική ανεπάρκεια', 'ανδρική ανημποριά']","['impotence', 'erectile dysfunction', 'sexual incapacity']","«Η στυτική δυσλειτουργία, γνωστή και ως ανικανότητα, επηρεάζει την ικανότητα ενός άνδρα να επιτύχει ή να διατηρήσει στύση.»",,ddf
EL163,ανοησία,NOUN,0.38,Event,λόγια ή πράξεις χωρίς λογική ή φρόνηση που προκαλούν κριτική ή γέλιο,words or actions lacking sense or prudence that invite criticism or laughter,"['κουταμάρα', 'βλακεία', 'χαζομάρα', 'ηλιθιότητα']","['nonsense', 'foolishness', 'stupidity', 'silliness']",Τι ανοησίες λες; Ποιος σου είπε τέτοια πράγματα; Η Θεανώ; - Ε!...,0.68,an
EL172,ανόητος,ADJ,0.44,Person,άτομο με μειωμένη κρίση που ενεργεί ή μιλά χωρίς σκέψη,person of limited judgment who acts or speaks without thinking,"['βλαμμένος', 'χαζός', 'ηλίθιος', 'κουτός']","['stupid', 'foolish', 'idiot', 'silly']","και τι νομιζετε, ανοητα!",0.78,cds
EL172,ανόητος,ADJ,0.44,Behavioral_Trait,"Για σχέδιο, λόγο ή επιλογή που στερείται λογικής και ωφελιμότητας· χρησιμοποιείται σε συζητήσεις συμβουλής ή κριτικής",Senseless : lacking rational purpose,"['παράλογος', 'άτοπος', 'επιπόλαιος']","['senseless', 'silly', 'unwise', 'absurd']",Εύρισκε μια ανόητη δικαιολογία και μου ξέφευγε.,0.43,cds
EL1412,άνομος,ADJ,0.59,Person,άτομο που αψηφά τους νόμους και ενεργεί χωρίς ηθικούς φραγμούς,person who disregards laws and acts without moral restraints,"['παράνομος', 'κακοποιός', 'παραβάτης', 'ανομικός']","['lawless', 'outlaw', 'criminal', 'illicit']",«Στις 21 Μαΐου 1894 ο άνομος και αντάρτης Γάλλος αναρχικός Émile Henry καταδικάστηκε σε θάνατο με γκιλοτίνα.»,,cds
EL1412,άνομος,ADJ,0.59,Behavioral_Trait,"Για πράξη, καθεστώς ή πολιτική που αντίκειται στον νόμο και στα δικαιώματα· όρος πολιτικής και δημοσιογραφικής καταγγελίας",Unlawful : contrary to legal order,"['παράνομος', 'αθέμιτος', 'έκνομος', 'άδικος']","['unlawful', 'illegal', 'lawless', 'illicit']","Κι εντάξει, η αποχρυσαυγοποίηση της αστυνομίας συνολικά, είναι ας πούμε δύσκολο και χρονοβόρο έργο. Αλλά αυτό το “άνομο” τμήμα; Έστω συμβολικά. Από κάπου δε θάπρεπε να αρχίσει αυτή η «προσπάθεια»; #Εμπουκα",0.44,cds
EL2479,αντάρτης,NOUN,0.28,Person,άτομο που εξεγείρεται ένοπλα ή πολιτικά εναντίον της εξουσίας,"person who rebels, often with arms, against authority","['εξεγερμένος', 'στασιαστής', 'επαναστάτης', 'αντιστασιακός']","['rebel', 'insurgent', 'guerrilla', 'mutineer']","Ο Αλέξης και οι ""αντάρτες"" του Σύριζα",0.31,dmc
EL1397,αντιδραστικός,ADJ,0.38,Person,άτομο που αντιτίθεται πεισματικά σε κάθε αλλαγή ή πρόοδο,person who stubbornly resists any change or progress,"['συντηρητικός', 'απολιθωμένος', 'αρνητής', 'οπισθοδρομικός']","['reactionary', 'conservative', 'obstinate', 'backward']","Σε ολο τον κοσμο πνευματικοι ανθρωποι, καλλιτεχνες προοδευτικοι. Στην Ελλαδα αντιδραστικοι",0.63,cds
EL1397,αντιδραστικός,ADJ,0.38,Behavioral_Trait,Ιδιότητα ή πολιτικό μέτρο που εμποδίζει μεταρρύθμιση και διατηρεί παλαιές δομές,policy or act opposing reform,"['οπισθοδρομικός', 'αναχρονιστικός']","['reactionary, backward-looking']","username Ειρωνικό: τα δυο πρώτα επαναστατικά αβασίλευτη αντιπροσωπευτικά πολιτεύματα του 18ου #ΗΠΑ και #Γαλλία , γίνονται από τα πρώτα αντιδραστικά απολυταρχικά αυταρχικά πολιτεύματα του 21ου αι.",0.47,cds
EL1070,αντιπάθεια,NOUN,0.34,Behavioral_Trait,Συναίσθημα ενστικτώδους αποστροφής προς πρόσωπο ή πράγμα,feeling of instinctive aversion toward a person or thing,"['απέχθεια', 'αποστροφή', 'δυσφορία', 'δυσανεξία']","['dislike', 'aversion', 'distaste', 'repulsion']","Γιατί αλλιώς, δεν μπορούσε να εξηγηθεί η αντιπάθεια που έτρεφε για την Επιστήμη.",0.38,svp
EL2114,ανώμαλος,ADJ,0.84,Person,"άτομο που αποκλίνει σοβαρά από κοινωνικά ή σεξουαλικά αποδεκτές συμπεριφορές, συχνά με περιφρονητικό τόνο","person who seriously deviates from socially or sexually accepted behaviors, used disparagingly","['διαστροφικός', 'παραβατικός', 'παράδοξος', 'παράφυλος']","['pervert', 'deviant', 'abnormal', 'twisted']",username username Τι λες μωρε ανώμαλη πρωί πρωί,0.91,om
EL2114,ανώμαλος,ADJ,0.84,Behavioral_Trait,"Ιδιότητα επιφανείας, διαδρομής ή συμβάντος χωρίς ομαλή μορφή ή πορεία· δηλώνει τραχύτητα, ανομοιογένεια, απρόβλεπτη εξέλιξη","uneven : rough, irregular in shape or course","['τραχύς', 'ανισόπεδος', 'ακανόνιστος']","['uneven', 'rough', 'irregular']",username username Τσίπα δεν έχετε εδώ μέσα ανώμαλα δίποδα χάχα,0.87,om
EL2245,απαγωγέας,NOUN,0.46,Person,άτομο που αρπάζει κάποιον παράνομα για λύτρα ή άλλο σκοπό,person who illegally seizes someone for ransom or other purpose,"['αρπαγέας', 'όμηρο-λήπτης']","['kidnapper', 'abductor', 'snatcher', 'captor']",Αυτοί είναι οι επτά απαγωγείς του Μιχάλη Λεμπιδάκη,0.36,re
EL2231,απαγωγή,NOUN,0.31,Event,παράνομη πράξη αρπαγής προσώπου με σκοπό εκβίαση ή βλάβη,illegal act of seizing a person for extortion or harm,"['αρπαγή', 'ομηρία', 'αιχμαλωσία', 'σύλληψη']","['kidnapping', 'abduction', 'hostage-taking', 'seizure']",Μέχρι και στα Αντικύθηρα κάνουν απαγωγές και απελάσεις μεταναστών!  #Refugeesgr,0.45,re
EL14,απάθεια,NOUN,0.07,State,"συναισθηματική αδράνεια και έλλειψη ενδιαφέροντος για ό,τι συμβαίνει",emotional inertia and lack of interest in what happens,"['αδιαφορία', 'νωθρότητα', 'ατονία', 'ψυχρότητα']","['apathy', 'indifference', 'listlessness', 'detachment']",username Ο θυμός είναι μια υγιής αντίδραση μιας πολιτισμένης κοινωνίας έναντι του αδόκητου χαμού 3 μικρών κοριτσιών από την διαβολική μάνα τους!Η απάθεια από την άλλη πλευρά ΔΕΝ είναι υγιής!Η λέξη ΘΑΝΑΤΟΣ σε ένα παντζούρι δεν αντιπροσωπεύει την κοινή γνώμη αλλά αντανακλά τον θυμό της.,0.56,svp
EL388,απατεώνας,NOUN,0.77,Person,άτομο που εξαπατά συστηματικά για οικονομικό ή άλλο όφελος,person who systematically deceives for financial or other gain,"['απατεών', 'καταφερτζής', 'λαμόγιο', 'ψεύτης']","['swindler', 'con artist', 'fraudster', 'cheat']",Ο ορισμός των πολιτικών απατεώνων!,0.58,re
EL1008,απάτη,NOUN,0.49,Event,δόλια ενέργεια που σκοπεύει να παραπλανήσει και να αποσπάσει όφελος,fraudulent act intended to deceive and obtain benefit,"['κομπίνα', 'λαμογιά', 'ζαβολιά', 'εξαπάτηση']","['fraud', 'scam', 'cheat', 'deception']","Η εθνική ενότητα είναι μια τεράστια απάτη, νόμος είναι το δίκιο του εργάτη.",0.55,dmc
EL964,άπειρος,ADJ,0.07,Person,άτομο που δεν έχει πείρα ή εξοικείωση σε συγκεκριμένο τομέα,person lacking experience or familiarity in a specific field,"['άμαθος', 'αδοκίμαστος', 'πρωτάρης', 'αθώος']","['inexperienced', 'novice', 'unseasoned', 'green']",username Ειναι απειρος.Δεν ξερει.Μονο ενας Μικρούτσικος κανει γι αυτα.,0.62,cds
EL964,άπειρος,ADJ,0.07,Behavioral_Trait,"Περιγράφει μέγεθος ή σύνολο χωρίς όριο ή τέλος, κυρίως σε μαθηματικά και κοσμολογία",infinite : having no limits or boundaries,"['απεριόριστος', 'ατέρμονος', 'χωρίς πέρας']","['infinite', 'boundless', 'endless']","Είμαι όμως καινούριος και άπειρος, στραβάδι που λένε, και πιστεύω ότι θα μπω καλύτερα στο κλίμα, όταν συζητώ μαζί σας συγκεκριμένες υποθέσεις και παρακολουθώ τον τρόπο σκέψης και το σύστημα της έρευνάς σας».",0.52,cds
EL441,απεργοσπάστης,NOUN,0.52,Person,"Άτομο που συνεχίζει ή αναλαμβάνει εργασία την ώρα που οι συνάδελφοί του απέχουν, ματαιώνοντας την πίεση της κινητοποίησης","worker who continues working or replaces strikers, breaking the strike","['σπάστης', 'προδότης', 'εργοδοτικός', 'συνδικαλιστοφάγος']","['scab', 'strikebreaker', 'blackleg', 'traitor']","Ψάχνω κι εγώ κάνα κανάλι να δω ειδήσεις,τιποτα.Δε μπορεί λέω,κανας απεργοσπάστης;Μεγκα,τιποτα.Σκαι,τιποτα.Παει,χάλασε ο κόσμος.",0.66,cds
EL443,απεργοσπαστικός,ADJ,0.43,Behavioral_Trait,χαρακτήρας ή ενέργεια που στοχεύει στο σπάσιμο ή υπονόμευση εργατικής απεργίας,attitude or action aimed at breaking or undermining a workers' strike,"['αντιαπεργιακός', 'αντιεργατικός', 'εργοδοτικός', 'συνδικαλιστοκάμπτης']","['strike-breaking', 'union-busting', 'anti-strike', 'scablike']","Να απαντήσουν στην απεργοσπαστική στάση των δυνάμεων του κυβερνητικού συνδικαλισμού του ΓΣ της ΑΔΕΔΥ με την οργάνωση από τα κάτω της απεργίας στις 17/4 , καλούν τους εργαζόμενους/ες οι Παρεμβάσεις Κινήσεις Συσπειρώσεις στο Δημόσιο #απεργια17Απριλη",,cds
EL204,απληστία,NOUN,0.67,State,"Παθολογική, ακόρεστη επιθυμία για απόκτηση όλο και περισσότερων υλικών ή συμβολικών αγαθών, που γεννά συγκρούσεις και κοινωνική αποδοκιμασία",intense and greedy desire for wealth or other goods without limit,"['πλεονεξία', 'αχορταγία', 'αδηφαγία', 'φιλοχρηματία']","['greed', 'avarice', 'cupidity', 'rapacity']",username username Θα προσθέσω αν μου επιτρέπεις φίλε και την απληστία,0.43,svp
EL1871,απόβλητα,NOUN,0.54,Object,υλικά κατάλοιπα παραγωγικής ή οικιακής δραστηριότητας που θεωρούνται άχρηστα,material residues from industrial or domestic activity regarded as useless waste,"['σκουπίδια', 'υπολείμματα', 'απορρίμματα', 'λύματα']","['waste', 'refuse', 'garbage', 'residues']",Γ.Οικονόμου: Η Ελλάδα εξασφάλισε από την ΕΕ 600 εκατ. ευρώ για ανακύκλωση και επεξεργασία αποβλήτων #Ανακύκλωση #Γ.Οικονόμου,0.21,cds
EL638,απόβλητος,ADJ,0.52,Person,άτομο που έχει αποπεμφθεί και θεωρείται ανεπιθύμητο από κοινωνική ομάδα,person expelled and unwanted by a community,"['εξοστρακισμένος', 'απόκληρος', 'παρίας', 'ανεπιθύμητος']","['outcast', 'ostracized', 'unwanted', 'expelled']","Μα να φύγω εγώ απ' τη Σαλονίκη, σα να 'μουνα εγώ η ένοχη, σα να 'μουνα καμιά απόβλητη, αυτό ήταν υπεράνω των δυνάμεών μου.",0.58,dmc
EL638,απόβλητος,ADJ,0.52,Object,"Περιγράφει υλικό που έχει απορριφθεί ως άχρηστο ‒ ιδίως ιατρικά, χημικά ή ραδιενεργά κατάλοιπα",discarded : thrown away material,"['άχρηστος', 'καταργημένος']","['discarded', 'waste', 'rejected']","Καθώς η πανδημία εξαπλωνόταν, ιατρικά απόβλητα μεταφέρονταν στη χωματερή Τσιπετσάνγκ.",,dmc
EL681,απόβρασμα,NOUN,0.9,Person,άτομο εξαιρετικά ανήθικο και αξιοκαταφρόνητο,utterly immoral and despicable person,"['καθίκι', 'κατακάθι', 'κάθαρμα', 'παλιοτόμαρο', 'σάρακα']","['scum', 'dreg', 'lowlife', 'vermin', 'trash']",username Ακόμα δεν το έχεις κατεβάσει ρε απόβρασμα?,0.93,cds
EL681,απόβρασμα,NOUN,0.9,Object,"Υπόλειμμα που επιπλέει ή κατακάθεται κατά την επεξεργασία υγρού, π.χ. αφρός μεταλλουργίας ή ίζημα καφέ",dregs : residue left after a liquid is processed,"['ίζημα', 'κατακάθι', 'μούργα']","['dregs', 'sediment', 'sludge']",username Ολόκληρος ο ορθόδοξος ελληνικός λαός απαιτεί τώρα την αμεση απομάκρυνση του ανθελληνα ελεεινου Μοσιαλου από την κυβέρνηση και από την Ελλάδα. Είναι ντροπή της κυβέρνησης να έχει τέτοιου είδους ελλεινα αποβρασματα,0.74,cds
EL1074,απόκρυψη,NOUN,0.13,Event,ενέργεια σκόπιμου κρυψίματος στοιχείων ώστε να μην αποκαλυφθούν,intentional hiding of information so it is not revealed,"['κάλυψη', 'κουκούλωμα', 'συγκάλυψη', 'κρύψιμο']","['concealment', 'cover-up', 'hiding', 'suppression']",Η απειλή του κοινωνικού στιγματισμού προβλέπει την απόκρυψη της ταυτότητας του μη θρήσκου,0.39,dmc
EL1543,απομίμηση,NOUN,0.18,Object,αντίγραφο χωρίς αυθεντικότητα που προσπαθεί να μοιάσει στο πρωτότυπο,non-authentic copy trying to look like the original,"['αντίγραφο', 'ρέπλικα', 'κάλπικο', 'μαϊμού', 'ίμιο']","['imitation', 'copy', 'fake', 'replica', 'knockoff']","Χαλβάς μόνο εκ Δραπετσώνος, προσοχή στις απομιμήσεις",0.39,dmc
EL1543,απομίμηση,NOUN,0.18,Event,Πράξη αντιγραφής έργου τέχνης ή εμπορικού σήματος με πρόθεση εξαπάτησης· πλαστογραφία,forgery : fraudulent imitation of art or brand,"['πλαστογραφία', 'κόπια', 'κλώνος']","['forgery', 'counterfeit', 'knock-off']",Η κακή απομίμηση της Ariana Grande.. ΓΙΑΤΙ? #houseoffameGR,0.5,dmc
EL2478,αποστάτης,NOUN,0.56,Person,"άτομο που εγκαταλείπει ιδεολογία, οργάνωση ή πατρίδα και συντάσσεται με την αντίθετη πλευρά","person who abandons an ideology, group or country and joins the opposing side","['λιποτάκτης', 'προδότης', 'αποσκιρτητής', 'μεταστάτης']","['defector', 'turncoat', 'renegade', 'deserter', 'traitor']","ΑΝΕΛ για Δ. Καμμένο: Μια φορά αποστάτης, για πάντα αποστάτης",0.6,dmc
EL1578,απραξία,NOUN,0.36,State,κατάσταση κατά την οποία δεν εκτελείται καμία δράση ή πρωτοβουλία,state where no action or initiative is undertaken,"['αδράνεια', 'στασιμότητα', 'παθητικότητα', 'ακινησία']","['inactivity', 'idleness', 'stagnation', 'inertia']",Α.Δημητριάδης: «Η απραξία της κυβέρνησης έφερε το Βαρώσι στο πιάτο της αδιαλλαξίας της Τουρκίας»,0.54,svp
EL1578,απραξία,NOUN,0.36,State,"Νευρολογική διαταραχή κινητικού προγραμματισμού που εμποδίζει τον συντονισμό εκούσιων κινήσεων (π.χ. της ομιλίας), χωρίς μυϊκή παράλυση",apraxia : motor-planning disorder,['δυσπραξία (μερ.)'],"['apraxia', 'dyspraxia']","Η παιδική απραξία ομιλίας είναι μια νευρολογικής φύσης διαταραχή, όπου ο εγκέφαλος δυσκολεύεται να σχεδιάσει και να εκτελέσει τις απαραίτητες κινήσεις για καθαρή και συνεπή ομιλία — παρά την ύπαρξη καλής μυϊκής δύναμης.",,svp
EL1940,αράπης,NOUN,0.8,Person,μειωτικός όρος για άνθρωπο αφρικανικής ή σκουρόχρωμης καταγωγής,derogatory term for a person of African or dark-skinned origin,"['νέγρος', 'μαύρος', 'μαυρούκος', 'σκουρόδερμος']","['negro', 'blackie', 'darkie', 'nigger']",Η αποκάλυψη του username μου θύμισε το ανέκδοτο που πάνε κάποιοι να γαμήσουν στο μπουρδέλο κλείνει η πόρτα και τους περιμένει ο αράπης,0.88,ps
EL1940,αράπης,NOUN,0.8,Object,Ποσοστό κράτησης (γκανιότα) που αποδίδει ο νικητής σε λέσχη ή παιχνίδι,house cut : fee taken by gambling house,"['γκανιότα', 'κόμιστρο']","['house cut', 'rake']",«“Δώσαμε και τον αράπη και φύγαμε” λέει ο χαρτοπαίκτης για τη γκανιότα που πλήρωσε.»,,ps
EL1743,αργοκίνητος,ADJ,0.36,Behavioral_State,Που κινείται ή λειτουργεί αισθητά πιο αργά από τον συνηθισμένο ρυθμό,slow-moving : moving at low speed,"['βραδυκίνητος', 'νωχελικός', 'slow-moving']","['slow-moving', 'sluggish']",Αργοκίνητο το ίντερνετ στην Ελλάδα· μόλις 56η στον κόσμο σε μέση ταχύτητα.,,an
EL1743,αργοκίνητος,ADJ,0.36,Person,άτομο που κινείται ή ενεργεί υπερβολικά αργά και προκαλεί καθυστερήσεις,person who moves or acts excessively slowly causing delays,"['βραδυκίνητος', 'νωθρός', 'χρονισμένος', 'αργοπορημένος']","['slow', 'sluggish', 'tardy', 'slow-moving']","Ψηλός, μεγάλο άνοιγμα, μπλοκ, αποκρούσεις, αργοκίνητος... Δεν σου θυμίζει αυτό την περιγραφή του Λεν, αλλά με σουτ;",,an
EL586,αργόσχολος,ADJ,0.56,Person,άτομο χωρίς σοβαρή απασχόληση που περνά την ημέρα του άσκοπα,person with no serious occupation who idles the day away,"['αεργός', 'τεμπέλης', 'φυγόπονος', 'ραθύμος']","['idler', 'loafer', 'layabout', 'slacker', 'lazybones']",Αυτά είναι αρρώστιες για τους αργόσχολους.,0.76,dmc
EL2460,αργυρώνητος,ADJ,0.56,Person,πρόσωπο που δέχτηκε χρήματα για να ενεργήσει μεροληπτικά ή προδοτικά,person who accepted money to act biased or treacherously,"['χρηματισμένος', 'πουλημένος', 'εξαγορασμένος', 'δωρολήπτης']","['bribed', 'bought', 'corrupt', 'paid-off']",Η ΜΑΦΙΑ Των Καναλαρχών Μιντιαρχων έχει μας έχει Τρελάνει στα Αφιέρωματα για την Σημερινή Θλιβερή Επέτειο !!!! Τίποτα οι Ξεφτιλες και Αυτοί και οι Αργυρωνητοι Παπαγάλοι τούς!!!!????????,0.78,cds
EL2061,αριβίστας,NOUN,0.72,Person,άτομο που ανεβαίνει κοινωνικά ή επαγγελματικά εκμεταλλευόμενο κάθε ευκαιρία χωρίς ηθικούς φραγμούς,person who climbs socially or professionally exploiting every chance without morals,"['καιροσκόπος', 'τυχοδιώκτης', 'συμφεροντολόγος', 'ραδιούργος']","['opportunist', 'careerist', 'climber', 'self-seeker', 'schemer']","Στο βήμα ο πλέον αριβιστας πολιτικός, Loverδος...",0.7,cds
EL2477,αρνησίθρησκος,ADJ,0.36,Person,άτομο που αποκηρύσσει την πίστη του και εγκαταλείπει τη θρησκεία του,person who renounces their faith and abandons their religion,"['αποστάτης', 'βλάσφημος', 'άπιστος']","['apostate', 'renegade', 'infidel', 'faithless']","Να μην είσαι Τρομοκράτης, αρνησίθρησκος, χωριάτης, ανυπόταχτος…",,dmc
EL1097,αρουραίος,NOUN,0.15,Person,"υβριστικός χαρακτηρισμός για άτομο ύπουλο και ποταπό, παρομοιαζόμενο με τρωκτικό","insulting term for a sneaky, contemptible person likened to a rat","['χαφιές', 'ποντικός', 'καταδότης', 'βρομόσκυλο']","['rat', 'snitch', 'sneak', 'vermin']","username Μπα ο αρουραίος σου παει τοσο σκατα χαρακτηρας που εισαι φίλε. Μηλας για ζωα ενω τα αμφισβητείς, αμφισβητείς τα δημιουργήματα του θεού.",0.52,om
EL294,άρπαγας,NOUN,0.54,Person,άτομο που ιδιοποιείται ξένη περιουσία ή κέρδος χωρίς δικαίωμα,person who seizes others' property or profit without right,"['κλέφτης', 'λαμόγιο', 'απατεώνας', 'σφετεριστής']","['grabber', 'plunderer', 'thief', 'swindler', 'usurper']","Γερμανοί: Δολοφόνοι, άρπαγες και καταστροφείς;",0.64,an
EL295,αρπακτικός,ADJ,0.49,Behavioral_Trait,τάση να εκμεταλλεύεται κανείς τους άλλους για ίδιο όφελος,tendency to exploit others for personal gain,"['εκμεταλλευτικός', 'ληστρικός', 'πλιατσικολογικός', 'καταχρηστικός']","['predatory', 'exploitative', 'rapacious', 'grasping']","""Εξωραΐζεται ο αρπακτικός ιμπεριαλιστικός πόλεμος, η ""δική μας"" αστική  τάξη ζωγραφίζεται με τη μορφή άκακου αμνού..και όλο αυτό το απίθανο σύμφυρμα της αστικής ψευτιάς συγκαλύπτεται με μια ωραία ""λαοφιλή"" φράση που αποναρκώνει το λαό: ""Υπεράσπιση της πατρίδας!""",,an
EL295,αρπακτικός,ADJ,0.49,Person,άτομο ή φορέας που επιδιώκει κέρδος εκμεταλλευόμενο τους άλλους με απληστία και χωρίς ηθικούς φραγμούς,rapacious person : greedy individual who exploits others,"['άπληστος', 'πλεονέκτης', 'αρπαχτικό']","['rapacious', 'predatory', 'greedy']",username Σας χωρίζει αβυσος ακροδεξιονεοφιλελε αρπακτικά!,0.87,an
EL295,αρπακτικός,ADJ,0.49,Object,"ζώο που κυνηγά, πιάνει και τρέφεται με άλλα ζώα, συχνά διαθέτοντας γαμψά νύχια ή ράμφος",predatory : animal that hunts other animals for food,"['θηρευτής', 'σαρκοφάγο']","['predatory', 'raptorial']","Όπως καταλαβαίνω, τα περισσότερα αν όχι όλα τα αρπακτικά είναι αρπακτικά πουλιά.",,an
EL1468,αρσενοκοιτία,NOUN,0.57,Event,σεξουαλική πράξη μεταξύ ανδρών που σε θρησκευτικό λόγο καταδικάζεται ως αμάρτημα,"male same-sex intercourse, condemned as sinful in religious discourse","['σοδομία', 'ανδροπράξη', 'παραφύση σχέση', 'αμαρτία']","['sodomy', 'buggery', 'male homosexuality', 'unnatural act']",«Μία από τις μεγαλύτερες αμαρτίες είναι η αρσενοκοιτία»,,om
EL966,αρχάριος,ADJ,0.28,Person,άτομο χωρίς εμπειρία σε συγκεκριμένο τομέα που μόλις ξεκινά,person with no experience in a field who is just starting,"['νεόφυτος', 'πρωτάρης', 'άπειρος', 'εκπαιδευόμενος', 'νιούδι']","['beginner', 'novice', 'rookie', 'newbie', 'learner']",ΜΑΘΕ ΝΑ ΧΟΡΕΥΕΙΣ ΣΕ ΕΝΑ ΑΠΟΓΕΥΜΑ + ΣΟΥΠΕΡ ΠΡΟΣΦΟΡΑ!!! ΞΕΚΙΝΗΣΑΝ ΟΙ ΕΓΓΡΑΦΕΣ για το Σεμινάριο Αρχαρίων...,0.87,cds
EL237,αρχίδι,NOUN,0.9,Object,ανδρικός γεννητικός αδένας που παράγει σπέρμα και ορμόνες,male gonad producing sperm and hormones,"['όρχις', 'αχαμνά', 'καρύδι', 'μπαλάκι']","['testicle', 'ball', 'nut', 'gonad']",username Κατουρα και λίγο πιες και νεράκι μην κάψεις κάνα αρχιδι κάνει ζεστη χαχαχαχαχα,0.93,asm
EL237,αρχίδι,NOUN,0.9,Person,χυδαίος χαρακτηρισμός για άνθρωπο που θεωρείται αντιπαθητικός ή ανάξιος,vulgar insult for a person considered obnoxious or worthless,"['μαλάκας', 'κάθαρμα', 'βλάκας', 'καθίκι', 'κωλόπαιδο']","['asshole', 'jerk', 'prick', 'dickhead', 'bastard']","Άλλη μια μέρα που ένα θρησκευτικό ΑΡΧΙΔΙ, μας λέει τι πρέπει να κάνουμε στην ζωή μας αλλά αντί να κάψουμε τις εκκλησίες , σας πιάνει το χιπστερικο , είμαι υπέρ πάντως η μητρόπολη να γίνει κλαμπ!",0.83,asm
EL237,αρχίδι,NOUN,0.9,Behavioral_Trait,(στη φράση «στ’ αρχίδια μου») εκδήλωση πλήρους αδιαφορίας για πρόσωπα ή γεγονότα,utter indifference : couldn’t-care-less stance,"['χέστηκα', 'δε με νοιάζει']","['don’t-care', 'whatever']",username username Ξέσκισε την την σαλουφα. 297 τουιτς την ημέρα εδώ και 6 μήνες γράφει η ανεγκεφαλη η αν εραστή. Μας έχει ζαλίσει τ'αρχιδια το αργοσχολοι βοδι,0.93,asm
EL519,αρχιμαφιόζος,NOUN,0.82,Person,επικεφαλής εγκληματικής οργάνωσης που κατευθύνει παράνομες δραστηριότητες,head of a criminal organization directing illegal activities,"['νονός', 'αρχηγός της μαφίας', 'μαφιόζος', 'κακοποιός']","['mafia boss', 'crime lord', 'mobster', 'godfather']","Ο αρχιμαφιόζος Μάρκος Καραμπέρης με τά ""καθαρά χέρια""",0.5,cds
EL566,αρχοντιλίκι,NOUN,0.21,Behavioral_Trait,επιδεικτική και αλαζονική στάση που μιμείται τη ζωή της αριστοκρατίας,showy and arrogant attitude that imitates aristocratic lifestyle,"['μεγαλοπιάσιμο', 'τουπέ', 'κυριλίκι', 'αρχοντιά', 'φιγουρατζίδικο']","['snobbishness', 'lordliness', 'posh attitude', 'pretentiousness', 'grandstanding']","Ακούω Άρχοντας και άρχοντας......ένας ήταν ο άρχοντας, αυτός των δαχτυλιδιών! Εσύ έχασες προ πολλού το αρχοντιλικι..#The2NightShow",,cds
EL566,αρχοντιλίκι,NOUN,0.21,State,κατάσταση χλιδής και αυταρέσκειας που προσιδιάζει σε άρχοντα· πολυτέλεια συχνά επιδεικτική,opulent living : ostentatious luxury,"['χλιδή', 'αρχοντιά', 'καλοπέραση']","['opulence', 'high-life', 'luxury']",Το αρχοντιλίκι χρειάζεται και παράδες – πού θα τους βρουν;,,cds
EL1763,ασέλγεια,NOUN,0.74,Event,"Παράνομη ερωτική πράξη χωρίς συναίνεση, συχνά εις βάρος ανηλίκου, που προσβάλλει τη γενετήσια ελευθερία του θύματος",lewd or violent sexual act,"['βιασμός', 'σεξουαλική κακοποίηση', 'χυδαιότητα', 'πορνική πράξη']","['lewdness', 'sexual assault', 'obscenity', 'perversion']",Φρίκη στην Κέρκυρα: Καταγγελία για ασέλγεια 62χρονου σε 9χρονη,,svp
EL1763,ασέλγεια,NOUN,0.74,Behavioral_Trait,"τάση για ακραία, άσεμνη σεξουαλική συμπεριφορά που προσβάλλει τους άλλους",tendency toward obscene sexual behavior,"['σεξουαλική διαστροφή', 'ανηθικότητα', 'χυδαιότητα', 'λαγνεία']","['lasciviousness', 'lecherousness', 'obscenity', 'lechery']",Η τάση για ασέλγεια σε παιδιά αναπτύσσεται από πολύ νωρίς…,,svp
EL2320,ασελγής,ADJ,0.74,Person,άνθρωπος με έντονη και χυδαία σεξουαλική διάθεση που παρενοχλεί ή σοκάρει,lecherous person,"['λιγούρης', 'λαγνός', 'σαρκολάγνος', 'πορνικός', 'χυδαίος']","['lewd', 'lecherous', 'lascivious', 'perverted', 'salacious']",“Ο ασελγής Ηρώδης καρατομήσας δολερώς…”,,svp
EL2320,ασελγής,ADJ,0.74,Behavioral_Trait,"Πράξη, χειρονομία ή λόγος που προσβάλλει τη γενετήσια αξιοπρέπεια",indecent act : obscene gesture or remark,"['χυδαίος', 'πορνικός']","['indecent', 'obscene']",Πώς αποκαλύφθηκαν οι ασελγείς πράξεις καθηγητή Θρησκευτικών σε 15χρονη μαθήτρια σε σχολείο στη Λάρισα,,svp
EL1762,άσεμνος,ADJ,0.61,Behavioral_Trait,Συμπεριφορά ή λόγος που εκφράζει χυδαιότητα παραβιάζοντας κοινωνικούς κανόνες ευπρέπειας,indecent person or demeanor,"['πρόστυχος', 'χυδαίος', 'ανήθικος', 'πορνικός', 'κοινός']","['indecent', 'obscene', 'vulgar', 'crude', 'improper']","«Και τι είδες;» «Αν το πω, κύριε πρόεδρε, θα μου πείτε πάλι ότι μεταχειρίζομαι άσεμνες εκφράσεις».",0.31,svp
EL1762,άσεμνος,ADJ,0.61,Event,"Χειρονομίες ή εκφράσεις, κυρίως σε πληθυντικό, που προκαλούν δημόσιο σκάνδαλο λόγω σεξουαλικής χυδαιότητας",obscene gestures : scandalous actions,"['απρεπείς χειρονομίες', 'βωμολοχίες']","['obscene gestures', 'lewd remarks']",Στο εδώλιο πάλι ο τέως Μητροπολίτης Κιτίου – Κατηγορείται για άσεμνη επίθεση εναντίον ανήλικης,0.56,svp
EL1978,ασημαντότητα,NOUN,0.34,State,ιδιότητα πράγματος ή κατάστασης που στερείται βαρύτητας· χρησιμοποιείται απαξιωτικά για γεγονότα ή θέματα που θεωρούνται μη άξια λόγου,state of insignificance,"['μηδαμινότητα', 'μικρότητα', 'δευτερεύουσα αξία', 'ασημιά']","['insignificance', 'triviality', 'petitness', 'unimportance']",Φυσικά και θαυμάζουν τον Ρωμανό. Είναι ο μόνος που δεν τους θυμίζει την ασημαντότητα τους.,,asf
EL1504,άστεγος,ADJ,0.34,Person,άνθρωπος χωρίς μόνιμο τόπο κατοικίας που ζει στον δρόμο ή σε καταφύγια,homeless person : individual without permanent housing,"['ανέστιος', 'άκληρος', 'περιθωριακός', 'ξεσπιτωμένος']","['homeless', 'roofless', 'vagrant', 'destitute']",Οι πόρτες που μου ανοίγονται είναι δύο: ή το γραφείο της κόρης μου ή το άσυλο αστέγων του Ζήση.,0.23,dmc
EL2024,ασχήμια,NOUN,0.34,State,ιδιότητα κάποιου ή κάτι που προκαλεί αισθητική αποστροφή ή αντιπάθεια,ugliness,"['κακομορφιά', 'αμορφιά', 'αποτροπαιότητα', 'δυσαρμονία']","['ugliness', 'hideousness', 'unsightliness', 'repulsiveness']",Έβλεπε κάθε πρωί τον εαυτό του στον καθρέφτη και είχε συνηθίσει την ασχήμια και τις ρυτίδες του.,0.56,ddf
EL2024,ασχήμια,NOUN,0.34,Event,άσχημη ή ανάρμοστη πράξη που προσβάλλει κάποιον,"ugly, offensive deed","['απρέπεια', 'ατιμία']","['ugly act', 'offense', 'nastiness', 'insult']","Η κόρη που συνέχεια την λέει για την ηλικία της μάνας ,36, χρόνων λες κ είναι 90,πιο ασχήμια πεθαίνεις,πιο ωραία η μανα που είναι 36, κ πιο μικρή από την μαμά φαίνεται #oikogeneiakesistories",0.5,ddf
EL604,άσχημος,ADJ,0.51,Person,για άτομο με δυσάρεστα ή μη ελκυστικά εξωτερικά χαρακτηριστικά,ugly : physically unattractive person,"['δύσμορφος', 'αντιαισθητικός']","['ugly', 'unattractive', 'plain', 'unsightly']",O Ραμόν ήταν άσχημος.,0.54,ddf
EL604,άσχημος,ADJ,0.51,Behavioral_Trait,"για γεγονός ή συνθήκη· που προκαλεί δυσφορία, φόβο ή στενοχώρια",bad : unpleasant or harmful state,"['κακός', 'δυσάρεστος']","['bad', 'dire']",Πρέπει να σου πω κάτι άσχημο.,0.52,ddf
EL417,άτακτος,ADJ,0.43,Person,παιδί ή ενήλικος που δεν υπακούει σε κανόνες και προκαλεί αναστάτωση,naughty or unruly person,"['ανυπάκουος', 'ζαβολιάρης', 'σκανταλιάρης', 'ατίθασος']","['naughty', 'unruly', 'mischievous', 'rowdy']","Σήμερα παγκόσμια ημέρα κατά του σχολικού εκφοβισμού, και ξεχνάμε ότι bullying κάνουν και κάποιοι δάσκαλοι που διαχωρίζουν τα παιδιά σε καλών οικογενειών και ""κακών"", σε ήσυχα και άτακτα, σε ψηλά και κοντά,σε πλούσια και φτωχά..... Οι χειρότεροι!!!! #stop_bullying",0.67,cds
EL417,άτακτος,ADJ,0.43,Behavioral_Trait,"άτομο ή διάθεση με παιχνιδιάρικο, συχνά σεξουαλικό, τόνο που ξεπερνά συντηρητικούς κανόνες",naughty (flirty) : playful and mildly sexual,"['πρόστυχος', 'πειραχτήρι']","['cheeky', 'risqué']",Είμαι ένα άτακτο λαγουδάκι που πηδάει πάνω κάτω και του αρέσει να τρώει μεγάλα 🥕,,cds
EL417,άτακτος,ADJ,0.43,State,"για αντικείμενο ή χώρο· χωρίς τάξη, ακατάστατος",messy : lacking order,"['ακατάστατος', 'ανακατεμένος']","['messy', 'disorderly']","Είναι ένα μέρος δαιδαλώδες, άτακτο, χωρίς ροή…",,cds
EL409,αταξία,NOUN,0.2,State,"κατάσταση χωρίς κανόνες ή τακτοποίηση σε χώρο, σύστημα ή συμπεριφορά",disorder,"['αναρχία', 'ακαταστασία', 'χαώδης κατάσταση', 'μπάχαλο']","['disorder', 'mess', 'chaos', 'disarray']",«Ο πολύς κόσμος πιστεύει ότι θέλουμε την αταξία και την ανομία.,0.47,cds
EL409,αταξία,NOUN,0.2,Event,"πράξη παραβίασης κανόνων, κυρίως από παιδιά ή στρατιώτες",instance of misbehavior,"['σκανταλιά', 'παράπτωμα', 'παρακοή', 'ζημιά']","['misbehavior', 'infraction', 'prank', 'offense']",Έδωσαν πρόστιμο σε τυφλό για τις αταξίες του σκύλου του: Οι φύλακες ενός πάρκου στο Leicester επέβαλαν πρόστιμο ...,0.21,cds
EL491,ατζαμής,ADJ,0.62,Person,άτομο χωρίς δεξιότητα που συχνά κάνει απροσεξίες,clumsy person,"['αδέξιος', 'άτσαλος', 'γκαφατζής', 'σαχλαμάρας']","['clumsy', 'bungler', 'butterfingers', 'inept']",username Αυτή με τον φλεβοκομβο εννοείτε ε? Μάλλον για προσωπικούς της λόγους το έκανε ή να είναι ατζαμής?,0.49,dmc
EL353,άτυχος,ADJ,0.16,Person,που αντιμετωπίζει συχνά αρνητικές συγκυρίες χωρίς δική του ευθύνη,unlucky person,"['κακότυχος', 'δύσμοιρος', 'δυστυχής', 'κακόμοιρος']","['unlucky', 'ill-fated', 'ill-starred', 'hapless']","O άτυχος όμως Λιούλης, καμιά φορά ξεχνιόταν στο καφενείο και ξεστράτιζε.",0.46,cds
EL1590,αυθάδεια,NOUN,0.7,Behavioral_Trait,"Τρόπος συμπεριφοράς που φανερώνει έλλειψη σεβασμού, ντροπής ή ευγένειας απέναντι σε άλλους, και συχνά προκαλεί αντιδράσεις στο δημόσιο λόγο ή στον καθημερινό διάλογο",insolence,"['θρασύτητα', 'αγένεια', 'απρέπειες', 'υπεροψία']","['insolence', 'impudence', 'sass', 'cheek']","Φαγώθηκες ρε σεφ, γιατί σου έκοψα το αρνί και γιατί το ένα, γιατί το άλλο.... Γιατί έτσι ήθελα, τι ρωτάς τώρα??? Η αυθάδεια, ο τσαμπουκάς και η αγένεια στα κόκκινα. Εγώ αν ήμουν Κοντιζας  θα απαιτούσα να αποβληθεί από το παιχνίδι Αϊ στο διάολο τσογλανι#MasterChefGR'""",,cds
EL1590,αυθάδεια,NOUN,0.7,Event,"Μεμονωμένη, καταγεγραμμένη πράξη προσβλητικής συμπεριφοράς που καταδεικνύει έλλειψη σεβασμού",acts of insolence,"['προσβολές', 'θρασύτητες']","['insults', 'affronts']","Κάποτε που την κάλεσαν οι καθηγητές μου, γιατί είχα πάρει τριήμερη αποβολή λόγω αυθάδειας, χτύπησε έξαλλη το χέρι της στο γραφείο του Γυμνασιάρχη.",0.58,cds
EL569,αυθαιρεσία,NOUN,0.61,Repetitive_Action,παράνομη ή καταχρηστική ενέργεια που γίνεται χωρίς εξουσιοδότηση,arbitrary or illegal act,"['καταπάτηση', 'καταχρηστική πράξη', 'αυτοδικία', 'παρανομία']","['abuse', 'arbitrariness', 'usurpation', 'lawlessness']",username username username username Μιλάμε για 11 εμπρηστικούς μηχανισμούς στα σημεία που ξεκίνησε η φωτιά και βοήθησαν να εξαπλωθεί. Αυτό συνέβη μέρα με 10 μποφόρ. Γνώριζαν για τις αυθαιρεσίες των περιοχών και ότι εύκολα θα γινόντουσαν παγίδες θανάτου για τον κόσμο. Τόσοι νεκροί για να υπάρξει αφήγημα. Κτηνωδία,0.72,svp
EL2355,αυθαίρετος,ADJ,0.39,Behavioral_Trait,που δεν διαθέτει νόμιμη άδεια ή βασίζεται σε αδικαιολόγητη επιλογή,illegal or arbitrary thing,"['παράνομος', 'αδικαιολόγητος', 'ανομιμοποίητος', 'αναιτιολόγητος']","['illegal', 'unlicensed', 'arbitrary', 'unjustified']",,,re
EL2155,αυνανισμός,NOUN,0.61,Event,"σεξουαλική πρακτική κατά την οποία το άτομο διεγείρει μόνο του τα γεννητικά του όργανα, κυρίως σε συζητήσεις για υγεία ή ως υβριστικός υπαινιγμός",masturbation : self-stimulation of the genitals,"['αυτοϊκανοποίηση', 'μοναχικός έρωτας', 'αυτοδιέγερση', 'χειροσεξουαλική πράξη']","['masturbation', 'self-stimulation', 'onanism', 'self-pleasure']",Σήμερα ζούμε όλοι μας την εποχή του Μεγάλου Αυνανισμού. Κυριολεκτικά και μεταφορικά.,0.74,cds
EL2155,αυνανισμός,NOUN,0.61,Event,"Μεταφορική περιγραφή άκαρπης, εγωκεντρικής πνευματικής ενασχόλησης χωρίς πρακτικό όφελος («νοητικός/πνευματικός αυνανισμός»)",mental masturbation : fruitless self-absorbed thinking,"['κενολογία', 'φλυαρία']","['navel-gazing', 'idle theorising']","username username username Οσο δεν σε έχει τυφλώσει ο αυνανισμός,υπάρχει ελπίδα για σωτηρία..",0.71,cds
EL767,αυταρέσκεια,NOUN,0.49,Behavioral_Trait,"Εσωτερική ικανοποίηση και υπερηφάνεια που οδηγεί κάποιον να θαυμάζει υπερβολικά τον εαυτό του, συχνά εμφανής σε λόγο ή στάση",self-satisfaction : smug pleasure with oneself,"['αυτοθαυμασμός', 'ναρκισσισμός', 'αυτοδοξασία', 'υπερεγωισμός']","['self-satisfaction', 'complacency', 'narcissism', 'smugness']",username Ο ορισμός της αυταρέσκειας και της σιχαμαρας βέβαια.,0.56,cds
EL767,αυταρέσκεια,NOUN,0.49,Event,Πράξεις ή δηλώσεις που εκφράζουν αυτήν την υπερβολική αυτοϊκανοποίηση,smug displays : acts of self-congratulation,"['καυχησιές', 'φιλαρέσκειες']",['self-congratulatory acts'],"Οκ συγχαρητήρια αλλά τα αυτοαναφορικά τουιτ αυτοθαυμασμού δεν συνάδουν με την ταπεινότητα ενός αθλητή. Γνωστη βέβαια η αυταρέσκεια σου, δεν είναι πρώτη φορά! Κοινό γνώρισμα των νεοδημοκρατών ""το καλάμι""…!",,cds
EL770,αυτοϊκανοποίηση,NOUN,0.34,Event,πράξη όπου κάποιος ικανοποιεί μόνος του τη σεξουαλική του επιθυμία,self-pleasure act,"['αυνανισμός', 'μοναχικός έρωτας', 'αυτοδιέγερση', 'σεξουαλική αυτοπράξη']","['self-gratification', 'masturbation', 'self-pleasure', 'onanism']",Τυφλώνει η συνεχόμενη αυτοϊκανοποίηση! Ετσι ενημέρωτικα στο λέω,,cds
EL770,αυτοϊκανοποίηση,NOUN,0.34,Behavioral_Trait,τάση να αρκείται κανείς στις ικανότητές του και να μην επιδιώκει βελτίωση,complacent attitude,"['αυταρέσκεια', 'αυτοευχαρίστηση', 'επανάπαυση']","['complacency', 'self-satisfaction', 'smugness', 'contentment']",username username username Είναι ρεσιτάλ αυτοικανοποιησης να θεωρείς τους πολιτικούς σου αντιπάλους θρησκοληπτους και προληπτικούς. Κακομοιριά ...,0.75,cds
EL1939,αυτο-λατρεία,NOUN,nan,Behavioral_Trait,"συμπεριφορά υπερβολικού θαυμασμού προς το ίδιο το άτομο, που εκδηλώνεται ως μανιώδης ενασχόληση με την εικόνα του και αδιαφορία για τους άλλους",self-worship – obsessive admiration of one’s own person,"['ναρκισσισμός', 'αυτοθαυμασμός', 'αυτολατρεία', 'αυταρέσκεια']","['self-worship', 'narcissism', 'self-adulation', 'egolatry']","Η αυτολατρεία είναι εγωκεντρισμός. Διάβασα ένα βιβλίο πριν μερικά χρόνια που με βοήθησε πάρα πολύ να φτάσω στη ρίζα του εγωκεντρισμού μου. Λέγεται Self Centeredness the source of all grief. Είναι ένα πολύ γρήγορο διάβασμα, αλλά τόσο κατατοπιστικό.",,cds
EL1024,αφελής,ADJ,0.21,Person,άτομο που πιστεύει εύκολα τους άλλους και δεν υποψιάζεται κακή πρόθεση,naïve person,"['αθώος', 'ανυποψίαστος', 'καλόπιστος', 'ευκολόπιστος']","['naïve', 'gullible', 'trusting', 'simple']","Την κατηγορούσε ότι τον είχε ερωμένο, ενώ εγώ που μπαινόβγαινα τόσον καιρό στο σπίτι της και που δεν είμαι ούτε αφελής, ούτε στραβή, δεν αντελήφθην ποτέ το παραμικρό.",0.52,ddp
EL1024,αφελής,ADJ,0.21,Behavioral_Trait,κρίση ή πράξη που δείχνει απλότητα και έλλειψη κριτικού βάθους,naive view – simplistic or uncritical judgment,"['αφέλεια', 'επιπολαιότητα']","['simplistic notion', 'ingenuous view']","Το ξέρω, ήταν αφελές εκ μέρους μου.",0.33,ddp
EL2324,αφροσύνη,NOUN,0.28,Behavioral_Trait,απερισκεψία που οδηγεί σε λανθασμένες ή παράτολμες πράξεις,folly – reckless lack of sound judgment,"['αμυαλιά', 'μωρία', 'βλακεία', 'απερισκεψία']","['folly', 'foolishness', 'recklessness', 'madness']",Έχουμε τερματίσει την αφροσύνη ως είδος από την στιγμή που βασίζεται η υγεία κάποιου στο πόσο χρήμα βγάζει. #epanalhpsh,,ddp
EL2259,αχόρταγος,ADJ,0.67,Person,"επίθετο για άνθρωπο που δεν ικανοποιείται με ό,τι έχει και ζητά συνεχώς περισσότερο",person who is never satisfied and constantly wants more,"['λαιμάργος', 'άπληστος', 'αδηφάγος', 'ακορέστος']","['insatiable', 'greedy', 'gluttonous', 'avaricious']",username σου στειλα ντιεμ. κι αλλο θες; μα τι αχόρταγο πλάζμα εισαι συ,0.52,svp
EL2259,αχόρταγος,ADJ,0.67,Behavioral_Trait,"Έντονη, αδιάκοπη επιθυμία ή ανάγκη που δεν ικανοποιείται",insatiable desire,"['ακόρεστη επιθυμία', 'ακατάπαυστη όρεξη']","['insatiable craving', 'unquenchable appetite']","Το “αχόρταγο κράτος” καταπίνει φόρους χωρίς κανένα φρένο, γράφει καυστικό άρθρο γνώμης.",,svp
EL593,αχρείος,ADJ,0.77,Person,επίθετο για άτομο με ποταπό χαρακτήρα και ανήθικες πράξεις,person of vile character and immoral acts,"['παλιάνθρωπος', 'ποταπός', 'ξεδιάντροπος', 'κάθαρμα']","['vile', 'scoundrel', 'despicable', 'lowlife']",username Οτι ταχτηκες υπέρ του παιδοβιαστη οι αχρειοι λες και δεν ξέρουν ότι είσαι και ο ίδιος γονιός και έχεις ιδιαίτερες ευαισθησίες.,0.84,dmc
EL1197,αχρειότητα,NOUN,0.7,Behavioral_Trait,"Η ιδιότητα ή στάση που χαρακτηρίζεται από ποταπές, ανήθικες πράξεις",baseness; vile and immoral attitude,"['ποταπότητα', 'κακεντρέχεια', 'μοχθηρία', 'ανηθικότητα']","['baseness', 'depravity', 'vileness', 'wickedness']","""Χαστούκι"" #Καρυστιανού στον #Πρετεντέρη: ""#Αχρειότητα είναι πολύ σεμνή λέξη για κάποιες πράξεις""!",,dmc
EL1393,άχρηστος,ADJ,0.59,Person,Άτομο που θεωρείται ανίκανο να προσφέρει ή να πετύχει κάτι,person considered incapable of achieving or contributing,"['ανεπρόκοπος', 'ανίκανος', 'άπραγος', 'ανεπάγγελτος']","['useless', 'inept', 'good-for-nothing', 'incapable']",Είσαι εσύ που επαγγέλλεσαι τον κρατισμό. Είσαι εσύ που ήθελες να μην προχωρήσει το ψηφιακό κράτος για να κάνουν τη δουλειά στρατιές άχρηστων Δ.Υ. Εσύ είσαι αυτός που ήθελε να καταργήσει τη Δημοκρατία να ελέγξει τους αρμούς της εξουσίας. #Πολιτική #ΣΥΡΙΖΑ #ΚΙΝΑΛ #ΝΔ username,0.57,svp
EL1393,άχρηστος,ADJ,0.59,Behavioral_Trait,Αντικείμενο ή ενέργεια που δεν επιτελεί πια τον σκοπό του ή δεν προσφέρει καμία ωφέλεια,useless object : item serving no purpose or function,"['άχρηστο πράγμα', 'ακατάλληλο', 'παροπλισμένο']","['useless', 'worthless', 'inoperative']",Έτσι κι αλλιώς έμενε άχρηστο.,0.21,svp
EL2033,βάνδαλος,ADJ,0.85,Person,"Ατόμο που, συνειδητά, προκαλεί φθορές ή βεβήλωση σε ξένη ιδιοκτησία ή δημόσιο χώρο, συχνά χωρίς ιδεολογικό κίνητρο",person who destroys property for fun or provocation,"['καταστροφέας', 'ταραξίας', 'χούλιγκαν', 'βίαιος']","['vandal', 'hooligan', 'despoiler', 'wrecker']",username Και οι βάνδαλοι το ίδιοι. Ποτέ δεν βίαζαν την ίδια γυναίκα παραπάνω από τρεις ταυτόχρονα...,0.76,ps
EL258,βαρβαρισμός,NOUN,0.52,State,Επίμονο καθεστώς σκληρότητας ή πολιτισμικής αγριότητας που αρνείται κανόνες ανθρωπιάς,act of extreme cruelty and lack of civilization,"['θηριωδία', 'αγριότητα', 'βιαιότητα', 'βαναυσότητα']","['barbarism', 'atrocity', 'savagery', 'brutality']",O πόλεμος είναι ένα γεγονός βαρβαρικό και κατά τήν διάρκειά του ἐπικρατεί βαρβαρισμός,,an
EL258,βαρβαρισμός,NOUN,0.52,Event,Λάθος μορφής ή ήχου που παρεκκλίνει από την πρότυπη γλώσσα,barbarism (linguistic) : non-standard word-form deviating from the accepted norm,"['γλωσσικό λάθος', 'σολοικισμός (μερικώς)']","['barbarism', 'solecism']","Φαίνεται ότι για πολλούς το γλωσσικό αισθητήριο έπαψε πια να λειτουργεί και ως εκ τούτου, στις μέρες μας, οι γλωσσικοί βαρβαρισμοί κατήντησαν σύνηθες φαινόμενο, με αποτέλεσμα η ελληνική γλώσσα να υποβαθμίζεται.",,an
EL255,βάρβαρος,ADJ,0.74,Person,Άλλογλωσσο ή απολίτιστο άτομο που θεωρείται έξω από τα όρια του «πολιτισμένου» κόσμου,person behaving savagely and uncivilized,"['άγριος', 'απολίτιστος', 'θηριώδης', 'άξεστος']","['barbarian', 'savage', 'uncivilized', 'brutish']","Βάρβαρε!» Φεύγει, τρέμοντας σύγκορμη, τη στιγμή που εγώ βουτάω το τραπεζάκι στη μέση του καθιστικού και το αναποδογυρίζω.",0.49,ps
EL255,βάρβαρος,ADJ,0.74,Behavioral_Trait,"Πράξη, καθεστώς ή συμπεριφορά που επιδεικνύει ωμότητα, σκληρότητα ή πλήρη έλλειψη πολιτισμού","barbaric : cruel, inhumane, lacking civility","['ωμή', 'σκληρή', 'απάνθρωπη']","['barbaric', 'brutal', 'inhumane']","Θέλει να καθίσω δίπλα της και να την αρχίσω στις γαλιφιές, αυτή να μου κουνιέται και να μου λέει ότι δεν μπορεί να υποφέρει άλλο τους βάρβαρους τρόπους μου, εγώ να της λέω ότι έχει δίκιο, αλλά φταίει η πίεση και η υπερένταση της υπηρεσίας, κι αφού φάμε έτσι κάπου τρία τέταρτα της ώρας, στο τέλος να ενδώσει με μεγάλο κόπο, λέγοντας ότι είναι η τελευταία φορά που υποχωρεί, ενώ στην πραγματικότητα είναι πάντα η προτελευταία, η τελευταία δεν έρχεται ποτέ.",0.56,ps
EL504,βαρεμάρα,NOUN,0.21,State,Αίσθημα ανίας και έλλειψης κινήτρων που οδηγεί σε απραξία ή αδιαφορία,feeling of boredom and lack of interest,"['πλήξη', 'ανία', 'μονοτονία', 'νύστα']","['boredom', 'tedium', 'ennui', 'dullness']",Τον Αλέξη Κωσταλα έπρεπε να έχουμε να δίνει τις βαθμολογίες. Ή τον Τζέισον απ'το #dwtsgr. Μπας και ξυπνήσουμε λίγο απ'τη βαρεμάρα την τωρινή #gntmgr,0.59,svp
EL505,βαρετός,ADJ,0.3,Person,Άτομο που κάνει τους άλλους να νιώθουν ανία,person or speech that causes boredom because of lack of interest,"['ανιαρός', 'μονοτονικός', 'πλαδαρός', 'άχαρος']","['boring', 'dull', 'tedious', 'monotonous']","username Δεν χρειάζεται να κάνει όπως αυτοί, θα μπορούσε να δείξει λίγο τσαμπουκά. Με τα κλισέ που χρησιμοποιεί γίνεται βαρετός. Όταν ο αντίπαλος κάνει τη συζήτηση ροντέο οφείλει να είναι σκληρός.",0.69,svp
EL505,βαρετός,ADJ,0.3,Behavioral_Trait,"Χαρακτηριστικό πράγματος, δραστηριότητας ή λόγου που προκαλεί πλήξη γιατί στερείται ενδιαφέροντος","boring (of a thing/task) : uninteresting, causing boredom"," ['μονότονος', 'κουραστικός']","['boring', 'monotonous', 'dreary']","Ποοοοσο #βαρετό και όόό,τι να’ναι είναι να χρησιμοποιείς σαν #όπλο εξόντωσης, τη σεξουαλικότητα κάποιου ανθρώπου. Κουδούνια μας τα κάνατε πια με το τι γουστάρει ο ένας και ο άλλος. Βρε ουυυυυυστ. Η #σεξουαλικότητα θα κυβερνήσει ή το #μυαλό; #συριζα",,svp
EL1916,βαρίδι,NOUN,0.2,Object,"Συμπαγές βάρος που προσδένεται σε πετονιά, καλώδιο ή ιστό για σταθεροποίηση ή βύθιση, χρησιμοποιείται συχνά για να δηλώσει το βάρος ή το εμπόδιο που καθυστερεί, φρενάρει ή επιβαρύνει την πορεία ενός προσώπου, σχεδίου ή οργανισμού",inanimate or figurative weight that hampers progress,"['βάρος', 'φορτίο']","['dead weight', 'burden', 'ballast', 'weight']",Χατζηδάκης: Ο λιγνίτης έγινε βαρίδι για τη ΔΕΗ λόγω των υψηλών εισφορών co2 που πληρώνει,,qas
EL1916,βαρίδι,NOUN,0.2,Person,"Μεταφορικά, άτομο ή συλλογικός φορέας που καθυστερεί πρόοδο ή δημιουργεί επιβάρυνση, σαν βάρος που εμποδίζει κίνηση",dead weight : person or factor that drags others down,"['βάρος', 'τροχοπέδη', 'φορτίο']","['dead weight', 'drag', 'millstone']",Πλέον ο Μητσοτάκης δεν τραβάει.... είναι βαρίδι για την οικονομία – Υπάρχει πολιτικό πρόβλημα και τεράστιο έλλειμμα αφηγήματος https://scq.io/z9cPgFI via @bankingnewsgr,,qas
EL285,βαρόνος,NOUN,0.26,Person,Άνδρας που φέρει τον κατώτερο τίτλο της τιτλοκρατούσας αριστοκρατίας• κληρονομικός βαθμός κάτω από τούς κόμητες,"man with great economic or illicit power, often ruthless","['άρχοντας', 'μεγαλοπαράγοντας', 'μεγιστάνας', 'μαφιόζος']","['baron', 'tycoon', 'lord', 'kingpin']",Βαρόνος Μινχάουζεν: Ένας φαντασιόπληκτος που έγινε παραμύθι,,qas
EL285,βαρόνος,NOUN,0.26,Person,"Πρόσωπο με ανεπίσημη αλλά τεράστια ισχύ και οικονομικό έλεγχο σε έναν τομέα (ναρκωτικά, media, πολιτική), συχνά με αρνητική χροιά",kingpin/baron : powerful (often illicit) magnate dominating a sector,"['μεγιστάνας', 'νονός', 'άρχοντας της πιάτσας']"," ['baron', 'kingpin', 'magnate']",Rupert Murdoch: Αποσύρεται από πρόεδρος των Fox και News Corp ο «βαρόνος» των media,,qas
EL2064,βασανίζω,VERB,0.69,Event,"Προκαλώ σωματικό πόνο μεθοδικά, ώστε να τιμωρήσω ή να αποσπάσω ομολογία",to deliberately inflict physical or mental pain,"['ταλαιπωρώ', 'κουράζω', 'παρενοχλώ', 'βασανώ']","['torture', 'torment', 'harass', 'agonize']","username Συμφωνώ αλλά δεν είναι απλά δολοφόνος, τα βασάνιζε και τα τρια παιδάκια. Ο χανιμπαλ δεν είχε τόσο ναρκισσισμό.",0.8,qas
EL2064,βασανίζω,VERB,0.69,Event,"Μεταφορικά, προκαλώ έντονη πνευματική ανησυχία σε κάποιον ή υποβάλλω τον εαυτό μου σε διαρκή σκέψη",torment (mentally) : trouble someone with persistent worrying thoughts,"['τυραννώ', 'προβληματίζω']","['torment', 'plague', 'rack']","Το ερώτημα που βασανίζει τον Σωτηρόπουλο, τον Στεργιάδη, τον Κυριαζίδη και εμένα έχει απαντηθεί.",0.24,qas
EL2403,βασανιστήριο,NOUN,0.74,Event,Εσκεμμένη επιβολή έντονου σωματικού πόνου για εκφοβισμό ή ανάκριση,torture : deliberate infliction of severe physical pain,"['σωματικός πόνος', 'μαρτύριο']","['torture', 'torment']","username Ο Αη στράτης δεν ήταν μέρος διχασμού ήταν τόπος εξορίας, βασανιστηρίων, εκτελέσεων κομμουνιστών, αγωνιστών της εργατικής τάξης. Επειδή λοιπόν η ιστορία είναι παρούσα γι'αυτό κ την φοβάστε...!!!",0.64,re
EL2403,βασανιστήριο,NOUN,0.74,Behavioral_Trait,Κάθε αφόρητα δυσάρεστη εμπειρία που παρατείνεται και εξαντλεί ψυχικά,"ordeal : protracted, distressing experience","['κόλαση', 'μαρτύριο', 'πίκρα']","['ordeal', 'torture', 'anguish']","Ερευνητές διαπίστωσαν ότι διαπράχθηκαν εγκλήματα σε βάρος πολιτών και μεταναστών που διέσχισαν τη Λιβύη για να φτάσουν στην Ευρώπη, αλλά κατέληξαν να κρατούνται σε φριχτές συνθήκες. Τα πρώτα ευρήματα καταγράφουν εγκλήματα, όπως ανθρωποκτονίες, βασανιστήρια, εκτελέσεις, βιασμούς.",0.6,re
EL104,βασανιστής,NOUN,0.85,Person,Άτομο που προκαλεί συστηματικά πόνο σε άλλους για τιμωρία ή εξαναγκασμό,person who systematically inflicts pain on others,"['δυνάστης, 'τύραννος', 'σαδιστής', 'βίαιος']","['torturer', 'executioner', 'tormentor', 'sadist']","username τις ιδες ιστοριες για μαυραγοριτες,ρουφιανους,βασανιστες,ταγματα θανατου,εξαφανισεις αντιφρονουντων,εκτελεσεις που θα σου αφηγηθει ενας αριστερος παππους στην Ελλάδα για τους δεξιους,τις ιδιεα θα σου αφηγηθεί ενας παππους στην μολδαβια για τους σταλινιστες και καποιοι ωφελημενοι&gt;",0.97,cds
EL2277,βατράχι,NOUN,0.18,Person,"Άτομο που θεωρείται αποκρουστικό ή ασήμαντο, παραλληλισμένο με αμφίβιο",frog; pejoratively for someone deemed ugly or croaky,"['βάτραχος', 'φρύνος', 'σκουληκαντέρα']","['frog', 'toad', 'ugly person']","Να χεις τώρα Τριαντάφυλλο να κατεβαίνει σαν βατράχι από τη τσουλήθρα, και να σου παίρνει κ τη νίκη #survivorGR",0.56,an
EL2274,βάτραχος,NOUN,0.15,Person,Υποτιμητικός χαρακτηρισμός για άνθρωπο με παράξενη φωνή ή αντιαισθητική όψη,frog (slur) : person mocked as ugly or croaking,"['βατράχι', 'φρύνος', 'λιμνόπαιδο']","['frog', 'toad', 'croaker']","Για δείτε κάτι, μούτρα που μεταμορφώνουν τους βατράχους!",0.72,an
EL2274,βάτραχος,NOUN,0.15,Person,Εκπαιδευμένος υποβρύχιος καταδρομέας των Ειδικών Δυνάμεων,frogman : naval commando trained for underwater missions,['βατραχάνθρωπος'],"['frogman', 'combat diver']","Να είσαι ΟΥΚας, πρώην αρχηγός ΓΕΕΘΑ, πρώην υπουργός Εθνικής Άμυνας κ, να καταντάς το τσιράκι του Τσίπρα κ, κομπάρσος στα θεατρικά του Κασσελάκη. Κρίμα. Όσοι από μας είχαμε την τιμή να υπηρετήσουμε στις Ειδικές Δυνάμεις, σίγουρα δεν νιώθουμε ευχάριστα με τον κατήφορο του βάτραχου.",,an
EL2295,βδέλλα,NOUN,0.51,Person,"Άτομο φορτικό ή εκμεταλλευτικό που κολλά επίμονα σε άλλους για προσωπικό όφελος, όπως το παρασιτικό ζώο",leech (person) : clingy exploiter,"['παράσιτο', 'κολλιτσίδα', 'φορτικός']","['leech', 'sponger', 'parasite']",username Μιλάμε έχουν παρανοησει τελείως!!! ????????????????????????????Τι θα γίνε με την κατάντια τους. Μιλαμε για βδέλλες!!,0.83,an
EL846,βία,NOUN,0.51,State,"Κοινωνικό φαινόμενο όπου ασκείται ηθελημένη φυσική δύναμη ή απειλή, προκαλώντας σωματική ή ψυχική βλάβη",use of physical or psychological force with aggressive intent,"['αγριότητα', 'βαναυσότητα', 'κακοποίηση', 'βιαιότητα']","['violence', 'force', 'brutality', 'abuse']",username Εντωμεταξύ ρε παιδιά ο Κεχαγιάς Ζακ κ Σοφία μόνιμα τσίρκο κ τρελή τη λένε μπροστά της...Ο Χαος το ίδιο!Η Ραγισα εκτός από τη σωματική βία την έλεγε τσουλα καριολα μαλακισμενη τρελή!Τα Δυδιμα ανώριμα πάντα!,0.84,or
EL2468,βίαιος,ADJ,0.7,Person,Άτομο που τείνει να χρησιμοποιεί επιθετική δύναμη εναντίον άλλων,person who resorts to aggressive force,"['βάρβαρος', 'επιθετικός']","['violent', 'aggressive', 'rough', 'brutal']",Οι περισσοτερες γυναικες στη ζωη μας εχουμε συνάντησει εστω και μια φορα εναν αντρα βιαιο και αυτο λεει πολλα!,0.54,re
EL2468,βίαιος,ADJ,0.7,Behavioral_Trait,Ενέργεια ή συμβάν όπου ασκείται έντονη δύναμη με καταστροφικά αποτελέσματα,violent (event) : involving great destructive force,"['σφοδρός', 'άγριος']","['violent', 'fierce']","«Όταν έφυγε πήρε τα δικά της, αλλά ήταν τόσο βίαιος ο χωρισμός, που ξέχασε να του ζητήσει το άλλο ζευγάρι».",0.51,re
EL1006,βιασμός,NOUN,0.79,Event,"Πράξη εξαναγκασμού σε σεξουαλική επαφή χωρίς συναίνεση, συχνά με απειλή ή φυσική δύναμη",forced sexual act without consent,"['σεξουαλική κακοποίηση', 'εξαναγκασμός']","['rape', 'sexual assault', 'violation', 'coercion']","ΕΝΤΕΛΩΣ ΞΑΦΝΙΚΑ ΟΣΟΙ ΑΣΕΛΓΟΥΝ ΚΑΙ ΠΡΟΒΑΙΝΟΥΝ ΣΕ ΚΑΚΟΠΟΙΗΣΗ ΒΙΑΣΜΟ ΚΑΙ ΑΛΛΕΣ ΠΑΡΟΜΟΙΕΣ ΠΡΑΞΕΙΣ ΧΑΡΑΚΤΗΡΙΖΟΝΤΑΙ ΩΣ ""ΕΧΟΝΤΕΣ ΨΥΧΟΛΟΓΙΚΑ ΠΡΟΒΛΗΜΑΤΑ""",0.84,re
EL1006,βιασμός,NOUN,0.79,Event,"Βάναυση παραβίαση θεσμού, αρχής ή συμβόλου που θεωρείται ιερό ή απαραβίαστο",violation (figurative) : brutal infringement of a revered entity,['κατάφωρη παραβίαση'],"['violation', 'rape (fig.)']","username username Εγώ όχι, αυτή κρίνει εξ ιδιων και βλέπει βιασμό. Αλήθεια που το είδε;;;",0.57,re
EL2364,βιαστής,NOUN,0.84,Person,άνθρωπος που εξαναγκάζει κάποιον σε σεξουαλική πράξη χωρίς συναίνεση,person who forces someone into sexual intercourse,"['σεξουαλικός εγκληματίας', 'δράστης βιασμού', 'κακοποιητής']","['rapist', 'sex offender', 'sexual predator']","Αυτή εδώ η σκατιάρα σε οποιοδήποτε άλλο κράτος της ΕΕ έβγαινε σε κανάλι με εθνική εμβέλεια και έλεγε για έναν ΚΑΤΑΔΙΚΑΣΜΕΝΟ ΒΙΑΣΤΗ πως υπάρχει και το τεκμήριο αθωότητας, θα ήταν ήδη στον ΟΑΕΔ 7 το πρωί να κοιτάει προκηρύξεις",0.89,re
EL187,βλάκας,NOUN,0.84,Person,πρόσωπο με χαμηλή αντίληψη ή που φέρεται ανόητα,person considered stupid or foolish,"['ηλίθιος', 'ανόητος', 'κουτός', 'χαζός']","['idiot', 'fool', 'moron', 'dummy']",Εγώ κάνω τον βλάκα γιατί με βολεύει.,0.57,asf
EL1906,βλακεία,NOUN,0.38,Behavioral_Trait,νοητική αδυναμία ή έλλειψη κρίσης ως σταθερό γνώρισμα,persistent lack of intelligence or judgment,"['ηλιθιότητα', 'κουταμάρα', 'ανοησία']","['stupidity', 'idiocy', 'foolishness']","username username username Δεν σε έχω ξεπεράσει ακόμη. Είσαι ο βασιλιάς της βλακείας και ο,τι και να κάνεις δε θα κατέβεις από το θρόνο σου",0.72,asm
EL1906,βλακεία,NOUN,0.38,Event,πράξη ή λόγος που θεωρείται πολύ ανόητος,stupid act or remark,"['κουταμάρα', 'ανοησία', 'πατάτα']","['blunder', 'stupid thing', 'foolish act']",τα σπεις τα χλευαζετε αλλα τα ακουτε και δεν καταλαβαινω γιατι τα γραφετε εδω ΓΙΑΤΙ ΚΑΤΑΣΤΡΕΦΕΤΕ ΜΟΝΟΙ ΣΑΣ ΤΟ ΠΑΤΡΑ? εσεις που βριζετε και κραζετε κανετε κακο και οχι αυτοι που ειναι σε σπεις μπαινουμε να διαβασουμε και βλεπουμε τις βλακειες σας #πατρα,0.62,asm
EL318,βλακέντιος,NOUN,0.44,Person,"άντρας που χαρακτηρίζεται ως ακραία ανόητος, συχνά χλευαστικά","male labeled as extremely stupid, used mockingly","['βλάκας', 'βλαξ']","['dummy', 'dimwit', 'simpleton']",Όλοι αυτοί που σήμερα κράζουν Καραμανλή τον ψήφιζαν με χέρια και με πόδια. Οι ίδιοι αυτοί σήμερα κράζουν και τη Μέρκελ που μέχρι εχθές την είχαν εικόνισμα. Βλακεντιοι μέχρι το μεδούλι.,0.72,ddp
EL173,βλαξ,NOUN,0.84,Person,"άτομο με χαμηλή εξυπνάδα, λόγιος ή ειρωνικός τύπος","person considered slow-witted, formal or ironic term","['ανόητος', 'ηλίθιος', 'βλάκας']","['fool', 'imbecile', 'blockhead']",Πάκη Παυλόπουλε φαφλατά ντροπιάζεις το θεσμό του ΠτΔ. Άρπα μια φάπα από τον σουλτάνο βλάξ.,0.91,cds
EL1800,βλάχος,NOUN,0.61,Person,κάτοικος επαρχίας ή άτομο που θεωρείται αγροίκος και αμόρφωτο,person from countryside perceived as uncouth or uneducated,"['χωριάτης', 'αγροίκος', 'βοσκός', 'καράβλαχος']","['redneck', 'hillbilly', 'yokel', 'bumpkin']","username username Δεν έχεις καταλάβει όταν πρόκειται για τον βλάχο, ακούν μόνο ότι τους συμφέρει;;;",0.55,cds
EL511,βόδι,NOUN,0.43,Person,πρόσωπο που θεωρείται αργόστροφο ή δυσκίνητο,person deemed slow-witted or clumsy,"['χαζός', 'γίδι', 'ζώον', 'βουβάλι']","['ox', 'dumbhead', 'lummox', 'oaf']",username username username Είναι και τα δυο τελικά. Μα είναι να απορείς με αυτούς που τον πληρώνουν. Αυτός είναι εντελώς ΒΛΑΚΑΣ. Αλλά μάλλον το μόνο που τους νοιάζει κι αυτούς είναι απλά να υπάρχουν υβριστές σαν αυτό το βόδι τον username κι ας είναι εντελώς ηλίθιοι. Κρίμα στα παιδιά του ΑΝ ΕΧΕΙ ή ΑΝ ΚΑΝΕΙ,0.6,an
EL541,βουβάλι,NOUN,0.34,Person,"άνθρωπος μεγαλόσωμος και άγαρμπος, συχνά θεωρείται χοντροκομμένος","large, clumsy person considered rough","['θηρίο', 'γομάρι', 'βόδι', 'βούβαλος']","['buffalo', 'brute', 'big guy', 'hulk']","Kάτσε στην άκρη ρε βλαμμένο, όταν στο βούρκο μαλώνουν τα βουβάλια, την πληρώνουν τα βατράχια. Και μίλα λιγότερο έως καθόλου. Άιντε, τρομάρα σου! (Αμένσωτο.Σχεδόν.)",0.8,an
EL400,βούβαλος,NOUN,0.48,Person,"άτομο πολύ μεγαλόσωμο ή χοντροκομμένο, συχνά αδέξιο","very big or coarse person, often clumsy","['βουβάλι', 'θηρίο', 'βόδι']","['buffalo', 'oaf', 'big brute', 'ox']",«Αμερικάνικος Βούβαλος»: Σύσσωμη η showbiz στην επίσημη πρεμιέρα της παράστασης,0.2,an
EL2348,βραδύνους,ADJ,0.23,Person,άτομο που καθυστερεί να αντιληφθεί ή να αντιδράσει,person slow to understand or react,"['βραδύστροφος', 'αργόστροφος', 'βλάκας']","['slow-witted', 'slowpoke', 'sluggish thinker', 'dullard']","Είστε οπωσδήποτε εμμονική και βραδύνους. Ζητείστε βοήθεια, δεν είναι κακό!",,ddp
EL1614,βρεφοκτονία,NOUN,0.72,Event,"φόνος νεογέννητου από γονέα ή άλλο πρόσωπο, πράξη τιμωρούμενη ως ιδιαίτερο έγκλημα",killing of an infant by parent or other person,"['παιδοκτονία', 'νεογνοκτονία', 'δολοφονία βρέφους']","['infanticide', 'baby killing', 'infant murder']","Η αφίσα ξεκάθαρα απευθύνεται σε εκείνα τα περιστατικά όπου οι βρεφοκτονίες έγιναν με αφορμή την απόγνωση των νεαρών κοριτσιών όπου επίσης οι ύαινες είχατε πιάσει πέτρες για να πετάξετε. Ντροπή σας που τολμησατε να κάνετε συσχέτιση με το περιστατικό της Πάτρας, πουθεναδες.",0.72,re
EL2252,βρόμικος,ADJ,0.31,Person,άνθρωπος με κακή υγιεινή ή ανέντιμη συμπεριφορά,person filthy or morally unscrupulous,"['λερωμένος', 'ακάθαρτος', 'κατινιάρης', 'σάπιος']","['filthy', 'dirty', 'sleazy', 'grubby']","Νικολάου σε Παύλο Πολάκη: Είσαι φασίστας, βρόμικος, άθλιος και επικίνδυνος άνθρωπος",,dmc
EL2252,βρόμικος,ADJ,0.31,Behavioral_Trait,αντικείμενο ή χώρος γεμάτος ρύπους,object or place covered with dirt,"['ακάθαρτος', 'μουτζουρωμένος', 'λερωμένος']","['dirty', 'filthy', 'grimy']",Αναρχοφασίστες με βρόμικα νύχια ζουν ονειρώξεις με λουτρά αίματος με αχλή σκοταδισμού και αφίσες Μαζιώτη μέσα σε οσμές πατσά και ποδαρίλας.,0.95,dmc
EL1269,βρώμα,NOUN,0.72,State,έντονη δυσάρεστη οσμή που παραμένει,persistent foul smell,"['δυσωδία', 'κακοσμία', 'βρόμα']","['stench', 'bad smell', 'odor']",username Τραγικες οι παρατάξεις εντός σχολών στη δικια μ μια έμεινε κ αυτή ειναι σα μην υπάρχει πλέον γτι πολύ απλα αδιαφορουσαμε όλοι..Βέβαια οσοι ανήκαν σ αυτή πηραν πτυχια κ εννοείται παλιότερα π είχε μια ακομα κ απο εκει ολοι πτυχία.Ασε δε βρωμια κ βανδαλισμοί σε νεόδμητο πανεπιστήμιο,0.71,dmc
EL1269,βρώμα,NOUN,0.72,Person,υβριστικός χαρακτηρισμός για άνθρωπο που θεωρείται ανήθικη,insult for a woman deemed immoral,"['άτιμη', 'τσούλα', 'πόρνη']","['tramp', 'slut', 'filthy woman', 'whore']",Εργαλειοποιούν για πολιτικούς λόγους μέχρι και τους βιασμούς.Μιλάμε για τεράστια και ασύγκριτης βρώμας μουνόπανα.,0.9,dmc
EL1269,βρώμα,NOUN,0.72,Object,Ύλη ή βρωμιά που λερώνει χώρο ή αντικείμενο και συχνά μυρίζει άσχημα,filth : dirty matter,"['ακαθαρσία', 'σκουπίδι']","['filth', 'grime']",#υποκλοπες Είστε βουτηγμένοι μέσα στα σκατα κύριοι. Και όσο και να θέλετε να κρύψετε την βρώμα σας με ακριβά αρώματα και κοστούμια πάλι σκατιλα μυρίζετε.,0.9,dmc
EL1755,βυζανιάρικο,NOUN,0.52,Person,Βρέφος ή νεογνό ανθρώπου/θηλαστικού που θηλάζει ακόμη,nursing infant : baby still suckling," ['μωρό', 'γαλαθηνός']","['nursling', 'suckling']"," Πάρε τούτο το βυζανιάρικο , μπας και γλιτώσει η ψυχούλα του το τούρκικο χαντζάρι.",,cds
EL1755,βυζανιάρικο,NOUN,0.52,Person,Χαϊδευτικά-ειρωνικά για άτομο εξαρτημένο από τη μητρική φροντίδα ή συναισθηματικά ανώριμο,mama’s boy : over-dependent person,"['μαμόθρεφτο', 'ανώριμος']","['mama’s boy', 'baby']",Να μαλώνεις τον εαυτό σου καμιά φορά που κάθεται και κλαψουρίζει σαν μωρό κι εσύ κάθεσαι και του δίνεις γλειφιτζούρι μη και σου στεναχωρηθεί το βυζανιάρικο.,,cds
EL1293,βωμολοχία,NOUN,0.64,Repetitive_Action,συχνή χρήση χυδαίων ή προσβλητικών λέξεων,habitual use of obscene or offensive language,"['χυδαιολογία', 'βρισίδι', 'κακοστομία']","['foul language', 'profanity', 'obscenity']","Φωνητικής??? Η συγκεκριμένη μόνο καθηγήτρια βωμολοχίας, αθυροστομίας και τραμπουκισμού θα μπορούσε να είναι.",,dmc
EL1293,βωμολοχία,NOUN,0.64,Event,Χρήση χυδαίων ή σεξουαλικά άσεμνων εκφράσεων σε δημόσιο λόγο,obscenity (speech) : utterance of vulgar words,"['αισχρολογία', 'χυδαιολογία']","['obscenity', 'swearing']","Ο ΛεΜπρόν Τζέιμς δίνει ΣΥΓΚΙΝΗΤΙΚΗ, γεμάτη βωμολοχίες ομιλία στη γιορτή της νίκης στο Κλίβελαντ",,dmc
EL2,γαβγίζω,VERB,0.16,Event,"H παραγωγή δυνατού ήχου όπως κάνουν τα σκυλιά, ή η απότομη φωνή",produce loud sound like dogs or shout sharply,"['γαυγίζω', 'ουρλιάζω', 'φωνασκώ']","['bark', 'yell', 'snap']","Γάβγιζε χαρούμενα, όπως όλα τα σκυλιά όταν Κλείνω την πόρτα και περιμένω ν’ ακούσω τον μπάτσο να γαβγίζει ή την εισαγγελέα να μυξοκλαίει, αλλά δεν ακούω τίποτα. ",0.75,an
EL190,γαϊδάρα,NOUN,0.44,Person,"γυναίκα που θεωρείται αγενής, πεισματάρα ή αδέξια","woman labeled rude, stubborn or clumsy","['άξεστη', 'στρίγκλα', 'γαιδούρα', 'μουλάρα']","['donkey woman', 'shrew', 'stubborn woman', 'oafish woman']","«Κατέβα μωρή γαϊδάρα, κρίμα το ζωντανό»",,an
EL191,γάιδαρος,NOUN,0.49,Person,"άντρας αγενής ή πεισματάρης, μεταφορικά από το ζώο",man considered rude or stubborn,"['μουλάρι', 'χοντροκέφαλος', 'ζώον', 'ακαλλιέργητος']","['jackass', 'donkey', 'boor', 'lout']","Κάπου ωπα ρε εδώ μέσα με τους Δαλακοχεϊτερς και τους Δαλακοφανς. Τέτοιο μίσος από τις δύο πλευρές, έχουμε να δούμε από το '46-'49 Ηρεμήστε λίγο. Υπάρχει ζωή και το πέρα από το #survivorGR Ο σοφός λαός λέει, ""δύο γάιδαροι μαλώνανε σε ξένο αχυρώνα"" Get a life!!!",0.62,om
EL193,γαϊδούρι,NOUN,0.44,Person,ουδέτερη μορφή προσβολής για άτομο αγενές ή αδέξιο,gender-neutral insult for rude or clumsy person,"['γάιδαρος', 'βόδι', 'ζώον', 'μουλάρι']","['donkey', 'oaf', 'jerk', 'lummox']",....όλα για εσάς Γυναίκες...... να μη μείνει γαϊδούρι για γαϊδούρι..!!!.μουλάρες...έ μουλάρες...,0.67,an
EL807,γαμημένος,VERB,0.8,Person,"πολύ υβριστικός χαρακτηρισμός για άτομο που προκαλεί οργή ή μίσος, συχνά ως αντικείμενο απειλής ή κατάρας",strong curse expressing contempt toward a person,"['καταραμένος', 'άθλιος', 'άχρηστος', 'σκατόψυχος']","['fucked', 'damned', 'freaking', 'bloody']",username Πες τα καθικι μου...γαμημενοι απογονοι των Ναζι..μας έχουν πιεί το αίμα ..,0.86,asm
EL807,γαμημένος,VERB,0.8,Behavioral_Trait,"Έντονος υβριστικός επιθετικός προσδιορισμός που δηλώνει ακραία ενόχληση ή απαξίωση για πρόσωπο, πράγμα ή κατάσταση",curse expressing strong anger at thing or situation,"['διαολεμένος', 'παλιό', 'άθλιος', 'σακατεμένος']","['damned', 'bloody', 'fucking', 'lousy']",Κάποτε μετράγαμε παγωτά και μπάνια. Τωρα μετράμε γαμημενες μέρες ως την άδεια.,0.72,asm
EL809,γαμήσι,NOUN,0.82,Event,"Σεξουαλική πράξη μεταξύ δύο ή περισσότερων προσώπων, ιδίως σε ανεπίσημο ή χυδαίο ύφος",sex act : consensual intercourse,"['πήδημα', 'σεξ']","['sex', 'fuck']",username Κωλαρα βυζαρες τουμπανο για γαμησι,0.97,asm
EL809,γαμήσι,NOUN,0.82,Event,Εξαιρετικά δύσκολη ή βασανιστική κατάσταση που “πονάει” τον εμπλεκόμενο όπως η σεξουαλική βία,mess : nasty predicament,"['ξεπάτωμα', 'ξεκώλιασμα', 'ταλαιπωρία']","['mess', 'nightmare']",username Ναι ρε πούστη. Γαμήσι θέλουν όλα τα ψευτοαριστέρα μπουρδέλα με τις κακογαμημένες πουτάνες που από πάνω λένε πως υπερασπίζονται το δίκιο των εργατών. Χειρότεροι από την ΝΔ κατάντησαν.,0.95,asm
EL1404,γαμώ,VERB,0.79,Event,"Πραγματοποίηση σεξουαλικής πράξης με κάποιον/α, σε πολύ χυδαίο ύφος",to fuck : have sexual intercourse,"['πηδάω', 'ξεσκίζω (χυδ.)']","['fuck', 'bang']","Ρε τσουτσέκι για τ Μυρτω τίποτα... για τ αλητισσα τ Μούρθου τίποτα, γαμω τ φάρα σας σκατα αποσκατα τ κοινωνίας ...",0.95,asm
EL1404,γαμώ,VERB,0.79,Event,"Χρησιμοποιείται ως βωμολόχα έμφαση ή κατάρα («γαμώ το …»), χωρίς κυριολεκτική σεξουαλική σημασία",to damn : forceful curse,"['καταριέμαι', 'διάολε']","['damn', 'fuck (interj.)']","- Πέρασες, γαμώ το!",0.39,asm
EL977,γατάκι,NOUN,0.07,Person,"Υποτιμητικός χαρακτηρισμός για άτομο που θεωρείται αδύναμο, άπειρο ή δειλό.","derogatory term for someone seen as weak, inexperienced or timid.","['φλώρος', 'κότα', 'μαμμόθρεφτο', 'μαλθακός']","['wimp', 'weakling', 'sissy', 'chicken']","Ερχόταν μόνο κάποιες φορές κοντά μου και ζάρωνε, σαν γατάκι, για να της χαϊδέψω τα μαλλιά.",0.15,asf
EL715,γίδα,NOUN,0.36,Person,Χονδροειδής προσβολή κυρίως προς γυναίκα που θεωρείται αδέξια ή κουτή.,"crude insult, mainly for a woman judged clumsy or stupid.","['κατσίκι', 'χαϊβάνι', 'βούρλο', 'χάπατο']","['goat', 'clod', 'dimwit', 'oaf']","username username κουρεμένη σα γίδι, άβαφτη, με κουρέλια και πάλι είναι ΤΟ μουνί, θαύμα της φύσης είναι",0.88,an
EL1335,γκάνγκστερ,NOUN,0.46,Person,"Εγκληματίας οργανωμένης συμμορίας που κερδίζει χρήμα με βία, εκβιασμό ή λαθρεμπόριο","person involved in organized crime, often violent.","['μαφιόζος', 'κακοποιός', 'μπράβος', 'νονοός']","['gangster', 'mobster', 'criminal', 'thug']","username username username username Οι τελευταίες γελοιότητες Κικίλια αδερφέ,έχουν εξήγηση στο γεγονός,πως συνειδητοποιεί,ότι οι άλλοι οι γκάνγκστερ,τον είχαν εξαρχής για scapegoat σε περίπτωση που στράβωνε το πράγμα Δεν είναι τυχαίο ότι 8μ μετά,τώρα ανακάλυψαν κ τις πομπές του κολλητού του,αρκουμανέα.",0.67,re
EL371,γκανγκστερισμός,NOUN,0.52,State,Τρόπος ζωής και πρακτικές που χαρακτηρίζουν συμμορίες και οργανωμένο έγκλημα.,lifestyle and practices typical of gangs and organized crime.,"['μαφία', 'συμμοριτισμός', 'παρανομία', 'μαφιοζοσύνη']","['gangsterism', 'racketeering', 'mafiosity', 'underworld activity']",100% καθαρό γκανγκστερισμός παρά ένα πραγματικά καλό combo:,,cds
EL2074,γκαρίζω,VERB,0.44,Event,"Μιλώ ή φωνάζω με οξύ, ενοχλητικό τόνο, σαν γκαρίσματα ζώου.","to speak or shout with a shrill, harsh tone, like a bray.","['ουρλιάζω', 'τσίριζω', 'ξεφωνίζω', 'φωνασκώ']","['yell', 'shriek', 'scream', 'bawl']","username username Ναι παίρνουν θέση με κόσμιο και ηπιο τροπο και δείχνουν τη θέση τους με την ψήφο τους!! Δεν γκαριζουν σαν την Άννα Μαρία και κάνουν σαν τρελοί!!! Αν είχα έναν τέτοιο φίλο και του το έλεγα μια, δύο...δέκα να ηρεμήσει....Και αυτός έκανε το δικό του...δεν θα ασχολιομουν!!!",0.52,an
EL840,γκέι,NOUN,0.62,Person,"Άνδρας με ερωτικό προσανατολισμό προς άτομα του ίδιου φύλου, λέξη που συχνά χρησιμοποιείται υβριστικά.","male homosexual, word often used as slur.","['ομοφυλόφιλος', 'αδερφή', 'περήφανος', 'κουίρ']","['gay', 'homosexual', 'queer', 'poof']",username username Εδώ στο Τουίτα πάντως οι γκέι έχουν μεγάλο κύκλο και μπορείς να φιλτράρεις κόσμο με βάση την εξυπνάδα και τις ιδέες του. Μην απελπίζεσαι.,0.63,om
EL2125,γκρινιάρης,ADJ,0.49,Person,Άτομο που παραπονιέται συνεχώς για μικροπράγματα.,person who constantly complains about trivial matters.,"['μουρμούρης', 'παραπονιάρης', 'γκρινιάρα', 'μίζερος']","['whiner', 'complainer', 'grumbler', 'moaner']",Ο Καλίδης γαμωσταυριζει που βρέθηκε σε αυτή την ομάδα των γκρινιαρηδων και σε πολύ χειρότερη παραλία #survivorgr,0.72,cds
EL1837,γουρουνάκι,NOUN,0.11,Person,"Υποκοριστικός, μα και υποτιμητικός, όρος για άτομο μικρόσωμο ή χονδρουλό που θεωρείται βρώμικο.",diminutive yet disparaging term for someone small or chubby viewed as dirty.,"['χοντρούλης', 'βρωμούλης', 'γουρούνι', 'παχουλούλης']","['piglet', 'fatty', 'piggy', 'smelly kid']","Ένα μικρό υπάκουο ροζ γουρουνάκι, που, πέρα από το μαμ, το κοκό και το νάνι, δεν καταλάβαινε και πολλά πράγματα.",0.52,cds
EL431,γουρούνι,NOUN,0.48,Person,"Βαρύς μειωτικός χαρακτηρισμός για άτομο που θεωρείται βρώμικο, άπληστο ή σεξιστικό.","strong insult for someone considered dirty, greedy or sexist.","['κάθαρμα', 'ζώον', 'βρωμιάρης', 'χυδαίος']","['pig', 'swine', 'filthy', 'bastard']","Για ποιόν άλλο λόγο θα μπορούσε θηλυκό γουρούνι να παρενοχλεί ρεπόρτερ, εκτός του ότι έχει ορμές και θέλει να ζευγαρώσει? Υ.Γ. Φοβερή ...διασταύρωση, αλλά ΧΙΜΑΙΡΙΚΗ!  via username",0.61,cds
EL2038,γύπας,NOUN,0.38,Person,"Κοροϊδευτικός όρος για άνδρα που κυνηγά επίμονα ερωτικές γνωριμίες, συχνά ανέντιμα.","mocking term for a man who persistently hunts for sexual conquests, often sleazily.","['καμάκι', 'γλίτσας', 'λιγούρης', 'πέφτουλας']","['creep', 'predator', 'sleazy guy', 'womanizer']",Μήπως να ξανακάνω κανένα θρεντ με γυμνά μπας και τσιμπήσω κάνα γύπα;,0.6,an
EL2499,γύφτος,NOUN,0.66,Person,"Ιδιαίτερα ρατσιστικός όρος για άτομο Ρομά, χρησιμοποιούμενος για να δηλώσει βρωμιά ή κουτοπονηριά.","highly racist slur for Romani person, implying filth or slyness.","['τσιγγάνος', 'παράσιτο', 'βρωμιάρης', 'λαμόγιο']","['gypsy (slur)', 'pikey', 'dirty', 'scrounger']","username Πινακιδες σε γυφτο (ρομά η ανθιγγανο για τους ευαισθητουληδες) , γυαλια μυωπιας και ανω των 60 γυφτορομανθιγγανο , δεν θα δεις ποτε!",0.69,ps
EL748,δαίμονας,NOUN,0.52,Person,Άτομο με ακραία κακία ή ανεξέλεγκτη ενέργεια που βλάπτει τους άλλους· υβριστικός χαρακτηρισμός,fiend : person of extreme malice,"['κακό πνεύμα', 'διάβολος', 'πονηρός', 'μοχθηρός']","['fiend', 'monster', 'devil']","Αυτά που θεωρεί τώρα η κόμισσα σαν τα φυσικότερα πράγματα στον κόσμο, χωρίς να παραλείπει -αυτό είναι που με δαίμονα να μου λέει ότι σκότωσα τον πατέρα της, επειδή δεν είχε τη δυνατότητα να μου φτιάξει μπάνιο με μπιντέ!",0.52,cds
EL748,δαίμονας,NOUN,0.52,Object,Κακό υπερφυσικό ον που θεωρείται ότι προκαλεί συμφορές ή πειρασμούς,demon : malevolent supernatural entity,"['διάβολος', 'κακό πνεύμα']","['demon', 'fiend', 'evil spirit']",Πολύ καλό παντοδύναμος Θεός ρίχνει δαίμονας κακό πνεύμα ομοφυλοφιλικά βακτήρια ασθένεια του ιού για την αιωνιότητα,0.43,cds
EL512,δαμάλι,NOUN,0.41,Person,"Υποτιμητικός όρος για γυναίκα εύσωμη ή άχαρη, παρομοιαζόμενη με νεαρή αγελάδα.","derogatory term for a big or clumsy woman, likened to a heifer.","['αγελάδα', 'βουβάλι', 'χοντροκομμένη', 'άχαρη']","['heifer', 'cow', 'big girl', 'lump']","username Δε σου είπα ρε χουντοζαιε να πάρεις τον πούλο; Διάβασε παπάρα τι εχει πει ο Ιωαννίδης της πασοκαρας για τη χουντοοικογενεια του ζαβου σας, και σκούπισε τα χειλάκια σου από το σπερμα του Καμμένου και των χρυσαυγουλων. Άντε δαμαλι",0.97,an
EL347,δανδής,NOUN,0.48,Person,Άντρας που ασχολείται υπερβολικά με την κομψή εμφάνιση και τους τρόπους του.,man excessively concerned with stylish appearance and manners.,"['φιγουρατζής', 'κουστουμάτος', 'κομψευόμενος', 'σικ']","['dandy', 'fop', 'snappy dresser', 'fashionista']","Κι όταν τον είδα να 'ρχεται κομψός σα νεαρός δανδής, όπως πάντα, πλέκω τα δάχτυλά μου ικετευτικά και του λέω: “ Γιάννη, όσα μου 'κάνες σ' τα συγχωρώ.",0.37,cds
EL865,δειλία,NOUN,0.36,Behavioral_Trait,Ψυχική αδυναμία που κάνει κάποιον να αποφεύγει τον κίνδυνο ή την ευθύνη.,mental weakness causing avoidance of danger or responsibility.,"['φοβία', 'αναποφασιστικότητα', 'μικροψυχία', 'δειλότητα']","['cowardice', 'fearfulness', 'timidity', 'spinelessness']",username username ΓΛΥΤΩΣΕ ΕΡΜΗ ΕΓΩ ΤΟΝ ΠΑΡΑΚΑΛΑΩ ΝΑ ΜΕ ΜΠΛΟΚΑΡΕΙ ΓΙΑΤΙ ΕΓΩ ΤΟ ΘΕΩΡΩ ΔΕΙΛΙΑ ΓΙΑ ΝΑ ΤΟ ΚΑΝΩ ΚΑΙ ΑΥΤΟΣ ΔΕΝ,0.62,cds
EL2202,δειλός,ADJ,0.46,Behavioral_Trait,"Χαρακτηρισμός για ενέργεια που στερείται θάρρους και θεωρείται ποταπή ή άνανδρη, συνήθως σε ρητορικό λόγο καταδίκης",cowardly : describing a contemptible act lacking courage,"['άνανδρος', 'ποταπός']","['cowardly', 'dastardly']","O Άγγελος κάθισε δειλά δειλά σε μιαν ακριανή καρέκλα και απαντούσε πρόθυμα σε κάθε είδους ερώτηση που του έκανε ο διψασμένος Μάρκελλος και η κουβέντα τους του φαινόταν όαση, έπειτα από δέκα μέρες με αποκλειστικούς συνομιλητές του τον Παναγιώτη τον Υδραίο και τον Άγγελο τον Καλαμισιάνο.",0.36,cds
EL2202,δειλός,ADJ,0.46,Person,Άτομο που αποφεύγει συστηματικά τον κίνδυνο ή την αντιπαράθεση.,person who consistently avoids danger or confrontation.,"['φοβητσιάρης', 'κότα', 'άτολμος', 'άνανδρος']","['coward', 'wimp', 'chicken', 'craven']",Παλιά υπήρχαν οι Γκοτζαμάνηδες που χτυπούσαν και έφευγαν σαν δειλοί. Τώρα τους έδωσαν θέσεις εξουσίας για να κάνουν το ίδιο κεκαλυμμένα. Όσο ψάχνει ο ανακριτής τόσο θα βρίσκει.. όπως και τότε.. #Μάτι,0.64,cds
EL2397,δεινοπάθημα,NOUN,0.43,Event,Ιδιαίτερα επώδυνη εμπειρία ή σειρά δοκιμασιών που προκαλούν μεγάλη ταλαιπωρία.,extremely painful experience or ordeal causing great suffering.,"['μαρτύριο', 'κακουχία', 'ταλαιπωρία', 'βασανιστήριο']","['ordeal', 'torment', 'hardship', 'affliction']",Ισχυρή ανάμνηση: Το δεινοπάθημα του μ. Φοίβου Βωβίδη στο πίσω κάθισμα ενοικιαζόμενης μοτόρας από το φοβερά άτσαλο οδήγημά μου.,,re
EL825,δεκανέας,NOUN,0.13,Person,Χαμηλόβαθμος υπαξιωματικός που διοικεί μικρή ομάδα στρατιωτών και εκτελεί εντολές ανωτέρων,corporal : junior non-commissioned officer,"['λοχίας', 'αρχιφύλακας', 'υπασπιστής', 'μικρόαρχος']","['corporal', 'sergeant', 'NCO', 'drill corporal']","-Ρε δεκανέα, πάλι αγγαρεία;-Τα παράπονά σου στον ανθυπομαλάκα τον λοχία ρε ψάρι.",,pa
EL825,δεκανέας,NOUN,0.13,Person,Άτομο με μικρή εξουσία που επιδεικνύει υπέρμετρη αυστηρότητα ή αυταρχισμό∙ υποτιμητική παρομοίωση με κατώτερο στρατιωτικό,tiny-sergeant : petty authoritarian,"['μικροαυταρχικός', 'καψώνης']","['martinet', 'petty tyrant']",Παλλόμενος Δεκανέας,0.45,pa
EL1010,δημαγωγικός,ADJ,0.56,Behavioral_Trait,Λόγος ή στάση που κολακεύει τα πάθη του πλήθους για να αποσπάσει υποστήριξη.,Speech or attitude that flatters the masses to gain support.,"['λαϊκιστικός', 'χειριστικός', 'πονηρός']","['demagogic', 'populistic', 'manipulative', 'crowd-pleasing']","Δυστυχώς ο δημαγωγικός τρόπος, με τον οποίο χρησιμοποιείται ο όρος κέντρο από πολιτικούς τυχοδιώκτες, οδηγεί με μαθηματική ακρίβεια στη χειραγώγηση μεγάλου μέρους των ψηφοφόρων,...",,cds
EL1012,δημαγωγός,NOUN,0.67,Person,Ρήτορας ή πολιτικός που κερδίζει επιρροή κολακεύοντας το πλήθος με απατηλές υποσχέσεις και φόβο∙ υβριστικός χαρακτηρισμός στον δημόσιο λόγο,Person who sways the crowd with flattery and fear to gain power.,"['λαϊκιστής', 'κομματάρχης', 'πολιτικάντης', 'ψευτομεσσίας', 'χειριστής']","['demagogue', 'populist', 'rabble-rouser', 'agitator', 'political charlatan']","Ποτέ ξανά στους ψεύτες, τυχοδιώκτες και λωποδύτες που λυμαίνονται την πατρίδα μας. Πότε πια σε λαϊκιστές και δημαγωγούς που υπόσχονται τα πάντα στους πάντες.",0.82,cds
EL2213,δημοκοπία,NOUN,0.44,Repetitive_Action,Συστηματική τακτική κολακείας ή κινδυνολογίας για να κερδηθεί λαϊκή εύνοια αντί ουσιαστικών επιχειρημάτων,Ongoing practice of promising unreal benefits to woo voters.,"['λαϊκισμός', 'πολιτική κολακεία', 'ρητορεία']","['demagoguery', 'populism', 'vote-catching', 'crowd-pleasing rhetoric']","Δημοκοπία ἀσφαλώς όχι. Πολιτική, όμως, ναί.",,pr
EL1544,διαβολάκι,NOUN,0.38,Person,"Χαϊδευτικά–ειρωνικά, ζωηρό ή σκανταλιάρικο παιδί ή ενήλικος· ήπια προσβλητικός ή παιχνιδιάρικος χαρακτηρισμός",Mischievous little child or impish creature.,"['σκανταλιάρης', 'παλιόπαιδο', 'ζιζάνιο']","['rascal', 'imp', 'brat', 'mischief-maker']",username Διαβολακι μου καλο!! Να χαιρεσαι τη μαμα μου που εισαι σιγουρη οτι ειναι υπέροχη και τρισευτυχισμενη με ενα πλάσμα σαν εσενα για γιο!!! Τα καλυτερα ευχομαι για τη μαμα ????????,0.33,dmc
EL1544,διαβολάκι,NOUN,0.38,Object,"Μικρό, πονηρό υπερφυσικό πνεύμα που θεωρείται ότι ψιθυρίζει κακές παροτρύνσεις· λαϊκή εικόνα σε λόγο και λογοτεχνία",imp : tiny mischievous demon,"['μικρός διάβολος', 'δαιμόνιο']","['imp', 'little devil']",Γαλαζιο στρατιωτακι πρασινο καλικαντζαρακι κοκκινο διαβολακι αυτα ειναι ονοματα για κομματοσκυλα που σεβονται τον εαυτο τους,0.77,dmc
EL749,διαβολάνθρωπος,NOUN,0.85,Person,Άτομο ακραίας κακίας που προκαλεί πόνο χωρίς τύψεις.,Person of extreme wickedness who harms without remorse.,"['σατανάς', 'κακάνθρωπος', 'θηρίο', 'τέρας', 'σκληρός']","['fiend', 'monster', 'evil person', 'wicked man']",Διαβολάνθρωπος κλαψομούνης,,cds
EL146,διαβολή,NOUN,0.52,Event,Πράξη διάδοσης ψευδών ή κακόβουλων φημών με σκοπό να πληγεί η φήμη κάποιου.,Act of spreading false or malicious rumours to damage someone's reputation.,"['συκοφαντία', 'ψευδολογία', 'κακολογία', 'σπίλωση', 'λασπολογία']","['defamation', 'slander', 'calumny', 'smear']","Μια παπαριά κάποιου, ένα ψέμα, μια διαβολή σε ένα περιθωριακό blog μπορεί να αναπαραχθεί από άλλα χίλια",,re
EL416,διαβολιά,NOUN,0.31,Event,Μικρή αλλά πονηρή πράξη που βλάπτει ή ενοχλεί κάποιον.,"Naughty, sly act that harms or annoys someone.","['σκανταλιά', 'κακιά πράξη', 'πονηριά', 'σατανιά']","['mischief', 'trick', 'devilish act', 'prank']",Τι διαβολιά! Νηστικός και πάλι.,,cds
EL416,διαβολιά,NOUN,0.31,Behavioral_Trait,Κακία ή πονηριά που ωθεί κάποιον σε μικρόβλαβες αλλά δόλιες ενέργειες,cunning streak : tendency toward mischief,"['πονηριά', 'κακία']","['devilry', 'mischief-mindedness']","""Η κοινή λογική της μητέρας τους, αλλά η διαβολιά του πατέρα τους...""",,cds
EL1827,διαβολικός,ADJ,0.57,Behavioral_Trait,"Χαρακτηρισμός για εξαιρετικά μοχθηρό, πανούργο ή άγριο σχέδιο, βλέμμα ή συμπεριφορά.","Describing something extremely wicked, cunning or fiendish.","['σατανικός', 'μοχθηρός', 'πονηρός', 'κακόψυχος']","['diabolical', 'devilish', 'evil', 'fiendish', 'malevolent']",username Τα λεω εγω αλλα δε μ ακούνε διαβολικά ολα αυτά... Τέλος..,0.5,dmc
EL1827,διαβολικός,ADJ,0.57,Person,"Επίθετο για άτομο με ακραία κακία ή πανουργία, παρομοιαζόμενο με σατανικό ον∙ βαρύς μειωτικός χαρακτηρισμός",diabolical : person showing extreme malice or cunning,"['σατανικός', 'μοχθηρός', 'δαιμονικός']","['diabolical', 'fiendish', 'devilish']",username Ο θυμός είναι μια υγιής αντίδραση μιας πολιτισμένης κοινωνίας έναντι του αδόκητου χαμού 3 μικρών κοριτσιών από την διαβολική μάνα τους!Η απάθεια από την άλλη πλευρά ΔΕΝ είναι υγιής!Η λέξη ΘΑΝΑΤΟΣ σε ένα παντζούρι δεν αντιπροσωπεύει την κοινή γνώμη αλλά αντανακλά τον θυμό της.,0.56,dmc
EL2426,διαβολογυναίκα,NOUN,0.9,Person,"Γυναίκα που θεωρείται ύπουλη, κακόψυχη και επιβλαβής για τους άλλους.","Woman regarded as scheming, malicious and harmful.","['κακούργα', 'σατανική', 'μάγισσα', 'στρίγγλα']","['she-devil', 'evil woman', 'witch', 'shrew']","Προσωπικά θα ήθελα να φύγει ή η θεούσα δούλα της Ελλάδος που τους έχει θάψει όλους (δλδ, Παναγία μου, μη σε πιάσει στο στόμα της με ""χριστιανική"" αγάπη) ή η διαβολογυναίκα δήθεν ντίβα.",,pr
EL746,διάβολος,NOUN,0.7,Person,"Υβριστική προσφώνηση για πολύ πανούργο, κακόβουλο ή ατίθασο άνθρωπο",trouble-maker : person seen as devilishly smart or naughty,"['παμπόνηρος', 'φτούρης', 'άτακτος']","['devil', 'rascal', 'imp']","«Τέλος πάντων», μου λέει «είσαι διάβολος.",0.67,cds
EL746,διάβολος,NOUN,0.7,Object,"Κακοποιό υπερφυσικό ον, προσωποποίηση του απόλυτου κακού στις ιουδαιοχριστιανικές παραδόσεις",devil : malevolent supernatural being,"['σατανάς', 'έωσφορος']","['devil', 'Satan']","«Έχει το κλειδί του σπιτιού και δε μπορώ να μπω μέσα, που να πάρει ο διάβολος και το Μεταξά και τη Νεολαία του!» «Κάτσε κάτω», της λέω.",0.63,cds
EL988,διαβούλιο,NOUN,0.21,Event,Μυστικό σχέδιο ή συνεννόηση με δόλιο σκοπό.,Secret plot or collusion with deceitful intent.,"['πλεκτάνη', 'ίντριγκα', 'σχέδιο', 'μηχανορραφία']","['scheme', 'plot', 'intrigue', 'conspiracy']",Αντώναρος: Σβίγκου και Βασιλειάδης φέρεται να μετείχαν σε διαβούλιο ανατροπής Κασσελάκη -Περίμενα να παραιτηθούν,,cds
EL988,διαβούλιο,NOUN,0.21,Behavioral_Trait,"Ειρωνικός όρος για μακρόσυρτη, ατελέσφορη συνεδρίαση που σπαταλά χρόνο χωρίς απόφαση","talk-shop : long, fruitless meeting","['ατερμάτιστη συζήτηση', 'φλυαρία επιτροπής']","['talk-shop', 'endless meeting']",Συμβούλια και διαβούλια...,,cds
EL2055,διακονιάρης,NOUN,0.43,Person,"Άτομο χωρίς πόρους που ζητά ελεημοσύνη στον δρόμο ή, μεταφορικά, χαρακτηρίζεται ως εξευτελιστικά φτωχό",Person with no means who begs in the street.,"['ζητιάνος', 'πτωχός', 'επαίτης', 'άπορος']","['beggar', 'panhandler', 'pauper', 'street mendicant']","username username Έρχεται μωρέ ο τζαμπατζης,ο διακονιαρης,άσε με και σιχαίνομαι",0.75,qas
EL1683,διαρρήκτης,NOUN,0.43,Person,Κακοποιός που εισέρχεται παράνομα σε κτίρια για κλοπή.,Criminal who illegally enters buildings to steal.,"['κλέφτης', 'κακοποιός', 'μπουκαδόρος']","['burglar', 'housebreaker', 'thief', 'intruder']",[Διαβάστε το στο Huffington Post] Στόχος διαρρηκτών σπίτι #Αστυνομικού στον #Ασπρόπυργο,0.33,cds
EL149,διασυρμός,NOUN,0.85,Event,"Δημόσιος εξευτελισμός που αμαυρώνει την τιμή κάποιου, κυρίως σε ΜΜΕ ή social media",Public exposure of someone to contempt or ridicule.,"['ρεζιλίκι', 'ξεφτίλα', 'εξευτελισμός', 'δημόσια διαπόμπευση']","['humiliation', 'disgrace', 'public shaming', 'ridicule']","username Στο τελευταίο rollback ανέφερες ότι ο Loyd είναι παίχτης για το R10 και R11 θα χρειαστεί αντικατάσταση. Μετά την εμφάνιση του σε συνδιααμο με τον διασυρμό της armani, έχεις την ίδια άποψη;",0.43,re
EL261,διπλωματικός,ADJ,0.11,Behavioral_Trait,Λόγος ή στάση που επιλέγει προσεκτικά λέξεις για να αποφύγει συγκρούσεις και να εξυπηρετήσει συμφέροντα.,Behaviour that carefully chooses words to avoid conflict and serve interests.,"['πονηρός', 'εύστροφος', 'διπρόσωπος', 'ευέλικτος']","['diplomatic', 'tactful', 'canny', 'politic', 'smooth']","username username Συμφωνώ απολύτως. Απο στρατιωτικής απόψεως,οι ΕΔ έχουν πάρε σχετικές οδηγίες κ είναι έτοιμες να τις εκτελέσουν Από διπλωματικής απόψεως, στόχος είναι το πλήρες ξεβράκωμα του Έρντο κ πλήρης κάλυψη νομιμότητος (υπαράσπιση εθνικών συμφερόντων) της χώρας γι αυτό που θα ακολουθήσει????",0.6,pa
EL105,διώκτης,NOUN,0.52,Person,"Άτομο που παρενοχλεί επίμονα άλλον, με σκοπό να τον βλάψει ή να τον συλλάβει∙ βαριά κατηγορία σε λόγο για βία ή καταπίεση",One who pursues or persecutes another.,"['καταδιώκτης', 'κυνηγός', 'διώχτης']","['persecutor', 'pursuer', 'oppressor', 'chaser']",username username Υπάρχουν και απεργοσπάστες!Και είναι οι χειρότεροι διώκτες της κυβέρνησης!Έτσι για να είστε όλοι χαρούμενοι!!!,0.64,cds
EL483,δογματισμός,NOUN,0.57,Event,Συγκεκριμένες απόλυτες θέσεις που προβάλλονται ως θέσφατα,rigid tenets : fixed assertions presented as infallible,"['ακαμψία', 'στενοκεφαλιά', 'πνευματική αδιαλλαξία', 'αυταρχισμός']","['dogmatism', 'rigidity', 'inflexibility', 'orthodoxy', 'authoritarianism']","Ο δογματισμός της κυβέρνησης ΔΗΣΥ να ξεπουλά τον δημόσιο πλούτο της χώρας ζημιώνει τον τόπο και τον λαό μας""",,cds
EL483,δογματισμός,NOUN,0.57,Repetitive_Action,"Πνευματική συνήθεια όπου κάποιος επιβάλλει ή δέχεται απόψεις ως αλάνθαστες, χωρίς κριτική σκέψη, κυρίως σε θρησκευτικό ή ιδεολογικό λόγο",dogmatism : habit of treating beliefs as unquestionable truths,"['φανατισμός', 'μισαλλοδοξία']","['dogmatism', 'bigotry']","Λόγος λιτός, απέριττος χωρίς φανφάρες και δογματισμους που οφείλει να προβληματισει πολλους.",0.54,cds
EL2291,δοκησισοφία,NOUN,0.41,Behavioral_Trait,Επίδειξη υποτιθέμενης βαθιάς γνώσης που στην πραγματικότητα είναι ρηχή.,Showy display of supposed deep knowledge that is actually superficial.,"['επιτήδευση γνώσης', 'εγωισμός', 'φιλοσοφική αλαζονεία', 'πολυγνωμοσύνη']","['presumption of wisdom', 'smugness', 'sophistry', 'pretentiousness']","Ξεχνάμε τις σαχλαμάρες σου Σταύρο, Ξεχνάμε τους ασήμαντους εντυπωσιασμούς σου. Ξεχνάμε την οίηση της δοκησισοφίας σου, Ξεχνάμε τον καταστρεπτικό πολιτικό βίο σου. Σε ξεχνάμε Σταύρο. Σε ξεχνάμε. Σε ξεχνάμεεεεε...",0.47,cds
EL2285,δοκησίσοφος,ADJ,0.36,Person,Άτομο που νομίζει πως γνωρίζει τα πάντα και το επιδεικνύει αλαζονικά.,Person who believes they know everything and displays it arrogantly.,"['ξερόλας', 'επαΐων', 'αυτοδίδακτος σοφός', 'ξεροκέφαλος']","['know-it-all', 'pseudo-savvy', 'wiseacre', 'pretentious sage']","Δοκησίσοφος: αυτός που θεωρεί τον εαυτό του σοφό, ενώ δεν είναι. Γνωστός στο ευρύ κοινό ως μαλάκας.",,cds
EL2396,δοκιμασία,NOUN,0.05,Event,Δυσκολία ή έλεγχος που δοκιμάζει τις αντοχές ή τις ικανότητες κάποιου.,Difficulty or test that challenges someone's endurance or abilities.,"['πρόκληση', 'τεστ', 'δοκιμή', 'βάσανο', 'πείραμα']","['ordeal', 'test', 'trial', 'challenge', 'proof']",Όπως και η δοκιμασία με το rodeo με τους ταύρους απ το #gntmgr ηταν. Εγω φοβάμαι μήπως στον τελικό του #TheBachelorGR ο Παναγιώτης επιλέξει την Κατια Ταραμπανκο που λογικά θα εμφανιστεί με βάση τις περσινές αντιγραφές του GNTM. #kalytera #BigBrotherGR,0.39,re
EL2396,δοκιμασία,NOUN,0.05,State,"Γενικευμένη περίοδος μεγάλου κόπου ή πίεσης που δοκιμάζει την αντοχή ανθρώπων ή φορέων, κυρίως σε δημόσιο λόγο κρίσεων",ordeal : prolonged severe hardship,"['βάσανο', 'σκληρή περίοδος']","['ordeal', 'trial', 'hardship']",Η ασθένεια αποτελεί μια μεγάλη δοκιμασία,,re
EL905,δολιότητα,NOUN,0.61,Behavioral_Trait,"Ψυχική ροπή στην απάτη και την ύπουλη μεθόδευση, ιδίως ως ηθική μομφή",deceitful cunning; tendency to trickery.,"['πονηρία', 'δόλος']","['deceit', 'cunning', 'craftiness', 'scheming']","Μέ μιά δολιότητα τής ζωής, δηλαδή τού λόγου, ή ζωή παραμένει έτσι έν ζωή",,cds
EL905,δολιότητα,NOUN,0.61,Event,Συγκεκριμένο τέχνασμα ή πλεκτάνη που αποσκοπεί στην εξαπάτηση,trickery : concrete act of guile,"['σκευωρία', 'τέχνασμα']","['trick', 'ploy', 'scheme']","Όταν επιστρέψουμε σπίτι, όλη η Ανδαλουσία θα μάθει για την δολιότητά σου",,cds
EL2008,δολοφονία,NOUN,0.61,Event,Πράξη αφαίρεσης ανθρώπινης ζωής με πρόθεση και παράνομο τρόπο.,intentional illegal killing of a person.,"['φόνος', 'ανθρωποκτονία', 'εκτέλεση', 'σφαγή']","['murder', 'homicide', 'killing', 'assassination']","«Πρώτον, είναι παράνομο να αποκαλύπτεις μια δολοφονία πριν ειδοποιήσεις την αστυνομία.",0.62,re
EL2008,δολοφονία,NOUN,0.61,Event,"Συστηματική σπίλωση προσώπου με ψευδείς κατηγορίες, στα ΜΜΕ ή στο διαδίκτυο",character assassination : deliberate ruin of reputation,"['διασυρμός', 'ηθικός φόνος']",['character assassination'],"Σκέρτσος: Έτσι εννοεί τη συναίνεση ο ΣΥΡΙΖΑ, με δολοφονία χαρακτήρος του πρώην Α/ΓΕΕΘΑ",,re
EL2016,δολοφόνισσα,NOUN,0.87,Person,Γυναίκα που αφαιρεί με πρόθεση τη ζωή άλλου ανθρώπου.,female who intentionally kills someone.,"['φόνισσα', 'ανθρωποκτόνος', 'εκτελέστρια']","['murderess', 'female killer', 'homicide perpetrator']","Σάπια Βοθ-ρούλα Πισπιρίγκου, ο κόσμος σε αποθεώνει με τη λέξη ""Δολοφόνισσα"".Επιτέλους, οι κόποι σου επιβραβεύονται. #Πάτρα #ρούλα_πισπιρίγκου #StarAlithies #FosStoTounel",,re
EL2002,δολοφόνος,NOUN,0.87,Person,Άνθρωπος που αφαιρεί σκοπίμως τη ζωή άλλου προσώπου.,person who intentionally kills someone.,"['φονιάς', 'ανθρωποκτόνος', 'εκτελεστής', 'σφαγέας']","['murderer', 'killer', 'homicide perpetrator', 'slayer']","Θα του δώσουμε μια σύντομη αναφορά, που θα έχει να κάνει με τη σύλληψη των δολοφόνων του Χαρδάκου και από εκεί και πέρα θα απαντάμε μόνο σε συγκεκριμένες ερωτήσεις που θα μας κάνει».",0.11,re
EL2002,δολοφόνος,NOUN,0.87,Object,Πράγμα ή ουσία που προκαλεί μαζικούς θανάτους· μεταφορική χρήση σε λόγο δημόσιας υγείας,killer : lethal agent or substance,"['θανατηφόρος παράγοντας', 'φονιάς']","['killer', 'silent killer']",Περιβάλλον: Σιωπηλός δολοφόνος η ατμοσφαιρική ρύπανση – Πάνω από ένα εκατομμύριο θάνατοι παγκοσμίως,,re
EL1073,δυσάρεστος,ADJ,0.33,Person,Προσδιορισμός για άτομο που προκαλεί ενόχληση ή αντιπάθεια στις κοινωνικές συναναστροφές.,person who causes discomfort or dislike.,"['ενοχλητικός', 'αντιπαθητικός', 'αποκρουστικός', 'κουραστικός']","['unpleasant', 'annoying', 'disagreeable', 'off-putting']","Freepen.gr: Η «τέχνη» του να γίνεσαι δυσάρεστος, όπλο του χερ Σόιμπλε",0.48,svp
EL1073,δυσάρεστος,ADJ,0.33,Behavioral_Trait,"Χαρακτηρισμός για γεγονός, αίσθηση ή οσμή που προκαλεί λύπη, δυσαρέσκεια ή αποστροφή",unpleasant : describing an event or sensation that causes discomfort,"['ενοχλητικός', 'θλιβερός']","['unpleasant', 'nasty', 'distressing']",ΑΠΟΚΛΕΙΣΤΙΚΟ-ΒΙΝΤΕΟ: Παράνομοι μετανάστες ανέβηκαν σε ταράτσα κτηρίου για να προσευχηθούν για το ραμαζάνι...Αυτά είναι τα δυσάρεστα αποτελέσματα της πολυπολιτισμικότητας... username username #Μενουμε_Ελληνες #Μενουμε_Πιστοί,0.72,svp
EL2025,δυσμορφία,NOUN,0.33,State,Μόνιμη ή συγγενής σωματική ανωμαλία που αλλοιώνει την κανονική μορφή.,physical deformity or malformation.,"['παραμόρφωση', 'ανωμαλία', 'μορφολογική βλάβη']","['deformity', 'malformation', 'disfigurement']",Περιστατικά που αφορούν σοβαρές δυσμορφίες προσώπου,,ddf
EL2025,δυσμορφία,NOUN,0.33,Event,"Συγκεκριμένη παραμορφωτική αλλοίωση σε κτίσμα, τοπίο ή οργανισμό, προϊόν τραύματος, ασθένειας ή κακής κατασκευής",distortion : single unsightly alteration,"['ασχήμια', 'ατέλεια']","['eyesore', 'distortion']","Θα ήθελα, λοιπόν, να πω πως, αν αιτία είναι το γεγονός ότι η αρχιτεκτονική δυσμορφία κυριαρχεί από το ένα μέχρι το άλλο άκρο της χώρας, ως αφορμή στάθηκαν οι ομολογίες τριών Ηπειρωτών μαστόρων και ενός «Αθηναίου» μικροπωλητή… μπανανά.",,ddf
EL650,δύσμορφος,ADJ,0.54,Person,Για άτομο του οποίου τα σωματικά χαρακτηριστικά παρουσιάζουν παραμόρφωση και απωθούν το βλέμμα.,person with a deformed or misshapen appearance.,"['παραμορφωμένος', 'αποκρουστικός', 'ασχημομόρφος']","['deformed', 'misshapen', 'disfigured']","Γίνεσαι ακόμα πιο αξιοθρηνητος όντας ψεύτης και μετατρέπονται σε δευτερεύοντα το ότι είσαι δύσμορφος, δυσνους, κομπλεξικός και οριακά παράφρονας.",,ps
EL650,δύσμορφος,ADJ,0.54,Behavioral_Trait,"Για όργανο, κύτταρο ή τεχνούργημα με αφύσικο, ελαττωματικό σχήμα",irregular : object with abnormal form,"['παραμορφωμένος', 'ακανόνιστος']","['irregular', 'deformed']",Μικροσκοπική αιματουρία με δύσμορφα ερυθρά αιμοσφαίρια…,,ps
EL1428,δυσνόητος,ADJ,0.31,Behavioral_trait,"Για κείμενο, νόμο ή λόγο που δεν γίνεται εύκολα κατανοητός λόγω πολυπλοκότητας ή στρυφνότητας",hard to understand; obscure.,"['ακατανόητος', 'περίπλοκος', 'σκοτεινός', 'δυσπερίληπτος']","['incomprehensible', 'obscure', 'complex', 'arcane']",ιατί το κείμενο του παθητικού του Bard είναι τόσο δυσνόητο;,,cds
EL1428,δυσνόητος,ADJ,0.31,Person,Για ομιλητή ή συγγραφέα που εκφράζεται με τρόπο τόσο περίπλοκο ώστε θεωρείται δυσπρόσιτος,obscure thinker : person who speaks or writes opaquely,"['μπερδεμένος', 'ακατάληπτος']","['obscure', 'enigmatic']",«Είναι δυσνόητος και χάνεται ανάμεσα στην πολυπλοκότητα των ιστοριών που γράφει».,,cds
EL1266,δυσοσμία,NOUN,0.46,State,Ενοχλητική οσμή που γίνεται αντιληπτή στον χώρο.,unpleasant smell.,"['κακοσμία', 'βρώμα', 'βρωμιά', 'δυσωδία']","['bad smell', 'stench', 'odor', 'funk']",username Τόσο καιρό τα βλέπει σήμερα δεν άντεξε και τα έβγαλε στην φορά τέτοια βρώμα και δυσοσμία από παίκτες ποτέ δεν έχω δει ρε εν ψυχρό το έκανε αυτά εσείς με μυαλά κλουβιά δεν τα βλέπετε κλέφτης στην καλύβα κλέφτης και στους αγώνες για κλωτσιές είσαι ρε τομάρι ρε μαυροψυχο ανθρωπάκι,0.81,dmc
EL1618,δυστυχισμένος,VERB,0.28,Person,Άτομο που βιώνει έντονη και παρατεταμένη θλίψη ή αίσθημα αποτυχίας.,person who feels very unhappy or miserable.,"['άτυχος', 'θλιμμένος', 'μίζερος', 'κακόμοιρος']","['unhappy', 'miserable', 'woeful', 'sorrowful']",Πόσο δυστυχισμένοι είστε που ποστάρετε φωτο από το γυμναστηριο; Και ακόμα χειρότερο που βάζετε κάποιον να σας τραβήξει βίντεο.. Λύπηση...,0.71,is
EL1618,δυστυχισμένος,VERB,0.28,Behavioral_trait,"Προσδιορισμός για ζωή, συμβάν ή περιβάλλον που φέρνει συνεχή λύπη ή ταλαιπωρία",unhappy : describing a persistently sad situation,"['θλιβερός', 'ατυχής']","['unhappy', 'woeful']",Δυστυχισμένα μου πουλάκια!,0.43,is
EL665,δυσφημητής,NOUN,0.63,Person,Άτομο που διαδίδει ψευδείς ή υβριστικούς ισχυρισμούς για να πλήξει τη φήμη άλλου.,person who spreads defamatory claims.,"['συκοφάντης', 'διασυρτής']","['defamer', 'slanderer', 'libeler', 'backbiter']",Δεν θα πάρω το βραβείο του μεγαλύτερου δυσφημητή γι’ αυτή την κοινωνία.,,re
EL148,δυσφήμιση,NOUN,0.57,Event,Ενέργεια διάδοσης ψευδών ή επιζήμιων ισχυρισμών που βλάπτουν την τιμή ή τα συμφέροντα άλλου,act of damaging someone's reputation through false claims.,"['συκοφαντία', 'διαβολή', 'κακολογία', 'διασυρμός']","['defamation', 'slander', 'libel', 'vilification']","username username Απολύτως σωστό Πέτρο! Ζητώ συγγνώμη από τους θιάσους για τη δυσφήμιση! Μάλλον το σωστό είναι ακατάστατο τσαντίρι. Κανονικό τσαντίρι, όχι του Λάκη...",0.64,re
EL659,δυσφημιστικός,ADJ,0.61,Behavioral_trait,"Χαρακτηρισμός που αποδίδεται σε ο,τι έχει μορφή ή περιεχόμενο ικανό να πλήξει τη φήμη και να θεωρηθεί υβριστικό ή ψευδές",containing defamatory statements.,"['συκοφαντικός', 'υβριστικός', 'διασυρτικός', 'μισητός']","['defamatory', 'libelous', 'slanderous', 'vilifying']","Σε ένα άρθρο του 2015, η αμερικανίδα φεμινίστρια ερευνήτρια Bonnie J. Morris υποστήριξε ότι το TERF ήταν αρχικά ένας νόμιμος αναλυτικός όρος αλλά πως εξελίχθηκες γρήγορα μια δυσφημιστική λέξη που σχετίζεται με σεξιστικές προσβολές.",,re
EL1267,δυσωδία,NOUN,0.54,State,Πολύ έντονη και αποκρουστική οσμή που προκαλεί αποστροφή.,intense stench.,"['βρώμα', 'κακοσμία', 'διοσμία']","['stench', 'reek', 'fetid smell', 'malodor']",username Επειδή είστε στο δημοτικό συμβούλιο κάντε μια βόλτα να δείτε τι βρωμιά και δυσωδία επικρατεί σε μια υποτίθεται «τουριστική» περιοχή!,0.52,dmc
EL1267,δυσωδία,NOUN,0.54,State,"Μεταφορικά, αίσθηση βαθιάς ηθικής σήψης που περιβάλλει σκάνδαλα ή ανήθικες πρακτικές",moral stench : pervasive sense of corruption,"['οσμή σκανδάλου', 'ηθική μπόχα']","['moral stench', 'whiff of scandal']","username Άσε μας κυρά μου που ηθικολογείς κιόλας, όλη η σαπίλα και η δυσωδία αντικατοπτρίζεται στον βλάκα που τόσο σθεναρά υποστηρίζεις και έχει διαπομπεύσει την χώρα παγκοσμίως .",0.85,dmc
EL2456,δωροδοκούμενος,VERB,0.62,Person,Άτομο που αποδέχεται χρήματα ή οφέλη για να ενεργήσει παράνομα ή μεροληπτικά.,person who receives bribes.,"['λαδωμένος', 'διεφθαρμένος', 'εξαγορασμένος', 'δωρολήπτης']","['bribed', 'corrupted', 'bought off', 'bribe receiver']","Δεν τους έκατσε η Νοβάρτις οπότε ξάφνου ο δωροδοκούμενος Άδωνις έγινε παιδεραστής. Έτσι θα περάσουν τη ζωή τους. Τώρα θα κυνηγήσουν παιδεραστές, μετά θα πάνε κουβά, μετά θα βρουν νέο έγκλημα, ο Άδωνις θα γίνει πχ φονιάς- και πάλι από την αρχή.",,cds
EL2459,δωροληψία,NOUN,0.49,Repetitive_Action,Συνήθεια αποδοχής παράνομων χρηματικών ή άλλων ωφελημάτων από πρόσωπο με εξουσία.,habitual acceptance of bribes.,"['λαδώματα', 'διαφθορά', 'εξαγορά', 'χρηματισμός']","['bribe-taking', 'corruption', 'graft', 'payoffs']",Ένταλμα σύλληψης υπαλλήλου αεροδρομίου για δωροληψία http://dlvr.it/M99NX8 #Νέα #δωροληψία #ένταλμασύλληψης,,cds
EL2459,δωροληψία,NOUN,0.49,Event,Μεμονωμένη πράξη κατά την οποία υπάλληλος ή αξιωματούχος λαμβάνει παράνομα οικονομικό αντάλλαγμα για να ευνοήσει κάποιον,bribe-taking (single act)>: illicit receipt of a benefit by an official for a favour,"['παθητική δωροδοκία', 'χρηματισμός']","['bribe-taking', 'kickback']",Νοσοκομείο Λάρισας: Συνελήφθη διευθυντής της καρδιοχειρουργικής για δωροληψία,,cds
EL2481,δωσίλογος,NOUN,0.72,Person,"Άτομο που συνεργάζεται με εχθρική δύναμη προδίδοντας τη χώρα ή την ομάδα του, μεταφορικά, κάθε προδότης που συντάσσεται με ξένα συμφέροντα",collaborator with occupying enemy; traitor.,"['προδότης', 'εφιάλτης', 'καταδότης', 'συνεργάτης εχθρού']","['traitor', 'collaborator', 'quisling', 'informer']","σαν σήμερα έφυγαν οι Γερμανοί από την Αθήνα,αφήνοντας τους δωσίλογους συνεργάτες τους να κάνουν κουμάντο μέχρι σήμερα",0.63,dmc
EL1491,εβραίος,ADJ,0.26,Person,"Άνθρωπος που προέρχεται από το Ισραήλ και ακολουθεί τη μονοθεϊστική ιουδαϊκή θρησκεία, τυπικά αναφερόμενος σε εθνική-θρησκευτική ταυτότητα",Jew : a person belonging to the Jewish people or faith,"['Ιουδαίος', 'Ισραηλίτης']","['Jew', 'Hebrew', 'Israelite']","Πέραν από το ότι πέταξαν και στα σκουπιδια τον φασισμό τώρα και έχουν επιδοθεί στον αντιναζιστικό αγώνα διότι είδαν ότι αυτό πουλάει για να μπουν σε κανένα κόμμα,μας κοτσαρει και την Εβραία στον τέλος για να μας πείσει ????.Ο ραγιαδισμος και η πολιτική γλίτσα έχει φτάσει στο έπακρο",0.56,ps
EL1491,εβραίος,ADJ,0.26,Person,"Άτομο που χαρακτηρίζεται ως υπερβολικά φιλάργυρο ή συμφεροντολόγο, με στόχο να μειώσει ή να προσβάλει",Jew (slur) : miserly or grasping person (offensive usage),"['τσιγγούνης', 'φιλάργυρος']","['miser', 'cheapskate']",Κέρνα μια μπύρα κι εσύ μια φορά ρε εβραίε!,,ps
EL1043,έγκλημα,NOUN,0.57,Event,Παράνομη και σοβαρή πράξη που τιμωρείται από τον ποινικό νόμο.,serious unlawful act; crime.,"['παράπτωμα', 'κακούργημα', 'αδίκημα', 'φονικό']","['crime', 'felony', 'offence', 'wrongdoing']",Η διεθνής πείρα του Κανέλλου Δημητριάδη θα μας είναι εξαιρετικά πολύτιμη σε μια εποχή που το έγκλημα διεθνοποιείται.,0.43,re
EL1043,έγκλημα,NOUN,0.57,Event,"Πράξη ή πολιτική θεωρούμενη εξαιρετικά βλαπτική, αν και όχι κατ’ ανάγκην παράνομη",outrage : deed condemned as morally criminal,"['καταστροφή', 'αίσχος']","['outrage', 'moral crime']","“Πώς φαντάζεσαι ότι είναι δυνατόν ν' αφήσει ατιμώρητο ένα τέτοιο έγκλημα; Δεν σ' άνοιξε καθόλου τα μάτια το παράδειγμα του πατέρα σου;” "" Ασ' τον πατέρα μου ήσυχο εκεί που βρίσκεται και δεν είσαι άξια να τον βάζεις στο στόμα σου!” “Τι να τον αφήσω, μωρή, που είσαι ίδια κι απαράλλαχτη; Τον έβαλες τον άνθρωπο και σου 'γραψε το σπίτι του, καρπό τόσων χρόνων εργασίας, και την άλλη μέρα τον εγκατέλειψες, κι είχες την απονιά να του αφήσεις ένα σκέτο στρώμα στο πάτωμα για κοροϊδία!",0.88,re
EL391,εγκληματίας,NOUN,0.8,Person,Πρόσωπο που διέπραξε σοβαρό ποινικό αδίκημα.,person who has committed a serious crime.,"['κακοποιός', 'παραβάτης', 'κακούργος', 'παράνομος']","['criminal', 'offender', 'felon', 'lawbreaker']","username δεν καταλαβαίνω τα προσωπικά δεδομένα σε εγκληματίες, τι θα πει αυτό τη στιγμή που έχουν μητρώο κακούργου, για δείτε το καλύτερα οι νομοθέτες, προστατεύετε τι ποιους ;",0.57,cds
EL1055,εγκληματικός,ADJ,0.7,Behavioral_Trait,συμπεριφορά ή ενέργεια που έχει τον χαρακτήρα βαριάς αμέλειας ή δόλου και προκαλεί σοβαρή βλάβη,related to unlawful or violent acts,"['παράνομος', 'κακουργηματικός', 'ποινικός', 'άνομος']","['illegal', 'criminal', 'felonious', 'unlawful']",Δεν υπάρχουν πιο ξεφτίλες Γκεμπελιστές από τα φιλοναζιστικά στοιχεία που στηρίζουν τον Χιτλερικό τον #ζελένσκι . Που έχει παραδεχθεί πως στον στρατό του και στην αστυνομία έχει εντάξει όλα τα εγκληματικά ναζιστικά τέρατα της #Ουκρανιας. #Ουκρανια #ΠΟΛΕΜΟΣ_ΡΩΣΙΑΣ_ΟΥΚΡΑΝΙΑΣ,0.81,cds
EL1045,εγκληματικότητα,NOUN,0.56,State,διαρκές κοινωνικό φαινόμενο παραβίασης νόμων από μέλη του πληθυσμού,ongoing social phenomenon of lawbreaking,"['παρανομία', 'ανομία', 'βίαιες πράξεις', 'κακουργία']","['crime', 'criminality', 'lawlessness', 'delinquency']","Είναι τόση η ""δημοκρατία"" του Σύριζα που αφήνει αμετανόητους δολοφόνους τρομοκράτες (τα φιλαράκια τους δηλαδή) να κάνουν βολτίτσες. Την ίδια στιγμή ο έλληνας φοβάται να βγεί από το σπίτι του ή δολοφονείται σπίτι του από την ανεξέλεγκτη εγκληματικότητα! #Χουντα_Τσιπρα",0.85,re
EL555,εγωισμός,NOUN,0.23,Behavioral_Trait,στάση όπου το άτομο βάζει το προσωπικό συμφέρον πάνω από των άλλων,attitude of placing one’s own interest above others,"['φιλαυτία', 'αυτοκεντρισμός', 'ναρκισσισμός', 'ατομικισμός']","['selfishness', 'egoism', 'self-centeredness', 'narcissism']","Έχει θιγεί ο εγωισμός του.» «Πάντως, για καλό και για κακό έχω δώσει ψεύτικο όνομα στο νοσοκομείο και ανάλογα από το τι θα μας πει ο γιατρός, θα κοιτάξω να την πάρω από κει μέσα.» Μίνα (σελ.295) Ήταν απογευματάκι όταν χτύπησε το τηλέφωνο της Μίνας.",0.37,cds
EL1295,εθισμένος,VERB,0.6,Person,άτομο που έχει αναπτύξει εξάρτηση από ουσία ή συμπεριφορά,person who has developed dependence on a substance or behaviour,"['χρήστης', 'κολλημένος', 'άρρωστος', 'εξαρτημένος']","['addict', 'hooked', 'dependent', 'user']",Ηλικιωμένες εθισμένες… στην τσόχα,0.62,cds
EL1295,εθισμένος,VERB,0.6,Person,Υπερβολικά ένθερμος οπαδός ή λάτρης καθημερινής απόλαυσης· δηλώνει ισχυρή προτίμηση χωρίς κλινική εξάρτηση,obsessed : person intensely fond of something,"['κολλημένος', 'φανατικός']","['hooked', 'fanatic']","Ο Άλεκ Μπάλντουιν παραδέχεται ότι ήταν εθισμένος στην κοκαϊνη: «Σνίφαρα όλη μέρα, ήταν σαν καφές»",,cds
EL1538,ειδωλολάτρης,NOUN,0.42,Person,"Άνθρωπος που προσκυνά υλικές απεικονίσεις θεοτήτων ή τηρεί πολυθεϊστικές δοξασίες, έξω από τις μεγάλες μονοθεϊστικές θρησκείες",person who worships idols or multiple deities,"['παγανιστής', 'πολύθεος', 'δωλολάτρης']","['idolater', 'pagan', 'polytheist', 'heathen']",Για τέτοια είδολα αξίζει να γίνεις ειδολολάτρης,,cds
EL1538,ειδωλολάτρης,NOUN,0.42,Person,"Άτομο που θαυμάζει άκριτα και υπερβολικά αντικείμενο, συνήθεια ή τάση, μέχρι λατρείας",fanatic : person showing blind admiration,"['λάτρης', 'φανατικός']","['devotee', 'fanboy']","Kαλά, αυτός ειδωλολάτρης δεν είναι ?",,cds
EL1541,ειδωλολατρία,NOUN,0.39,State,Θρησκευτικό καθεστώς όπου υλικά αντικείμενα ή φυσικά φαινόμενα θεωρούνται θεϊκά και λατρεύονται,ongoing worship of idols or multiple gods,"['παγανισμός', 'πολυθεϊσμός', 'δωλολατρία', 'λατρεία ειδώλων']","['idolatry', 'paganism', 'polytheism', 'idol worship']","username Ο παγανισμός,ο σκοταδισμος και η ειδωλολατρία επέστρεψαν,είναι εδώ..",0.71,cds
EL1541,ειδωλολατρία,NOUN,0.4,Repetitive_Action,"Παθολογική προσκόλληση σε αξίες όπως το χρήμα, η εικόνα ή το σώμα, που λειτουργεί ως «σύγχρονο είδωλο».",obsessive worship : excessive devotion to a worldly ideal,"['λατρεία', 'εξάρτηση']","['fetishisation', 'cult-like devotion']",Σοβαρά τώρα⁉️Προσκυνούν οι πιστοί κασκόλ και μαγκούρες εν έτει 2024; Είναι οι ίδιοι που καταδικάζουν την ειδωλολατρεία;,,cds
EL1540,ειδωλολατρικός,ADJ,0.33,Behavioral_Trait,που χαρακτηρίζεται από λατρεία υλικών εικόνων ή πολλών θεών,characterised by idol worship,"['παγανιστικός', 'πολυθεϊστικός', 'δωλολατρικός']","['idolatrous', 'pagan', 'polytheistic']",Το παγανιστικό σύμβολο στην πρόσκληση στέψης του βασιλιά Καρόλου προκαλεί κριτική Πράσινο πρόσωπο στο κάτω μέρος της πρόσκλησης Ποιος είναι λοιπόν ο Πράσινος Άνθρωπος; Είναι ειδωλολατρικός θεός; Σύμβολο των ριζών της Αγγλίας; Και τα δύο – ή κανένα;,,cds
EL1540,ειδωλολατρικός,ADJ,0.33,Behavioral_Trait,Σεμπεριφορά που εκδηλώνει άκριτο θαυμασμό ή προσκόλληση σε γήινα αγαθά,fanatical : marked by blind admiration,"['λατρευτικός', 'φανατικός']","['icon-worshipping', 'fanatical']",Από πότε τιμάται στους Ολυμπιακούς αγώνες ο ειδωλολατρικός χρυσός ταύρος του Βάαλ;,,cds
EL1155,είλωτας,NOUN,0.62,Person,Άτομο που εργάζεται εξαντλητικά χωρίς δικαιώματα ή αναγνώριση,drudge : person forced to do hard menial work,"['σκλάβος της δουλειάς', 'καταπιεζόμενος']"," ['drudge', 'toiler']",Ο Ειλωτας φτιάχνει καφεδάκια!#BigBrotherGR,,cds
EL451,εκβιάζω,VERB,0.82,Event,πράττω απειλές ή πίεση για να αποσπάσω όφελος από άλλον,use threats or pressure to obtain benefit,"['απειλώ', 'πιέζω', 'εξαναγκάζω', 'εκφοβίζω']","['blackmail', 'extort', 'coerce', 'threaten']","Το ‘χω πάρει απόφαση ότι δε σκοπεύεις να μου κάνεις το χατίρι, απλά μ’ έχεις πάντα στο περίμενε για να μπορείς να μ’ εκβιάζεις και να παίρνεις αυτό που θέλεις.",0.82,re
EL451,εκβιάζω,VERB,0.82,Event,"Έντονα πιέζω κάποιον ή μια κατάσταση για ταχύτερη ή ευνοϊκή εξέλιξη, χωρίς απαραίτητα παράνομη απειλή",pressure : to push someone or something to act earlier or differently,"['πιέζω', 'βιάζω', 'αναγκάζω']","['pressure', 'force']",Τη μια τον γλείφει και την άλλη τον εκβιάζει.,0.69,re
EL151,εκβιασμός,NOUN,0.74,Event,πράξη άσκησης απειλών ή εκφοβισμού για οικονομικό ή άλλο κέρδος,act of using threats for money or advantage,"['εξαναγκασμός', 'πίεση', 'κλοπή μέσω απειλής', 'εκφοβισμός']","['blackmail', 'extortion', 'coercion', 'shakedown']",«Ο Σωτηρόπουλος είχε την υποψία ότι η επιστροφή των ναυτιλιακών εταιρειών στην Ελλάδα ήταν μέρος του εκβιασμού.,0.63,re
EL151,εκβιασμός,NOUN,0.74,State,"Κλίμα έντονης ψυχολογικής πίεσης που οδηγεί κάποιον σε ανεπιθύμητη επιλογή, χωρίς να υπάρχει πάντοτε παράνομη απειλή",coercive pressure : situation of heavy psychological leverage,"['πίεση', 'καταναγκασμός']","['coercion', 'pressure']","username Με τα κολοεμβόλια κατάφερες να διχάσεις τους Έλληνες, στρέφοντας εχθρικά τους εμβολιασμένους απέναντι στούς ανεμβολίαστους, και τώρα προχωράς σε ωμό εκβιασμό κατά των ενεμβολίαστων σε υποχρεωτικά ράμπιτ τέστ για την πρόσβαση σε Δ.Υπ. Στίς Εκλογές θα πάθεις Βατερλό ΜΑΎΡΟ στη Ν.Δ",0.84,re
EL2364,εκβιαστής,NOUN,0.9,Person,άτομο που χρησιμοποιεί απειλές για να κερδίσει χρήματα ή εύνοια,person who blackmails for gain,"['απατεώνας', 'εκμεταλλευτής', 'πιεστής', 'εκφοβιστής']","['blackmailer', 'extortionist', 'racketeer', 'coercer']","Μήπως όμως ήταν τρομοκρατικές ενέργειες εκβιασμού, για να γυρίσουν οι εφοπλιστές στην Ελλάδα; Και μήπως ο Χαρδάκος επιλέχτηκε, γιατί τους ήταν το μεγαλύτερο εμπόδιο, και το πλήρωσε με τη ζωή του; Αν είναι έτσι, τότε έχουμε να κάνουμε με αδίστακτους εκβιαστές και μια αστυνομία που χάσκει.",0.69,re
EL1413,έκνομος,ADJ,0.62,Person,άτομο που δρα έξω από τους κανόνες δικαίου,person who lives outside the law,"['παράνομος', 'άνομος', 'παραβάτης', 'αντάρτης']","['outlaw', 'lawless', 'illegal', 'delinquent']","Ποινή και σωφρονισμός...Εδώ και αιώνες, έχουμε δεχθεί ότι στόχος μιας ποινής δεν είναι η τιμωρία αλλά ο σωφρονισμός. Ο έκνομος συμπολίτης μας, μπαίνει στη φυλακή, όχι για να τιμωρηθεί για όσα έπραξε αλλά για να σωφρονιστεί και να επανέλθει ως υγιές κύτταρο στην κοινωνία.",,cds
EL1413,έκνομος,ADJ,0.62,Behavioral_Trait,ενέργεια που παραβιάζει θεσπισμένους κανόνες∙ για πράξη ή κατάσταση που αντικρούει τον νόμο,illicit : contrary to law,"['παράνομος', 'αθέμιτος']","['illegal', 'illicit', 'unlawful']","έκνομος ακτιβισμός της ""παλαβής αριστεράς""",,cds
EL1999,εκτέλεση,NOUN,0.26,Event,θανάτωση κρατουμένου κατόπιν απόφασης ή εντολής,putting a prisoner to death by order,"['θανατική ποινή', 'τουφεκισμός', 'απαγχονισμός', 'αποκεφαλισμός']","['execution', 'capital punishment', 'firing squad', 'hanging']",username username Άσε τους άλλους. Δικός μου είσαι εσύ. Εκτός αν καταλάβεις ότι άλλη η διαφωνία για το πιο είναι το καλύτερο πολεμικό σχέδιο εναντίον τους και άλλο να παίρνεις το μέρος των μπάσταρδων. Δικαιωμά μας να θέλουμε εκτέλεση αυτών των παράσιτων. Αυτή πρέπει να είναι η μοίρα του προδότη.,0.79,re
EL1999,εκτέλεση,NOUN,0.26,Event,"Ενέργεια που υλοποιεί σχεδιασμένη εργασία, εντολή ή έργο",carry-out : act of performing a planned task,"['υλοποίηση', 'πραγμάτωση']","['implementation', 'execution (task)']","Ωραία η σκέψη και το σενάριο, στην εκτέλεση μάπα. ???? Ο Γιάννης όμως φωνάρα ???????? #AgriesMelisses",0.45,re
EL1999,εκτέλεση,NOUN,0.26,Event,Συντριπτικό πλήγμα ή γκολ/καλάθι που «τελειώνει» τον αντίπαλο σε αγώνα,rout : crushing defeat inflicted on a rival,"['σφαγή (μεταφ.)', 'ξεφτίλα']","['thrashing', 'clincher']",Σε πρώτη παγκόσμια αποκλειστική προβολή. Η συνέχεια μετά την εκτέλεση πέναλτι του καραμπελα.,,re
EL1234,έμπορος,NOUN,0.31,Person,"Άτομο του οποίου το κύριο επάγγελμα είναι η αγοραπωλησία προϊόντων, με μεσολάβηση μεταξύ παραγωγού και καταναλωτή",person who trades goods for profit,"['πωλητής', 'μαγαζάτορας', 'παλαιέμπορος', 'νταραβεριτζής']","['merchant', 'trader', 'dealer', 'seller', 'shopkeeper']",Θα σας κάψουμε ζωντανούς: Με αυτά τα λόγια οι επιστάτες του εμπόρου Νίκου Βαγγελάτου απευθύνθηκαν στους 200...,0.41,cds
EL1234,έμπορος,NOUN,0.31,Person,"Χαρακτηρισμός για κάποιον που κερδοσκοπεί πάνω σε πόνο, φόβο ή καταστροφή",profiteer (pejor.) : one who exploits suffering for gain,"['κερδοσκόπος', 'μαυραγορίτης']","['profiteer', 'war-profiteer', 'pain-merchant']","username  που έχει δίκιο στο θέμα της τυπικής αμοιβής βασικά. Αλλά Ελλάδα τώρα, ξέρεις.. μέχρι κ θεό είχαμε που ήταν των κλεφτών κ των εμπόρων.",0.51,cds
EL6,εξαθλίωση,NOUN,0.67,State,ακραία φτώχεια και υλική στέρηση που καταρρακώνει τον άνθρωπο,extreme poverty and degradation,"['ένδεια', 'φτώχεια', 'καταρράκωση', 'περιθωριοποίηση']","['destitution', 'squalor', 'deprivation', 'degradation']",Διεθνές θέμα μέσω των Ολυμπιακών Αγώνων η φτώχεια &amp; η εξαθλίωση της Ελλάδας. Για τα συγχαρητήρια καλοί είστε όλοι σας οι γαλαζοπρασινόζ! Φτού σας! #ΕΛΛΑΔΑ #νδ_the_end #ΣΥΡΙΖΑ_ξεφτιλες #ΟλυμπιακοιΑγωνες,0.88,dmc
EL2145,έξαλλος,ADJ,0.44,Person,άτομο που βρίσκεται σε έντονη οργή και χάνει τον έλεγχο,person who is furious and out of control,"['οργισμένος', 'θυμωμένος', 'αφηνιασμένος', 'αγριεμένος']","['furious', 'enraged', 'livid', 'rabid']",Για πρώτη φορά ξεσπάθωσα: «Φτου σου να χαθείς!» της φωνάζω έξαλλη.,0.56,svp
EL2145,έξαλλος,ADJ,0.44,Behavioral_Trait,"Χαρακτηρισμός για να δηλώσει ξέφρενο, άναρχο ενθουσιασμό∙ έντονα ζωηρός",wild : showing unrestrained energy or excitement,"['ξέφρενος', 'αχαλίνωτος']","['wild', 'frenzied']","Έκανε λίγο έξαλλη ζωή στην Αθήνα και στην Ευρώπη και για ένα φεγγάρι είχε γίνει, λένε, μπαλαρίνα σε καμπαρέ.",0.34,svp
EL1568,εξάντληση,NOUN,0.15,State,κατάσταση πλήρους σωματικής ή ψυχικής κόπωσης,state of complete physical or mental fatigue,"['κούραση', 'άδειασμα', 'κόπωση', 'καταπόνηση']","['exhaustion', 'fatigue', 'weariness', 'burnout']","Κατά τις δύο το πρωί, περισσότερο ναρκωμένη απ' τη ζέστη και την εξάντληση παρά κοιμισμένη, άκουσα το Φώτη να σηκώνεται.",0.26,is
EL1568,εξάντληση,NOUN,0.15,State,Έλλειψη πόρων ή αποθεμάτων ύστερα από υπερβολική χρήση,depletion : state of supplies running out,"['αποστράγγιση', 'εξανάλωση']","['depletion', 'running out']","400 παράνομοι μετανάστες έφτασαν στην Κρήτη το τελευταίο 24ωρο. Το Λιμενικό  βρίσκεται στα πρόθυρα της κατάρρευσης καθώς δοκιμάζονται οι αντοχές του. Είναι τεράστια η σωματική και ψυχική τους εξάντληση. Και είμαστε στην αρχή του καλοκαιριού. Να προσθέσουμε στην εσχάτη προδοσία του @kmitsotakis και την εσχάτη ανικανότητα και ανεπάρκεια. Οι στρατιές του Ιμπραήμ ξανάρχονται, η Επανάσταση του ‘21 ακυρώνεται…",,is
EL1008,εξαπάτηση,NOUN,0.62,Event,δόλια ενέργεια με σκοπό να παραπλανηθεί κάποιος για κέρδος,fraudulent act to deceive someone for gain,"['απάτη', 'κοροϊδία', 'ψευτιά', 'παραπλάνηση']","['deception', 'fraud', 'cheating', 'trickery']","ΑΥΤΗ ΕΙΝΑΙ ΒΛΑΚΕΙΑ Ή ΠΡΟΣΠΑΘΕΙΑ ΕΞΑΠΑΤΗΣΗΣ ΤΩΝ ΠΟΛΙΤΩΝ ΜΕ ΤΗΝ ΔΙΑΣΤΡΕΒΛΩΣΗ ΕΝΟΣ ΓΕΓΟΝΌΤΟΣ; Παλιό αλλά σημαντικό για να καταλάβετε πως λειτουργεί η χυδαιότητα του ΣΥΡΙΖΑ Είχε συμπέσει η θερινή προσφορά της wind με το δημοψήφισμα, για να παρει ο χρήστης τον δωρεάν χρόνο ομιλίας",0.76,dmc
EL1296,εξαρτημένος,VERB,0.43,Person,Άτομο με καταναγκαστική χρήση ουσίας ή συμπεριφοράς που δεν μπορεί να διακόψει μόνο του,person unable to function without the substance or person they depend on,"['εθισμένος', 'κολλημένος', 'σκλάβος', 'δεμένος']","['dependent', 'addicted', 'hooked', 'attached']",username username Ήταν χρηστριες. Νομίζω ως εξαθλιωμενη εξαρτημένη έχεις άλλες έννοιες από το να κάνεις εξετάσεις για να σε πηδανε χωρίς προφυλακτικο,0.84,cds
EL1296,εξαρτημένος,VERB,0.43,Person,Άτομο που για την επιβίωσή του στηρίζεται οικονομικά σε κάποιον άλλον,dependent : person relying on others for support,"['κολλημένος', 'στηριζόμενος']","['dependent', 'reliant']","Δεν είμαι εξαρτημένος με τη ψυχολόγο μου,απλά πήγε εκείνη στην Ιταλία κ εγώ άρχισα τους εσπρεσσο",,cds
EL2148,εξοργισμένος,VERB,0.38,Person,άτομο κατακλυσμένο από θυμό έντονης έντασης,person overwhelmed by intense anger,"['θυμωμένος', 'αγανακτισμένος', 'έξαλλος', 'βρασμένος']","['angry', 'outraged', 'incensed', 'irate']",Εξοργισμένος οδηγός πυροβόλησε αυτοκίνητο σκοτώνοντας τρίχρονο αγόρι στο πίσω κάθισμα,0.53,svp
EL158,εξυπνάδα,NOUN,0.25,Behavioral_Trait,"Υψηλή ικανότητα κατανόησης και σύνδεσης ιδεών, που γίνεται αντιληπτή ως ευφυΐα ή εφευρετικότητα","cleverness, mental sharpness","['ευφυΐα', 'σοφία', 'οξυδέρκεια', 'ευστροφία']","['intelligence', 'cleverness', 'wit', 'sharpness']",username Πασοκικές εξυπνάδες μες τη μούχλα,0.69,cds
EL158,εξυπνάδα,NOUN,0.25,Event,Λόγος σύντομος και ειρωνικός που εκφέρεται για να δείξει ανωτερότητα ή να πειράξει,smart-aleck comment,"['πονηριά', 'κακεντρέχεια', 'αστεϊσμός', 'σαρκασμός']","['wisecrack', 'quip', 'sarcasm', 'jibe']",Υπάρχει ωστόσο η πιθανότητα να μην πουλάει μόνο εξυπνάδα αλλά να ξέρει και λεπτομέρειες που εμείς αγνοούμε.,0.38,cds
EL2287,εξυπνάκιας,NOUN,0.67,Person,Άτομο που επιδεικνύει αυτάρεσκη οξυδέρκεια διορθώνοντας ενοχλητικά τους άλλους,"know-it-all, smart-aleck person","['ξερόλας', 'παντογνώστης', 'σπασίκλας', 'πολυλογάς']","['know-it-all', 'smart-pants', 'wise guy', 'pedant']","Γελοίος #Δ_Τζανακοπουλος διχαστικο,μωρος, εξυπνάκιας του κωλου",0.93,cds
EL465,εξώλης,ADJ,nan,Person,"Που θεωρείται ηθικά διεφθαρμένος, με απόλυτη έλλειψη φρόνησης ή σεμνότητας· απαντά κυρίως στη λόγια φράση «εξώλης και προώλης»",morally depraved person,"['ακόλαστος', 'διεφθαρμένος', 'αμαρτωλός', 'ανήθικος', 'ξεπεσμένος']","['degenerate', 'libertine', 'profligate', 'immoral person']","#gitiselias η μία εξώλης και προώλης (αριαδνη) συγχαιρει την άλλη εξώλης και προώλης (βασιλω). ωραίες κόρες έβγαλε ο καπερναρος, ζουμπουλια σκετα. και λίγα τους εσουρνε η Αρέτω!",,dmc
EL2476,εξωμότης,NOUN,0.75,Person,Άτομο που εγκαταλείπει την πίστη ή την πατρίδα και θεωρείται προδότης,"apostate, renegade","['αποστάτης', 'προδότης', 'λιποτάκτης', 'αλλόπιστος']","['apostate', 'turncoat', 'renegade', 'traitor']",username τωρα ο Τζεφρι ψαχνει κανενα Ρωσο εξωμοτη να δηλητηριάσει,0.65,dmc
EL567,έπαρση,NOUN,0.59,Behavioral_Trait,Υπερβολική αυτοπεποίθηση που εκδηλώνεται ως αλαζονική στάση απέναντι στους άλλους,"arrogance, conceit","['αλαζονεία', 'υπεροψία', 'κομπασμός', 'κενοδοξία']","['arrogance', 'pride', 'hubris', 'conceit']","Βέβαια, με τον Κολάκογλου θα ήταν πιο επιφυλακτική, αφού την είχε απειλήσει, αλλά είχε τέτοια έπαρση και σιγουριά, που μπορεί να μην έδωσε σημασία.",0.4,cds
EL567,έπαρση,NOUN,0.59,Event,Τελετουργική ανύψωση εθνικού συμβόλου (συνήθως σημαίας) σε δημόσιο χώρο,flag-raising : ceremonial hoisting of a flag,['ανύψωση (σημαίας)'],['flag-raising'],Η έπαρση η φιλοδοξία η προβολή της ανωτερότητας για να γεμίσουν το ανύπαρκτο εγώ τους πόσες φορές έχουν οδηγήσει φασιστικά και ναζιστικα κινήματα σε ψηλά ποσοστά . Αυτό το αυγό του φιδιού που παραμονεύει να σπάσει #AgriesMelisses #antifascists #antifascism,0.8,cds
EL1588,επιδεικτικότητα,NOUN,0.46,Behavioral_Trait,Τρόπος συμπεριφοράς που αποσκοπεί στο να τραβήξει προσοχή μέσω υπερβολών,"ostentation, showiness","['φιγουρατζίδικη διάθεση', 'επίδειξη', 'ματαιοδοξία', 'κραυγαλέα συμπεριφορά']","['ostentation', 'show-off attitude', 'flashiness', 'flamboyance']",Απολύει ο Κασσελάκης εκδικητικά και επιδεικτικά…,,cds
EL101,επιθετικός,ADJ,0.69,Person,Άτομο που αντιδρά με λεκτική ή σωματική βία και εχθρική διάθεση,aggressive person,"['εριστικός', 'οξύθυμος', 'βίαιος', 'μαχητικός', 'ανυπόμονος']","['aggressive', 'hostile', 'belligerent', 'combative', 'violent']",«Ο Σωτηρόπουλος δεν έκρυβε τις πολιτικές πεποιθήσεις του και ήταν συχνά επιθετικός».,0.43,svp
EL101,επιθετικός,ADJ,0.69,Behavioral_Trait,"μια συμπεριφορά που εκδηλώνεται με φιλονικίες, επιβολή θέλησης και εκφοβισμό",aggressive : inclined to attack or confront," ['επιληπτικός', 'βίαιος', 'εχθρικός']>","['aggressive', 'hostile', 'belligerent']","Βρήκαν ευκαιρία οι ορίτζιναλ Ναζί να αποκτήσουν ξανά επιθετικά όπλα,στην αναμπουμπούλα ο λύκος χαίρεται.",0.6,svp
EL63,επίμονος,ADJ,0.23,Person,Άτομο που δεν παραιτείται παρά τις αντιρρήσεις και επιμένει συχνά ενοχλητικά,"persistent, stubborn person","['πεισματάρης', 'αμετάπειστος', 'ανένδοτος', 'σταθερός']","['persistent', 'stubborn', 'insistent', 'tenacious']","username username Ο Κατρούγκαλος είναι απλά ένας επίμονος, πιο ""πολιτικά ορθός"" και αρκετά επικινδυνότερος Βαξεβάνης.",0.52,an
EL63,επίμονος,ADJ,0.23,Behavioral_Trait,Για σύμπτωμα ή φαινόμενο που δεν υποχωρεί σε βάθος χρόνου και χρειάζεται διερεύνηση,persistent : symptom that lasts for a long time,"['παρατεταμένος', 'διαρκής', 'χρόνιος']","['persistent', 'chronic']",username Δεν ξεχνάμε. Ίσως πρέπει να οργανωθούμε λίγο περισσότερο. Η επιμονή μας βοήθησε σε πολλά θέματα. Πιστεύω ότι και στο θέμα Λιγνάδη πρέπει να είναι πιο έντονη η παρέμβασή μας.,0.31,an
EL2385,επιπολαιότητα,NOUN,0.52,Behavioral_Trait,"Τάση να πράττει κανείς χωρίς σοβαρή σκέψη, αγνοώντας πιθανούς κινδύνους ή συνέπειες",carelessness : habit of acting without weighing consequences,"['απερισκεψία', 'ακρισία', 'ελαφρότητα']","['carelessness', 'recklessness', 'frivolity']","«Αν δεν κερδίσουμε, πρέπει να δούμε πού κάναμε λάθος»: Σε «επιπολαιότητα και μικροκομματισμό» αποδίδει ο Μανώλης...",0.35,cds
EL2385,επιπολαιότητα,NOUN,0.52,Event,Μεμονωμένο περιστατικό ή σειρά λαθών που αποκαλύπτουν αστοχία και προκαλούν ζημιά,blunder : reckless act causing negative outcome,"['απροσεξία', 'γκάφα', 'λάθος']","['blunder', 'slip-up']","Αντί να παραστήσει την οσία Μαρία, όπως έκανε ο Γκάτσος, και να πει: έκανα μια επιπολαιότητα, το αναγνωρίζω, δεν έπρεπε να δεχτώ να πάω μαζί του, μα είχα ανάγκη από λεφτά, να πει, και να τους παρακαλέσει να παραβλέψουν το παρελθόν του και να τον κρίνουν επιεικώς, άρχισε ν' αγορεύει σα δικηγόρος.",0.52,cds
EL2323,επιστημονισμός,NOUN,0.18,State,Ιδεολογική στάση που αντιμετωπίζει τη γνώση των θετικών επιστημών ως μοναδική αλήθεια παραμερίζοντας άλλες οπτικές,"scientism, blind faith in science","['θετικισμός', 'ορθολογισμός', 'τεχνοκρατισμός', 'μονομέρεια']","['scientism', 'positivism', 'technocratism', 'blind rationalism']","Ο επιστημονισμός και η επιστήμη σαν δόγμα, και η ε.φ.",,cds
EL2323,επιστημονισμός,NOUN,0.18,Behavioral_Trait,Χρήση επιστημονικής ορολογίας ως ρητορικό επίχρισμα για να αποδοθεί αβάσιμη αυθεντία,pseudo-scientific posturing : dressing weak claims in scientific jargon,"['ψευδο-επιστήμη', 'τεχνοκρατισμός']","['pseudo-scientific rhetoric', 'scientistic pose']","Καταλαβαίνουμε περισσότερα από όσα λέμε. #Επιστημονισμός! Εξαιρετική λέξη! Ταιριάζει στους πολέμιους της θρησκείας διότι ο επιστημονισμός είναι χειρότερος ως προς τη φασιστική τ πλευρά! Απόλυτη κ αδιαπραγμάτευτη γνώση δεν υπάρχει εξορισμού! Διεφθαρμένοι επιστήμονες, ναι!#Κύπρος",,cds
EL2156,επιτήδειος,ADJ,0.74,Person,Άτομο με πονηρία που εκμεταλλεύεται καταστάσεις προς ίδιον όφελος,"crafty, opportunistic person","['πανούργος', 'πονηρός', 'αδίστακτος', 'καιροσκόπος', 'μπαγαπόντης']","['crafty', 'cunning', 'opportunist', 'schemer', 'shrewd']","Στρατηγός Επιτήδειος για Σκόπια: ""Τέλος οι ενταξιακές συνομιλίες με τους κλέφτες της Ιστορίας μας"" (vd)",0.45,cds
EL1180,ερασιτέχνης,NOUN,0.3,Person,"Άτομο που ασκεί τέχνη, άθλημα ή άλλη δραστηριότητα για ευχαρίστηση, χωρίς επαγγελματική αμοιβή ή πιστοποίηση",amateur : person pursuing an activity for pleasure rather than for pay,"['μη επαγγελματίας', 'χομπίστας']","['amateur', 'hobbyist']",username Εντωμεταξύ ακόμα τζιε σε τούτα είμαστε ερασιτέχνες. 5 λεπτά να δεις 3 how to youtube videos εννα κάμνεις καλλυττερη δουλειά. Fucking hell,0.38,qas
EL1180,ερασιτέχνης,NOUN,0.3,Person,"Πρόσωπο που ενεργεί πρόχειρα και άτεχνα, στερούμενο επαγγελματισμού",bungler : incompetent person lacking professional skill,"['ανίδεος', 'άτεχνος', 'ανίκανος']","['bungler', 'dilettante']","username Να πάει να γαμηθεί ο Τρακης, τη μειωτική αναφορά σου σε τμήματα του ερασιτέχνη αναφέρω. Αν δε θες, αποχωρώ.",0.96,qas
EL45,ερασιτεχνισμός,NOUN,0.49,State,Επίπεδο εργασίας που χαρακτηρίζεται από έλλειψη επαγγελματισμού και οργάνωσης,"amateurism, lack of professionalism","['προχειρότητα', 'απειρία', 'τσαπατσουλιά', 'προχειροδουλειά']","['amateurism', 'incompetence', 'inexperience', 'sloppiness']","username τραγική ανεπάρκεια, ερασιτεχνισμός? συμφέροντα? με εχει κουρασει η ελληνική δημοσιογραφια, υπαρχουν και εξαιρέσεις βέβαια",0.7,qas
EL45,ερασιτεχνισμός,NOUN,0.49,State,"Άσκηση δραστηριότητας από μη επαγγελματίες, με κύριο κίνητρο την αγάπη για το αντικείμενο",amateur practice : non-professional pursuit of an activity," ['ερασιτεχνική πρακτική', 'χομπισμός']","['amateurism', 'hobby practice']",Όταν η διαρροή κρατικών δεδομένων ξεπλένεται και γίνεται απλός ερασιτεχνισμός.,,qas
EL1017,εραστής,NOUN,0.23,Person,"Άνδρας που διατηρεί ερωτική σχέση εκτός γάμου ή στα κρυφά, προκαλώντας κοινωνική κριτική","illicit lover, paramour","['γκόμενος', 'αγαπητικός', 'παράνομος σύντροφος']","['lover', 'paramour', 'beau', 'boyfriend']","Ο Αντώνης μπορεί να μην ήταν κανένας σπουδαίος εραστής, αυτό δεν παίζει και τόσο μεγάλο ρόλο για τη γυναίκα, αλλ' ήταν άντρας μ' όλη τη σημασία της λέξεως.",0.52,pr
EL1017,εραστής,NOUN,0.23,Person,"Πρόσωπο με έντονη αφοσίωση ή πάθος για αντικείμενο, ιδέα ή τόπο",enthusiast : person deeply fond of something,"['λάτρης', 'φίλος']","['enthusiast', 'aficionado']",Ο εραστής της τεχνοκρατίας πρέπει να ξέρει από καπιταλισμό,0.66,pr
EL742,εργαλείο,NOUN,0.12,Object,Αντικείμενο κατασκευασμένο ώστε να διευκολύνει χειρωνακτική ή τεχνική εργασία,"hand tool, implement","['όργανο', 'συσκευή', 'εξάρτημα', 'εργαλιά']","['tool', 'implement', 'instrument', 'appliance']",Παρουσίαση των εργαλείων της Microsoft στους εκπαιδευτικούς που συνόδευσαν τους μαθητές που συμμετέχουν στην Προσομοίωση Συνεδρίασης Ολομέλειας του Ευρωπαϊκού Κοινοβουλίου.,0.12,asm
EL742,εργαλείο,NOUN,0.12,Person,Υβριστικός χαρακτηρισμός για άτομο που χειραγωγείται από άλλους και εκτελεί διαταγές χωρίς αντίρρηση,"pawn, stooge","['πιόνι', 'μαριονέτα', 'ανδρείκελο', 'κορόιδο', 'άβουλος']","['pawn', 'puppet', 'stooge', 'tool', 'sucker']",Έχω την υποψία ότι η Κλελια Ρενεση είναι εργαλείο των ηλίθιων.,0.91,asm
EL742,εργαλείο,NOUN,0.12,Person,Ελκυστική γυναίκα ή άνδρας που προκαλεί σεξουαλική επιθυμία· χρησιμοποιείται ως θαυμαστικός χαρακτηρισμός,smoke show : very attractive person (slang),"['θεά', 'κούκλα', 'ποντικοπαγίδα']","['smoke-show', 'bombshell']",Πολύ ωραίο εργαλείο 🔥🔥🔥🔥🤤🤤🤤,,asm
EL1238,εργάτης,NOUN,0.16,Person,Άτομο που προσφέρει χειρωνακτική ή ανειδίκευτη εργασία και συχνά θεωρείται κατώτερο στην επαγγελματική ιεραρχία,"manual laborer, workman","['χειρωνάκτης', 'οικοδόμος', 'εργατοτεχνίτης', 'μισθωτός']","['laborer', 'worker', 'workman', 'hand']",username Έλα μου ντε δεν τους καταλαβενο εγώ πάω στην δουλειά μου και πάλη δεν λέω καλή ευδομαδα.Θα με πάρουν ι εργάτες με της ντομάτες άμα το λέω,0.46,qas
EL1237,ερωμένη,ADJ,0.63,Person,Γυναίκα που διατηρεί ερωτική σχέση με παντρεμένο άνδρα ή κρυφή σχέση εκτός γάμου,"mistress, female lover","['γκόμενα', 'παράνομη', 'αγαπητικιά', 'παλλακίδα', 'σύντροφος']","['mistress', 'lover', 'paramour', 'girlfriend', 'concubine']","Η Μυρτώ, όταν έμενε μόνη, μακριά από αυτούς που ήταν συνεχώς δίπλα της περιμένοντας ένα νεύμα της για να της φέρουν ό,τι ζητήσει, ξάπλωνε σε μια πολυθρόνα στο πιο επάνω κατάστρωμα και αγνάντευε τη θάλασσα, που ήξερε ότι ήταν η ερωμένη του Αγγέλου.",0.21,pr
EL1014,εταίρα,NOUN,0.72,Person,"Γυναίκα της κλασικής Αθήνας που πρόσφερε συντροφιά και ερωτικές υπηρεσίες σε εύπορους άνδρες, διακρινόμενη από τις κοινές πόρνες για παιδεία κι αυτονομία",courtesan : educated companion-prostitute of classical Greece,"['ἑταῖρα (αρχ.)', 'φιλή']","['courtesan', 'hetaera']","Συνταξιούχος-συνδικαλιστής με 9εκ.€ ... ""κοινωνικές εταίρες""",0.5,pr
EL1014,εταίρα,NOUN,0.72,Person,Γυναίκα που προσφέρει ερωτικές υπηρεσίες επί πληρωμή και συχνά διαθέτει κοινωνική καλλιέργεια,"courtesan, prostitute","['πόρνη', 'κοινή', 'συνοδός', 'ιερόδουλη', 'γυναίκα της νύχτας']","['courtesan', 'prostitute', 'sex worker', 'escort', 'harlot']",Ασπασία: H εταίρα που δίδασκε φιλοσοφία και σημάδεψε τη ζωή του Περικλή,0.29,pr
EL1674,ευέξαπτος,ADJ,0.47,Person,Άτομο που θυμώνει εύκολα και αντιδρά ορμητικά,short-tempered person,"['οξύθυμος', 'νευρικός', 'εκρηκτικός', 'θυμώδης']","['irritable', 'hot-tempered', 'quick-to-anger', 'touchy']",username εγώ θεωρώ ότι έχει παρεξηγηθει ο Πάνος. Ο μισθοφορος είναι για μπουνιες και ευεξαπτος και δεν μπορείς να συζητήσεις μαζί του.,0.75,svp
EL1023,εύπιστος,ADJ,0.49,Person,Άτομο που δέχεται αβίαστα όσα του λένε και εξαπατάται συχνά,gullible person,"['αφελής', 'καλοπροαίρετος', 'κορόιδο', 'απλοϊκός', 'ευκολόπιστος']","['gullible', 'naive', 'trusting', 'credulous', 'sucker']",“…πως των ευπίστων η φυλή τρέφει το γένος των κολάκων …”,0.41,ddp
EL2034,έχιδνα,NOUN,0.58,Person,"πονηρό και επικίνδυνο άτομο, κυρίως γυναίκα, που βλάπτει ύπουλα τους άλλους","malicious, treacherous person, esp. woman","['φίδι', 'κακεντρεχής', 'πονηρή', 'φαρμακόγλωσσα', 'δηλητηριώδης']","['snake', 'viper', 'malicious woman', 'bitch', 'backstabber']",Τον έρμο το Γερμανό στη Χαλκιδική μάλλον τον έφαγε η 'έχιδνα' η γυναίκα του κι όχι το δάγκωμα του φιδιού. Αυτά είναι...,0.64,an
EL2034,έχιδνα,NOUN,0.58,Object,"δηλητηριώδες φίδι με τριγωνικό κεφάλι και ισχυρό ιό, κοινή οχιά της Μεσογείου",poisonous viper species,"['οχιά', 'φίδι', 'όφις', 'αστρίτης']","['viper', 'snake', 'adder', 'poisonous snake']",ΑΡΧΕΙΟΝ ΠΟΛΙΤΙΣΜΟΥ: Η Μακεδονία στον σάκκο με τις έχιδνες - του Β. Κάρτσιου,0.47,an
EL2112,ζαρώνω,VERB,0.12,Event,"πράξη υποχωρώ ξαφνικά από φόβο ή απειλή, δείχνοντας δειλία",to cower or back down in fear,"['μαγκώνομαι', 'κωλώνω', 'υποχωρώ', 'φοβούμαι', 'λυγίζω']","['cower', 'chicken out', 'flinch', 'back down', 'cringe']","Και πάλι έσκυβε το κεφάλι του ο σερ Λιούλης και πάλι μαζευόταν και ζάρωνε, σαν να μην είχε πού να κρύψει την ντροπή του για τις πράξεις του.",0.41,cds
EL2112,ζαρώνω,VERB,0.12,Event,Κάνω επιφάνεια να γεμίσει ρυτίδες ή τσακίσεις,to wrinkle / to crumple,"['τσαλακώνω', 'σουφρώνω']","['wrinkle', 'crumple']",Το ρούχο δεν έχει απλά ζαρώσει αλλά έχει κάνει πιέτες από την τσαλάκα αυτό μόνο το στίψιμο στο πλυντήριο μπορεί να το κάνει,,cds
EL1665,ζηλιάρης,ADJ,0.47,Person,άτομο που νιώθει διαρκή φθόνο και ανασφάλεια απέναντι στα επιτεύγματα των άλλων,habitually jealous person,"['φθονερός', 'ζηλότυπος', 'κακεντρεχής', 'μίζερος']","['jealous', 'envious', 'covetous', 'green-eyed']",Μόνο που ήξερε πως ήταν ζηλιάρα και τ' άρεσε να την κουρδίζει.,0.34,svp
EL1665,ζηλιάρης,ADJ,0.47,Behavioral_Trait,"Η συμπεριφορά που εκδηλώνεται ως έντονος φόβος απώλειας της αποκλειστικής εκτίμησης ή αφοσίωσης κάποιου άλλου, συνοδευόμενος από αμφιβολία και υποψία για τις προθέσεις ή τα επιτεύγματα του τρίτου","jealous: inclined to fear loss of exclusive affection or loyalty, exhibiting doubt and suspicion of others’ motives or achievements","['ζηλότυπος', 'φθονερός', 'κτητικός']","['jealous', 'envious', 'possessive']",Καλό Απόγευμα!! Ζηλιάρα γάτα!! Παρασκευή η αγαπημένη μου μέρα θα πάμε διήμερο.,,svp
EL1663,ζηλοφθονία,NOUN,0.79,State,έντονο και διαρκές αίσθημα φθόνου συνοδευόμενο από επιθυμία να στερηθεί ο άλλος το αγαθό του,"malicious envy, spiteful jealousy","['φθόνος', 'ζήλια', 'κακεντρέχεια', 'μιζέρια']","['envy', 'jealousy', 'spite', 'begrudging']","Πέρα από τη χαιρεκακία και τη ζηλοφθονία, αυτό που δεν μπορούν να καταλάβουν τα Ορκ είναι ότι αυτοί που σκίζουν τη #Σαντορίνη δεν είναι Σαντορινιοι.",,svp
EL1663,ζηλοφθονία,NOUN,0.79,Event,Βίαιη ενέργεια ή έγκλημα που κινείται από κτητικότητα,crime of passion : violent act driven by jealousy,"['έγκλημα πάθους', 'φόνος για ζήλια']","['jealous rage killing', 'crime of passion']","Μονο εγω αισθανομαι τρομερη ντροπη βλεποντας το αυτο? Ο τυπος απο ""δεν στηριζω πια"" εγινε full on hater ΤΙ ΦΑΣΗ???????????? Κομπλεξ και ζηλοφθονια και βρηκε μια αφορμη να εκφραστει #survivorGR",,svp
EL106,ζηλωτής,NOUN,0.19,Person,άτομο που υποστηρίζει με φανατισμό μια ιδέα ή θρησκεία και προσπαθεί να την επιβάλει,fanatic supporter or religious zealot,"['φανατικός', 'ακραιολόγος', 'ιδεοληπτικός', 'σκληροπυρηνικός']","['zealot', 'fanatic', 'extremist', 'bigot']","«Γνωστή και άγνωστη Ελλάδα. Ένα ταξίδι χωρίς Ιθάκη» ο τίτλος της νέας έκθεσης του φίλου Ερύμανθου. Ζηλωτής της ωραιότερης τέχνης, αυτής της ζωγραφικής, εξαντλεί σε κάθε του δουλειά το αστείρευτό του ταλέντο, καταθέτοντας στα έργα του όλο το εύρος της ψυχής του. Συγχαρητήρια.",,cds
EL1369,ζιγκολό,NOUN,0.81,Person,άνδρας που διατηρεί ερωτικές σχέσεις με μεγαλύτερες ή εύπορες γυναίκες με αντάλλαγμα χρήματα ή δώρα,man who sells romantic or sexual companionship to affluent women,"['αρσενική πόρνη', 'συνοδός κυριών', 'καμάκι', 'ερωτικός μισθοφόρος']","['gigolo', 'male escort', 'toy boy', 'kept man']",username Χάχα... Με τέτοιο ζιγκολό και χέρια θα εξαφανίσει σε λίγο!!,0.72,cds
EL747,ζιζάνιο,NOUN,0.12,Object,"άγριο ανεπιθύμητο φυτό που φυτρώνει ανάμεσα στις καλλιέργειες και ανταγωνίζεται τα καλλιεργούμενα, μειώνοντας την παραγωγή",weed growing among crops,"['αγριόχορτο', 'παράσιτο', 'χόρτο', 'τσουκνίδα']","['weed', 'wild plant', 'invasive plant', 'pest plant']","Ο Γερμανός δίνει εντολή να ξεριζώσουν τα ""ζιζάνια""απ' το Χωράφι ! Οι μη Τουρκικοί πληθυσμοί είναι για αυτούς αγριόχορτα ... #kokkinopotami",0.6,cds
EL747,ζιζάνιο,NOUN,0.12,Person,παιδί ή άτομο που προκαλεί συνεχώς φασαρίες και βάζει λόγια στους άλλους,"mischief-maker, trouble-causing person","['σκανταλιάρης', 'ταραχοποιός', 'μικρό διαβολάκι', 'κουτσομπόλης']","['troublemaker', 'mischief', 'imp', 'instigator']","username username Από μπαμπά ούτε χαστούκι. Η μαμά όμως μου τις έβρεχε. Ζιζάνιο από κούνια, μεγάλωςα σ στρατιωτική οικογένεια κ άκουγα συνέχεια πολιτικά. Μια μέρα στ τραπέζι άρχιςα ν λέω συνέχεια ""Γλύξμπουργκ"" (❌) μπέρδευα τ γλώσσα κ γελούσα. Το χασ",0.52,cds
EL2508,ζουλού,NOUN,0.49,Person,"άτομο που χαρακτηρίζεται ως απολίτιστο και βίαιο, χρησιμοποιείται μειωτικά","uncivilized, savage person (derog.)","['άγριος', 'βάρβαρος', 'κανίβαλος', 'απολίτιστος', 'χωριάτης']","['savage', 'barbarian', 'uncivilized', 'brute', 'primitive']","Αντί αυτή τη στιγμή να χοροπηδάμε πάνω στο κουφάρι του Μητσοτάκη σαν ζουλού, κάνουμε το μνημόσυνο του #Κουρουμπλη... Αλέξη, έβγαλες περίστροφο κι αντι να πυροβολήσεις τον χαζό γόνο, πυροβόλησες το πόδι σου. Είμαι σε στάση ""facepalm"" ????‍♂️ όλο το απόγευμα... #Μελετη_Τσιοδρα",0.81,ps
EL1205,ζώο,NOUN,0.32,Object,"έμβιο ον με αισθήσεις και κινητικότητα, πλην του ανθρώπου","non-human living creature, animal","['κτήνος', 'θηρίο', 'ζωντανό', 'τετράποδο']","['animal', 'creature', 'beast', 'brute']","username Μπα ο αρουραίος σου παει τοσο σκατα χαρακτηρας που εισαι φίλε. Μηλας για ζωα ενω τα αμφισβητείς, αμφισβητείς τα δημιουργήματα του θεού.",0.52,an
EL1205,ζώο,NOUN,0.32,Person,προσβλητικός χαρακτηρισμός για άτομο που θεωρείται κουτό ή αγενές,insult for stupid or rude person,"['βόδι', 'χαϊβάνι', 'κτήνος', 'βλάκας', 'τομάρι']","['animal', 'brute', 'idiot', 'moron', 'beast']",username username Τραβα ψοφα σκουπίδι της κοινωνίας #ΚΚΕπροδότες. Πόσο ζώο είσαι; να προσέχεις τον Παντελο,0.95,an
EL1930,ζωοκλέφτης,NOUN,0.33,Person,"άτομο που κλέβει ζώα, κυρίως κτηνοτροφικά, για οικονομικό όφελος",livestock thief,"['κλέφτης ζώων', 'ληστής κοπαδιών', 'απατεώνας', 'κλέφτης κοπαδιών']","['cattle rustler', 'stock thief', 'livestock robber', 'rustler']",Ανθρωποκυνηγητό για ζωοκλέφτες στην Κρήτη!,0.5,cds
EL1759,ηδυπάθεια,NOUN,0.49,Repetitive_Action,"έντονη ροπή στην απόλαυση σωματικών ηδονών, ιδίως σεξουαλικών ή γαστριμαργικών","excessive sensuality, voluptuousness","['ηδονισμός', 'σαρκολατρία', 'ακολασία', 'λαιμαργία', 'ηδονή']","['sensuality', 'hedonism', 'voluptuousness', 'debauchery', 'lust']","Αυτή η ηδυπάθεια η σκύλα, ξέρει καλά να ζητιανεύει ένα κομμάτι κρέας, όταν της αρνούνται ένα κομμάτι πνεύμα.Νίτσε. Αφιερωμένο σε όλους όσοι σήμερα χαίρονται για ένα  ...κομμάτι κρέας.",,svp
EL1188,ηθικιστικός,ADJ,0.38,Behavioral_Trait,χαρακτηρισμός που κρίνει τα πάντα με στενόμυαλη και υπερβολικά αυστηρούς κανόνες,"narrow, judgmental moralistic","['κηρυγματικός', 'ηθικοπλαστικός', 'πουριτανικός', 'κατηχητικός']","['moralistic', 'preachy', 'puritanical', 'sanctimonious']","ηθικιστικος σχετικισμος, για τους προοδευτικουληδες ο μισογυνισμος του ισλαμ ειναι ανεκτος",,dmc
EL1729,ηθικολογία,NOUN,0.3,Event,πράξη εκφοράς λόγου που κηρύττει αυστηρούς κανόνες και επικρίνει τη συμπεριφορά των άλλων,"moralizing discourse, preaching","['κήρυγμα', 'νουθεσία', 'διδακτισμός', 'κατήχηση']","['moralizing', 'preaching', 'sermonizing', 'lecturing']",Η κενή ηθικολογία Κανάκη που δεν εφαρμόζει ούτε στον εαυτό του πρέπει να σας προβληματίσει για όλους αυτούς που το παίζουν ηθικοί κριτές των πάντων. ,,cds
EL2284,ηθικολόγος,NOUN,0.51,Person,"Άτομο που επικρίνει τους άλλους επικαλούμενο αυστηρά πρότυπα συμπεριφοράς, συχνά με υποκρισία",person who moralizes and preaches to others,"['πουριτανός', 'κηρύκας', 'νουθετητής', 'σεμνότυφος']","['moralist', 'preacher', 'puritan', 'sanctimonious person']",Μιλα καθαρα ρε πες τι γινοτανε εκει περα με κλικες κι ασε τις ηθικολογες #SurvivorPanoramaGR #survivorGR,0.81,cds
EL310,ηλίθιος,ADJ,0.74,Person,προσβλητικός χαρακτηρισμός για άτομο με πολύ χαμηλή αντίληψη ή ανόητη συμπεριφορά,stupid or foolish person (insult),"['βλάκας', 'ανόητος', 'χαζός', 'κουτός', 'ξερόβραστος']","['idiot', 'moron', 'imbecile', 'fool', 'dumb']","Είναι λίγο random αλλά έχει διαβάσει/δει στο θέατρο κανείς το ""καπλανι της βιτρίνας""? Γιατί νιώθω πολύ ηλίθια που το το χω δει δύο φορές στο δημοτικό και επειδή ήμουν μικρή κι ανόητη δεν το κατάλαβα και τώρα θέλω να το διαβάσω:/",0.56,asm
EL310,ηλίθιος,ADJ,0.74,Behavioral_Trait,"Ενέργεια ή λάθος που γίνεται απερίσκεπτα, χωρίς λογική, δείχνοντας έλλειψη φρόνησης",foolish: lacking good sense or judgment,"['ανόητο', 'απερίσκεπτο']","['foolish', 'silly', 'idiotic', 'dumb']","username username username έχω ζητήσει, αλλά λόγω των ηλίθιων όρων του τουίτα, δεν γίνεται",0.55,asm
EL51,ηλιθιότητα,NOUN,0.72,State,Μόνιμη ή στιγμιαία έλλειψη εξυπνάδας· κατάσταση πνευματικής ανοησίας,"stupidity, foolishness","['βλακεία', 'ανοησία', 'χαζομάρα', 'κουταμάρα', 'κουτοσύνη']","['stupidity', 'foolishness', 'idiocy', 'silliness']","username Επαληθεύομαι για πολλοστή φορά… Δεν στέκεις στα καλά σου. Κάνε μας την χάρη τώρα καραγκιοζη, οπαδέ του τίποτα κι απάλλαξε μας απ τις ηλιθιότητες και την παρουσία σου.",0.84,asf
EL51,ηλιθιότητα,NOUN,0.72,Event,Πράξη ή λόγος εξαιρετικά ανόητος που προκαλεί ζημιά ή θυμηδία,blunder of stupidity : foolish act,"['κουταμάρα', 'γκάφα']","['idiotic act', 'stupid move']",μαλιστα. παρατηρειται νεο φαινομενο μεταδοτικης ηλιθιοτητας. αντιστροφη συνωμοσιολογια. αντι-αντι-ψεκ αμφισβητουν οτι εχουν τελικα κανει το εμβολιο οι πληρως εμβολιασμενοι κωλοχαρτοι που νοσουν θερμη παρακληση στη pfizer να παρεμβει,0.98,asf
EL1179,ημιμαθής,ADJ,0.42,Person,άτομο με ελλιπείς γνώσεις που θεωρεί ότι τα ξέρει όλα,poorly educated know-it-all,"['ξερόλας', 'αμαθής', 'μισογράμματος', 'αστοιχείωτος']","['semiliterate', 'half-educated', 'ignorant', 'know-all']",username username Περαστικά κοκκινοσβερκε ημιμαθη τρολακο. Άλλη φορά ρώτα κάποιον με αντίληψη ενήλικου πριν γράψεις μλκια γιατί είναι κρίμα να τρως φάπες επειδή δεν έχεις επίπεδο,1,qas
EL1747,ημίονος,NOUN,0.42,Object,"υβριδικό υποζύγιο προερχόμενο από αρσενικό γάιδαρο και θηλυκό άλογο, ανθεκτικό στη βαριά εργασία","mule, hybrid of donkey and mare used as pack animal","['μουλάρι', 'υποζύγιο', 'φορτηγό ζώο', 'άλογο-γάιδαρος']","['mule', 'pack animal', 'hybrid donkey', 'draught animal']",H άμαξα που μετέφερε τη σορό του Μέγα Αλεξάνδρου ζύγιζε πάνω από 100 τόνους – Την έσερναν 64 ημίονοι (φώτο) #CancelMasterChefGR #ypotheseis #Ματι #Βρουτση #5Ιουνιου #ΚαλημεραΝικο #ΚαλημεραΧρηστο #Αγγελοπουλοι #σκινδηλιας #πληροφορικη,,an
EL1747,ημίονος,NOUN,0.42,Person,μειωτικός χαρακτηρισμός για άτομο πεισματάρικο και δύστροπο,"stubborn, obstinate person (derog.)","['μουλάρι', 'πεισματάρης', 'ξεροκέφαλος', 'κοτσοκέφαλος']","['mule', 'stubborn', 'obstinate person', 'blockhead']","#Ημιπιτσιρικάς, όπως λέμε «ημίονος»;",,an
EL2019,θανάτωση,NOUN,0.49,Event,"ενεργητική πράξη που οδηγεί στο τέλος της ζωής ενός ζώου ή ανθρώπου, συνήθως με κρατική ή υγειονομική εντολή","act of killing, putting to death","['φόνος', 'εκτέλεση', 'σφαγή', 'δολοφονία', 'θανατηφόρα ενέργεια']","['killing', 'putting to death', 'execution', 'slaying', 'euthanizing']",#Kgreece Αμοιβή 3.000 ευρώ για τον εντοπισμό του δράστη θανάτωσης 2 σκυλιών στο Ηράκλειο,0.36,re
EL86,θεατρινισμός,NOUN,0.3,Behavioral_Trait,"Σταθερή τάση ή συνήθεια να εκδηλώνει κανείς υπερβολική, προσποιητή συμπεριφορά με σκοπό τον εντυπωσιασμό ή την παραπλάνηση",theatrics: habitual performance intended to manipulate or captivate,"['υποκριτική διάθεση', 'δραματική μανιέρα', 'θεατρικότητα']","['theatricality', 'showmanship']",Χαμός στη Βουλή - «Πόσος θεατρινισμός κ. Κωνσταντοπούλου για την σοβαρή υπόθεση των Τεμπών;» | http://in.gr,,cds
EL86,θεατρινισμός,NOUN,0.3,Event,"Υπερβολική, προσποιητή ενέργεια ή κίνηση που στοχεύει στον εντυπωσιασμό ή την παραπλάνηση ως μεμονωμένο περιστατικό",theatrics / grandstanding: affected display meant to impress,"['υποκρισία', 'δραματοποίηση', 'σόου']","['theatrics', 'grandstanding', 'affectation']",username username Κουίκ: Να αφήσει τις υποκρισίες και τους θεατρινισμούς το υπουργείο Εξωτερικών  username,0.63,cds
EL632,θνησιμαίος,ADJ,0.35,Person,"αυτός που είναι καταδικασμένος να πεθάνει, που δεν έχει τη δύναμη να ζήσει (λόγω ασθένειας ή άλλης αιτίας)",contemptuous term for a mere mortal,"['θνητός', 'εφήμερος', 'ευτελής', 'μικρός']","['mortal', 'ephemeral creature', 'wretch', 'earthling']","Εάν, επομένως, καθορισθεί ελάχιστο μέγεθος 25cm, όλες οι χωματίδες μεγέθους μεταξύ 17 και 24cm θα πρέπει τότε να ρίπτονται στη θάλασσα νεκροί ή θνησιμαίοι.",,cds
EL633,θνησιμαίος,ADJ,0.36,Object,Νεκρό σώμα ζώου· κουφάρι που απομένει μετά τον θάνατο,carcass : dead animal body,"['ψοφίμι', 'κουφάρι']","['carcass', 'carrion']","Άρα, προσφέρει επωφελή υπηρεσία, εφόσον τα θνησιμαία θα μπορούσαν να αποτελέσουν εστίες πολλαπλασιασμού μικροβίων.",,cds
EL557,θράσος,NOUN,0.65,Behavioral_Trait,Ιδιότητα συμπεριφοράς που δείχνει υπερβολική αυτοπεποίθηση και προκλητική ασέβεια.,shameless audacity; insolence,"['αναίδεια', 'αυθάδεια', 'αγένεια', 'απρέπεια']","['insolence', 'audacity', 'impudence', 'boldness']","Ενώ, αν είχαμε τη Σμύρνη και την Ανατολική Θράκη, δε θα χρειαζόταν τώρα να εισάγουμε ακόμα και το στάρι μας... Και ξαφνικά, αυτό που υποπτευόμουνα εδώ και μερικά δευτερόλεπτα, έγινε βεβαιότης: δεν τον έφτανε τον παλιάνθρωπο το κολλητήρι που 'κανε και που, ήθελα δεν ήθελα, ήμουνα υποχρεωμένη ν' ανεχθώ για να μην κάνω σκάνδαλο, παρά είχε το θράσος να βάλει και το χέρι του κάτω απ' τη φούστα μου.",0.76,cds
EL484,θρησκοληψία,NOUN,0.67,Repetitive_Action,Υπερβολική και φανατική προσκόλληση σε θρησκευτικές τελετές και κανόνες.,bigoted religiosity; fanatical piety,"['φανατισμός', 'ευσεβισμός', 'θρησκευτική μανία', 'δογματισμός']","['religious fanaticism', 'bigotry', 'sanctimony', 'dogmatism']",username username username Υπάρχει και σε κομμάτια της αριστεράς αυτό. Δεν είναι μόνο θρησκοληψία λοιπόν.,0.34,cds
EL1669,θυμός,NOUN,0.3,State,Ψυχική κατάσταση έντονης εκνευρισμένης εχθρικότητας.,state of anger,"['οργή', 'αγανάκτηση', 'έξαψη', 'μανία']","['anger', 'rage', 'fury', 'wrath']",username Ο θυμός είναι μια υγιής αντίδραση μιας πολιτισμένης κοινωνίας έναντι του αδόκητου χαμού 3 μικρών κοριτσιών από την διαβολική μάνα τους!Η απάθεια από την άλλη πλευρά ΔΕΝ είναι υγιής!Η λέξη ΘΑΝΑΤΟΣ σε ένα παντζούρι δεν αντιπροσωπεύει την κοινή γνώμη αλλά αντανακλά τον θυμό της.,0.56,svp
EL2146,θυμωμένος,VERB,0.2,Person,Άτομο που βρίσκεται σε κατάσταση έντονης οργής.,angry person,"['οργισμένος', 'εκνευρισμένος', 'αγανακτισμένος']","['angry', 'irate', 'incensed', 'mad']",username Θυμωμένο σε διαβάζω κομαντος,0.5,svp
EL2146,θυμωμένος,VERB,0.2,Behavioral_Trait,"Συμπεριφορά ή ιδιότητα που εκδηλώνει έντονη διάθεση οργής ή δυσαρέσκειας, συχνά με έκφραση εχθρότητας ή πίεσης προς πρόσωπα ή καταστάσεις",angry: experiencing or showing strong displeasure or rage,"['οργισμένος', 'εκνευρισμένος', 'αγριεμένος']","['angry', 'furious', 'irate']",θυμωμενοι οι ευρωπαίοι υποικ με τον τσακαλωτο που ομως εκανε καλη εντυπωση με τις προτασεις που δεν κατεθεσε #journalism,0.44,svp
EL2463,ιδιοτροπία,NOUN,0.37,Repetitive_Action,"Παραξενιά στη συμπεριφορά ή στην επιλογή, που παρεκκλίνει από το συνηθισμένο και συχνά ενοχλεί",capricious habit or quirk,"['λόξα', 'καπρίτσιο', 'παραξενιά', 'κυκλοθυμία']","['quirk', 'whim', 'caprice', 'eccentricity']",Δεν είναι οτι έχω ιδιοτροπίες αλλά όταν μασουλάτε το φαγητό σας με ανοιχτό το στόμα σαν μηρυκαστικά θέλω να σας ξεριζώσω το λαρύγγι.,0.8,an
EL49,ιδιωτεία,NOUN,0.16,State,"Μόνιμη ή βαριά έλλειψη νοητικών ικανοτήτων – ακραίος βαθμός βλακείας, συχνά με ιατρική-ψυχιατρική χροιά",intellectual ignorance; idiocy,"['βλακεία', 'αμάθεια', 'κουταμάρα', 'απλοϊκότητα']","['idiocy', 'stupidity', 'ignorance', 'dullness']",Η «Ιδιωτεία» του Δημήτρη Σμαΐλη:,0.34,ddp
EL1451,ιερόδουλη,NOUN,0.84,Person,"Γυναίκα που προσφέρει σεξουαλικές υπηρεσίες, με υποτιμητικό τόνο.",derogatory term for a female sex worker,"['πόρνη', 'εκδιδόμενη', 'εταίρα', 'βίζιτα']","['prostitute', 'sex worker', 'whore', 'hooker']",Με τέτοια που λέει ο Σωκρατης ούτε ιερόδουλη με λεφτά δεν του κάθεται. #poweroflove #poweroflovegr,0.85,pr
EL2394,ιθυφαλλικός,ADJ,0.56,Behavioral_Trait,"Για εικονιζόμενο θεό, σάτυρο ή άγαλμα: παρουσιάζεται με όρθιο φαλλό, σύμβολο γονιμότητας και αχαλίνωτης ζωής",depicting an erect phallus; ithyphallic,"['φαλλικός', 'άσεμνος', 'πορνογραφικός', 'χυδαίος']","['phallic', 'obscene', 'pornographic', 'lewd']","Από την Αξίερον πιθανόν αποσπάσθηκαν η Εκάτη Ζηρυνθία και Αφροδίτη Ζηρυνθία, ενώ προσκολλημένος σε αυτή είναι ο Καδμίλος, ιθυφαλλικός θεός της γονιμότητας που ταυτίστηκε με τον Ερμή.",,asm
EL2322,ισχνός,ADJ,0.14,Person,"Άτομο πολύ αδύνατο και χωρίς μυϊκή μάζα, συχνά με μειωμένη δύναμη.",very thin or scrawny person,"['κοκαλιάρης', 'λεπτός', 'χλωμός', 'λυγερός']","['skinny', 'scrawny', 'thin', 'gaunt']","Ο δωρικός, ισχνός Max Von Sydow στο ρόλο του Σταυροφόρου ιππότη Αντόνιους Μπλοκ γυρνάει με λαχτάρα στη γενέτειρά του Σουηδία μετά από 10ετη παραμονή στους Αγιους Τόπους οπου πολεμούσε για τον Θεό του.",,is
EL2322,ισχνός,ADJ,0.14,Behavioral_Trait,"Χαρακτηρισμός ανεπαρκούς έντασης, ποσότητας, ή περιεχομένου, που δίνει την αίσθηση επιφάνειας ή ανεπάρκειας","thin: lacking depth, strength, or substance","['αδύναμος', 'ανεπαρκής', 'επιφανειακός' 'πενιχρό', 'ελάχιστο']","['thin', 'meager', 'paltry']",Βενιζέλος: «Ο τόπος δεν κυβερνιέται με ισχνές πλειοψηφίες»: Την εκτίμηση ότι ο τόπος οδηγείται σε αδιέξοδο την...,0.14,is
EL387,κάθαρμα,NOUN,0.86,Person,Άνθρωπος χωρίς ηθική και εντιμότητα που βλάπτει συνειδητά τους άλλους· χυδαίος χαρακτηρισμός σε καθημερινά συμφραζόμενα,despicable person; scum,"['αλήτης', 'παλιοτόμαρο', 'ξεφτίλας', 'καθίκι']","['scumbag', 'bastard', 'lowlife', 'villain']","username username Τα γεροντάκια θα κάνουν πειραματόζωα, θα τα θυσιάσουν, και τους ήδη άρρωστους με άλλες αρρώστιες, μου θυμίζει τους ναζι που εκτελούσαν τους ανάπηρους. Τα γεροντάκια έχουν και άνοια και επηρεάζονται φουλ απο τα ξεπουλημένα στην ΝΔ, ΣΥΡΙΖΑ μμε και τα καθάρματα που κυβερνούν",0.83,an
EL1063,καθίκι,NOUN,0.93,Person,"Χυδαίος χαρακτηρισμός για πολύ αντιπαθή, δόλιο, κακόβουλο, ή ανήθικο άνθρωπο.",vulgar insult meaning scumbag,"['κάθαρμα', 'παλιοτόμαρο', 'παλιάνθρωπος', 'αλήτης']","['jerk', 'scum', 'bastard', 'asshole']",«Ο Πυλαρινός είναι ένα καθίκι που έχει κάψει πολύ κόσμο.,0.7,ps
EL1063,καθίκι,NOUN,0.93,Object,Χαρακτηρισμός για τα δεικτικού σχήματος καπέλα και γενικά υπερβολικά αξεσουάρ που κοσμούν το κεφάλι και κάνουν τον φέροντα να παρουσιάζει ένα γελοίο θέαμα,skullcap / beanie: a small cloth cap fitting snugly over the head," ['σκούφος', 'κουκούλα']"," ['skullcap', 'beanie', 'cap']","Τι, έτσι θα 'ρθεις στη θάλασσα; μ' αυτό το καθίκι στο κεφάλι; Ρεζίλι θα γίνουμε!",,ps
EL649,καθυστερημένος,VERB,0.49,Person,"Υβριστικός όρος για άτομο με νοητική υστέρηση, συχνά ως γενική προσβολή.",derogatory term for intellectually disabled person; retarded,"['χαζός', 'βραδύς', 'κρετίνος', 'ανάπηρος στο μυαλό']","['retarded', 'slow', 'moron', 'idiot']",πινετε τετοιες μαλακιες με ασπαρταμη να δειτε για ποτε θα τρεχετε με καρκινο καθυστερημενες ειστε ρε?,1,ddp
EL649,καθυστερημένος,VERB,0.49,Person,Άτομο που φθάνει ή εμφανίζεται πιο αργά από τον καθορισμένο χρόνο,delayed: happening or arriving later than scheduled," ['αργοπορημένος', 'οψιμιγενής']","['delayed', 'late']",Πες 10 φορές είμαι καθυστερημένος τώρα,,ddp
EL649,καθυστερημένος,VERB,0.49,Behavioral_Trait,Ενέργεια που συμβαίνει ή φτάνει μετά τον προκαθορισμένο χρόνο,delayed: happening or arriving later than scheduled,"['αργοπορημένος', 'οψιμιγενής']","['delayed', 'late']",Σήμερα παραμονή των Χριστουγέννων η τράπεζα Κύπρου κάνει τηλεφωνήματα για καθυστερημένες δόσεις…,0.14,ddp
EL2015,καιροσκόπος,ADJ,0.65,Person,Άτομο που εκμεταλλεύεται κάθε ευκαιρία χωρίς ηθικές αναστολές.,opportunist; self-seeker,"['οπορτουνιστής', 'συμφεροντολόγος', 'αμοραλιστής', 'κέρδος-κυνηγός']","['opportunist', 'self-seeker', 'time-server', 'careerist']",Καιροσκόποι!! Αρκεί να κυβερνήσετε πάλι username κ με τον διάβολο συμμαχείτε!! Το είχαμε εμπεδώσει με τις 2 φορές το 2015 αλλά δεν θα σας δοθεί πάλι η ευκαιρία…,0.58,cds
EL502,κακία,NOUN,0.44,Behavioral_Trait,Έντονη πρόθεση να βλάψεις ή να στενοχωρήσεις άλλους.,malice; spite,"['μοχθηρία', 'κακοβουλία', 'φθόνος', 'μισαλλοδοξία']","['malice', 'spite', 'malevolence', 'wickedness']","Ρίξε, θε μου, μια κακιά αρρώστια να τους ξεπαστρέψεις όλους, να μη μείνει ρουθούνι από δαύτους, να γλιτώσει πια η γη απ' αυτά τα καθάρματα!",1,ddp
EL502,κακία,NOUN,0.44,Event,"Συγκεκριμένη πράξη εκφοράς  υβριστικών σχολίων εναντίον άλλων, με σκοπό την προσβολή ή την υποτίμησή τους",harsh words: utterances intended to wound or demean,"['υβριστική φράση', 'κακεντρέχεια', 'λοιδορία']","['harsh words', 'insult', 'abusive remark']",#survivorGR γυρνάει και η τελευταία της τετράδας που είχαν σκυλιάσει με την δημοφιλία της Κάτιας. Η κακία τους έμεινε. Σκύλες,0.69,ddp
EL1199,κακόβουλος,ADJ,0.79,Person,Άτομο που ενεργεί με πρόθεση να βλάψει ή να προσβάλει.,malicious person,"['μοχθηρός', 'πονηρός', 'κακοπροαίρετος', 'εχθρικός']","['malicious', 'spiteful', 'malevolent', 'ill-intentioned']","Οι #NewYorkTimes το ανεβάζουν συνέχεια πάντως το αρθράκι χαχαχαχ πάει να πει ότι κάποιοι κακόβουλοι τεμπέληδες βουτυρομπεμπεδες πρωθυπουργοί , προσπαθούν να τους ρίξουν.. κρίμα που δεν θα τα καταφέρουν #ΜΕΤΟΝΚΥΡΙΑΚΟ !1!1!1 #ΝΔ_VR",0.73,dmc
EL1199,κακόβουλος,ADJ,0.79,Behavioral_Trait,"Λόγος, πράξη ή κείμενο που εκδηλώνεται με πρόθεση πρόκλησης βλάβης· καταδίκη του περιεχομένου ως επιθετικού",malicious: action or remark driven by intent to harm,"['μοχθηρός (για πράξη)', 'φθοροποιός', 'συκοφαντικός']","['malicious', 'spiteful', 'malevolent', 'vicious']",Coca-Cola Θεσσαλονίκη: Δικαίωση για την εταιρεία έναντι κακόβουλων ισχυρισμών  #bookmarks #greece,0.29,dmc
EL1199,κακόγουστος,ADJ,0.42,Person,"Άτομο με φτωχή αισθητική κρίση, που επιλέγει ή προβάλλει ακαλαίσθητα πράγματα·",person with bad taste,"['ακαλαίσθητος', 'κιτς τύπος', 'κιτσαριό', 'άγευστος']","['tasteless', 'gaudy', 'vulgar', 'kitsch-lover']",Που παντρεύτηκες; Να ξέρω που δέχονται τόσο κακόγουστες νύφες! #MyStyleRocksGR,0.71,dmc
EL1199,κακόγουστος,ADJ,0.42,Behavioral_Trait,"Πράγμα, ρούχο, διακόσμηση ή λεκτική πράξη που προσβάλλει το αισθητικό μέτρο, θεωρείται φτηνιάρικο ή απρεπές",tacky object: item or remark in very bad taste,"['κιτς', 'ακαλαίσθητο', 'μπανάλ', 'κακής αισθητικής']","['tacky', 'gaudy', 'kitschy', 'ugly']",Βλέπεις ταινία των 80ς και ξαφνικά νιώθεις ότι μεγάλωσες στην Disneyland της κακογουστιάς …,0.5,dmc
EL1600,κακογράφος,NOUN,0.35,Person,"Συγγραφέας που παράγει κείμενα χαμηλής ποιότητας, γεμάτα λάθη.",bad writer,"['ατάλαντος συγγραφέας', 'ψωνισμένος γραφιάς', 'συντάκτης τρίτης διαλογής']","['poor writer', 'hack', 'bad author', 'scribbler']","Ξεκίνησα την ""χειροποίητη"" ψηφιακή ζωγραφική πριν 4 χρόνια (είμαι 49) σαν απόδραση από κάποιες δύσκολες καταστάσεις. Είμαι αριστερόχειράς & κακογράφος.",,cds
EL600,κακογράφω,VERB,0.33,Repetitive_Action,"Πράξη παραγωγής κειμένου με λάθη, δυσανάγνωστο ή άτεχνο τρόπο, συχνά από βιασύνη ή έλλειψη επιμέλειας.",act of writing badly,"['γράφω πρόχειρα', 'μουτζουρώνω', 'σκαρώνω πρόχειρα']","['write poorly', 'scribble', 'scrawl']","α λεπτομέρειες όπως μου έρθει το γράφω και δε με νοιάζει αλλά ότι κακογράφω ώρες ώρες, κακογράφω δλδ πολλά ρεπετίσιονς που με εκνευρίζουν",,cds
EL31,κακομεταχείριση,NOUN,0.81,Event,Ενέργεια ή σειρά ενεργειών βίαιης ή άδικης συμπεριφοράς προς κάποιον ή κάτι.,mistreatment; abuse,"['βασανισμός', 'κακοποίηση', 'βία', 'άδικη μεταχείριση']","['mistreatment', 'abuse', 'ill-treatment', 'maltreatment']",username Επίσης το ακατάλληλο περιβάλλον και η κακομεταχείριση από μόνα τους είναι επιζήμια για την ψυχ. υγεία username username,0.52,re
EL31,κακομεταχείριση,NOUN,0.81,Event,"Κακή ή απρόσεκτη χρήση αντικειμένου, πολιτιστικού αγαθού ή άυλου πόρου, που προκαλεί φθορά ή υποβάθμιση",rough handling : damaging misuse of an object or resource,"['κακή χρήση', 'μισή φροντίδα', 'φθορά', 'κακοχρησία']","['misuse', 'rough handling', 'mishandling', 'ill-use']",#Τουρκία: Κακομεταχείριση των φοιτητών που συνελήφθησαν στις διαδηλώσεις #καταγγέλλει η αντιπολίτευση,,re
EL28,κακοποίηση,NOUN,0.74,Event,"Σκόπιμη παραποίηση λόγων, αλήθειας ή κανόνων, ιδίως στον δημόσιο λόγο","distortion : deliberate misuse or falsification of language, facts or rules","['παραχάραξη', 'στρέβλωση', 'διαστρέβλωση', 'κακοχρησία']","['distortion', 'misrepresentation', 'perversion', 'twisting']",Κακοποίηση της κυπριακής διαλέκτου σε σημείο ευτελισμού. Επιχειρήματα παρμένα κατευθείαν απ’ τα φαντάσματα του Ανατολικού μπλοκ. Γνωρίζουμε όλοι πού τους οδήγησε η διαστροφή της αλήθειας. #Κυπρος | #Cyprus | #Greeks,,re
EL28,κακοποίηση,NOUN,0.74,Event,"Σωματική ή ψυχική βία σε άνθρωπο ή ζώο, που παραβιάζει δικαιώματα και τιμωρείται από τον νόμο",act of abuse or violent mistreatment,"['βασανισμός', 'κακομεταχείριση', 'ξυλοδαρμός', 'βία']","['abuse', 'maltreatment', 'beating', 'violence']",Κατακραυγή για την κακοποίηση του γαϊδάρου στη Ζίτσα - Τώρα ο αντιδήμαρχος λέει ότι τον είχε τραυματίσει λύκος,0.5,re
EL28,κακοποίηση,NOUN,0.74,Repetitive_Action,επαναλαμβανόμενη άσκηση σωματικής ή ψυχολογικής βίας σε αδύναμο άτομο ή ζώο,ongoing pattern of physical or psychological abuse,"['μονίμος βασανισμός', 'συνεχής βία', 'εξουθένωση', 'καταπίεση']","['continuous abuse', 'recurrent violence', 'oppression', 'persecution']","Στην Ελλάδα έχουμε μάθει να υποστηρίζουμε την κακοποίηση ανηλίκου,την άγρια δημόσια εν ψυχρώ δολοφονία ανηλίκου αλλά μας ενοχλεί όταν ένας ανήλικος κάνει coming out πχ Γιατί το επικίνδυνο για εσάς είναι το διαφορετικό όχι άρρωστο και το ηθικά και νομικά κολάσιμο",0.62,re
EL395,κακοποιός,NOUN,0.85,Person,άτομο που διαπράττει παρανομίες ή βίαιες πράξεις,person who commits crimes,"['εγκληματίας', 'παραβάτης', 'ληστής', 'διαρρήκτης']","['criminal', 'offender', 'felon', 'burglar']",Η Αστυνομία εντόπισε τον κακοποιό που επιτέθηκε στον Βασσάρα: Κακοποιός με «βαρύ» φάκελο είναι ο πρωτεργάτης της...,0.5,an
EL395,κακοποιώ,VERB,0.72,Event,"ασκώ σωματική, ψυχολογική ή σεξουαλική βία σε πρόσωπο ή ζώο","to abuse physically, psychologically or sexually","['κακομεταχειρίζομαι', 'βασανίζω', 'ξυλοκοπώ', 'βιάζω']","['abuse', 'mistreat', 'batter', 'molest']","Λαμία: Ο παππούς κακοποίησε το κοριτσάκι, παραιτήθηκε ο δικηγόρος του |",0.52,an
EL395,κακοποιώ,VERB,0.72,Repetitive_Action,Πράξη βίαιης ή ταπεινωτικής μεταχείρισης που προκαλεί σωματική ή ψυχική βλάβη,abuse : to inflict physical or psychological harm repeatedly,"['βασανίζω', 'χτυπώ', 'τραυματίζω', 'παρενοχλώ']"," ['abuse', 'assault', 'mistreat']",Σοκ! Άφηνε τον παιδόφιλο φίλο της να κακοποιεί σεξουαλικά την εγγονή της  #ABCGN #greek #news #nea #kosmos #worldnews,0.86,an
EL1199,κακός,ADJ,0.37,Person,Άνθρωπος με εχθρική διάθεση που επιδιώκει να βλάψει άλλους,malicious person who seeks to harm others,"['πονηρός', 'μοχθηρός', 'αχρείος', 'δεινός']","['evil', 'malicious', 'wicked', 'vile']","Κατά βάθος δεν είναι κακό παιδί, σπουδάζει γεωπόνος.",0.41,dmc
EL1199,κακός,ADJ,0.37,Behavioral_Trait,Χαρακτηρισμός για πράγμα ή αποτέλεσμα χαμηλής ποιότητας ή δυσάρεστο στην εμπειρία· χρησιμοποιείται σε κριτικές και καθημερινά σχόλια,poor-quality : object or outcome of low standard or unpleasant effect,"['άθλιος', 'χάλια', 'μέτριος', 'απαράδεκτος']","['bad', 'lousy', 'poor', 'substandard']",Η καρδιά του είναι σε κακά χάλια.,0.18,dmc
EL488,κακοτέχνης,ADJ,0.56,Person,άτομο που δημιουργεί έργα με πρόχειρο ή  χωρίς δεξιότητα τρόπο,person who produces shoddy or artless work,"['πρόχειρος μάστορας', 'ατάλαντος δημιουργός', 'τσαπατσούλης', 'ανίκανος τεχνίτης']","['poor craftsman', 'incompetent artist', 'bungler', 'botcher']",,,cds
EL468,κακοτεχνώ,VERB,0.4,Event,"εκτελώ εργασία πρόχειρα, χωρίς επιμέλεια και ποιότητα",to carry out work in a sloppy or substandard manner,"['τσαπατσουλεύω', 'μουντζουρώνω', 'ξεπέτα', 'πρόχειροδουλεύω']","['botch', 'bungle', 'slapdash', 'skimp']",Μάλλον κακοτέχνησαν λαϊκίζοντα στερεότυπα στα ακροατήρια τους.,,qas
EL468,κακοτεχνώ,VERB,0.4,Repetitive_Action,"Ενέργεια κατασκευής ή συγγραφής που εκτελείται πρόχειρα, χωρίς τεχνική ικανότητα, αφήνοντας εμφανή ελαττώματα· όρος που ακούγεται σε κριτική έργων, υπηρεσιών και κειμένων","botch : carry out a task clumsily, producing a shoddy result","['προχειροδουλεύω', 'χαλάω', 'σακατεύω', 'μουντζουρώνω']","['botch', 'bungle', 'mess up', 'cobble']",,,qas
EL2160,κακότροπος,ADJ,0.63,Behavioral_Trait,"Ιδιότητα ή κατάσταση που αποδίδει σε κάτι (καιρό, ημέρα, ζώο κ.ά.) σκληρό, αφιλόξενο ή δύστροπο χαρακτήρα, προσομοιώνοντας ανθρώπινο θυμό ή δυσαρέσκεια",ill-tempered: having a harsh or unaccommodating nature,"['δύστροπος', 'αφιλόξενος', 'σκληρός']","['ill-tempered', 'harsh', 'unyielding']",#shoppingstar Ακυρο....κριμα ....τελικα εισαι κακοτροπη ...κριμα ????????,0.57,svp
EL2160,κακότροπος,ADJ,0.63,Person,"Άτομο με γκρινιάρικη, δύστροπη διάθεση που δημιουργεί συνεχώς προβλήματα στις σχέσεις του· χαρακτηρίζεται από αγενή ή απότομη συμπεριφορά προς τους άλλους","cantankerous: person with an ill-tempered, quarrelsome character","['δύστροπος', 'στριμμένος', 'μουτρωμένος', 'κακόκεφος']","['cantankerous', 'grouchy', 'cranky', 'ill-tempered']","#survivorGR είσαι ενοχλητικός & κακότροπος, άνθρωπε μου πέρα βρέχει.",,svp
EL1170,κακούργημα,NOUN,0.84,Event,σοβαρή ποινική πράξη που τιμωρείται με κάθειρξη,serious crime punishable by long imprisonment,"['βαρύ έγκλημα', 'αδίκημα', 'φονικό', 'ληστεία']","['felony', 'serious crime', 'heinous act', 'major offence']",username Δεν το είπα για σένα. Δεν σώζεται η απόφαση που πήρε το δικαστήριο. Πρέπει άμεσα να αλλάξει ο νόμος. Αναστέλλουσα δύναμη σε κακουργήματα είναι σκάνδαλο.,0.45,re
EL469,κακοφτιάχνω,VERB,0.33,Event,Δημιουργώ κάτι πρόχειρα με αποτέλεσμα να έχει χαμηλή ποιότητα,"to make something poorly, resulting in low quality","['τσαπατσουλεύω', 'χαλάω', 'μισοτελειώνω', 'μπαλώνω']","['botch', 'mess up', 'throw together', 'cobble']","Τώρα πρέπει να μαζεύεις λουλούδια για να αναπληρώνεις τα θεραπευτικά φίλτρα... ωραία, αυτό ήταν που όλοι νόμιζαν ότι έλειπε από το πρώτο παιχνίδι. Και για να το κακοφτιάξουν, έχουν κινούμενα σχέδια για σχεδόν κάθε ενέργεια συλλογής.",,cds
EL469,κακοφτιάχνω,VERB,0.33,Repetitive_Action,"Εργασία κατασκευής ή σύνταξης που εκτελείται πρόχειρα, χωρίς τεχνική ικανότητα, αφήνοντας εμφανή ελαττώματα· λέξη που χρησιμοποιείται σε τεχνικές κριτικές ή καθημερινά παράπονα","botch : carry out a task clumsily, producing a shoddy result","['προχειροδουλεύω', 'χαλάω', 'μπαλώνω πρόχειρα', 'σακατεύω']","['botch', 'bungle', 'mess up']","Και δεχόμαστε την μοίρα μας την κακομοίρα μας, να πληρώνουμε τρελούς φόρους για να κακοφτιάχνουν άπαντες τα ίδια και τα ίδια.",,cds
EL671,καμόρα,NOUN,0.63,Person,"Εγκληματική οργάνωση τύπου μαφίας, καταγωγής Νάπολης, με οριζόντια δομή και πολυμελείς φατρίες· αναφορά συχνή σε διεθνή ρεπορτάζ",Camorra : Neapolitan mafia-type criminal organisation,"['νεοναπολιτάνικη μαφία', 'συνδικάτο εγκλήματος']","['Camorra', 'criminal clan']",Η «καμόρα» ξαναχτύπησε – Έβαλαν φωτιά στο σπίτι του Μπίκα -,0.6,re
EL671,καμόρα,NOUN,0.63,Person,Κλειστή ομάδα συμφερόντων που ελέγχει παρασκηνιακά έναν χώρο· επικριτικός χαρακτηρισμός σε πολιτικό ή δημοσιογραφικό λόγο,shadow-clique : tight group exerting corrupt backstage control,"['κλίκα', 'παράγκα', 'συνάφι']","['clique', 'cabal', 'old-boys network']",Όλο το πρόβλημα της χώρας (που λέγεται Καμόρα/Στρατός Κατοχής του Δημοσίου) σε μια φωτό...#Μενδωνη#NewProfilePic,,re
EL953,καμπούρης,NOUN,0.4,Person,άτομο με έντονη κύρτωση ράχης που συχνά δέχεται χλευασμό,hunchbacked person often subjected to mockery,"['κυρτός', 'κουτσουρεμένος', 'καμποδούρης', 'καμπουροπλάτης']","['hunchback', 'stooped person', 'crooked back', 'kyphotic']","... Ο Καραγκιόζης, ως λαϊκός ήρωας, εκπροσωπεί το φτωχό, εξαθλιωμένο, πονηρό Έλληνα, στο περιβάλλον της Τουρκοκρατίας. Είναι καμπούρης και περιστοιχίζεται από την οικογένειά του.Ζει σε παράγκα, είναι ξυπόλητος και μένει απέναντι από το παλάτι του Βεζίρη...!!;;",,ddf
EL260,κάπηλος,NOUN,0.47,Person,Άτομο – ιδίως πολιτικό ή σχολιαστή – που εκμεταλλεύεται ιερά ιδανικά ή ανθρώπινες τραγωδίες για ίδιο όφελος,profiteer : person who cynically exploits lofty values or grief for gain,"['καιροσκόπος', 'συμφεροντολόγος', 'τυμβωρύχος', 'λαϊκιστής']","['profiteer', 'opportunist', 'time-server', 'exploiter']","«Αλλ η Κοκκινού, ως γυνή και ως κάπηλος, ήτο πλήρης νηφαλιότητος και πονηρίας. Ουδείς ηδύνατο να την φενακίση ευκόλως, και ουδέν τη εφαίνετο παράδοξον»",,qas
EL260,κάπηλος,NOUN,0.47,Person,Έμπορος μικρής κλίμακας που πουλά τρόφιμα ή άλλα βασικά αγαθά σε πάγκους ή καπηλεία της αγοράς,peddler : small-scale vendor of everyday foodstuffs or drink,"['μικροπωλητής', 'ψιλικατζής', 'μπακάλης']","['peddler', 'hawker', 'stall-holder']","είναι ένας ιδιαίτερος νταβατζης, που έρχεται με κάτι συνθήματα όπως το μόνο ο λαός σώζει τον λαό Σου λέει  μην περιμένεις να σε σώσω εγώ  εσύ πρέπει να σωθείς  με τις δικές σου δυνάμεις και την αλληλεγγύη της υπόλοιπης εργατικής τάξης. Περίεργος νταβατζής και καπηλος το ΚΚΕ ",,qas
EL84,καραγκιοζιλίκι,NOUN,0.7,Event,γελοία πράξη ή συμπεριφορά που προκαλεί ντροπή,ridiculous act causing embarrassment,"['γελοιοποίηση', 'μπούρδα', 'μασκαράτα', 'σαχλαμάρα']","['buffoonery', 'clowning', 'farce', 'silliness']",Βλεπω ενα ντοκιμαντέρ με ενα βάτραχο που κανει κατι καραγκιοζιλίκια για να εντυπωσιάσει τη βατραχίνα και δεν απέχει καθόλου απο αυτα που κανετε κι εσείς εδω μεσα μπας και πηδήξετε κανα βυζοακκάουντ,0.69,cds
EL445,καριόλης,NOUN,0.91,Person,"υβριστικός χαρακτηρισμός για άνδρα που θεωρείται μοχθηρός, ύπουλος ή ανήθικος",vulgar slur for a despicable or treacherous man,"['μπάσταρδος', 'παλιοχαρακτήρας', 'αλήτης', 'κοπρίτης']","['motherfucker', 'bastard', 'scumbag', 'jerk']",ρε καριολη #Λιγναδη μωρη βρωμιαρα #Μενδωνη_παραιτησου εχετε ακομα μουτρα να κυκλοφορειτε;,0.98,cds
EL1880,καρχαρίας,NOUN,0.19,Person,Άτομο ή οργανισμός που εκμεταλλεύεται αδίστακτα τους άλλους για οικονομικό όφελος,metaphor for a ruthless profiteer,"['αρπακτικό', 'λαμόγιο', 'αιμοβόρος', 'κροκοδείλιας']","['shark', 'predator', 'ruthless dealer', 'vulture']","Ποιος ξέρει, μπορεί αύριο να γράψω κανένα βιβλίο για καρχαρίες και να τους χρειαστώ.",0.11,an
EL1875,κάστα,NOUN,0.28,Person,κλειστή κοινωνική ομάδα που προστατεύει τα προνόμιά της,closed social group protecting its privileges,"['κλίκα', 'συντεχνία', 'ελίτ', 'φράξια']","['caste', 'clique', 'elite', 'guild']","Πιθανώς, κανένας λαός στην ιστορία της ανθρωπότητας δεν έχει κυβερνηθεί, ή για την ακρίβεια «διαχειριστεί», από μια πολιτική και τεχνοκρατική κάστα που τον μισεί τόσο πολύ και είναι πιο πρόθυμη να τον εξαλείψει από τους σημερινούς Ευρωπαίους.RenaudCamus",,ps
EL1875,κάστα,NOUN,0.28,State,Κλειστή κοινωνική τάξη του παραδοσιακού ινδικού συστήματος στρωμάτωσης,caste (systemic group): hereditary social stratum in India,"['βραχμανική τάξη', 'κοινωνικό στρώμα']",['caste'],To σύστημα των καστών συνιστά τον τρόπο διάρθρωσης της ινδικής κοινωνίας σε διαφορετικές ομάδες.,,ps
EL2070,καταβροχθίζω,VERB,0.37,Event,Τρώω λαίμαργα μεγάλες ποσότητες σχεδόν αμάσητες,to devour food greedily,"['καταπίνω', 'ξεσκίζω', 'ρουφάω', 'βουτάω']","['devour', 'gobble', 'wolf down', 'gulp']","Όταν ακούω χοντρό άνθρωπο να λέει ότι δεν το τρώει το ένα, δεν τρώει το άλλο, δεν του αρέσει το παρ'αλλο το φαντάζομαι μπροστά στο ψυγείο το βράδυ να καταβροχθίζει τα πάντα που δεν τον βλέπει κανείς!",0.67,cds
EL2070,καταβροχθίζω,VERB,0.37,Repetitive_Action,"Η ενέργεια γρήγορης σπατάλης ή απορρόφησης χρήματων, χρόνου ή πληροφοριών, αφήνοντας ελάχιστα αποθέματα","gobble up (resources): consume money, energy or data at great speed","['ξοδεύω αλόγιστα', 'ρουφώ πόρους', 'τρώω προίκα']","['gobble up', 'eat up', 'drain']","Η Λωρίδα της Γάζας έχει γίνει το μεγαλύτερο στρατόπεδο συγκέντρωσης στον πλανήτη. Κάτω από το απόλυτο εμπάργκο του ισραηλινού στρατού, η πείνα και η δίψα καταβροχθίζουν τον παλαιστινιακό λαό της Γάζας. Κάτω από την απολύτως εκκωφαντική σιωπή όλης της ανθρωπότητας. 🇵🇸",,cds
EL1432,καταδικάζω,VERB,0.28,Event,αποφαίνομαι ένοχος/η και επιβάλλω ποινή ή εκφράζω αυστηρή αποδοκιμασία,to pronounce guilt and impose a sentence or to denounce strongly,"['κατακρίνω', 'τιμωρώ', 'επικρίνω', 'ψέγω']","['condemn', 'sentence', 'denounce', 'convict']","Και τον συλλαμβάνουν τον κύριο με την κατηγορία ότι τροφοδοτούσε τα γερμανικά υποβρύχια -αλήθεια, ψέματα, δεν ξέρω- και τον περνάνε από στρατοδικείο, και τον καταδικάζουν είκοσι χρόνια φυλακή.",0.45,cds
EL1432,καταδικάζω,VERB,0.28,Repetitive_Action,"Λεκτική ενέργεια δημόσιας αποδοκιμασίας που απορρίπτει πράξη ή φαινόμενο ως ηθικά απαράδεκτο, συχνή σε πολιτικές δηλώσεις",condemn : publicly express strong disapproval of an act or situation,"['επικρίνω', 'αποδοκιμάζω', 'μεμφόμαι', 'ψέγω']","['condemn', 'denounce', 'censure', 'decry']","Από τη μια το θρησκόληπτο σύστημα καταδικάζει τον Παστίτσιο, από την άλλη οι άθεοι συχνά αντιμετωπίζουν τους θρήσκους ως a priori ηλίθιους.",0.8,cds
EL1035,καταστροφέας,NOUN,0.77,Person,"άτομο που προκαλεί μεγάλη φθορά ή αποτυχία σε οργανισμό, οικονομία ή σχέδια",person that causes significant destruction,"['ολετήρας', 'αρπακτικό', 'γκρεμιστής', 'σαμποτέρ']","['destroyer', 'wrecker', 'vandal', 'shredder']",Ο καταστροφέας του Αμαρουσίου super man ΠΑΤΟΥΛΗΣ θέλει να ηγηθεί της ΝΔ.  … … …,0.64,ps
EL26,κατάχρηση,NOUN,0.68,Repetitive_Action,"συνεχής και υπερβολική χρήση εξουσίας, ουσίας ή δικαιώματος","continuous excessive use of power, substance or right","['υπερβολή', 'κακομεταχείριση', 'εκμετάλλευση', 'υπερκατανάλωση']","['abuse', 'overuse', 'misuse', 'exploitation']",Εισβολή στην Ουκρανία: Ο πάπας Φραγκίσκος χαρακτήρισε τον πόλεμο «διεστραμμένη κατάχρηση εξουσίας»,0.26,re
EL26,κατάχρηση,NOUN,0.68,Event,"Παράνομη ή αθέμιτη χρήση εξουσίας, χρημάτων ή ιδιότητας, που ζημιώνει τρίτους και τιμωρείται από τον νόμο",abuse (power/funds) : illegal or improper use of authority or money,"['αυθαιρεσία', 'κακοδιαχείριση', 'υπεξαίρεση', 'δυσπραγία']","['abuse', 'misuse', 'peculation', 'malfeasance']",Κινδυνεύουν να χαθούν ζωές από λοιμώξεις επειδή δεν δρουν πια τα αντιβιοτικά λόγω κατάχρησης',0.21,re
EL30,καταχρηστικός,ADJ,0.58,Behavioral_Trait,επίθετο για συμπεριφορά που παραβιάζει όρια και εκμεταλλεύεται τους άλλους,describing behavior that violates limits and exploits others,"['αυθαιρετικός', 'βίαιος', 'εξουσιαστικός', 'καταπιεστικός']","['abusive', 'exploitative', 'overbearing', 'oppressive']",Παράνομη και καταχρηστική η στάση εργασίας της ΔΟΕ και της ΟΛΜΕ για αύριο,0.45,re
EL30,καταχρηστικός,ADJ,0.58,Person,"Άτομο που ασκεί εξουσία ή επιρροή με τρόπο χειριστικό ή εξουσιαστικό, υπερβαίνοντας τα νόμιμα ή ηθικά όρια και προκαλώντας ψυχολογική ή συναισθηματική βλάβη σε άλλους",abusive: describing a person who uses power or influence unfairly to harm others,"['αυθαίρετος', 'καταπιεστικός', 'εξουσιαστικός']","['abusive', 'exploitative', 'oppressive']","Ένας καταχρηστικός σύντροφος μπορεί να είναι τρυφερός, φροντιστικός και να εκδηλώνει την αγάπη του, όταν το ταίρι του καλύπτει τις ανάγκες του και είναι συνεχώς διαθέσιμο για εκείνον.",,re
EL30,καταχρηστικός,ADJ,0.58,Behavioral_Trait,"Πράξη, ρήτρα ή συμπεριφορά που ασκείται πέρα από τα επιτρεπτά όρια, δημιουργεί άνιση μεταχείριση ή υπέρμετρη ζημία και κρίνεται άδικη από τον νόμο ή την κοινωνική ηθική",abusive (practice) : unfair or exploitative act that exceeds rightful limits,"['άδικος', 'εκμεταλλευτικός', 'παράνομος']","['abusive', 'exploitative', 'unfair']","Ο καταχρηστικός #δικαιωματισμός της #woke agenda, ο οποίος προωθείται συστηματικά από τις πολιτικές ελιτ αποτελεί τον δούρειο ίππο κάθε κοινωνίας, στοχεύοντας στην κατάλυση των συνεκτικών της δεσμών.",,re
EL410,κατεργαριά,NOUN,0.56,Event,πονηρή πράξη που γίνεται για ίδιο όφελος σε βάρος άλλων,cunning trick done for one's benefit at others’ expense,"['πονηριά', 'αταξία', 'κομπίνα', 'λαμογιά']","['trick', 'prank', 'scam', 'scheme']","""Ο αδύνατος ανακάλυψε την κατεργαριά και μ´αυτήν συχνά νίκησε τους ""δυνατούς"" Ιων Δραγούμης.Φτου σας ξεφτιλες!",,cds
EL410,κατεργαριά,NOUN,0.56,Behavioral_Trait,σταθερή ροπή κάποιου να σκαρώνει πονηρές πράξεις,habitual tendency to devise sly deeds,"['πονηρία', 'αλητεία', 'μαγκιά', 'αναισχυντία']","['cunning', 'roguery', 'rascality', 'craftiness']",@username πονηρό θηλυκό κατεργάρα γυναίκα!,,cds
EL2302,κατσαρίδα,NOUN,0.21,Object,"έντομο νυκτόβιο, καφέ ή μαύρο, που κρύβεται σε υγρά και βρώμικα μέρη","nocturnal insect living in damp, dirty places",['κατσαριδάκι'],"['cockroach', 'roach']",Άγιος Παντελεήμονας: Κλεισμένα στο σπίτι και σε καθεστώς φρίκης τα 3 παιδιά που ζούσαν μέσα σε ποντίκια και κατσαρίδες,0.4,an
EL2302,κατσαρίδα,NOUN,0.21,Person,"υβριστικός χαρακτηρισμός για άτομο που θεωρείται επίμονο, αηδιαστικό και ανθεκτικό, σαν το έντομο",insult for someone viewed as disgusting and persistent like a cockroach,"['σκουλήκι', 'βδελύγμα', 'βρομιάρης', 'παράσιτο']","['roach', 'vermin', 'worm', 'parasite']","username Ο Στηβ τους θεωρεί όλους κατσαρίδες, απλά τις ελάχιστες στιγμές που δεν είναι θυμωμένος μπορεί να το κρύψει",0.63,an
EL2500,κατσίβελος,NOUN,0.58,Person,Περιφρονητικός χαρακτηρισμός για άτομο βλάχικης ή Ρομά καταγωγής· δηλώνει «ακάθαρτο» ή «κατώτερο» και θεωρείται λόγος μίσους,dated slur referring to a Roma person,"['γύφτος', 'τσιγγάνος']","['gypsy', 'roma']",Δες τον κατσίβελο τι φοράει!,,ps
EL714,κατσίκα,NOUN,0.35,Object,"θηλυκό μηρυκαστικό με κέρατα, οικόσιτο για γάλα και κρέας",female goat kept for milk and meat,"['γίδα', 'τραγίνα']","['goat', 'nanny goat']","username Αν πάνε μετανάστες στην Μάνη,θα πηδιούνται με κατσίκες και με σκύλους στα βράχια ασταμάτητα μερα νύχτα...είναι kinky αγόρια οι ισλαμιστες...",0.9,an
EL714,κατσίκα,NOUN,0.35,Person,"υβριστικός τίτλος για γυναίκα που θεωρείται κουτή, κακότροπη ή ενοχλητική","insult for a woman deemed stupid, unpleasant or annoying","['κότα', 'γίδα', 'ηλίθια', 'σκύλα']","['stupid woman', 'bitch', 'nag', 'goat (insult)']",username username username Εσυ κι ο Νίκος είστε οι κατσίκες,0.67,an
EL718,κατσίκι,NOUN,0.3,Object,"μικρό ηλικιακά αίγειο, συνήθως μέχρι τον απογαλακτισμό",young goat before weaning,"['ριφάκι', 'κατσικάκι', 'ζυγουράκι']","['kid', 'young goat']",username ..και τον Αρχαγγελων οι σφαχταδες κ οι κρεοπωλαι...γιατι κ τα κατσικια εχουν ψυχούλες...,0.43,an
EL718,κατσίκι,NOUN,0.3,Person,Άτομο γκαντέμη ή άτυχο στα παιχνίδια· ειρωνικός υποτιμητικός χαρακτηρισμός,loser (slang): person labelled unlucky or inept,"['γκαντέμης', 'looser', 'μαύρη γάτα']","['loser', 'jinx', 'clumsy']",Το ματς #paoxan διακόπηκε λόγω πλημμύρας και το #pgsslev 5 χιλιόμετρα παραπερα παίζει κανονικά.  Αλαφούζε δεν είσαι απλα γκαντεμης περπατάς και αφήνεις πίσω οπλές. Κατσίκι είσαι.#paofc,,an
EL741,καυλί,NOUN,0.93,Object,"ανδρικό γεννητικό όργανο, σε χυδαία λεκτική χρήση","male genital organ, vulgar term","['πούτσος', 'πέος', 'τσουτσούνι', 'εργαλείο']","['cock', 'dick', 'penis', 'member']",Θα σας το πω σαν να ήμουν Θεσσαλονικιός αυτό που θα φάτε όσοι τολμήσετε και ψηφίσετε την #Συμφωνια_Πρεσπων ΜΠΟΥΓΑΤΣΑ ΜΕ ΚΑΥΛΙ #Συλλαλητήριο #ΧΟΥΝΤΑ_Τσιπρα #syriza_xeftiles #ερχεται_ΠΟΥΤΣΑ_Μακεδονικη #ΕΛΛΑΔΑ,0.9,asm
EL741,καυλί,NOUN,0.93,Person,χυδαία αλλά συχνά κολακευτική προσφώνηση προς άτομο που θεωρείται σεξουαλικά ελκυστικό,vulgar yet flattering term for someone seen as sexually attractive,"['θεογκόμενος', 'θεογκόμενα', 'τουμπανάκι', 'φωτιά']","['hottie', 'stud', 'babe', 'sexy']",username Αχαχαχαχαχα αχαχαχαχαχα αχαχαχαχαχα το καυλι της ΔΕΗ ήταν η αρχή για την καυλαντα,0.98,asm
EL741,καυλί,NOUN,0.93,Event,"Δυνατή τιμωρία, κατατρόπωση ή ταλαιπωρία· λέξη-εικόνα για άσχημη εμπειρία που «παθαίνει» κάποιος",hammering (slang): severe defeat or hardship,"['πανωλεθρία', 'ξεφτίλα', 'τάπωμα']","['hammering', 'thrashing', 'shafting']",Εισαι ninja λεμε RT username Σηκωμενα καυλια vs σηκωμενοι γιακαδες = τρια - μηδεν ημιχρονο . #paok,0.76,asm
EL480,καυχησιάρης,ADJ,0.58,Person,άτομο που μιλά διαρκώς για τα κατορθώματά του με υπερβολή για να εντυπωσιάσει τους άλλους,person who constantly brags about his achievements,"['ψωροπερήφανος', 'φαντασμένος', 'κοκοράκι', 'υπερόπτης']","['braggart', 'boaster', 'show-off', 'blowhard']","Μην είσαι καυχησιάρης, είναι ντεκαυλέ.",,cds
EL571,κενοδοξία,NOUN,0.37,Behavioral_Trait,"Εσωτερική ροπή επίδειξης και αναζήτησης μάταιης δόξας, που εκδηλώνεται με επιφανειακές πράξεις θαυμασμού",empty vanity and showiness,"['ματαιοδοξία', 'φιλαυτία', 'υπερηφάνεια', 'επιφανειακότητα']","['vanity', 'conceit', 'hollowness', 'vainglory']","#survivorGR μας έχεις πρήξει & εσύ και ο ""στόχος"" σου. έχεις καταστρέψει ένα ολόκληρο παιχνίδι, μόνο και μόνο για να ικανοποιήσεις την κενοδοξία & το τεράστιο κόμπλεξ που κουβαλάς από το '21. ΜΟΝΟ άτιμα έχεις πορευτεί στο παιχνίδι.ο ορισμός του ""πατάω επί πτωμάτων""",,cds
EL461,κερατάς,NOUN,0.88,Person,"άνδρας του οποίου η σύντροφος τον απατά, συχνά αντικείμενο χλευασμού","man whose partner cheats on him, often mocked","['απατημένος', 'κορόιδο', 'κοιμισμένος']","['cuckold', 'cheated husband', 'dupe', 'sucker']","«Αυτός ο κόσμος, ο κερατάς, - μου 'λεγε μία φορά η φίλη μου η Βιργινία - λες κι είναι καμωμένος μόνο γι' αυτούς που ξέρουν να καταπατούν.",0.6,an
EL461,κερατάς,NOUN,0.88,Person,"Πονηρός, δόλιος ή «σκληρός» άντρας· δευτερεύουσα χρήση που εστιάζει στο ζώο με κέρατα, όχι στην απιστία","bastard (slur) : ruthless, crafty man likened to a horned beast","['παλιοτόμαρο', 'ξεφτέρι', 'κέρατο', 'σκατόψυχος']","['bastard', 'scoundrel', 'horned one']","Σκέφτομαι αν θα πρέπει να παίξω τον μπάτσο που γαβγίζει, μιας και μπήκα από σπόντα στην τηλεόραση, μα αυτάς ο κερατάς φωνάζει εκ του ασφαλούς σε γυναίκες και σε διάφορους ψιλικατζήδες, ενώ εγώ έχω μπροστά μου τον Ντελόπουλο.",0.62,an
EL460,κερατώνω,VERB,0.7,Event,πράξη απιστίας απέναντι σε μόνιμο σύντροφο,to cheat on one's steady partner,"['απατώ', 'ξενοπηδάω', 'κοροϊδεύω', 'ρίχνω κέρατο']","['betray', 'cheat', 'two-time', 'be unfaithful']",username Στέλνει μήνυμα σε όποιες κερατώνουν τον κερατά να βρίσκουν πιο πιστευτή δικαιολογία. Χάθηκε να πει παίζαμε τάβλι με μια φίλη και δεν κατάλαβα ότι πέρασε η ώρα;,0.47,an
EL460,κερατώνω,VERB,0.7,Repetitive_Action,"απατώ συστηματικά τον ερωτικό σύντροφο, διατηρώντας κρυφή εξωσυζυγική σχέση",cheat on (a partner),"['κερατώνω', 'απατώ', 'ξενοπηδάω']","['cuckold', 'have an affair']",Η απόλυτη καυλα να κερατώνω τον δικό μου με κάποιον μέσα από εδώ  και να μην ξέρει τίποτα αυτός,,an
EL1078,κίβδηλος,ADJ,0.53,Object,πράγμα πλαστό που παρουσιάζεται ως αυθεντικό,counterfeit item passed off as genuine,"['ψεύτικος', 'πλαστός', 'μαϊμού', 'νόθο']","['fake', 'counterfeit', 'bogus', 'spurious']",Κίβδυλο αργυρό τετράδραχμο με κεφαλή Απόλλωνα. Αρχαιολογικό Μουσείο Αμφίπολης,,dmc
EL1078,κίβδηλος,ADJ,0.53,Behavioral_Trait,"Ιδιότητα που χαρακτηρίζει ιδέα, λόγο ή αντικείμενο ως ψεύτικο, παραπλανητικό και χωρίς πραγματική αξία","bogus (quality): lacking authenticity or value, deceptive","['ψεύτικος', 'απάτηλος', 'υποκριτικός']","['phony', 'sham']",Αρα & το επιχείρημα του Τσίπρα τότε ήταν κίβδυλο @username. Eτσι Βίτσα?,,dmc
EL1078,κίβδηλος,ADJ,0.53,Person,χαρακτηρισμός για άτομο που εξαπατά παρουσιάζοντας ψεύτικη εικόνα,label for someone who deceives by presenting a false image,"['απατεώνας', 'ψεύτης', 'λαμόγιο', 'παραχαράκτης']","['fraud', 'impostor', 'phony', 'charlatan']",Και ένας κίβδυλος λαός να τον στηρίζει...,,dmc
EL838,κίναιδος,NOUN,0.7,Person,"Υβριστικός χαρακτηρισμός για άνδρα που εκλαμβάνεται ως σεξουαλικά παθητικός, θηλυπρεπής ή γενικά «ανήθικος», χρησιμοποιείται ιστορικά και στη σύγχρονη ομοφοβική ρητορική",obsolete slur for a gay man,"['πούστης', 'αδελφή', 'λουλουδής', 'ομοφυλόφιλος (υβρ)']","['faggot', 'queer', 'poof', 'gay (slur)']",Αυτος ο κίναιδος είναι η καλλιτεχνάρα μας ρε οπισθοδρομικοί που ζωγράφιζε την ΠΑΝΑΓΙΑ ΜΑΣ ΚΑΙ ΤΟΝ ΧΡΙΣΤΟ ΜΑΣ σαν καρτουν!!Φυσικα δεν θα το εκανε για τον Μωαμεθ γιατι εκει το ασχημο κεφαλι του θα ειχε φυγει απο την θεση του,,om
EL2195,κινέζικος,ADJ,0.23,Behavioral_Trait,"προϊόν, φαγητό ή πολιτιστικό αγαθόπροερχόμενη από Κίνα, συχνά υπονοείται χαμηλής ποιότητας","item or script from China, often implying low quality","['κινέζικο', 'φτηνιάρικο', 'μαϊμού', 'απλοποιημένο']","['Chinese', 'cheap', 'knockoff', 'shoddy']","Το έργο ήταν φυσικά αμερικάνικο, αλλά και κινέζικο να ήταν, θα πήγαινε.",0.36,ps
EL2195,κινέζικος,ADJ,0.23,Behavioral_Trait,Λόγος ή κείμενο τόσο δυσνόητο που ακούγεται «σαν ξένη γλώσσα».,gibberish / Greek-to-me,"['ακαταλαβίστικος', 'κινέζικα (ως ουσ.)']","['incomprehensible', 'gobbledygook']",Ο Φάνης τον κοιτάζει σαν να του μιλάει κινέζικα.,0.31,ps
EL696,κινέζος,ADJ,0.28,Person,"άνδρας κινεζικής καταγωγής, συχνά χρησιμοποιείται ρατσιστικά","Chinese man, sometimes used in racist way","['ασιάτης', 'κινεζούλης']","['Chinese man', 'Chinaman', 'Asian man', 'oriental']","username username username Κινέζος είναι ο κύριος, δώστε μου το τηλέφωνό του! Λυπούμαι, κύριε, είστε φαιδρός εγκάθετος.",0.67,ps
EL696,κινέζος,ADJ,0.28,Person,Άτομο που παριστάνει ότι δεν καταλαβαίνει για να αποφύγει ευθύνη («κάνει τον Κινέζο»),playing dumb,"['ανήξερος (επιτηδευμένος)', 'ξένος']","['play innocent', 'pretend ignorance']",Επιτέχους κάποτε φάνηκε ο Κινέζος γιατρός και από το ύφος του ο Βίκτωρας κατάλαβε ότι τα νέα δεν ήταν καλά.,0.29,ps
EL861,κιοτής,NOUN,0.47,Person,άνθρωπος που δειλιάζει και αποφεύγει τον κίνδυνο,cowardly person who shuns danger,"['δειλός', 'φοβητσιάρης', 'μαλθακός', 'λίγος']","['coward', 'chicken', 'scaredy-cat', 'wimp']",Ο μεγαλύτερος κιοτής της πολιτικής. Τον αμφισβήτησε ο Πολάκης και αυτός βρίζει τον Τσίπρα και τους «87».,,cds
EL2126,κλαυθμυρίζων,ADJ,nan,Person,"άτομο που συνεχώς γκρινιάζει και θρηνεί με υπερβολή, ζητώντας οίκτο για μικροδυσκολίες",someone who constantly whines and laments exaggeratedly,"['κλαψιάρης', 'μίζερος', 'θρηνωδός', 'παραπονιάρης']","['whiner', 'crybaby', 'complainer', 'moaner']","Τον αυτόπτη μάρτυρα, κλαυθμυρίζων για έλλειψη χρημάτων, κανείς δεν τον πίστεψε.",,cds
EL2126,κλαυθμυρίζων,ADJ,nan,Behavioral_Trait,"Ύφος κειμένου ή ομιλίας γεμάτο υπερβολικό κλάμα και αυτοοικτιρμό, δυσνόητο ή ενοχλητικό",whimpering (tone) : speech filled with self-pity,"['μοιρολογίστικος', 'θρηνωδός']","['whimpering', 'puling', 'maudlin']","Εφηύρε το σύγχρονο blues κιθάρας με τις διατηρημένες νότες και τον κλαυθμυρίζοντα τόνο.... πριν από τον BB, η blues κιθάρα ήταν αρκετά twangy.",,cds
EL2282,κλέβω,VERB,0.59,Event,"παίρνω ξένη ιδιοκτησία χωρίς άδεια, με σκοπό να την κρατήσω",take someone else's property without permission,"['αρπάζω', 'ληστεύω', 'κάνω κλοπή', 'τσεπώνω']","['steal', 'rob', 'snatch', 'pilfer']",username Ναι δεν κλέβει τηλέφωνα να επικοινωνεί με την γκομενα ουτε στήνει κλικες από την αρχή του παιχνιδιου,0.67,re
EL2282,κλέβω,VERB,0.59,Repetitive_Action,"Πράξη κλοπής κατ’ επάγγελμα ή συνήθεια, συστηματικά και οργανωμένα",thieve : steal habitually or professionally,"['ξεζουμίζω', 'λαφυραγωγώ']","['thieve', 'pilfer', 'plunder']","Η μάγισσα αυτή που μου 'χε κλέψει τον άντρα μου, μου 'κλεβε τώρα και το γιο μου!",0.77,re
EL1930,κλέφτης,NOUN,0.7,Person,Άνδρας που ιδιοποιείται ξένα πράματα· μειωτικός όρος για ανέντιμο άτομο,person who illegally takes another's property,"['κλέφτορας', 'ληστής', 'ποντικός', 'τσαντάκιας']","['thief', 'robber', 'stealer', 'burglar']","username  που έχει δίκιο στο θέμα της τυπικής αμοιβής βασικά. Αλλά Ελλάδα τώρα, ξέρεις.. μέχρι κ θεό είχαμε που ήταν των κλεφτών κ των εμπόρων.",0.51,cds
EL1437,κλεψιά,NOUN,0.74,Event,"Πράξη παράνομης αφαίρεσης ξένου πράγματος, συντελούμενη στιγμιαία, συνήθως με μυστικότητα ή βία, και τιμωρούμενη από τον νόμο",act of taking someone else's property unlawfully,"['κλοπή', 'αρπαγή', 'ληστεία', 'κλέψιμο']","['theft', 'stealing', 'robbery', 'pilfering']","Συνήθως καθένας είχε δικό του κανάτι, χωρίς αυτό σημαίνει ότι δεν υπήρχαν και κρούσματα κλεψιάς.",0.57,cds
EL380,κλίκα,NOUN,0.37,Person,μικρή κλειστή ομάδα ατόμων με κοινά συμφέροντα που ενεργεί υπόγεια αποκλείοντας τους άλλους,secretive clique acting for its own benefit,"['συμμορία', 'παρέα', 'υποομάδα', 'συνωμοτική ομάδα']","['clique', 'cabal', 'inner circle', 'gang']",Είναι απίστευτο ότι κάθεται η μισή ομάδα και απολογείται που ψήφισαν παλτο Ρούβα και όχι η Ναυσικά που ψήφισε Τζο. Η δύναμη της κλίκας #survivorgr,0.3,cds
EL2041,κλόουν,NOUN,0.65,Person,άτομο που φέρεται ανόητα ή γελοιοποιείται προκαλώντας γέλιο και χλευασμό,"person acting foolishly, a clown","['γελωτοποιός', 'σαχλαμάρας', 'καραγκιόζης', 'κωμικός']","['clown', 'buffoon', 'fool', 'jester']",Δεν ντρέπεστε να παριστάνετε τους κλόουν; Να πάτε στο τσίρκο να πιάσετε δουλειά.,0.4,dmc
EL1438,κλοπή,NOUN,0.67,Event,παράνομη αφαίρεση ξένης περιουσίας χωρίς συναίνεση του κατόχου,unlawful taking of someone else’s property,"['κλεψιά', 'ληστεία', 'αρπαγή']","['theft', 'stealing', 'robbery']","«Κι αν έρχονταν η γυναίκα με το γιο του και δεν μπορούσαν να μπουν;» «Θα τους έλεγε ότι έγινε απόπειρα κλοπής και άλλαξε τις κλειδαριές, για να είναι ήσυχος» του απαντάει ο Παπαδάκης.",0.33,re
EL1123,κοιλιόδουλος,ADJ,0.72,Person,άνθρωπος που υποτάσσεται στις γαστριμαργικές επιθυμίες και τρώει υπερβολικά,person enslaved to gluttony,"['λαίμαργος', 'φαγανός', 'καλοφαγάς', 'γαστρίμαργος']","['glutton', 'gourmand', 'greedy eater', 'food addict']","Είναι κι αυτός -να μη βασκαθεί- λαίμαργος και κοιλιόδουλος, σαν το μακαρίτη τον Αντώνη.",395,svp
EL2172,κοινότοπος,ADJ,0.42,Behavioral_Trait,χαρακτηρισμός λόγου ή ιδέας που στερείται πρωτοτυπίας και επαναλαμβάνει φθαρμένα σχήματα,"banal, lacking originality","['τετριμμένος', 'ανιαρός', 'μπανάλ', 'βαρετός']","['trite', 'banal', 'commonplace', 'dull']",Κρίτωνας Κούτσι: «Ο εθνικισμός στην Αλβανία είναι κοινότοπος»,,cds
EL2172,κοινότοπος,ADJ,0.42,Person,"Άτομο – ιδίως συγγραφέας, ομιλητής ή πολιτικός – του οποίου ο λόγος ή το έργο στερείται πρωτοτυπίας και επαναλαμβάνει τετριμμένες ιδέες, προκαλώντας πλήξη στο ακροατήριο.",banal person : someone whose output is dull and unoriginal,"['τετριμμένος', 'κοινότυπος', 'ανιαρός']","['banal', 'trite', 'cliched']","Κοινότοπος δε λες τίποτα. Και στη προσπάθειά του κάθε μέρα να βρίσκει να γράφει κι από 4-5 εξυπνάδες, πράγμα αδύνατον για κάποιον τόσο ατάλαντο όσο αυτός, αναγκαστικά καταφεύγει στο τοξικό μίσος & στις σιχαμερές χοντράδες. Και στο βάθος ψυχολογικές ανάγκες που δεν είναι παρόντος.",,cds
EL752,κόκορας,NOUN,0.26,Person,άντρας που επιδεικνύει υπερβολική αυτοπεποίθηση και προσβλητική θρασύτητα,"overconfident, swaggering man","['ψωνισμένος', 'μαγκάκος', 'φουσκωτός', 'καυχησιάρης']","['braggart', 'show-off', 'cocky guy', 'swaggerer']",Καμάρωνε σαν κόκορας ο Τζόνυ.,0.44,asm
EL2251,κόλακας,NOUN,0.51,Person,άτομο που επαινεί υπερβολικά και ανειλικρινώς για προσωπικό όφελος,sycophant who flatters for gain,"['γλείφτης', 'υποτακτικός', 'μαλαγάνας']","['flatterer', 'sycophant', 'toady', 'yes-man']","Μη φοβάστε τους κόρακες,τους κόλακες να φοβάστε!!",628,cds
EL598,κολοκύθα,NOUN,0.07,Person,υβριστικός χαρακτηρισμός για άτομο που θεωρείται χαζό ή ανίκανο,insult for someone deemed stupid,"['χαζός', 'μπούφος', 'ζαβός', 'βλάκας']","['dummy', 'dunce', 'idiot', 'fool']","Παίζουν την κολοκυθιά, είναι εντελώς γελοίοι",0.52,or
EL598,κολοκύθα,NOUN,0.07,Event,Ασήμαντα ή άσχετα επιχειρήματα· λόγια χωρίς ουσία,nonsense : irrelevant or silly talk,"['σαχλαμάρες', 'ανοησίες', 'αρλούμπες']","['nonsense', 'baloney', 'hogwash']","κολοκύθια μάντολες γλυκειά μου! αλλού αυτά, στον #ανθρακέα αυτό είναι το κοινό σου",,or
EL564,κομπασμός,NOUN,0.47,Repetitive_Action,ενοχλητική συνήθεια συνεχούς αυτοπροβολής και υπερβολικής καυχησιολογίας,habitual boasting and self-glorification,"['καύχημα', 'αλαζονεία', 'αυταρέσκεια', 'υπεροψία']","['boasting', 'bragging', 'vaunting', 'arrogance']","username username Δεν σε βλέπω όμως να ζεις την ζωή σου σύμφωνα με την δική σου θρησκεία (την αθεΐα)! Μεγαλοστομίες, κομπασμοί , γενικεύσεις και υποδείξεις...",0.37,svp
EL564,κομπασμός,NOUN,0.47,Event,"Πράξεις ή δηλώσεις καυχησιάς που διατυπώνονται δημόσια, συνήθως σε πολιτικό πλαίσιο",boasts (pl.) : public acts of bragging,"['κομπασμοί', 'φανφάρες']","['boasts', 'brags', 'chest-thumping']","Γλάρωνε κι έσκυβε το φαλακρό του κεφαλάκι χαμηλά, για να μη δει ο Θεός τον κομπασμό του και τον τιμωρήσει.",0.29,svp
EL478,κομπαστής,NOUN,0.51,Person,πρόσωπο που μιλά διαρκώς με έπαρση για τις επιτυχίες του,boastful person,"['καυχησιάρης', 'φαφλατάς', 'αλαζόνας', 'φλυαρόφανος']","['braggart', 'show-off', 'blowhard', 'boaster']",Θεσσαλός κομπαστής. Έχει παίξει σχεδόν 10 φορές με τον Εμμανουήλ και κομπάζει για τα ποσοστά του. #SurvivorGR,,cds
EL874,κομπογιαννίτης,NOUN,0.81,Person,Άτομο που παριστάνει τον ειδικό –κυρίως τον γιατρό– χωρίς επαρκείς γνώσεις· εξαπατά με ψευδοθεραπείες.,quack doctor,"['ψευτογιατρός', 'αγύρτης', 'θεραπευτής της συμφοράς', 'τσαρλατάνος']","['quack', 'charlatan', 'fake healer', 'snake-oil doctor']",Τι έχει να πει ο κάθε κομπογιαννίτης που συνεχίζει να μιλάει για μπόλια;;,,ddp
EL969,κομφορμισμός,NOUN,0.3,Repetitive_Action,τάση άκριτης αποδοχής και μίμησης των κοινωνικών κανόνων για λόγους αποδοχής,uncritical conformity to social norms,"['συμμορφωτισμός', 'προσαρμοστισμός', 'κοινωνική υποταγή', 'ομαδοποίηση']","['conformism', 'conformity', 'social compliance', 'follow-the-crowd']",Ενδιαφέρον στην εικόνα αυτή είναι ο κομφορμισμός που πηγάζει από την εξουσία. Η τρανσ ναύαρχος υπηρετεί το ναυτικό μας πυρηνικής θαλασσοκρατειρας υπερδύναμης που μπορεί να κάνει μπάρμπεκιου τον πλανήτη και λόγω αξιώματος ντύνεται σαν θεούσα θείτσα,,qas
EL486,κομφορμιστικός,ADJ,0.58,Behavioral_Trait,που χαρακτηρίζεται από άκριτη συμμόρφωση στις επικρατούσες επιταγές,marked by conformist attitude,"['συμμορφωτικός', 'προσαρμοστικός', 'υποτακτικός', 'πλειοψηφικός']","['conformist', 'unoriginal', 'mainstream', 'orthodox']",Και η κομφορμιστικη ζωή μας συνεχίζεται....,0.55,cds
EL1291,κοπάδι,NOUN,0.4,Person,"υποτιμητικός όρος για πλήθος ανθρώπων που ακολουθούν άκριτα μία κατεύθυνση, θεωρούμενοι άβουλοι σαν ζώα",derogatory term for unthinking crowd,"['αγέλη', 'μάζα', 'τσούρμο', 'πλήθος']","['herd', 'mob', 'crowd', 'pack']","Έπρεπε να περάσει καιρός, να τραβήξουμε όσα τραβήξαμε στην Κατοχή, να δω τα σκελετωμένα παιδιά να οργώνουν τους δρόμους σαν κοπάδια πεινασμένων λύκων, τα πτώματα μέσα στα κάρα της δημαρχίας, τους ομήρους που 'παιρναν, τις εκτελέσεις, για να καταλάβω τι κτήνη κρυβόντουσαν κάτω από κείνα τα αγγελικά, ψυχρά πρόσωπα.",0.69,cds
EL435,κοπρίτης,NOUN,0.84,Person,τεμπέλης και ανεύθυνος που ζει εις βάρος των άλλων,lazy good-for-nothing,"['τεμπέλης', 'ακαμάτης', 'ρεμπεσκές', 'λούφακος']","['slacker', 'idler', 'loafer', 'bum']","username Εσυ ρε κοπρίτη λιγα χρονια πριν-επι Μπάνου-ησουνα λαβρος εναντι των λαθρομεταναστων,τωρα ποιος σε ταίζει και άλλαξες?",0.86,cds
EL435,κοπρίτης,NOUN,0.84,Behavioral_Trait,"Αδέσποτος σκύλος, συνήθως μεγαλωμένος στους δρόμους, χωρίς ράτσα",stray mongrel—dog of no breed living free,"['κοπρόσκυλο', 'αδέσποτο'']"," ['stray dog', 'mutt']","Μου έχει στρίψει ένα κουμπί, δεν γίνομαι πολίτης, σ’αυτά που λέω συμφωνεί, κι ο σκύλος μου ο κοπρίτης",,cds
EL898,κορέος,NOUN,0.33,Object,"Παρασιτικό έντομο με πεπλατυσμένο σώμα, το οποίο αναδίδει έντονη δυσοσμία",bedbug: a parasitic insect with a flattened body and foul odor,"['κοριός', 'κόριζα']",['bedbug'],@username κορεός στον κόρφο τους τότε,,an
EL893,κοριός,NOUN,0.33,Person,"Άτομο που κρυφακούει ή κατασκοπεύει άλλους, παραδίδοντας πληροφορίες",spy (colloq.)—person secretly eavesdropping,"['χαφιές', 'κατάσκοπος', 'ρουφιάνος']","['spy', 'snoop', 'mole']",Ο «εθνικος κοριος» του Μητσοτακη ζητησε μια μικρη εξυπηρετηση #ΝΔ_ΣΥΜΜΟΡΙΑ,,an
EL893,κοριός,NOUN,0.33,Object,Μικρό αιμομυζητικό έντομο (Cimex lectularius κ.ά.) που ζει σε ραφές στρωμάτων και τσιμπά ανθρώπους τη νύχτα,bedbug—blood-feeding nocturnal insect,"['κορέος (λόγ.)', 'ψύλλος του κρεβατιού']","['bedbug', 'Cimex']","«Επιδημία» κοριών και στην Αθήνα. Ολοένα και πληθαίνουν οι αναφορές για εμφάνιση τους. Τα συγκεκριμένα έντομα δεν κάνουν διακρίσεις όσον αφορά την καθαριότητα, ο κοριός είναι έντομο ταξιδευτής, εφόσον εύκολα κρύβεται, και έτσι μεταφέρεται αθόρυβα και ανεμπόδιστα",,an
EL893,κοριός,NOUN,0.33,Object,Μικροσκοπική ηλεκτρονική συσκευή απόκρυφης ηχογράφησης ή παρακολούθησης,wiretap bug—concealed audio-surveillance device,"['συσκευή υποκλοπής', 'κοριός-μικρόφωνο', 'σκαθαράκι (σλ.)']","['bug', 'wiretap', 'listening device']","Κοριός ΕΥΠ: Εμπλοκή στελεχών ΝΔ σε παιδεραστία, παραδικαστικό κύκλωμα και εγκληματική οργάνωση",0.81,an
EL314,κοροϊδεύω,VERB,0.51,Event,ενέργεια κατά την οποία κάποιος χλευάζει ή εξαπατά άλλον προκειμένου να τον μειώσει,act of mocking or deceiving someone,"['χλευάζω', 'περιπαίζω', 'δουλεύω', 'σατιρίζω']","['mock', 'ridicule', 'tease', 'make fun of']",Ας πει κάποιος στην Αννα-Μαρια όταν γελάει και κοροϊδεύει κάποιον δεν μπορεί ταυτόχρονα να προσβάλλεται όταν μιλάνε για την παιδεία της #survivorGR,0.52,ddp
EL314,κοροϊδεύω,VERB,0.51,Repetitive_Action,Λεκτική / μη λεκτική ενέργεια όπου κάποιος γελοιοποιεί ή εξαπατά άλλον κατ’ επανάληψη,mock / make fun of / cheat,"['περιγελώ', 'ειρωνεύομαι', 'ξεγελώ']","['mock', 'tease', 'con']","Αν με βλέπετε σαν εγκληματία κι όχι σαν άνθρωπο, να κάτσω κάτω και δικάστε με εκατό χρόνια, αλλά μη με κοροϊδεύετε ότι μου απονέμετε δικαιοσύνη...» Όσοι αστυφύλακες ήταν με πολιτικά άρχισαν να κάνουν θόρυβο όπως οι κλάκες στο θέατρο.",0.7,ddp
EL305,κορόιδο,NOUN,0.56,Person,άτομο που εξαπατάται εύκολα ή γίνεται στόχος χλευασμού,"gullible fool, dupe","['αφελής', 'βλάκας', 'θύμα', 'χαζός']","['sucker', 'dupe', 'sap', 'fool']",Τα κορόιδα προσβάλλονται εύκολα από την αλήθεια.,0.53,cds
EL859,κότα,NOUN,0.47,Person,Υποτιμητικός χαρακτηρισμός για δειλό ή άτολμο άτομο· συχνά και σεξιστική βρισιά προς γυναίκα,insult for a cowardly person,"['δειλός', 'φοβητσιάρης', 'λαπάς', 'σκιάχτης']","['chicken', 'coward', 'scaredy-cat', 'wimp']","username τι να πουν οτι ειναι εκλογες παρωδια με ενα υποψηφιο,γιατι δεν εβγαινε ενας ακομα ?ο ευκλειδης πχ ?τοσο ΚΟΤΑ Ο ΑΧΑΣΤΟΣ ΑΠΑΤΕΩΝΑΣ? τα καραγκιοζιλικια γαπ σε νεα εκτελεση",0.76,an
EL2120,κουρελής,NOUN,0.65,Person,"Άνθρωπος με σκισμένα και βρώμικα ρούχα, συνήθως φτωχός και περιφρονημένος.","Person dressed in rags, shabby and despised.","['παλιάτσος', 'ξεβράκωτος', 'εξαθλιωμένος', 'ταλαίπωρος']","['ragged', 'shabby', 'beggar', 'tatterdemalion']","Στην άλλη άκρη στεκότανε ο Ντίνος κουρελής κι αξύριστος, όπως όλοι αυτοί οι πρεζάκηδες.",0.81,is
EL2121,κουρελιάρης,ADJ,0.72,Person,"Άνθρωπος με φθαρμένα ρούχα ή που μαζεύει παλιά υφάσματα, προκαλώντας κοινωνική απαξίωση.","Person wearing or collecting rags, viewed with contempt.","['παλιάτσος', 'ρακένδυτος', 'παλιατζής', 'ξεβράκωτος']","['ragamuffin', 'shabby man', 'ragpicker', 'beggarly fellow']","Τώρα που αφαιρέθηκε η χλιδή , μοιάζει με ρακένδυτος- κουρελιάρης ! Απομυθοποίηση  του Λύτρα !",,is
EL283,κουτάβι,NOUN,0.14,Person,"Χαρακτηρισμός για νεαρό ή άπειρο, συχνά υπάκουο και εύκολα χειραγωγούμενο άνρθωπο∙ χρησιμοποιείται υποτιμητικά για πρόσωπα που δείχνουν αφέλεια ή δουλοπρέπεια.",Young person seen as naive and inexperienced.,"['πιτσιρικάς', 'μικρούλης', 'αμουστάκος', 'αφελής']","['rookie', 'kid', 'greenhorn', 'naive youngster']","Στην πραγματικότητα έτρεχα, σαν κουτάβι, πίσω από τον Αντρέα, που φοιτούσε στη Νομική.",0.27,an
EL164,κουταμάρα,NOUN,0.35,Behavioral_Trait,Πνευματική αδυναμία που οδηγεί σε λανθασμένη κρίση ή πράξη,Stupidity or foolish act showing lack of judgment.,"['βλακεία', 'ανοησία', 'χαζομάρα', 'ηλιθιότητα']","['stupidity', 'foolishness', 'idiocy', 'nonsense']","Αν κάνεις την κουταμάρα να περιμένεις να περάσει το πούσι και η φουρτούνα, θα σε βρει το Πάσχα αντί για τα Χριστούγεννα.",0.3,asf
EL164,κουταμάρα,NOUN,0.35,Event,Λόγια ή ενέργειες δίχως λογική που εκφέρονται ως σύνολο,nonsense – foolish utterances or acts,"['ανοησίες', 'σαχλαμάρες']","['nonsense', 'rubbish', 'hogwash']",«Κουταμάρες!» είπε η Άννα που έκανε ότι δεν κατάλαβε.,0.5,asf
EL317,κουτορνίθι,NOUN,0.74,Person,Άτομο που κρίνεται υπερβολικά αφελές και εύκολα εξαπατάται.,Person considered very gullible and easily deceived.,"['κορόιδο', 'αφελής', 'χαζός', 'ευκολόπιστος']","['simpleton', 'gullible person', 'dimwit', 'sucker']","Καλά να πάθεις, αθώο κουτορνίθι.",0.88,asf
EL646,κουτός,ADJ,0.35,Person,Άτομο με αργή αντίληψη ή που παίρνει άστοχες αποφάσεις.,Person with slow understanding or who makes poor decisions.,"['βλάκας', 'ηλίθιος', 'ανόητος', 'χαζός', 'μωρός']","['stupid', 'dumb', 'fool', 'idiot', 'slow-witted']","Δε με πιστεύει που του λέω ότι τ' όνομά σου είναι Δημήτριος Λόγγος...» Ο Πέτρος τα 'χασε προς στιγμήν, αλλά δεν ήτανε κουτός.",0.5,asf
EL851,κουτσομπόλης,NOUN,0.65,Person,Άτομο που απολαμβάνει να μαθαίνει και να διαδίδει ιδιωτικές πληροφορίες τρίτων.,Person who enjoys learning and spreading others' private details.,"['κατινιάρης', 'φλύαρος', 'πολυλογάς', 'σκανδαλιάρης']","['gossip', 'busybody', 'tattler', 'snoop']","Έχουμε, βέβαια, του κόσμου τα ελαττώματα: είμαστε απείθαρχοι, εγωιστές και κουτσομπόληδες, δε χρωστάμε να κάνουμε και να πούμε καλό για κανέναν.",0.74,cds
EL2117,κουτσομπολιό,NOUN,0.58,Repetitive_Action,Συνεχής συζήτηση που ανακυκλώνει προσωπικά θέματα άλλων χωρίς τη συγκατάθεσή τους.,Ongoing talk recycling others' personal matters without consent.,"['σχόλια', 'κουβεντολόι', 'κατινιά', 'κακολογία']","['gossip', 'chatter', 'rumour', 'scuttlebutt']",username Καλά τί κατινιες είναι αυτές? Αυτό είναι #κουτσομπολιο . Τί μας αφορά το κρεβάτι του άλλου. Εδώ υποβιβάζεται το επίπεδο που είναι η #στυγερη #παιδοκτονια από αναλγητη #μανα .,0.69,cds
EL2117,κουτσομπολιό,NOUN,0.58,Event,"Συζήτηση ή διάδοση ανεπιβεβαίωτων, ασήμαντων λεπτομερειών για τρίτους",gossip,"['κουσκούς', 'ψιθυρολογία']","['chitchat', 'rumour-talk']",Ψοφούσε για κουτσομπολιό.,0.54,cds
EL2207,κουτσός,ADJ,0.25,Person,Άτομο με μόνιμη ή προσωρινή δυσκολία βάδισης λόγω προβλήματος στο πόδι.,Person with permanent or temporary walking difficulty due to leg problem.,"['χωλός', 'σακάτης', 'ανάπηρος', 'λειψός']","['lame', 'crippled', 'limping', 'disabled']","Του έκαναν αμέσως ακτινογραφία και είδαν ότι το κόκαλο είχε σπάσει και χρειαζόταν να γίνει εγχείρηση, διότι αυτές τις πέντε μέρες είχε κολλήσει στραβά και αν το αφήναν έτσι, θα έμενε κουτσός.",0.18,ddf
EL2207,κουτσός,ADJ,0.25,Person,Αντικείμενο ή μηχανισμός  που είναι χαλασμένο ή ελλειπές,wobbly / uneven,"['ασταθές', 'μετεωρίζον', 'τρεμάμενο']","['rickety', 'unstable']","Τώρα, χτυπάς το κουδούνι, σου ανοίγει μια Φιλιππινέζα, αυτηνής τα αγγλικά είναι κουτσά, τα δικά σου παράλυτα, άντε να συνεννοηθείς.",0.52,ddf
EL304,κούτσουρο,NOUN,0.37,Object,Κομμένο κομμάτι κορμού ή χονδρού κλαδιού που χρησιμοποιείται για καύσιμο ή κάθισμα.,Cut piece of trunk or thick branch used as firewood or seat.,"['κορμός', 'ξύλο', 'κλαρί', 'κομμένο δέντρο']","['log', 'stump', 'wood block', 'firewood']","“Δε βρήκανε τίποτα καλύτερο, κούτσουρο κρεμάσανε;” Παρολίγο να κατουρηθώ απ' τα γέλια!...",0.44,asf
EL304,κούτσουρο,NOUN,0.37,Person,"Άτομο που χαρακτηρίζεται ως βαρύ ή αργόστροφο, παρομοιαζόμενο με άψυχο ξύλο.","Person considered slow-witted, compared to a lifeless piece of wood.","['βλήμα', 'χαζός', 'βλάκας', 'ξύλο']","['blockhead', 'dullard', 'clod', 'slowpoke']",Ουφ ξέχασα! Πάλι επίδειξη με τις ξένες γλώσσες μου. Μα να μη σεβόμαστε τον πόνο του κούτσουρου ;),0.46,asf
EL631,κουφάρι,NOUN,0.35,Object,Νεκρό σώμα ζώου  σε κατάσταση αποσύνθεσης.,Dead body of animal  in decay.,"['πτώμα', 'σάρκα', 'νεκρό', 'λείψανο']","['carcass', 'corpse', 'cadaver', 'remains']","Όχι άλλες εκταφες, όχι άλλα άπλυτα στα φόρα, έκαναν τα παιδιά κουφάρια προς έκθεση, μαζέψτε στοιχεία το Ανθρωποκτονιων, Τελειωστε το, βάλτε ένα όριο στο τι βγαίνει, κάποιος. #πατρα",0.67,cds
EL631,κουφάρι,NOUN,0.35,Person,Νεκρό σώμα ανθρώπου σε προχωρημένη κατάσταση αποσύνθεσης,"corpse: a dead human body, especially undergoing decomposition","['σορός', 'νεκρό σώμα']","['cadaver', 'remains']","Μόνο που τα κουφάρια τους δεν είναι πια εκεί, και το στρώμα είναι σκεπασμένο με κουβέρτα.",0.29,cds
EL631,κουφάρι,NOUN,0.35,State,η κατάστασητ ων αντικειμένων που είναι σε αποσύνθεση ή παρακμή,lifeless shell,"['κουφά τσόφλι', 'κέλυφος']","['lifeless shell', 'wreck']",Ξυπνηστε ρε να μου συμπαρασταθειτε που πρεπει να συρω το κουφαρι μου στη δουλεια.,,cds
EL616,κρατούμενος,VERB,0.09,Person,Άτομο στο οποίο έχει στερηθεί η ελευθερία και βρίσκεται υπό φύλαξη από αρχές.,Person deprived of freedom and kept under custody by authorities.,"['φυλακισμένος', 'έγκλειστος', 'φυλακόβιος', 'κατάδικος']","['prisoner', 'inmate', 'detainee', 'convict']",Κ.Φυλακισμενη κακώς αιτησε για πράγματα στο κελί ..γιατί ;; Γιατί κάποια χρονική στιγμή θα βγεις από vip κ θα σαι άλλου κ με άλλες κρατουμενες κλπ κλπ ..Στο άπειρο αιωρησε ; ε; ..άιντε #Πατρα,0.48,ddp
EL616,κρατούμενος,VERB,0.09,Person,"αρακτηρισμός που υπονοεί εγκληματία ή «φυλακισμένο μυαλό», χρησιμοποιείται απαξιωτικά εκτός νομικού πλαισίου","Employed pejoratively of a person’s outlook or character (“He’s criminal-minded”), with no suggestion of an actual conviction","['κατάδικος', 'βαρυποινίτης']","['jailbird', 'con']","Ο Thiago Ávila, Βραζιλιάνος ακτιβιστής, κρατούμενος των Ισραηλινών απο τον Στόλο της Ελευθερίας ξεκίνησε απεργία πείνας ως ένδειξη διαμαρτυρίας για την παράνομη κράτηση τους.",,ddp
EL930,κρετινισμός,NOUN,58,State,"Κατάσταση πολύ χαμηλής νοητικής ικανότητας ή ακραίας ανοησίας, συχνά ως ύβρις.","State of very low intelligence or extreme foolishness, used as insult.","['ηλιθιότητα', 'βλακεία', 'ανοησία', 'κουταμάρα']","['idiocy', 'stupidity', 'imbecility', 'moronity']","Aυτό που συνέβη σήμερα με τους πανηγυρισμούς στον Πειραιά, προφανώς και θα γινόταν με οποιαδήποτε ομάδα που θα κέρδιζε το πρωτάθλημα. Ο κρετινισμός δεν γνωρίζει χρώματα, ούτε κάποιοι οπαδοί είναι πιο ηλίθιοι απ' τους άλλους. #coronavirus",,ddp
EL645,κρετίνος,NOUN,0.66,Person,Άτομο που θεωρείται εξαιρετικά ανόητο ή εκνευριστικά άμυαλο.,Person regarded as extremely stupid or annoyingly brainless.,"['ηλίθιος', 'βλάκας', 'βλήμα', 'χαζός']","['idiot', 'moron', 'imbecile', 'cretin']",username username Μέρος της εικόνας για τον εαυτό του που πρέπει να δημιουργήσει. Επίσης έχει να καλύψει μειονεκτήματα. Οι κρετίνοι φασίστες πχ δεν θα εκτιμήσουν ότι στάθηκε υπέρ των gay γάμων. Πρέπει να πλειοδοτήσει αλλού.,0.74,cds
EL500,κτηνοβασία,NOUN,0.9,Event,"Σεξουαλική πράξη μεταξύ ανθρώπου και ζώου, θεωρούμενη αποτρόπαιη και παράνομη.","Sexual act between human and animal, considered abhorrent and illegal.","['ζωοφιλική πράξη', 'ζωοβία', 'βδελυρή επαφή με ζώο']","['bestiality', 'zoophilia', 'animal sex']","username όπως η κτηνοβασία, η παιδοφιλία, η αιμομιξία πρέπει να επανεξεταστούν και να μην είμαστε απόλυτοι.Να σπάσουμε τα ταμπού...",0.71,ddp
EL1083,κωλομέρι,NOUN,0.59,Object,"μέλος του σώματος: στρογγυλό, μυώδες τμήμα πάνω από τον μηρό, στο οποίο στηρίζεται κανείς όταν κάθεται· χυδαίος τύπος",One of the two rounded parts of the buttocks.,"['οπίσθια', 'πισινός', 'ποπός', 'κώλος']","['butt cheek', 'buttock', 'rear', 'behind']",username Το έχει στο δεξί κωλομερι Στο αριστερό έχει την Κουτσελινη,0.93,om
EL1094,κώλος,NOUN,0.64,Object,"τα δύο σαρκώδη τμήματα στο πίσω μέρος του κορμού, πάνω από τους μηρούς· χυδαίος τύπος",Rear part of the human body used for sitting and defecation.,"['ποπός', 'πισινός', 'οπίσθια', 'μπιπ']","['ass', 'butt', 'rear end', 'backside']",Τι έχετε να πείτε γι’ αυτό;» Πετάγομαι πάνω σα να μου μπήκε καρφίτσα στον κώλο.,0.6,om
EL1094,κώλος,NOUN,0.64,State,Χαώδης ή πολύ κακή κατάσταση· μεταφορά που δηλώνει ότι κάτι «έγινε άνω-κάτω»,mess : total chaos or wreck,"['χάλια', 'μπάχαλο', 'πανικός'","['mess', 'total chaos']","Ξύπνησα απ'τον απογευματινό μου ύπνο,έκανα φραπεδακι φουλ έξτρα πάγο,δεν πρόλαβα να τον αφήσω στο τραπεζακι,άρπαξε ο #Ριο το καλαμάκι,έγινε κωλος το κρεβάτι,η πολυθρόνα,το πάτωμα,η κουρτίνα. Δεν χαρίζεται πια  τι μου φταίτε και σεις απ'τα αυτιά θα τον κρεμάσω.",,om
EL1094,κώλος,NOUN,0.64,Person,"Χαρακτηρισμός για άτομο θεωρούμενο ανάξιο, ενοχλητικό ή ανόητο",asshole : contemptible person (slur),"['βλάκας', 'κάθαρμα', 'ρεμάλι']","['asshole', 'jerk', 'scumbag']",#NAME?,,om
EL1094,κώλος,NOUN,0.64,Person,"Άτομο που έχει πιει υπερβολικά και βρίσκεται σε κατάσταση μέθης, συχνά σε φράσεις «έγινα/γίναμε κώλος».",wasted : person extremely drunk,"['λιώμα', 'στουπί', 'μεθυσμένος']","['wasted', 'plastered', 'drunk']",Ευχηθήκαμε φάγαμε ήπιαμε και στο τέλος γίναμε κώλος οικογενειακώς,,om
EL1558,κωλοτρυπίδα,NOUN,0.92,Object,Άνοιγμα στο τέλος του πεπτικού σωλήνα από όπου αποβάλλονται τα κόπρανα.,Opening at the end of the digestive tract through which feces exit.,"['πρωκτός', 'πίσω τρύπα', 'οπίσθια σχισμή', 'rear']","['anus', 'asshole', 'back passage', 'rear hole']",username Τι λες βρε γίδα Μαΐσια; Όλες οι χώρες στέλνουν όπλα ακόμη και η Γερμανία. Στρατιωτική εμπλοκή θεωρείται ΜΟΝΟΝ η αποστολή στρατευμάτων. Αεί τράβα κοιμήσου. Ή καλύτερα γλείψε την κωλοτρυπίδα του έκπτωτου βασιλιά σου που μετράει ώρες μέχρι να τον κρεμάσουν οι δικοί του ανάποδα .,0.84,ddp
EL1558,κωλοτρυπίδα,NOUN,0.92,Person,υβριστικός χαρακτηρισμός για άτομο αντιπαθές ή αναξιόπιστο,asshole : contemptible person (slur),"['κάθαρμα', 'σκατόψυχος', 'ρεμάλι']","['asshole', 'scumbag', 'jerk']","Βρε γαμημένες δημοσιογραφικές κωλοτρυπίδες τα καδρόνια και τα κράνη τα φορούσαν οι σταλινοφασίστες έξω από το σχολείο, θα σας ζήλευε και ο γκαίμπελς.",0.88,ddp
EL1558,κωλοτρυπίδα,NOUN,0.92,State,"Yπερβολικά μικρός ή άθλιος χώρος· μεταφορά για σπίτι, δωμάτιο ή πόλη που θεωρείται απαράδεκτη",dump : squalid place,"['τρύπα', 'τρώγλη', 'κοτέτσι']","['dump', 'hole in the wall']",Το Λος Άντζελες είναι η πλαστική κωλοτρυπίδα του κόσμου.,,ddp
EL806,λαγνεία,NOUN,0.28,State,"Έντονη, επίμονη σεξουαλική επιθυμία που κυριαρχεί στις σκέψεις κάποιου.","Intense, persistent sexual desire dominating someone's thoughts.","['σαρκολαγνεία', 'πόθος', 'σεξουαλική επιθυμία', 'λιμπιντό', 'καύλα']","['lust', 'lechery', 'carnal desire', 'libido', 'sensuality']","username username μαύρες σκέψεις κατέκλησαν το μυαλό, σκέψεις πόθου και λαγνείας. Να ενδώσει στο προφιτερόλ ή να κρατήσει δυνάμεις;",0.26,svp
EL2318,λάγνος,ADJ,0.48,Person,Πρόσωπο που εκδηλώνει έντονη σεξουαλική επιθυμία και συμπεριφέρεται διαρκώς με υπονοούμενα.,Person showing strong sexual desire and constant suggestive behaviour.,"['λιγούρης', 'καυλιάρης', 'σεξομανής', 'ερωτιάρης', 'πορνόγερος']","['lecher', 'lustful', 'horny', 'randy', 'sex maniac']",Πρέπει να συζητήσουμε σοβαρά τι θα γίνει τωρα που θα γινω ΑΡΑΠΙΝΑ ΛΑΓΝΑ ΕΡΩΤΙΑΡΑ ????,0.64,svp
EL2318,λάγνος,ADJ,0.48,Behavioral_Trait,Αντικείμενο ή μέρος του σώματος που αποπνέει έντονη σεξουαλική πρόκληση,seductive : arousing sexual interest,"['ηδυπαθής', 'ερωτικός', 'σαγηνευτικός']","['seductive', 'sensual', 'sultry']",Σήμερα στο γυμναστήριο μια γκόμενα με κοίταζε με λάγνο βλέμμα εκεί που σήκωνε κάτι βάρη. Μετά μύρισε και κατάλαβα ότι είχε απλά κλάσει,0.67,svp
EL474,λάθος,NOUN,0.08,Event,Ενέργεια ή αποτέλεσμα που αποκλίνει από το σωστό ή από τα αναμενόμενα πρότυπα,error: an act or outcome that deviates from accuracy or correctness,"['σφάλμα', 'ανακρίβεια']","['error', 'mistake', 'fault']","Σ'αυτούς τους άσχημους καιρούς που ήρθαμε από λάθη δικά μας ή άλλων, να γατζωθούμε πρέπει από τις ΑΓΑΠΕΣ μας :)",0.41,cds
EL474,λάθος,NOUN,0.08,Behavioral_Trait,"Προσδιορισμός σε αντικείμενο, ενέργεια ή έκφραση που δηλώνει ότι δεν είναι ακριβές ή σωστό",wrong: indicating something is incorrect or not in accordance with facts,"['λανθασμένος', 'εσφαλμένος', 'ανακριβής']","['wrong', 'incorrect', 'inaccurate']",Οι προϊστάμενοι δεν κάνουν ποτέ λάθη.,0.14,cds
EL474,λάθος,NOUN,0.08,Person,υβριστικός χαρακτηρισμός για άτομο που θεωρείται απόλυτα ανεπαρκές ή “ατυχές προϊόν” των περιστάσεων,mistake (of nature) : contemptible or aberrant person,"['αποτυχία', 'απόβρασμα', 'τερατούργημα']","['mistake of nature', 'freak', 'failure']",Είσαι το σωστό λάθος που δεν ξανακάνω._,,cds
EL1512,λαιμαργία,NOUN,0.31,Repetitive_Action,συνήθεια υπερβολικής κατανάλωσης φαγητού χωρίς αυτοέλεγχο,habitual overeating without restraint,"['αδηφαγία', 'φαγοποσία', 'υπερφαγία']","['gluttony', 'overindulgence', 'greediness']",Την ίδια λαιμαργία.,0.47,svp
EL1512,λαιμαργία,NOUN,0.31,Behavioral_Trait,"αχόρταστη επιθυμία για υλικές ή άυλες απολαύσεις, πέρα από το φαγητό, καταγγελόμενη ως ηθικό ελάττωμα",voracity : insatiable craving for possessions or pleasure,"['απληστία', 'βδέλυγμα (θρ.)', 'αδηφαγία (μεταφ.)']","['voracity', 'greed', 'insatiability']","Μιλάει για προσβλητικες αναφορές που στοχοποιουν βουλευτές κ στελέχη  απολύτως καταδικαστεες κ δεν έχουν σχέση με την αριστερά. Απαντώ: Ο Γουίλιαμ Σαίξπηρ είχε μαστορια να ξεχωρίζει την απανθρωπια των ανθρώπων εξουσίας την λαιμαργία για δύναμη, ματαιοτητα δόξας. Σπιρτζη εσύ είσαι",,svp
EL1497,λαουτζίκος,ADJ,0.64,Person,ομάδα φτωχών ή ταπεινών ανθρώπων που θεωρούνται χωρίς δύναμη και κύρος,common poor folk lacking power and status,"['πλέμπα', 'λαός', 'φτωχολογιά']","['rabble', 'commoners', 'masses']","username Μίσος του λαουτζίκου, ανθρώπων που κοιτάνε τις τιμές στο σούπερ μάρκετ (ιουυ) για τους πετυχημένους. Πόσο θα θέλατε κι εσείς να είστε σε λίστες και offshore και ζηλεύετε...",0.69,cds
EL640,λαπάς,NOUN,0.44,Object,"νερουλή βραστή σούπα από ρύζι, κατάλληλη για άρρωστους ή παιδιά. Χρησιμοποιείται συχνά για να δηλωθεί το παραβρασμένο φαγητό",thin boiled rice soup given to sick people or children,"['ρυζόσουπα', 'χυλός']","['rice soup', 'gruel']",Δεν γαμιεται. Θα στείλω κι ότι γίνει. Μάνα το ρύζι στα γεμιστά ήταν λαπάς.,,an
EL640,λαπάς,NOUN,0.44,Person,"υβριστικός χαρακτηρισμός για άτομο θεωρούμενο μαλθακό, σωματικά ή ψυχικά ανίσχυρο",man considered spineless and lacking resolve,"['μαλθακός', 'κότα', 'φλώρος', 'ντιντής']","['wimp', 'weakling', 'spineless man', 'sissy']","Δείχνει λαπάς βέβαια, αλλά τόση δύναμη για να καρφώσει το κοντάρι του προβολέα στο στήθος της Καραγιώργη, θα την έχει.",0.74,an
EL1444,λεηλασία,NOUN,0.46,Event,"βίαιη αρπαγή και καταστροφή ξένης περιουσίας, συνήθως από πλήθος ή στρατό",violent plundering and destruction of property,"['πλιάτσικο', 'σύληση', 'αρπαγή']","['looting', 'pillage', 'plunder']","29/5/1824 Ισχυρός αιγυπτιακός στόλος υπό τον Χουσεΐν, μετά από πολιορκία δύο ημερών της Κάσου, αποβιβάζει 4.000 Αλβανούς στον Αντιπέρατο και προσβάλλει από τα νώτα τους υπερασπιστές. Σφαγές, λεηλασίες και αιχμαλωσίες καταστρέφουν το ηρωικό νησί.",0.73,re
EL1444,λεηλασία,NOUN,0.46,State,παρατεταμένη και συστηματική οικονομική ή πολιτιστική αφαίμαξη εις βάρος αδύναμων ομάδων· μεταφορική χρήση στον δημόσιο λόγο,plundering : prolonged stripping of resources,"['καταλήστευση', 'αρπακτική εκμετάλλευση']","['plundering', 'asset-stripping']",Νέα Αλλαγή στο ΠΑΣΟΚ με ΓΑΠ που δεν πρόλαβε να ολοκληρώσει την λεηλασία της χώρας ... για μια αξιοπρέπεια ζούμε …,0.47,re
EL1441,λεία,NOUN,0.2,Object,πτηνά ή ζώα που αρπάζονται από επιδρομείς ή θηρευτές,spoils or prey taken by raiders or predators,"['βορά', 'θήραμα']","['loot', 'prey', 'spoils']",Κάμερα κατέγραψε τι συμβαίνει όταν οι λύκοι επιστρέφουν στη λεία τους,,re
EL1441,λεία,NOUN,0.2,Object,"αντικείμενα ή χρήματα που αποσπώνται παράνομα μετά από διάρρηξη, ληστεία ή πόλεμο",loot : stolen goods taken as spoils,"['λάφυρο', 'κλοπιμαία']","['loot', 'spoils', 'haul']","Τους έβαζε να κάτσουν στον εξώστη, κι εκείνος κατέβαινε στην πλατεία, κι όταν γύριζε, έπαιρνε την τσάντα τής γυναίκας του που 'κλαιγε σιωπηλά σ' όλη την παράσταση, και τη γέμιζε με τη λεία: πορτοφόλια, γυαλιά μυωπικά κι ήλιου, χρυσές αλυσίδες, καρφίτσες, αναπτήρες, ακόμα και ουρές από αλεπούδες που 'κοβε μ' ένα ξυραφάκι.",0.31,re
EL1441,λεία,NOUN,0.2,Person,"άτομο θεωρούμενο εύκολος στόχος εκμετάλλευσης, ιδίως σεξουαλικής ή οικονομικής.",easy prey : person seen as vulnerable target,"['θύμα', 'εύκολος στόχος']","['easy prey', 'sitting duck']","Τα μου-μου-ε όμως τους είχαν κάθε μέρα πρώτο τραπέζι πίστα, όχι γιατί τους έπαιρναν στα σοβαρά, αλλά γιατί τους έβλεπαν σαν εύκολη λεία.",0.52,re
EL1856,λείψανο,NOUN,0.3,Object,υλικό υπόλειμμα νεκρού σώματος ή άγιο αντικείμενο που φυλάσσεται προς προσκύνηση,bodily remains of the dead or sacred relic,"['απομεινάρι', 'οστό', 'κτέρισμα']","['relic', 'remains', 'corpse fragment']",username τι λες μωρη λοβοτομημενη? τρεχα να αναψεις κερακι στο λειψανο του πατερουλη τωρα..????,0.93,cds
EL1856,λείψανο,NOUN,0.3,Object,υπόλειμμα υλικού ή άυλου συνόλου από παρελθόντα χρόνο,remnant : surviving fragment of something past,"['υπόλειμμα', 'απομεινάρι', 'ερείπιο']","['remnant', 'relic (object)', 'vestige']",Φεύγω ιερό λείψανο. Γεια σου τώρα. Εμετούλης,,cds
EL1856,λείψανο,NOUN,0.3,Person,υβριστικός χαρακτηρισμός για άτομο εξαιρετικά αδύνατο και χλωμό,walking skeleton : extremely emaciated person,"['σκιές ανθρώπου', 'κουφάρι']","['skeleton', 'wreck', 'shadow of oneself']","username username Ε φυσικά , αφου εφαγε τις φάπες του από την ανακρίτρια είπε να ανοίξει τα προφίλ του ο Πιθηκομορφος για να πει τις μπούρδες του εκ νέου Μααααακη… τα υπογλώσσια να πάρεις είσαι και λείψανο … μη μας μείνεις …#Πατρα",0.62,cds
EL1068,λέρα,NOUN,0.62,Object,συσσωρευμένη βρωμιά ή λίγδα που καλύπτει επιφάνεια,layer of grime or filthy substance,"['βρωμιά', 'λίγδα', 'μούργα']","['filth', 'grime', 'dirt']",Μεγαλύτερη λέρα από τον αιλληνα δεν υπάρχει στον κόσμο,,cds
EL1068,λέρα,NOUN,0.62,Person,"άτομο θεωρούμενο παλιάνθρωπος, ανήθικος ή αχρείος",despicable person deemed immoral or vile,"['καθίκι', 'παλιάνθρωπος', 'τσόγλαν', 'λεχρίτης']","['scumbag', 'bastard', 'low-life', 'scoundrel']",username username Άλλη λερα κ ο Βλάχος ο κακομουτσουνος,0.71,cds
EL2253,λερωμένος,VERB,0.23,State,"Κατάσταση κατά την οποία το σώμα ή ένα αντικείμενο φέρει ορατά ίχνη βρομιάς, λεκέδες ή στίγματα",dirty: covered with visible soil or stains,"['βρόμικος', 'μουτζουρωμένος', 'καταλασπωμένος']","['dirty', 'stained', 'grubby']",«Θα τις βάλεις μία κάτω από την ντουλάπα και μπροστά θα στοιβάξεις τα λερωμένα.,0.34,dmc
EL2253,λερωμένος,VERB,0.23,Behavioral_Trait,"Ιδιότητα κατά την οποία η υπόληψη ή το κύρος κάποιου έχει κηλιδωθεί από σκάνδαλα, ατασθαλίες ή αδικίες, προκαλώντας αμφιβολίες για την ειλικρίνεια ή το ήθος του",tainted: morally or reputationally compromised by wrongdoing,"['ατιμασμένος', 'μπλεγμένος', 'κηλιδωμένος']","['tainted', 'compromised', 'dirty']","Φορούσα ένα παλιό λερωμένο νυχτικό, γιατί ο Μαρίκακας κρύωνε ν' απλώσει και απόφευγε επιμελώς το πλύσιμο.",0.25,dmc
EL2253,λερωμένος,VERB,0.23,Person,"Πρόσωπο του οποίου το σώμα ή τα ρούχα είναι εμφανώς καλυμμένα με βρομιά, λάσπη ή άλλο ρύπο",dirty: physically covered with dirt or filth,"['βρόμικος', 'μουτζουρωμένος', 'λασπωμένος']","['dirty', 'filthy', 'grubby']",Ισπανόφωνος ραλίστας περιστασιακός τραγουδιστής με κακό γούστο στο ντύσιμο σαπιοκοιλιάς  και λερωμένος με λάδια από τα λίπη που χλαπάκιασε.  Ο τέλειος ιδιοκτήτης για το σωματείο χάρτινων κλόουν που συνήθισε να μας κουβαλάει τα κύπελλα. #AEKPAOK,,dmc
EL846,λεσβία,NOUN,0.72,Person,γυναίκα που αισθάνεται ερωτική έλξη προς γυναίκες,woman sexually attracted to women,"['ομοφυλόφιλη', 'λεσβιάννα', 'γκέι']","['lesbian', 'gay woman', 'dyke']",Θα πρέπει να της τον ρίξω από δίπλα για να μου λυθούν δυο απορίες μαζί: αν πράγματι ξέρει κάτι για τους Αλβανούς και μου το κρύβει κι αν είναι λεσβία.,0.69,or
EL846,λεσβία,NOUN,0.72,Person,Χαρακτηρισμός για απαξίωση και στιγματισμό απέναντι σε γυναίκα ως ύβρης,dyke (slur) : disparaging term for lesbian woman,"['ανώμαλη (υβρ.)', 'πουτάνα']>","['dyke', 'lesbo']","Μόλις ακούσετε ότι μια γυναίκα κυκλοφορεί μόνη, τη δηλώνετε λεσβία».",0.69,or
EL433,λέτσος,NOUN,0.67,Person,"άνρθρωπος εμφανισιακά απεριποίητος και βρόμικος, που προκαλεί αποστροφή",shabby filthy man causing disgust,"['ατημέλητος', 'ξεπεσμένος', 'σαρμάς', 'βρωμιάρης']","['slob', 'tramp', 'scruff', 'mess']",Κατεβαίνω στο περίπτερο σαν το λέτσο και σκέφτομαι ευτυχώς που δεν ζω Θεσσαλονίκη να πρέπει να περάσω πρώτα από κομμωτήριο ????,0.52,cds
EL682,λεχρίτης,NOUN,0.82,Person,"άτομο θεωρούμενο ηθικά ευτέλες, ύπουλο ή και βρόμικο",ragged filthy person despised by others,"['καθίκι', 'παλιάνθρωπος', 'λέρα']","['ragamuffin', 'derelict', 'bum']","Παντως παιδια...αφησε τον παππα για εναν λεχριτη η παπαδια,ειχε κανει και φυλακη...#papadia",0.58,qas
EL248,ληστεία,NOUN,0.59,Event,εγκληματική πράξη αφαίρεσης περιουσίας με απειλή ή βία,crime of taking property by threat or force,"['κλοπή', 'αρπαγή', 'διάρρηξη']","['robbery', 'heist', 'hold-up']","«Αφού έκανες ληστεία και βρήκες τον υπολογιστή, τότε κάπου τον πούλησες.",0.52,re
EL246,ληστής,NOUN,0.69,Person,άτομο που αφαιρεί ξένη περιουσία με χρήση βίας ή απειλής,person who robs using force or threat,"['κλέφτης', 'κακοποιός', 'απατεώνας', 'αρπακτικό']","['robber', 'bandit', 'thief', 'mugger']","Καλοβαλμένο ληστή, ελαφρώς ματαιόδοξο ψάχνουν στο Κολοράντο  #Eidiseis #News",0.5,cds
EL246,ληστής,NOUN,0.69,Person,άτομο ή οργανισμός που αποσπά χρήματα ή αξία με καταχρηστικές χρεώσεις ή αισχροκέρδεια,predatory profiteer : entity that gouges others for gain,"['αρπακτικό', 'φορομπήχτης', 'αισχροκερδής']","['racketeer', 'predator', 'extortionist']","username username username username Πιο βιαιοι από τους ληστές δυτικούς δεν ήταν ρώτα Ινδούς Ινδονησίους Κονγκολεζους Αλγερινους και γενικά όπου είχαν αποικίες,Βρετανοί Γαλλοι Βελγοι Ολλανδόι Πορτογάλοι και πάει λέγοντας εκατομμύρια θύματα και πλούτος κλεμμενος",0.56,cds
EL346,λιμοκοντόρος,NOUN,0.72,Person,"μειωτικός χαρακτηρισμός για νεαρό, συνήθως φτωχό και κοκαλιάρικο, που ντύνεται επιδεικτικά προσποιούμενος τον κοσμικό γόη",dandyish weak man seen as useless loafer,"['φλώρος', 'ψευτοκύριος', 'χαρτογιακάς', 'κηφήνας']","['dandy', 'fop', 'pretty boy', 'loafer']",Το πρόβλημα είναι ότι είναι ακόμη έξω ο λοιμοκοντορος,,cds
EL1438,λογοκλοπή,NOUN,0.46,Event,αντιγραφή ξένης πνευματικής εργασίας και παρουσίασή της ως προσωπικού δημιουργήματος,copying someone else’s work and presenting it as one’s own,"['πνευματική κλοπή', 'κλοπή πνευματικής ιδιοκτησίας', 'λογοκλοπία']","['plagiarism', 'copying', 'intellectual theft']","Σκέψου τώρα, η Ρένα Δούρου username να κατηγορείτο ότι έκανε εκτεταμένη λογοκλοπή σε εργασία της…",0.47,re
EL2466,λύσσα,NOUN,0.48,Behavioral_Trait,"ακραίος θυμός ή μανιώδης επιθυμία για κάτι, που εκδηλώνεται με ένταση λόγου ή πράξης",state of furious rage and aggression,"['μανία', 'οργή', 'πώρωση']","['rabies', 'fury', 'rage']","Μετά, συμπληρώνει με λύσσα.",0.43,re
EL2466,λύσσα,NOUN,0.48,State,ιική νόσος του νευρικού συστήματος που μεταδίδεται με δάγκωμα θηλαστικών και καταλήγει σχεδόν πάντα σε θάνατο χωρίς έγκαιρο εμβολιασμό,rabies : deadly viral encephalitis spread by saliva of infected mammals,"['ραβιολύση', 'λύσσωμα']",['rabies'],Το είχα βρει εγω και το είχα βάλει στο γραφείο της κυρίας μαζί με το δικό της» Δεν πρόλαβε να τελειώσει τη φράση της η Ελεονώρα κοα ο Ραμόν είχε πεταχτεί στην άλλη κάμαρα και ανακάτεψε με λύσσα τα χαρτιά της Μυρτώς χωρίς να βρει εκείνο που ήταν πλέον σίγουρος ότι το είχε πάρει η κόρη του.,0.33,re
EL2109,λυσσομανώ,VERB,0.39,Event,ενεργώ με αλλεπάλληλες εκρήξεις θυμού και βίαιης έντασης,act furiously with repeated violent outbursts,"['μαινόμενος', 'αφρίζω', 'ξεσπάω']","['rage', 'foam at the mouth', 'rave']","@username και στην τελική έτσι λυσσομανώ για Ελεονώρα,Λιάγκα που μ'έχουν μπλοκάρει μονο&μόνο γιατί τους είπα την αποψη μου...",,an
EL2109,λυσσομανώ,VERB,0.39,Repetitive_Action,"ενεργώ ή κινούμαι με παρατεταμένη, αχαλίνωτη μανία· λέγεται για ανθρώπους, ζώα ή φυσικά φαινόμενα.",rage (v.) : act with relentless fury,"['λυσσάω', 'μανιάζω', 'αφρίζω']","['rage', 'storm', 'rampage']","Έξω λυσσομανάει ένας βοριάς, που έχει ρίξει δυο γλάστρες στο απέναντι μπαλκόνι.",0.21,an
EL1693,λωποδύτης,ADJ,0.95,Person,"κλέφτης που αφαιρεί αντικείμενα κρυφά, συχνά από τσέπες περαστικών",pickpocket who stealthily steals items,"['πορτοφολάς', 'κλέφτης', 'απατεώνας']","['pickpocket', 'thief', 'crook', 'stealer']","Ποτέ ξανά στους ψεύτες, τυχοδιώκτες και λωποδύτες που λυμαίνονται την πατρίδα μας. Πότε πια σε λαϊκιστές και δημαγωγούς που υπόσχονται τα πάντα στους πάντες.",0.82,dmc
EL1693,λωποδύτης,ADJ,0.95,Person,"άτομο ή φορέας που αποσπά χρήμα ή αξία με δόλια μέσα, καταχρηστικές χρεώσεις ή φορολογική αυθαιρεσία",crook : swindler who profits dishonestly,"['απατεώνας', 'κλέφτης', 'αρπακτικό']","['crook', 'swindler', 'rip-off merchant']","username Φώφη με τα 500 μύρια που χρωστάει ΠΑΣΟΚ και ΝΔ, σώζονται τα ΕΛΤΑ και η ΔΕΗ μαζί. Αλλά εσείς αλλάζετε ΑΦΜ σαν τους λωποδύτες τους ποδοσφαίρου ρίχνοντας πιστόλι.",0.53,dmc
EL343,μάγκας,NOUN,0.25,Person,"άνδρας (ή και γυναίκα) του δρόμου που προβάλλει θάρρος, εξυπνάδα και ικανότητα να επιβιώνει σε δυσκολίες, συχνά εκτός επίσημων κανόνων· χρησιμοποιείται τόσο θαυμαστικά όσο και ουδέτερα",man showing street-smart boldness and macho swagger,"['παλικάρι', 'νταής', 'αντράκι', 'ζόρικος']","['tough guy', 'street smart', 'braggart', 'macho man']",Ο πιο μάγκας εργοδότης: Έδωσε όλο το ποσό από το τραπέζι στη σερβιτόρα γιατί ήταν αγενείς και τη μείωναν -,0.54,cds
EL343,μάγκας,NOUN,0.25,Person,άτομο που καυχιέται για ανύπαρκτη γενναιότητα ή επιτυχίες,poser : swaggering braggart without real grit,"['ψευτόμαγκας', 'καυχησιάρης', 'φανφαρόνος']","['poser', 'wannabe tough guy', 'blowhard']",Μουγκα για βιωσιμότητα του χρέους....αυτά είναι μόνο για πολιτικούς ...κι ο Δένδιας κουνιέται τάχα τζάμπα μάγκες ....χεσμενα ανθρωπάκος είναι,0.86,cds
EL590,μάζα,NOUN,0.21,Person,άτομο με υπερβολικό βάρος και άμορφη εμφάνιση που θεωρείται νωθρό,overweight shapeless person,"['βούβαλος', 'βόδι', 'σακί', 'τούβλο']","['fatso', 'blob', 'lump', 'slob']",Ο Γιάννος έχει ανταλλάξει εγκεφαλικά κύτταρα με μυϊκή μάζα. #MasterChefGR,0.64,cds
EL590,μάζα,NOUN,0.21,Person,πολύς λαός ή ανώνυμη κοινωνική ομάδα που παρουσιάζεται ως πνευματικά άβουλη και εύκολα χειραγωγήσιμη,mob : undifferentiated crowd seen as mindless,"['όχλος', 'αγέλη', 'πλήθος']","['mob', 'the masses', 'rabble']",username username username Αγαπητή να σου θυμίσω ότι εσύ πρώτη ασχολήθηκες με το σχόλιό μου.Επίσης να σου τονίσω το αυτονόητο:χωρίς σωστά επιχειρήματα δεν πέφτει καμία κυβέρνηση.Με τα καφενειακά επιχειρήματα απλώς συσπειρώνεται κ εκτονώνεται η μάζα των φανατικών.Καλή συνέχεια,0.62,cds
EL2107,μαίνομαι,VERB,0.31,Event,βρίσκομαι σε κατάσταση ανεξέλεγκτης οργής και επιθετικότητας,to rage uncontrollably,"['αφρίζω', 'λυσσάω', 'εξαγριώνομαι', 'αγριεύω']","['rage', 'fume', 'go berserk', 'rampage']","Απλά αναρωτιόμουν πώς καταλαβαίνω αν χρειάζεται να πάρω άλλη δόση από το φάρμακο; (Την δεύτερη που κρατάς στα μάγουλα για 30 λεπτά.) Μαίνομαι από περίπου 4-5 ώρες αφού το πήρα, έχω κράμπες και έχω περάσει μερικά μικρότερα θρόμβους αίματος.",,an
EL2107,μαίνομαι,VERB,0.31,Repetitive_Action,"ενεργώ ή εκδηλώνομαι με αδιάκοπη, άγρια ένταση· για πρόσωπα, καιρικά ή άλλα φαινόμενα",rage : act with relentless fury or violence,"['λυσσομανώ', 'μανιάζω', 'φρυάζω']","['rage', 'storm', 'rampage']",Μαίνεται ανεξέλεγκτη η φωτιά στην Εύβοια - Ήχησε νέο 112 | ΤΟ ΒΗΜΑ,,an
EL2321,μαινόμενος,VERB,0.36,Person,που βρίσκεται σε έξαλλη κατάσταση βίαιης οργής,"furious, raging person","['εξαγριωμένος', 'λυσσασμένος', 'αγριεμένος', 'ξέφρενος']","['raging', 'furious', 'berserk', 'rabid']","PrasiaOnline: ΤΩΡΑ-Μπακογιάννης:""Kαρφής μαινόμενος κατά πάντων""..",0.45,ps
EL2321,μαινόμενος,VERB,0.36,Person,"έντονα οργισμένος ή ορμητικός, σαν να κινείται χωρίς φρένο· λέγεται για ζώα, φυσικά φαινόμενα ή πλήθη",raging : acting with extreme fury or violence,"['μανιασμένος', 'λυσσασμένος', 'αγριεμένος']","['raging', 'frenzied', 'rampaging']",Αιγιάλεια: Μαινόμενος εισέβαλλε σε σχολείο για έναν…σκύλο!,,ps
EL446,μαλάκας,NOUN,0.77,Person,υβριστικός χαρακτηρισμός για άτομο που θεωρείται ανόητος ή ενοχλητικός,offensive term for a foolish or irritating man,"['βλάκας', 'ηλίθιος', 'κάφρος', 'κόπανος', 'χαζός']","['jerk', 'asshole', 'moron', 'idiot', 'dumbass']","«Το ξέρω ότι είσαι μαλάκας» του απαντώ με το βλέμμα πάντα, «αλλά σε χρειάζομαι».",0.72,asm
EL446,μαλάκας,NOUN,0.77,Person,"οικεία, συχνά φιλική προσφώνηση ανάμεσα σε νέους· δηλώνει εξοικείωση, όχι πάντα προσβολή","dude (vulgar) : mate, buddy","['φίλε', 'ρε μεγάλε']","['dude', 'mate']","«Ρε μαλάκα, καταλαβαίνεις πού έμπλεξες;» του λέει ο Δερμιτζάκης.",0.76,asm
EL2154,μαλακία,NOUN,0.66,Event,πράξη αυτοϊκανοποίησης των γεννητικών οργάνων,masturbation : self-stimulation of genitals,"['αυνανισμός', 'αυτοϊκανοποίηση']","['masturbation', 'wanking']","Σημαντικό είναι να περιμένουμε 5' μετά τη μαλακία μέχρι να κατουρήσουμε, έτσι ώστε να στραγγίσει καλά η τσουτσούνα και να αποφύγουμε φαινόμενα κατουροχύματος.",0.88,cds
EL2154,μαλακία,NOUN,0.66,Event,"ανόητη ή ατυχής κουβέντα, ενέργεια ή απόφαση",stupid thing : foolish statement or act,"['βλακεία', 'πατάτα', 'γκάφα']","['nonsense', 'bullshit', 'blunder']",username Για ποιο λόγο. Να προστάτεψε ο τους σαουδαραβες από τις επιθέσεις της αεροπορίας της Υεμένης; Ή για τον μικρό ψυχρό πόλεμο που έχουν με το Ιράν και στέλνουμε δυνάμεις του στρατού εκεί. Μας περισσεύουν λεφτά για τέτοιες μαλακιες γαμω τον Χριστό σου ρε ανικανε φασιστα;,1,cds
EL2154,μαλακία,NOUN,0.66,Behavioral_Trait,χαρακτηρισμός για νοητικής ανεπάρκειας ή συνεχούς ανοησίας,idiocy : persistent stupidity,"['βλακεία', 'αμβλύνοια', 'σαχλαμάρα']","['idiocy', 'stupidity']",username Που τερματίζει η μαλακία των οργάνων της ΕΕ μάλλον δε θα μάθουμε ποτέ... πάντα θα υπάρχει λίγη ακόμα.,0.81,cds
EL2149,μανιασμένος,VERB,0.54,Person,που επιτίθεται ή κινείται με ανεξέλεγκτη βία και πάθος,person acting with frenzied violence,"['λυσσασμένος', 'εξαγριωμένος', 'αγριεμένος', 'φρενιασμένος']","['frenzied', 'rabid', 'raging', 'berserk']","Μη με βάζετε, βρε παιδιά, να τα ρίχνω τα ρημάδια γιατί καμιά φορά βγαίνουν αληθινά κι έχω τύψεις... Έρχεται, που λέτε, ένας Νταβίκος μανιασμένος σαν ταύρος.",0.65,re
EL2149,μανιασμένος,VERB,0.54,Behavioral_Trait,"κατέχoµενος από βίαιη οργή ή ακάθεκτη ένταση (πρβλ. «μάνια»), ιδίως για ζώο ή φυσικό φαινόμενο",raging : acting with extreme fury or violence,"['μανιασμένος', 'λυσσασμένος', 'αγριεμένος']","['raging', 'frenzied', 'rampaging']",Ήταν ένας πεντακάθαρος μανιασμένος βοριάς.,0.07,re
EL405,μαρτυριάρης,ADJ,0.25,Person,πρόσωπο που αποκαλύπτει μυστικά ή πληροφορίες που του εμπιστεύτηκαν,tattletale who reveals secrets,"['κάρφας', 'ρουφιάνος', 'καρφί', 'κουτσομπόλης']","['snitch', 'tattletale', 'blabbermouth', 'tell-tale']","Ο Ντίνος που ήταν πάντα μαρτυριάρης, έτρεχε και το 'λεγε στη μαμά, κι εκείνη κουνούσε το κεφάλι της με θλίψη κι έλεγε πως δεν καταλαβαίνει πώς ήταν δυνατόν να βγει απ' τη δική της την κοιλιά τόσο σκληρό κορίτσι.",0.54,ddp
EL2399,μαρτύριο,NOUN,0.46,State,παρατεταμένη σωματική ή ψυχική οδύνη που βιώνεται ως βασανισμός,prolonged physical or mental torment,"['βασανιστήριο', 'ταλαιπωρία', 'οδύνη', 'κακουχία']","['torment', 'ordeal', 'agony', 'torture']",Τα ψυχικά και σωματικά μαρτύρια που είχε τραβήξει μες στη φυλακή είχαν κλονίσει την υγεία του.,0.48,re
EL2399,μαρτύριο,NOUN,0.46,Event,"σκόπιμος βασανισμός που προκαλεί έντονο σωματικό ή ψυχικό πόνο, ιστορικά έως θανάτου (λ.χ. θρησκευτικοί διωγμοί)",torture : deliberate infliction of severe suffering,"['βασανισμός', 'πάθη', 'κολαστήριο']","['torture', 'ordeal', 'martyrdom']",Yπέφερε και το μαρτύριο γινόταν πιο έντονο όταν του ζήτησε να αλείψει με λάδι την πλάτη της.,0.36,re
EL1314,μασονία,NOUN,0.62,State,"μυστική αδελφότητα με τελετές, ιεραρχία και αλληλοϋποστήριξη των μελών",secret brotherhood known as Freemasonry,"['τεκτονισμός', 'μυστική στοά', 'μυητική αδελφότητα']","['Freemasonry', 'Masonic order', 'secret lodge']","Σεραφείμ Πειραιώς, ''Τεκτονισμός, Μασονία- Η αποκρυφιστική και παγανιστική λατρεία του Εωσφόρου''.",0.22,cds
EL1313,μασόνος,ADJ,0.59,Person,μέλος της μυστικής αδελφότητας των τεκτόνων,member of the Freemasons,"['τέκτονας', 'αδελφός', 'μυημένος', 'μέλος στοάς']","['freemason', 'mason', 'brother', 'lodge member']","username username username Παναιρετικός, οικουμενιστής, μασόνος, πρόδομος του Αντιχρίστου. Μια έρευνα στο διαδίκτυο των πεπραγμένων του θα σας διαφωτίσει.",0.82,cds
EL1313,μασόνος,ADJ,0.59,Person,"συλλεκτικός χαρακτηρισμός για άτομο που θεωρείται προδότης, πράκτορας ή μέλος σκοτεινής συνωμοσίας",mason (slur) : person branded as conspirator,"['καρτέλας', 'πράκτορας', 'ανθέλληνας']","['mason (pejor.)', 'secret-society shill']",Μασόνος και ανθέλληνας,0.8,cds
EL1230,μαστροπεία,NOUN,0.84,Repetitive_Action,"οργανωμένη, διαρκής εκμετάλλευση προσώπων στην πορνεία από εγκληματική ομάδα· κύκλωμα",habitual procuring of prostitutes for profit,"['νταβατζιλίκι', 'κύκλωμα', 'εμπορία σεξ', 'διακίνηση πορνείας']","['pimping', 'procuring', 'sex trafficking', 'pandering']",Σοκάρει η κατάθεση που «καίει» το κύκλωμα μαστροπείας: Με ανάγκαζαν να πηγαίνω με πολλούς πελάτες και απέβαλα,0.67,cds
EL323,μαστροπός,NOUN,0.82,Person,άτομο που κερδίζει χρήμα κανονίζοντας ή εξαναγκάζοντας άλλους να εκδίδονται,pimp who profits from prostitution,"['νταβατζής', 'προαγωγός', 'εκμεταλλευτής', 'προστάτης']","['pimp', 'procurer', 'sex trafficker', 'exploiter']",Το «μπορντέλο της κόλασης». Οι τρομερές γυναίκες μαστροποί που σκότωναν τις ιερόδουλες όταν αρρώσταιναν. Η...,0.49,cds
EL565,ματαιοδοξία,NOUN,0.34,Behavioral_Trait,υπερβολική ανάγκη για θαυμασμό και προβολή,excessive vanity,"['έπαρση', 'κομπορρημοσύνη', 'φιλαρέσκεια', 'αλαζονεία']","['vanity', 'conceit', 'vainglory', 'self-admiration']","Χτυπούσε το φύλλο του με πείσμα για να με διώξει, είχε πειραχτεί η ανδρική του ματαιοδοξία.",0.6,cds
EL1331,ματαιοπονία,NOUN,0.57,Repetitive_Action,κόπος και χρόνος που ξοδεύονται σε ενέργεια χωρίς αποτέλεσμα,"vain, futile effort","['μάταιος κόπος', 'ατελέσφορη προσπάθεια', 'χαμένος κόπος', 'κουραστικό τίποτα']","['futile effort', 'fruitless toil', 'wasted labor', 'vain attempt']",(Να και η ματαιοπονία!).,0.36,svp
EL1332,ματαιότητα,NOUN,0.31,State,κατάσταση στοχασμού ότι όλα είναι ανούσια και χωρίς σκοπό,state of futility or pointlessness,"['κενότητα', 'ασημαντότητα', 'ανουσιότητα', 'ματαιοπονία']","['futility', 'emptiness', 'pointlessness', 'vanity']","Ματαιωσεις, ματαιοτητες και ματαιοπονίες! ΚουκουΒικοι που πιστευουν οτι καλιγωσαν τον ψυλλο, οι γατοι με τα πεταλα!",0.73,svp
EL572,ματαιοφροσύνη,NOUN,0.33,Behavioral_Trait,έμφαση σε κενό εγωισμό και επίδειξη για ασήμαντα επιτεύγματα,"empty pride, vainglory","['ματαιοδοξία', 'κομπασμός', 'έπαρση', 'αλαζονεία']","['vainglory', 'vanity', 'conceit', 'bragging']","""..Ύφος μακαρονίστικο, μεγάλη εκζήτηση και ματαιοφροσύνη. Παιχνίδια λέξεων, στόμφος και προσποίηση."" , Αλσέστ.",,svp
EL1948,μαύρος,ADJ,0.33,Person,ρατσιστική αναφορά σε άτομο αφρικανικής καταγωγής,racist label for a person of African descent,"['αράπης', 'νέγρος', 'μαυρούκος', 'ζούγκλας']","['negro', 'darkie', 'blackie', 'black']",username username username username Για να δηλώνεις δεξιός το 2022 και να πιστεύεις πως η ΕΔ είναι αντιπολίτευση της ΝΔ μάλλον δεν ξεπερνάς το iq ενός μέσου Αφρικανού μαύρου εύζωνα.,0.82,ps
EL1948,μαύρος,ADJ,0.33,Behavioral_Trait,"Μεταφορικός χαρακτηρισμός δυστυχισμένης, σκληρής ζωής ή κακοτυχίας που βιώνει κάποιος",wretched (living in or characterized by misery),"['δυστυχισμένος', 'αθλιός', 'καημένος']","['wretched', 'miserable']",Δεν παραλείπει ευκαιρία να με συγχύσει και να μου κάνει τη ζωή μαύρη.,0.47,ps
EL1948,μαύρος,ADJ,0.33,Object,"Χρήματα που αποκτώνται ή διακινούνται παράνομα, χωρίς καταγραφή στη φορολογική αρχή",black money (funds obtained through illicit means and not declared),"['βρώμικο χρήμα', 'αδήλωτα κεφάλαια']","['black money', 'illegal funds']","Τώρα, αν αυτό ήταν μίζα ή κάτι άλλο, δεν το ξέρω, αλλά κάπου θα βρούμε την άκρη, είτε εμείς είτε η Αρχή για το ξέπλυμα μαύρου χρήματος».",0.72,ps
EL1948,μαύρος,ADJ,0.33,Object,"Λαϊκός όρος για κάνναβη ή χασίς, που χρησιμοποιείται ως ναρκωτική ουσία",grass (slang for cannabis),"['μπάφος', 'φούντα']","['grass', 'pot', 'weed']",,,ps
EL1772,μαφία,NOUN,0.69,Object,"οργανωμένη εγκληματική ένωση με ιεραρχία, κώδικα σιωπής και βασική δραστηριότητα τον εκβιασμό, την προστασία και παράνομα δίκτυα εμπορίου",organized crime syndicate,"['συμμορία', 'οργανωμένο έγκλημα', 'σπείρα', 'υπόκοσμος']","['mafia', 'mob', 'crime syndicate', 'gang']",Και η άκρη που βρήκε τον οδήγησε στη μαφία.,0.49,cds
EL1772,μαφία,NOUN,0.69,Object,κλειστό δίκτυο προσώπων που εκμεταλλεύεται θεσμούς ή πόρους με αδιαφανή μέσα,shadow clique : corrupt inner circle,"['παραμάγαζο', 'κλίκα', 'παρακράτος']","['cabal', 'old-boy network']","Πάντως δεν την είδε σαν λάφυρο και τσιφλίκι του πατέρα του, όπως την βλέπει το καθεστώς Μητσοτάκη, δηλαδή η μαφία που εσείς ψηφίσατε!",0.62,cds
EL519,μαφιόζος,NOUN,0.89,Person,μέλος ή συνεργός οργανωμένης εγκληματικής ομάδας που ασκεί βία,"member of the mafia, mobster","['γκάνγκστερ', 'νονός', 'κακοποιός', 'μπράβος']","['mafioso', 'mobster', 'gangster', 'crime boss']","Μπορεί να την πάρουν μακριά.» «Δεν θα την πάρει κανείς.» Και όσο ο απόστρατος μαφιόζος του Ραμόν άρχισε να καταστρώνει τα σχέδιά του, ο Άγγελος, από το άλλο στρατόπεδο, προσπαθούσε να κρύψει καλά τη Μυρτώ για να μην τη βρουν.",0.5,cds
EL519,μαφιόζος,NOUN,0.89,Person,"άτομο που δρα εκβιαστικά, χρησιμοποιώντας διασυνδέσεις και απειλές, χωρίς να ανήκει κατ’ ανάγκη σε εγκληματική ομάδα",racketeer : bully using underworld methods,"['μπράβος', 'τραμπούκος', 'νταβατζής'","['racketeer', 'enforcer']",username εμένα εδώ κ καιρό.......ο μαφιόζος που το παίζει δημοσιογράφος..,0.6,cds
EL2260,μεγαλορρήμονας,ADJ,0.43,Person,άτομο που μιλά με πομπώδη λόγια και υπερβολές για να εντυπωσιάσει,"grandiloquent, bombastic person","['φανφαρόνος', 'κομπαστής', 'υπερφίαλος', 'πομπώδης']","['blowhard', 'windbag', 'big-talker', 'bombastic speaker']",Τα μεγάλα λόγια και οι καυχησιολογίες είναι ίδιον των πολιτευτών οι οποίοι βρίσκονται στο προσκήνιο τον τελευταίο καιρό. Μεγαλορρήμονας προσωπικά δεν εύχομαι να γίνω...#Πνευματικος #υγεία#εξετασεις,,qas
EL728,μεθώ,VERB,0.16,Event,ενέργεια κατά την οποία κάποιος καταναλώνει πολύ αλκοόλ και χάνει τον έλεγχο των πράξεών του,act of drinking excessive alcohol and losing control,"['τα πίνω', 'αλκοολίζομαι', 'ξεφαντώνω']","['get drunk', 'intoxicate', 'booze up']","ποιός ξερνά; RT username ο σκοτεινός μου εαυτός πίνει, ο φωτεινός μεθά",0.39,qas
EL728,μεθώ,VERB,0.16,Event,"σε κατάσταση που επικρατεί έντονη χαρά, συγκίνηση ή ενθουσιασμό που θαμπώνει την κρίση",be elated : feel intoxicated by strong positive emotion,"['συνεπαίρνομαι', 'εκστασιάζομαι']","['be elated', 'be intoxicated (fig.)']",Καμιά φορά όταν στα μάτια σε κοιτώ. Μέσα τους χάνομαι και νιώθω πως μεθώ…#Pagidevmenoi,,qas
EL2097,μελοδραματικός,ADJ,0.43,Person,άτομο που αντιδρά υπερβολικά και φορτισμένα συναισθηματικά ώστε να προκαλέσει συγκίνηση,"person who overreacts in an excessively emotional, theatrical way","['δραματικός', 'θεατράλε', 'υπερσυναισθηματικός']","['melodramatic', 'overemotional', 'histrionic']","Σ. Καρύδη: ''Μου αρέσει να είμαι υπερβολική, μελοδραματική στα ερωτικά μου!'': GirlsVoices",0.34,qas
EL2097,μελοδραματικός,ADJ,0.43,Behavioral_Trait,έργο ή ύφος που επιδιώκει συγκίνηση με υπερβολή και δακρύβρεχτες κορυφώσεις,melodramatic (of style) : overly sentimental and theatrical,"['δακρύβρεχτος', 'υπερσυναισθηματικός']","['melodramatic', 'histrionic']",Γραμμή «η αντιπολίτευση αρνείται πως απειλήθηκε ο Τζανακόπουλος» βασισμένη πάνω στο διαδικτυακό δούλεμα για το μελοδραματικό τουιτ του.,,qas
EL2297,μεσαιωνικός,ADJ,0.49,Person,"χαρακτηρισμός για άτομο ή ιδέα που θεωρείται παρωχημένη, αυταρχική και σκοταδιστική","person or idea regarded as outdated, authoritarian and obscurantist","['οπισθοδρομικός', 'σκοταδιστικός', 'παρωχημένος', 'αναχρονιστικός']","['backward', 'reactionary', 'outdated', 'medieval-minded']","""Zoύμε σε μια εποχή που αν κάνεις τον Σταυρό σου είσαι ταλιμπάν και μεσαιωνικός, ενώ αν πιστεύεις σε μπλε κρυστάλλους, αστρολόγους και σκόνες επαναφοράς είσαι προοδευτικός και trendy. Αν κάνεις το Πάσχα νηστεία τότε είσαι παλαιολιθικός, ενώ αν είσαι vegan, ωμοφάγος, χορτοφάγος",,qas
EL2297,μεσαιωνικός,ADJ,0.49,Behavioral_Trait,"για ιδέα ή πρακτική που κρίνεται σκοταδιστική, βίαιη ή οπισθοδρομική","medieval (fig.) : backward, obscurantist","['σκοταδιστικός', 'οπισθοδρομικός', 'βαρβαρικός']","['medieval (fig.)', 'backward']","username Το ότι κάποιοι λαοί δεν πέρασαν αναγέννηση και διαφωτισμό, δε σημαίνει ότι οι υπόλοιποι πρέπει να γυρίσουν στο μεσαίωνα, έστω και αν επικαλουνται τη Σαρια μια επικάλυψη μεσαιωνικου δικαίου και νομών.",0.6,qas
EL1980,μηδαμινότητα,NOUN,0.43,State,κατάσταση ελάχιστης αξίας ή σημασίας που δεν επηρεάζει ουσιαστικά τα πράγματα,condition of being negligible or insignificant,"['ασημαντότητα', 'ελαχιστότητα', 'μηδαμινό μέγεθος']","['triviality', 'insignificance', 'negligibility']","Μ αρέσει αυτός ο ετεροχρονισμένος σχολιασμός απόψε. Σαφέστατη αναφορά στην ματαιότητα της ύπαρξης ενός τουϊτερά, στην μηδαμινότητα ενός τουϊ μέσα στο ταξίδι του χωροχρόνου...#MasterChefGR",,asf
EL1839,μηχανορράφος,ADJ,0.64,Person,άτομο που σχεδιάζει κρυφά και περίπλοκα κόλπα για να ωφεληθεί ή να βλάψει άλλους,person who secretly devises intricate plots for personal gain or to harm others,"['συνωμότης', 'δολοπλόκος', 'ραδιούργος', 'ιντριγκαδόρος']","['plotter', 'schemer', 'intriguer', 'manipulator']",Το είπε και η Τζο. Μεγάλος μηχανορράφος. #survivorGR,,cds
EL1658,μηχανορραφώ,VERB,0.48,Event,σχεδιάζω μυστικά και περίπλοκα σχέδια για να εξασφαλίσω ίδιον όφελος ή να υπονομεύσω άλλους,to plot secretly and intricately for personal gain or to undermine others,"['δολοπλοκώ', 'ραδιουργώ', 'συνωμοτώ']","['plot', 'scheme', 'connive', 'intrigue']",παμε ... κουραστηκα να μηχανοραφω εναντιων της νυφης μου :P ,,cds
EL1658,μηχανορραφώ,VERB,0.48,Repetitive_Action,"σκαρώνω επανειλημμένα δόλια σχέδια εναντίον κάποιου, κινούμενος με μυστικότητα","to plot : to devise secret, under-handed schemes","['δολοπλοκώ', 'ραδιουργώ', 'συνωμοτώ']","['plot', 'connive', 'scheme']","Οσο κοιμαστε αγαπητοι φολοερς,εγω μηχανοραφω για να κατακτησουμε το κοσμο  #itsadirtyjobbutsomebodysgottodoit",,cds
EL1877,μιγάδα,NOUN,0.28,Person,"ρατσιστικός χαρακτηρισμός που στοχοποιεί γυναίκα μικτής φυλής, υπαινισσόμενος κατωτερότητα ή «καθαρό» αίμα","woman of mixed racial or ethnic origin, often used pejoratively","['μίξη', 'αράπισσα', 'αφροελληνίδα', 'μισοαίματη']","['mixed-race woman', 'half-breed', 'mulatto (female)', 'half-blood']","Ας πει κάποιος στην αμοιβάδα ότι η συγκεκριμένη είναι αφρικανή ( μιγάδα ναι, αλλά το γένος το δίνει ο πατέρας).  Χυλός ο εγκέφαλος του απ'τα εμβόλια κι όχι μόνο....!",,ps
EL438,μιγάς,nan,0.49,Person,"άνδρας με γονείς από διαφορετικές φυλετικές ή εθνοτικές ομάδες, συχνά με απαξιωτική χροιά","man of mixed racial or ethnic origin, often used derogatorily","['μίξας', 'μικτής καταγωγής', 'ημίαιμος']","['mixed-race man', 'half-breed', 'mulatto', 'half-blood']","Στα @@@ μας αλλά τώρα δεν Έλληνας μιγάς, τώρα είναι μόνο μαύρος;",,cds
EL1542,μίζερος,ADJ,0.66,Person,"άτομο που μόνιμα γκρινιάζει, δείχνει κακομοιριά και συχνά τσιγκουνιά","person constantly complaining, mean-spirited and often stingy","['κακομοίρης', 'μουντρούχος', 'γρουσούζης', 'τσιγκούνης']","['miserable', 'petty', 'gloomy', 'stingy']",Γιατί έχετε γίνει τόσο μίζεροι και κακοί,0.69,an
EL1542,μίζερος,ADJ,0.66,Behavioral_Trait,"οντότητα που ζει ή εκφράζεται με κακομοιριά, μικροπρέπεια και συνεχή γκρίνια, δυσκολευόμενος να χαρεί.",miserable / petty-minded : chronically complaining and joyless,"['κακομοίρης', 'γκρινιάρης', 'κατσούφης']","['miserable', 'petty', 'whiny']","username Αν δεν ξοδεύανε, οι καιροί θα ήταν χαλεπεστεροι και η γειτονοπούλα θα περίμενε το μίζερο δελτίο από το κρατος-πατερούλη. Ο κάθε Μητσοτακης δε θα είχε ούτε με την ψιλή να δώσει. Το κόστος του καπιταλισμού είναι η ανισότητα που χτυπάει στην ανθρώπινη αμαρτία του φθόνου.",0.67,an
EL1884,μικρόβιο,NOUN,0.23,Object,"παθογόνος μικροοργανισμός που προκαλεί ασθένεια σε ανθρώπους, ζώα ή φυτά.",germ : disease-causing micro-organism,"['βακτήριο', 'μικροοργανισμός']","['germ', 'microbe']","username Μου θυμίζεις ότι όλοι έχουμε καρκινικά κύτταρα,ναι σε μερικούς δυστυχώς ενεργοποιούνται. Κ όπως το λες παίζει,έχεις το μικρόβιο του καριολη κ στο βγάζουν.",0.84,an
EL1884,μικρόβιο,NOUN,0.23,Person,"υποτιμητικός χαρακτηρισμός για ενοχλητικό ή ύπουλο άτομο, «σκουλήκι».",germ (slur) : contemptible person,"['σκουλήκι', 'βδέλλα']","['germ', 'pest']",Δεν είναι παθογόνο μικρόβιο ο Κυριάκος.;;Τι να φοβηθούμε δηλαδή..;;,,an
EL1884,μικρόβιο,NOUN,0.23,Behavioral_Trait,έντονη έμφυτη επιθυμία ή πάθος για μια δραστηριότητα,bug (fig.) : consuming passion,"['ψώνιο', 'κόλλημα']","['bug', 'itch']",Σερβος δειχνει στο παιδι του στιγμες απτην κερκιδα στο ΟΑΚΑ για να του κολλήσει το μικρόβιο #OlympiacosFC,,an
EL1930,μικροκλέφτης,NOUN,0.41,Person,"άτομο που αφαιρεί αντικείμενα μικρής αξίας, συχνά επανειλημμένα","person who steals low-value items, often repeatedly","['πορτοφολάς', 'κλεφτράκος', 'τσιμπίτης', 'ψιλικατζής']","['petty thief', 'pickpocket', 'pilferer', 'shoplifter']",Όταν είσαι μικροκλέφτης είσαι εγκληματίας'  όταν είσαι μεγαλοκλέφτης είσαι τραπεζίτης;,,cds
EL1438,μικροκλοπή,NOUN,0.31,Event,παράνομη αφαίρεση αντικειμένων μικρής χρηματικής αξίας,illegal taking of low-value items,"['ψιλοκλοπή', 'κλεψιά μικρού ποσού', 'μικροαρπαγή']","['petty theft', 'shoplifting', 'pilfering']","Έχει γεμίσει η Ελλάδα απο Βαλκάνιους Ρομά, κυρίως Αλβανούς. Οι δικοί μας δεν είναι Ρομά, είναι γύφτοι κι είναι καλά παιδιά. Καμια μπαλωθιά, καμια μικροκλοπή κτλ. Ούτε ληστείες, ούτε φόνους.",0.85,re
EL2111,μικρολόγος,ADJ,0.21,Person,"άτομο που ασχολείται σχολαστικά με ασήμαντες λεπτομέρειες, αγνοώντας την ουσία και γκρινιάζει για μικροέξοδα· μεταφέρεται και σε κάποιον αδικαιολόγητα τσιγκούνη ή πεισματάρη στις αντιρρήσεις ","person overly focused on trivial details, ignoring the essence","['ψειρίστρια', 'μικροπρεπής', 'κακολογητής', 'τσιγκούνης']","['nitpicker', 'pedant', 'hair-splitter', 'quibbler']","Οπότε, αν νομίζεις ότι το χαρτί πρέπει να γίνει αποδεκτό με μικρές αναθεωρήσεις, τότε θα πρέπει μάλλον να γίνεις όσο το δυνατόν πιο μικρολόγος και σχολαστικός, γιατί δεν θα το ξαναδείς πριν από τη δημοσίευση, οπότε πρέπει να γνωρίζουν τα πάντα για να διορθώσουν πριν από τη δημοσίευση.",,dmc
EL170,μικρόνους,ADJ,0.56,Person,"άτομο με περιορισμένη αντίληψη και ευφυΐα, εύκολα παραπλανήσιμο","person of limited intellect and understanding, easily misled","['χαζός', 'μικρόμυαλος', 'ανόητος', 'λίγος']","['simpleton', 'dim-witted', 'fool', 'small-minded']",Για άλλη μια φορά ο μικρονους σαλτιμπαγκος στην προσπάθεια του να μπερδέψει την πολιτική με την προσωπική επίθεση τα κάνει αχταρμα. Ας του πει κάποιος πως το σχόλιο της κ.Ακριτα ήταν καθαρά πολιτικό  αν δεν το ξέρει.,,asf
EL439,μιξογενής,ADJ,nan,Person,"άτομο που κατάγεται από διαφορετικές φυλές ή εθνοτικές ομάδες, όρος συχνά υποτιμητικός","person of mixed racial or ethnic origin, often pejorative","['μιγάς', 'μιξ', 'μισοαίματος', 'διπλής ρίζας']","['mixed-blood', 'half-breed', 'hybrid', 'crossbreed']","Ο Δημιουργός Ιεχωβά Θεός είχε ως σκοπόν του να είναι η ανθρώπινη φυλή καθαρά ανθρώπινη, όχι μια μιξογενής φυλή μέσω ανίσου συζεύξεως αγγέλων και γυναικών.",,cds
EL369,μισαλλόδοξος,ADJ,0.46,Person,άτομο που αρνείται να αποδεχτεί διαφορετικές πεποιθήσεις ή τρόπους ζωής και εκδηλώνει εχθρότητα,person who refuses to accept different beliefs or lifestyles and shows hostility,"['φανατικός', 'ρατσιστής', 'δογματικός', 'ακροδεξιός']","['intolerant', 'bigoted', 'narrow-minded', 'fanatical']",Είσαι αντίθετος με την εκχώρηση της Μακεδονίας; Τότε είσαι «μισαλλόδοξος» &amp; «ρατσιστής» σύμφωνα με το υπ. Παιδείας,0.69,svp
EL1921,μογγολάκι,NOUN,0.49,Person,υποτιμητικός όρος για παιδί με σύνδρομο Down ή νοητική αναπηρία,derogatory term for a child with Down syndrome or intellectual disability,"['μογγολάκος', 'χαζούλης', 'καθυστερημένο']","['mongoloid kid', 'retarded child', 'slow kid', 'disabled child (slur)']",username Έκανε η μιγα κωλο κ´εκλασε τον κόσμο όλο. Το μογγολάκι τα λάθος χάπια πίνει.,0.73,ps
EL1728,μογγόλος,ADJ,0.25,Person,"υποτιμητικός όρος για άτομο με σύνδρομο Down ή, γενικότερα, για κάποιον που θεωρείται χαμηλής νοημοσύνης",derogatory term for a person with Down syndrome or someone deemed unintelligent,"['καθυστερημένος', 'χαζός', 'μυαλό-κότας']","['mongoloid', 'retard', 'idiot', 'moron']",Εσυ ψηφίζεις κιόλας ετσι ούτε τους νόμους δεν γνωρίζεις ρε μογγολε κανεις και σχόλια από πάνω μογγολε ε μογγολε,,ps
EL1728,μογγόλος,ADJ,0.26,Person,"Άνδρας ή (κατ’ επέκταση) οποιοσδήποτε αντίπαλος που χαρακτηρίζεται ως απόγονος των ιστορικών Μογγόλων· υβριστικά, κυρίως προς Τούρκους ή «ξένους βάρβαρους»• δηλώνει περιφρόνηση και εχθρότητα στον δημόσιο λόγο ή στα social media.",Mongol (ethnic slur): offensive term for Turks or perceived “eastern barbarians”,"['Μογγολάρας', 'Τουρκομογγόλος', 'βάρβαρος']","['Mongol', 'barbarian']",Την Κυριακή πρέπει να γεμίσουμε το γήπεδο με σημαίες. Ούτε 5 λεπτά δεν θα αντέξει ο μογγολος γκρίζος λύκος. #OlympiacosBC,,ps
EL2211,μοιχαλίδα,NOUN,0.72,Person,"γυναίκα που έχει σεξουαλικές σχέσεις με άλλον εκτός του γάμου της, όρος φορτισμένος ηθικά",woman having sexual relations outside her marriage; morally charged term,"['άπιστη', 'παράνομη', 'μοιχεύτρα', 'παραστρατημένη']","['adulteress', 'cheating wife', 'faithless woman', 'strumpet']",Ιρανική δημοκρατία της Ελλάδας- Διαπόμπευση «μοιχαλίδας» σε χωριό της Ευβοιας,0.63,pr
EL192,μουλάρι,NOUN,0.33,Person,"άτομο υπερβολικά πεισματάρικο, που αρνείται να αλλάξει γνώμη ή στάση, παρομοιαζόμενο με την ανυποχώρητη φύση του ζώου.",stubborn person : obstinate like a mule,"['πεισματάρης', 'αγύριστο κεφάλι']","['stubborn mule', 'obstinate person']",Ε ρε μουλάρια...ούτε σε έναν δεν άρεσε..!!?,0.56,an
EL192,μουλάρι,NOUN,0.33,Person,άτομο που μεταφέρει παράνομα ναρκωτικά ή άλλο λαθραίο φορτίο για λογαριασμό κυκλωμάτων,drug mule : courier who smuggles contraband,"['βαποράκι', 'μεταφορέας ναρκωτικών']","['drug mule', 'courier']","[NewsIt]: Τα 150 ελληνικά ""μουλάρια του χρήματος"" - Η εμπλοκή ακόμα και τζιχαντιστών",0.76,an
EL979,μουνάκι,NOUN,0.93,Object,γυναικείο γεννητικό όργανο σε χυδαία μειωτική μορφή,vulgar diminutive for female genitals,"['μουνί', 'αιδοίο', 'πουτί', 'φασούνι']","['pussy', 'cunt', 'vulva', 'fanny']",Η καλύτερη ώρα να γλείψεις μουνακι. Κι αν είσαι τυχερός λίγο πιο πριν να έχει τρέξει να προλάβει το λεωφορείο.,,asf
EL979,μουνάκι,NOUN,0.93,Person,υποτιμητικός χαρακτηρισμός για ελκυστική νεαρή γυναίκα που αντιμετωπίζεται ως σεξουαλικό αντικείμενο,"demeaning term for an attractive young woman, treated as mere sex object","['κορασίδα', 'τσουλί', 'κοριτσάκι']","['chick', 'babe', 'little girl', 'hottie']",username username username Ορεο το μουνακι σου για γλυψιμο,0.88,asf
EL979,μουνάκι,NOUN,0.93,Person,υποτιμητικός χαρακτηρισμός για άνδρα που θεωρείται δειλός/ανάξιος,“little pussy” : derogatory for coward,"['σκουπίδι', 'κότα']",['coward'],"ΟΧΙ...μουνάκια δεν εχω όφελος απο εσάς αλλιώς.... (#28ηΟκτωβριου ,#Μεταξάς)",0.95,asf
EL978,μουνί,NOUN,0.92,Object,χυδαίος όρος για το γυναικείο γεννητικό σύστημα,crude word for female genitals,['αιδοίο'],"['cunt', 'pussy', 'vulva', 'fanny']","username Γιατί ΤΟ ΜΟΥΝΙ ΤΗΣ ΜΑΝΑΣ ΤΟΥΣ για δεξιά γίδια, γι'αυτό.",0.98,asf
EL978,μουνί,NOUN,0.92,Person,υβριστικός χαρακτηρισμός για άτομο που θεωρείται δειλό ή αντιπαθητικό,insulting term for a cowardly or obnoxious person,"['κότα', 'κλαψιάρης', 'μαμούχαλος', 'δειλός']","['coward', 'jerk', 'wimp', 'loser']","Κείμενο της Φούρκας: «Αλληλεγγύη στην αδελφή μας &amp; σε κάθε τρανς γυναίκα,σεξεργάτρια ή μη,που έρχεται καθημερινά αντιμέτωπη με την τρανσφοβία,τον σεξισμό &amp; την πατριαρχία.ΓΥΝΑΙΚΕΣ ΜΕ ΑΡΧΙΔΙΑ &amp; ΑΝΤΡΕΣ ΜΕ ΜΟΥΝΙΑ, ΤΟΝ ΣΕΞΙΣΜΟ ΤΣΑΚΙΖΟΥΜΕ ΣΕ ΚΑΘΕ ΕΚΚΛΗΣΙΑ.Θα τα ξαναπούμε,ΚΑΛΟ ΠΑΣΧΑ.»",0.74,asf
EL978,μουνί,NOUN,0.92,Person,περιφρονητική προσφώνηση για γυναίκα ως αντικείμενο πόθου,pussy (slander) : woman objectified,['τσουλί'],['pussy (slur)'],Τι μουνι ειναι η αντιστοιχη Δωρα Παντελη της τουρκικης τηλεορασης ρε μαλακες μου;! #paobc #OlympiacosΒC,,asf
EL2045,μουρντάρης,NOUN,0.66,Person,"άνδρας λάγνος, κυνηγός πολλών γυναικών",womanizer : man who pursues many women,"['γυναικάς', 'μπερμπάντης', 'ερωτιάρης']","['womanizer', 'philanderer']","username username Τί Κον? Μήπως δε σε ξέρω τί ερωτιάρης &amp; μουρντάρης άντρας είσαι? Ν' αφήσω τη μικρή, μόλις 19 ΕΤΏΝ, αζεφούλα μου στα νύχια σου, γύπα?? ????????????????????????????????????????????????",0.71,an
EL2045,μουρντάρης,NOUN,0.66,Person,"λαϊκό επίθετο για βρομερό, ακάθαρτο άτομο",filthy fellow,"['βρομιάρης', 'λετσοκακομοίρης']","['filthy guy', 'dirty fellow']",Χώρισε η Μερόπη με τον Περικλή και τον έδιωξε από το σπίτι γιατί ήτανε μουρντάρης,,an
EL997,μπαγαποντιά,NOUN,0.61,Event,πονηρή ή ανέντιμη ενέργεια που αποσκοπεί σε όφελος,cunning or dishonest act aimed at gain,"['κομπίνα', 'απάτη', 'φεσάρισμα', 'λαμογιά']","['swindle', 'trick', 'scam', 'rip-off']",Όταν πας κουβά για Νιοστή φορά γιατί σε κατατρέχει η μπαγαμποντιά στο Μακελειό. #poweroflovegr,,cds
EL2106,μπαλώνω,VERB,0.07,Event,"προσπαθώ πρόχειρα να καλύψω λάθος, ζημιά ή ψέμα για να μη φανεί",cover up : patch over a fault,"['κουκουλώνω', 'δικαιολογώ', 'σώζω τα προσχήματα']","['cover up', 'paper over']",Κάποιοι σκίζουν τα ρούχα τους εδω μέσα και κάποιοι τα μπαλωνουν!! Άντε να βγάλεις άκρη τώρα!! ????????????????????,0.41,qas
EL2071,μπουκώνω,VERB,0.31,Event,"γεμίζω υπερβολικά στόμα, μύτη ή μηχανή, προκαλώντας βούλωμα ή πνιγμό",stuff so much that mouth or mechanism gets clogged,"['φουσκώνω', 'παραγεμίζω', 'πνίγω', 'βυθίζω']","['stuff', 'gorge', 'clog', 'jam']","Αυτο που μπουκώνει μία το ένα ρουθούνι μία το άλλο, παλεύεις με τα χαρτομάντιλα και δε βγαίνει ίχνος μύξας ΕΙΝΑΙ ΓΙΑ ΤΟ ΠΟΥΤΣΟ",0.84,cds
EL2071,μπουκώνω,VERB,0.31,Event,(σεξουαλικό) ερεθίζω ή ικανοποιώ στοματικά γεμίζοντας στόμα ή άλλη κοιλότητα,oral-sex slang : mouth-fill stimulation,"['τσιμπουκώνω', 'πιπώνω']","['deep-throat (vulg.)', 'blow']",Να σε μπουκώνω μέρα νυχτα,,cds
EL225,μπουρδέλο,NOUN,0.79,Object,οίκος ανοχής όπου παρέχονται σεξουαλικές υπηρεσίες επί πληρωμή,brothel providing sexual services for money,"['οίκος ανοχής', 'σπίτι', 'ροζ σαλόνι', 'χαμαιτυπείο']","['brothel', 'whorehouse', 'bordello', 'house of pleasure']","Μα καλά, εκεί στο χωριό σου δεν έχετε μπουρδέλο; Δεν υπήρχε καμιά χήρα να βολέψεις την κατάσταση;» «Δεν υπήρχε.» «Τέλος πάντων.",0.62,cds
EL225,μπουρδέλο,NOUN,0.79,State,κατάσταση απόλυτης ακαταστασίας ή σύγχυσης,state of total mess or chaos,"['χαός', 'ακαταστασία', 'κομφούζιο', 'μπάχαλο']","['mess', 'chaos', 'shambles', 'mayhem']",Παντως το οτι εύχεστε σε εναν τίποτενιο μαλάκα δείχνει πόσο γλειφτες κ ψεύτες είστε κ πόσο θέλετε να κερδίσετε τις εντυπώσεις εδώ στο μπουρδελο το τουίτερ.Οταν τα ίδια άτομα τον θαβατε σε Ντιέμ.Ευτυχώς τα πιο πολλά κατακάθια σας εχω μπλόκ ????????????????????,0.95,cds
EL2359,μπουρέκι,NOUN,0.25,Person,άτομο που δέχεται παθητικά επιπλήξεις ή βία χωρίς να αντιδρά,person who stays meekly under reprimand or force,"['μαζεμένος', 'υποχωρητικός', 'κατσούφης']","['meek person', 'submissive', 'pushover']",Έφτιαξα πυροσκακια ενα μπουρεκι τωρα φτιάχνω κ ενα σπανακορυζο απο τα νεύρα,0.13,ddp
EL553,μπουρζουαζία,NOUN,0.57,Person,"κοινωνική τάξη οικονομικά εύρωστων ιδιοκτητών, συχνά με αρνητική πολιτική χροιά","wealth-owning social class, often with pejorative political tone","['αστική τάξη', 'καπιταλιστές', 'πλουτοκράτες', 'νοικοκυραίοι']","['bourgeoisie', 'capitalists', 'upper middle class', 'moneyed class']",η ΣαμαροΝΔΤ καμαρώνει από το πρωί μέχρι το βράδυ για τις τζάμπα σακούλες της μπουρζουαζίας στη Βαρβάκιο. Άντε να γίνουμε όλοι ζητιάνοι,0.63,qas
EL1032,μπούφος,NOUN,0.56,Person,"άνθρωπος αργόστροφος ή ανόητος, συχνά οκνός",slow-witted or foolish person,"['χαζός', 'κουτός', 'βλάκας', 'ανόητος']","['idiot', 'dumbhead', 'fool', 'dope']",Την Άννα μην την βλέπετε έτσι είναι πολύ ύπουλη ανακατωστρα! Άφησε και τον άλλον τον μπουφο να ανοιχτεί κι εκείνη διάλεξε τον Βασίλη #PowerofLoveGR,0.71,ps
EL1032,μπούφος,NOUN,0.56,Object,"Πυκνό τρίχωμα στα γυναικεία γεννητικά όργανα, ιδιαίτερα όταν προεξέχει",pubic bush : abundant female pubic hair,"['θάμνος', 'χνούδι']","['bush', 'pubic hair']",Ο αέρας σήκωσε την φούστα της και επειδή δεν φόραγε βρακί φάνηκε για λίγο ο μπούφος της.,,ps
EL2299,μπράβος,NOUN,0.72,Person,μισθοφόρος σωματοφύλακας που εκφοβίζει ή επιβάλλει με τη βία,hired bodyguard who intimidates or uses violence,"['πορτιέρης', 'νταής', 'φουσκωτός', 'τραμπούκος']","['enforcer', 'thug', 'bouncer', 'heavy']",username Σαν μπράβος επαρχιακού σκυλάδικου είναι.????????,0.73,cds
EL2327,μωρία,NOUN,0.49,State,κατάσταση ακραίας ανοησίας ή έλλειψης κρίσης,state of extreme foolishness or lack of judgment,"['βλακεία', 'ηλιθιότητα', 'ανοησία', 'αφροσύνη']","['folly', 'stupidity', 'idiocy', 'fatuity']",Η Μωρία των Ανοήτων,0.65,ddp
EL2184,μωρό,NOUN,0.15,Person,ενήλικο άτομο που συμπεριφέρεται ανώριμα ή παραπονιέται υπερβολικά,adult behaving immaturely or whining excessively,"['κακομαθημένος', 'κλαψιάρης', 'νιάνιαρο', 'παιδάκι']","['cry-baby', 'spoiled brat', 'whiner', 'baby']",Έμοιαζε μ' ένα μωρό που ξαναβρήκε το αγαπημένο του αρκουδάκι.,0.21,cds
EL2184,μωρό,NOUN,0.15,Person,"Χαϊδευτική προσφώνηση προς ερωτικό σύντροφο, συχνή στην ποπ κουλτούρα",baby,"['αγάπη μου', 'κούκλα μου']","['baby', 'darling']","Αλλ' αυτό δεν είναι αγάπη, μωρό μου.",0.21,cds
EL867,μωρολογώ,VERB,0.61,Repetitive_Action,μιλώ ακατάπαυστα λέγοντας ασυνάρτητες ή ανούσιες κουβέντες,babble incessantly saying incoherent or trivial talk,"['φλυαρώ', 'αερολογώ', 'παραληρώ']","['babble', 'prattle', 'ramble', 'gabble']","Το ίδιο και με τα δικά μου παιδιά, δεν τα καταλαβαίνω αν τα μωρολογώ με τρόπο που ταΐζει τα εγκεφάλια τους για να ξεράσουν αυτό που νομίζουν ότι θέλω να ακούσω.",,cds
EL1156,νάνος,NOUN,0.34,Person,"άνθρωπος με πολύ κοντό στο ανάστημα, όρος που χρησιμοποιείται υποτιμητικά για να υποβαθμίσει σωματικά ή συμβολικά κάποιον","person of very short stature, often used mockingly","['κοντός', 'λιλιπούτειος', 'πυγμαίος', 'μικρόσωμος']","['dwarf', 'midget', 'shorty', 'tiny person']","username Ξεκίνησαν έναν πόλεμο, χωρίς αιτία &amp; χωρίς να λάβουν υπόψη καμιά παράμετρο. Θλιβεροί πολιτικοί νάνοι.",0.67,an
EL768,ναρκισσισμός,NOUN,0.56,Behavioral_Trait,τάση υπέρμετρης αυτοθαυμασίας και εγωκεντρισμού,excessive self-admiration and egocentrism,"['αυτολατρεία', 'εγωπάθεια', 'αυτοθαυμασμός', 'αυταρέσκεια']","['narcissism', 'self-love', 'egotism', 'self-admiration']","username Ναι..ρε Σταματη..? Και..λοιπον ,εσενα ""τι"" σε ""κοφτει"",ποιους και γιατι αρεσκεται ν`ακουει ο κ.Μητσοτακης ? Μηπως το..παρακανεις-ως συνηθως- με την ""ιδεα"" που`χεις για τα τραγουδακια σου..? Ασε..που αυτο το ""δεν θελω""..φανερωνει ναρκισσισμο η οχι..?",0.55,cds
EL1935,ναρκισσιστής,NOUN,0.72,Person,άτομο με παθολογική προσκόλληση στον θαυμασμό του εαυτού του,person pathologically attached to self-admiration,"['εγωπαθής', 'αυτολάτρης', 'φιγουρατζής', 'φιλοτομαριστής']","['narcissist', 'egotist', 'self-centered person', 'show-off']","ΤΕΣΤ Προσωπικότητας: Κάνε το και Μάθε αν είσαι Ψυχοπαθής, Ναρκισσιστής, Και τα Δύο ή Τίποτα.",0.21,cds
EL1936,ναρκισσιστικός,ADJ,0.56,Behavioral_Trait,στάση που χαρακτηρίζεται από υπέρμετρη αγάπη προς τον εαυτό και ανάγκη θαυμασμού,marked by excessive self-love and need for admiration,"['εγωπαθής', 'αυτοθαυμαστικός', 'αυτοκεντρικός', 'φιγουρατζίδικος']","['narcissistic', 'self-absorbed', 'egotistic', 'vain']","username Εμένα δεν μου αρέσει, το βρίσκω αυτάρεσκο &amp; ναρκισσιστικό.",0.6,cds
EL1956,νέγρος,NOUN,0.52,Person,ρατσιστικός όρος για άτομο με καταγωγή από την Υποσαχάρια Αφρική ή είναι απόγονος Αφρικανών σκλάβων,racist slur for a person of sub-Saharan African descent,"['μαύρος', 'αράπης', 'κουρσάρος']","['negro', 'nigger', 'black', 'darkie']",«Οι νέγροι είναι σκλάβοι. Να πάνε στην Αφρική» (ΒΙΝΤΕΟ) Ισραηλινοί διαδηλωτές: Δεν θέλουμε πολυεθνικό Ισραήλ»,0.63,ps
EL1956,νέγρος,NOUN,0.52,Person,"χρησιμοποιείται για να μειώσει ή να εξυβρίσει άτομο μαύρης φυλής· θεωρείται ρατσιστικός, υβριστικός όρος και αποδοκιμάζεται στον δημόσιο λόγο","racial slur, racist slur for black people, n-word",['αράπης'],"['n-word', 'racial slur (black)']",και 2 και νέγρος... αμέ!,0.54,ps
EL2060,νεόπλουτος,ADJ,0.49,Person,άτομο που απέκτησε ξαφνικά πλούτο και επιδεικνύει κραυγαλέα πολυτέλεια,person who became rich suddenly and shows flashy luxury,"['φρέσκοπλουτος', 'νεοπλουτίστας', 'χρυσόπαιδο', 'λεφτάς']","['nouveau riche', 'upstart', 'parvenu', 'new-rich']","username username Η εποχη που το μπουλιγκ, το καπνισμα, ο διασυρμος των ανθρωπων και το βρισιμο θεωρουνταν "" μαγκια"" απο μικρουτσικο, κωστπουλο και εσας και διασκεδαζαν τους νεοπλουτους ελληνες περασε ανεπιστρεπτι.. 1/2",0.69,cds
EL2060,νεόπλουτος,ADJ,0.49,Behavioral_Trait,χαρακτηριστική επιδειξιομανία και κιτς αισθητική ατόμου με πρόσφατο πλουτισμό,nouveau-riche attitude,"['νεοπλουτισμός', 'φανφάρα']","['show-off attitude', 'parvenu taste']","Αυτό το κουλζεν του ποζερα νεοπλουτου με τη διχαλωτη γλώσσα που μπήκε για ίντριγκα αλλά και για τα λεφτά, με σκοπό πανελιστα την επόμενη σεζόν είναι κάπως ????????#BigBrotherGR",0.82,cds
EL965,νεοφερμένος,VERB,0.15,Person,"Άτομο που μόλις καταφτάνει σε έναν τόπο, ομάδα ή παρέα και δεν έχει ακόμη προσαρμοστεί, συχνά δηλώνει απειρία ή μειονεκτική θέση",person who has just arrived and is not yet integrated,"['νεοαφιχθείς', 'νεόφερτος', 'πρωτάρης', 'φρέσκος']","['newcomer', 'new arrival', 'rookie', 'freshman']",username Εγώ θέλω να δω εξέλιξη και ας μεταφράζεται και χωρίς τους νεοφερμένους.,0.52,cds
EL2185,νήπιο,NOUN,0.3,Person,Παιδί ηλικίας έως περίπου τεσσάρων ετών που δεν έχει αναπτύξει ακόμη πλήρη λόγο και αυτονομία. Χρησιμοποιείται με αρνητική χροιά για να προσβάλει την μικρή ηλικία ενός ατόμου,child up to about four years old,"['βρέφος', 'μικρό', 'πιτσιρίκι', 'νιάνιαρο']","['toddler', 'infant', 'little child', 'tot']","“Εσύ θα με μάθεις, βρε νήπιο, συμπεριφορά”, του λέω, “εγώ γέννησα εσένα, δε γέννησες εσύ εμένα!",0.7,cds
EL2185,νήπιο,NOUN,0.3,Person,"Ειρωνική προσφώνηση που χαρακτηρίζει ενήλικο ή έφηβο ως ανώριμο, που φέρεται με παιδική γκρίνια.",toddler (pejorative),"['παιδαρέλι', 'μωρό (μετ.)']","['cry-baby', 'childish person']",Είχα μιλήσει στο τηλέφωνο μαζί τους και σαλιάριζαν σαν νήπια που μόλις έχουν τελειώσει τα κακά τους.,0.73,cds
EL447,νόθος,ADJ,0.59,Person,Άνθρωπος γεννημένος εκτός γάμου και συχνά κοινωνικά στιγματισμένος.,"illegitimate child, bastard","['μπάσταρδος', 'εξώγαμος', 'παράνομος γόνος']","['bastard', 'illegitimate child', 'love child']",Εφημερίδα αγόρασε και… έθαψε πληροφορία πως ο Τραμπ έχει νόθο παιδί!,0.58,cds
EL447,νόθος,ADJ,0.59,Object,Αντικείμενο ή ιδέα που δεν είναι γνήσιο αλλά παραποιημένο ή αναμεμειγμένο με κατώτερης ποιότητας στοιχεία.,spurious or counterfeit thing,"['πλαστός', 'ψεύτικος', 'κίβδηλος', 'κάλπικος']","['fake', 'spurious', 'counterfeit', 'bogus']","Εργαζόμενοι έξω από το Εργατικό Κέντρο Θεσσαλονίκης καταγγέλουν τις μεθοδεύσεις της πλειοψηφίας του ΕΚΘ (ΠΑΣΚΕ, ΔΑΚΕ, ΣΥΡΙΖΑ) να οδηγήσει σε νόθο συνέδριο.",,cds
EL1228,νταβατζής,NOUN,0.85,Person,Άνδρας που εκμεταλλεύεται σεξουαλικά εργαζόμενες εισπράττοντας χρήματα με εκβιασμό ή βία.,"man who profits from prostitutes, pimp","['μαστροπός', 'προαγωγός', 'προστάτης', 'εκμεταλλευτής']","['pimp', 'procurer', 'racketeer', 'exploiter']",username username Όταν χρεοκοπεί η χώρα και αυτοί που την χρεοκόπησαν ακόμη κυβερνούν με την ψήφο του ελληνικού λαού αυτά παθαίνεις. Και ακόμη την χρεοκοπούν 50 δις από τις αγορές πήρε ο Μητσοτάκης για να ταισει τους νταβατζηδες με απευθείας σναθεσεις,0.79,cds
EL2435,ντραγκέτα,NOUN,0.48,Person,"Ιταλική εγκληματική οργάνωση γνωστή για διακίνηση ναρκωτικών, εκβιασμούς και ξέπλυμα χρήματος.",Calabrian mafia crime syndicate,"['μαφία', 'καλαβρέζικη μαφία', 'συνδικάτο εγκλήματος']","['’Ndrangheta', 'Calabrian mafia', 'crime syndicate']",Ντραγκέτα: Η μαφιόζικη συμμορία που απλώνεται από την Αυστραλία μέχρι τον Καναδά...,0.3,re
EL1973,νυμφομανής,ADJ,0.69,Person,"Γυναίκα με ασυνήθιστα υψηλή και επίμονη σεξουαλική επιθυμία, συχνά κοινωνικά στιγματισμένη.",woman with excessive sexual desire,"['σεξομανής', 'υπερσεξουαλική', 'λιγούρα']","['nymphomaniac', 'sex addict', 'hypersexual woman']","O Σωτηρόπουλος, που την επίσης αλλά ως Ροβεσπιέρος υπερασπίζεται το λαό και διάφορους περιθωριακούς, προτίμησε να τη βγάλει νυμφομανή και λυσσάρα.",0.69,cds
EL503,νυμφομανία,NOUN,0.59,State,"Ψυχοσεξουαλική κατάσταση που περιγράφει (πλέον παρωχημένα) παθολογικά έντονη και συνεχή σεξουαλική επιθυμία γυναίκας, όρος που συχνά χρησιμοποιείται ως στίγμα",condition of excessive female sexual drive,"['υπερσεξουαλικότητα', 'σεξομανία', 'ερωτική έμμονη']","['nymphomania', 'hypersexuality', 'sex addiction']",Υπάρχει μεγαλύτερη νυμφομανία από όση μπορούμε να εξυπηρετήσουμε...,,svp
EL65,νωθρότητα,NOUN,0.48,State,Κατάσταση βραδύτητας ή έλλειψης ενεργητικότητας σε δραστηριότητες ή λειτουργίες.,"sluggishness, lack of energy","['αδράνεια', 'βραδύτητα', 'ραθυμία', 'υποτονικότητα']","['sluggishness', 'torpor', 'inertia', 'lethargy']","Στα 100 άτομα ζήτημα είναι αν 10 ξέρουν όνομα ή φάτσα του εγκληματία #σταθμαρχη που έβαλε 2 τρένα στην ίδια γραμμή κ σκότωσε 57 ψυχές. Όσο η κυβέρνηση τηρούσε αστική νωθρότητα,η πιο χυδαία αντιπολίτευση του πλανήτη ασελγούσε σε χαμηλά IQ πολιτών. #Τεμπη_εργαλειοποιηση #δεν_θα_παω",,svp
EL65,νωθρότητα,NOUN,0.48,Behavioral_Trait,Σταθερή ροπή ενός ατόμου ή οραγισμού να αποφεύγει ενέργεια ή γρήγορες κινήσεις.,"personal tendency toward slow, idle behaviour","['τεμπελιά', 'οκνηρία', 'ραθυμία', 'πλαδαρότητα']","['laziness', 'indolence', 'sloth', 'idleness']","Η παρακμή και η νωθρότητα της Ευρώπης σε ένα άρθρο! Φοβούμενη νέα επίθεση η Γερμανία στερεί το δικαίωμα της ψυχαγωγίας στους πολίτες τής. Χριστούγεννα στο σπίτι Γερμανε, Έλληνα, Γαλλε.. Στους δρόμους έχουν δικαίωμα να βγουν μόνο οι μουσουλμάνοι στα ραμαζανια και τα μπαιραμια",,svp
EL2075,ξεγελάω,VERB,0.51,Event,Πράξη κατά την οποία κάποιος παραπλανά άλλον για να αποσπάσει όφελος ή να αποφύγει ευθύνη.,act of deceiving or tricking,"['εξαπατώ', 'κοροϊδεύω', 'παραπλανώ', 'δουλεύω']","['deceive', 'trick', 'cheat', 'hoodwink']",Έχεις ευθύνη για την ανικανότητα που έδειξες. 6.500 πέθαναν από την ανικανότητα σου. Δεν μας ξεγελάς πια,0.61,re
EL2222,ξινισμένος,VERB,0.38,Person,"Πρόσωπο που δείχνει μόνιμη κακοκεφιά, γκρίνια και αποστασιοποίηση.",grumpy or sulky person,"['μουτρωμένος', 'ξινός', 'γκρινιάρης', 'κατσούφης']","['grumpy', 'sour-faced', 'crabby', 'sullen']","Μόνιμα ξινισμενες, και μετά αναρωτιεστε γιατί σας λένε αγαμητες",0.93,cds
EL2222,ξινισμένος,VERB,0.38,Behavioral_Trait,"Τροφή ή ποτό που έχει χαλάσει, με ενοχλητική όξινη γεύση ή οσμή",sour / spoiled,"['ξινός', 'μπαγιάτικος']","['acidic', 'off']",username username Αυτή σε κάθε ερώτηση πρώτα έπινε μια γουλιά νερό κ μετά απαντούσε μια μαλακία με ξινισμένη φάτσα.,0.8,cds
EL1491,οβραίος,NOUN,nan,Person,Προσβλητικός όρος για άτομο εβραϊκής καταγωγής.,derogatory term for a Jew,"['οβριός', 'εβραίος', 'ιουδαίος', 'τσιφούτης']","['Jew', 'kike', 'Hebrew', 'Yid']",Θελει ο οβραιος να κρυφτεί κ η χαρα δεν τον αφήνει,,ps
EL893,οβριός,NOUN,nan,Person,"Παλιός και υποτιμητικός τύπος της λέξης Εβραίος, που χρησιμοποιείται κυρίως για να δηλωθεί περιφρόνηση ή εχθρότητα",old derogatory form for Jew,"['οβραίος', 'ιουδαίος', 'τσιφούτης']","['Jew', 'kike', 'Hebrew']","Πόσο καλά μιλάει ο όβριος τα βαρβαρικά!: Ακούστε πόσο καλά μιλάει ο δεξιός όβριος τα βαρβαρικά, δεν τον έχει δικάσει ούτε ένας πράκτορας δικαστικός…",,an
EL1550,οίηση,NOUN,0.3,Behavioral_Trait,Ψυχολογικό γνώρισμα με έντονη και αδικαιολόγητη πεποίθηση ανωτερότητας που εκδηλώνεται ως έπαρση και περιφρόνηση προς τους άλλους,overbearing self-conceit,"['αλαζονεία', 'υπεροψία', 'έπαρση', 'βεντετισμός']","['conceit', 'arrogance', 'hubris', 'self-importance']",username Όταν έχεις ταπεινώσει τους Γερμανοτσολιάδες επιβάλλεται λίγη οίηση.,0.7,ddf
EL4,οκνηρία,NOUN,0.44,State,Κατάσταση απραξίας και σταθερή ροπή σε αδράνεια και αναβλητικότητα στη δράση,state of laziness or inertia,"['τεμπελιά', 'ραθυμία', 'αδιαφορία', 'απραξία']","['laziness', 'indolence', 'sloth', 'inertia']",username Ομολογία ανικανότητας και οκνηρίας.,0.54,svp
EL4,οκνηρία,NOUN,0.44,Behavioral_Trait,Σταθερή προσωπική τάση να αποφεύγεται η εργασία και η προσπάθεια.,habitual avoidance of effort,"['τεμπελιά', 'ραθυμία', 'απάθεια', 'νωθρότητα']","['laziness', 'indolence', 'idleness', 'sloth']","Ρε παιδιά, τούτος εδώ συνέχεια επαναλαμβάνει: ""όταν έφυγε ο Στάθης, πείσμωσα περισσότερο και ήθελα να νικήσω"". Αυτό το θέατρο του παραλόγου που βλέπαμε τους τελευταίους μήνες, αυτή η γελοιότητα, η οκνηρία, το όνειδος ήταν ο πεισμωμένος του εαυτός; Δουλευόμαστε; #survivorGR",,svp
EL79,οκνηρός,ADJ,0.64,Person,Άτομο με μόνιμη προδιάθεση να αποφεύγει κόπο και εργασία.,lazy person,"['τεμπέλης', 'ραθυμός', 'αδρανής', 'νωθρός']","['lazy', 'sluggish', 'indolent', 'idle']","Κ αυτό λέμε ότι είναι κανονικότητα, απλά επειδή εγκαταλείψαμε την προσπάθεια κ δεν αντιδρούμε. Γιατί η αντίδραση για να είναι υγιής, απαιτεί κόπο, κρίση, υπομονή ... Κ εμείς γίναμε οκνηροί κ βολεψακιδες.",0.61,svp
EL1994,ομερτά,NOUN,0.23,State,"Άγραφος κανόνας σιωπής και αλληλοκάλυψης, ιδιαίτερα σε παράνομες ομάδες, όπου η αποκάλυψη πληροφοριών θεωρείται προδοσία",code of silence among criminals,"['νόμος της σιωπής', 'σιγή ιχθύος', 'σύμφωνο σιωπής']","['omertà', 'code of silence', 'silence pact', 'gag rule']","Σκάνδαλο Novartis και μετά... ""Ομερτά"": Οι Κυριακάτικες Εφημερίδες εξαφάνισαν την είδηση μετά το φιάσκο της Πέμπτης",0.58,cds
EL1475,ομοφυλοφιλία,NOUN,0.59,State,Σεξουαλικός προσανατολισμός που στρέφει τη συναισθηματική και ερωτική έλξη προς άτομα του ίδιου φύλου. Φέρει συχνά αρνητικές ή παθολογιοποιητικές συνδηλώσεις,homosexual orientation,"['ομοερωτισμός', 'γκέι σεξουαλικότητα', 'ίση έλξη']","['homosexuality', 'same-sex orientation', 'gayness']",Ιάσονας Μανδηλάς: Η αντίδραση της οικογένειάς του μετά τη συνέντευξή του για την ομοφυλοφιλία,0.22,om
EL842,ομοφυλόφιλος,NOUN,0.62,Person,"Άτομο που νιώθει ερωτική ή συναισθηματική έλξη προς πρόσωπα του ίδιου φύλου. Ο όρος, παρότι ουδέτερος, συχνά φορτίζεται υβριστικά σε ομοφοβικό λόγο.",person attracted to the same sex,"['γκέι', 'λεσβία', 'ομοερωτικός']","['homosexual', 'gay', 'lesbian', 'same-sex attracted']","username Είπε ότι ξεφτιλίζει τον εαυτό του και τον κλάδο των ομοφυλόφιλων. Όταν θεωρεί ότι οι ομοφυλόφιλοι αποτελούν κλάδο, δεν είναι ομοφοβικό σχόλιο;",0.65,or
EL842,ομοφυλόφιλος,NOUN,0.62,Behavioral_Trait,Ιδιότητα κατά την οποία κάποιος κατευθύνει τον ερωτικό του προσανατολισμό προς το ίδιο φύλο,same-sex orientation : enduring attraction to the same sex,['ομοφυλοφιλία (ουσ.)'],['homosexuality'],"Νεόφυτος, επίσκοπος Μόρφου:Η ομοφυλόφιλη επιθυμία μεταδίδεται στο έμβρυο από μητέρα που της αρέσει το πρωκτικό σεξ.ΔΛΔ ΤΟ ΠΑΡΚΙΝΣΟΝ ΜΕΤΑΔΙΔΕΤΑΙ ΑΠΟ ΜΗΤΕΡΑ ΠΟΥ ΧΡΗΣΙΜΟΠΟΙΕΙ ΔΟΝΗΤΗ&amp;ΤΟ ΟΤΙ ΓΕΜΙΣΑΜΕ ΜΑΛΑΚΕΣ ΕΙΝΑΙ ΔΙΟΤΙ ΟΙ ΓΟΝΕΙΣ ΤΟΥΣ ΑΥΝΑΝΙΖΟΝΤΑΝ;ΠΑΤΕΡ ΕΛΕΟΣ!",1,or
EL80,οπαδός,NOUN,0.18,Person,"Άτομο που υποστηρίζει με ζήλο μια ομάδα, ιδεολογία ή δημόσιο πρόσωπο.",zealous supporter or fan,"['φιλάθλος', 'υποστηρικτής', 'θαυμαστής', 'ακόλουθος', 'φανατικός']","['supporter', 'fan', 'follower', 'adherent']","Το 2001, σε έναν αγώνα της Μπάγερν Μονάχου με τη Μάντσεστερ Γιουνάιτεντ για το Τσάμπιονς Λιγκ, ένας οπαδός της αγγλικής ομάδας μπήκε στον αγωνιστικό χώρο φορώντας στολή ως!! ένας από τους παίκτες της Μάντσεστερ Γιουνάιτεντ., έβγαλε και φωτογραφίες με την ομάδα☺️",0.18,qas
EL1093,οπίσθιος,ADJ,0.28,Object,"Οπίσθιο μέρος του ανθρώπινου σώματος· τα γενικά «οπίσθια», χρησιμοποιούμενο συχνά χιουμοριστικά ή μειωτικά.","back-side : buttocks, rear part of the human body","['οπίσθια', 'πισινός', 'κώλος']","['butt', 'rear', 'backside']",Άβυσσος η ψυχή του μαλάκα του τουρκόγυφτου....η κατάσταση του είναι βαρείας μορφής και μη αναστρέψιμος. Τελευταίο όπλο της επιστήμης πλέον οι συνεχείς 'επακουμβίσεις' στα οπίσθια του...,0.87,om
EL217,οπισθοδρομικότητα,NOUN,0.59,State,"κατάσταση καθυστέρησης και άρνησης προόδου σε ιδέες, στάσεις ή πρακτικές","backwardness, resistance to progress","['καθυστέρηση', 'αναχρονισμός', 'στασιμότητα', 'συντηρητισμός']","['backwardness', 'retrogression', 'stagnation', 'reactionism']","Ανοίγεις την τηλεόραση, νιώθεις πως βρίσκεσαι στο 1965, αφού σιχτιρίζεις χαίρεσαι με τη σκέψη πως όλη αυτή η γενιά σύντομα θα τα τινάξει και θα εκλείψει η οπισθοδρομικότητά της, κατόπιν αηδιάζεις ακούγοντας τους άθλιους δημοσιογράφους που έχουν απαξιωθεί προ πολλού. #κηδεια_τεως",,ddp
EL1653,όργανο,NOUN,0.11,Person," αστυνομικός αναφερόμενος υποτιμητικά, ιδιαίτερα σε λαϊκή αργκό",cop : police officer referred to derogatorily,"['μπάτσος', 'σερίφης (λ.χ.)']","['cop', 'pig']","username username username username Ο σύγκριση είναι του τύπου, ο αστυνομικός είναι όργανο και το μπουζούκι είναι όργανο άρα ο αστυνομικός είναι μπουζούκι!",0.58,asm
EL1653,όργανο,NOUN,0.11,Person,άτομο που λειτουργεί ως τυφλό υποχείριο ξένων συμφερόντων,pawn or stooge blindly serving others,"['υποχείριο', 'πιόνι', 'φερέφωνο', 'τσιράκι']","['pawn', 'tool', 'stooge', 'minion']",Καλά κάνετε και δε γίνεστε όργανα του συστήματος.,0.5,asm
EL1324,οργή,NOUN,0.28,State,έντονο συναίσθημα θυμού και αγανάκτησης που συχνά οδηγεί σε βίαιη αντίδραση,intense anger or fury,"['θυμός', 'μανία', 'αγανάκτηση', 'οξύθυμια']","['anger', 'rage', 'fury', 'wrath']",Τρέμει ολόκληρος από οργή και αγανάκτηση.,0.38,an
EL2467,ορμή,NOUN,0.1,State,"Κατάσταση έντονης και συχνά βίαιης κίνησης ή παρόρμησης που παρασύρει πρόσωπα ή πράγματα σε επίθεση, σύγκρουση ή καταστροφή",propulsive force or inner drive,"['φόρα', 'δυναμική', 'παρόρμηση', 'ώθηση']","['impetus', 'momentum', 'drive', 'urge']","Πριν προλάβουν να κάνουν κάτι, ενα τρίτο κύμα πιο φοβερό από τα προηγούμενα, χτυπάει με απίστευτη φόρα το accommodation και σηκώνει την αριστερή βάρκα από τα μόρσα, τη χτυπάει με ορμή στην κουβέρτα, τη σπάει, την κόβει στα δύο και παίρνει του το μισό σπασμένο κομμάτι καθώς το βαπόρι ριζε από την άλλη μεριά.",0.18,re
EL1419,όρνεο,NOUN,0.61,Person,άτομο άπληστο που εκμεταλλεύεται τη δυστυχία των άλλων,greedy predator exploiting others' misfortune,"['κοράκι', 'αρπακτικό']","['vulture', 'predator', 'ghoul']","Το άλλο το ""όρνεο"" εδώ, πίστεψε μετά από όλα αυτά την Ελευθερία, και έβγαλε και λογύδριο στο Q της κατά του Μάριου. Ε, ώρσε 🖐 ξόρκι.  #survivorGR",,an
EL1417,όρνιο,NOUN,0.61,Person,"Άτομο που επιδεικνύει βραδύ ή απρόσεκτο νου, κάνει αστόχαστες κινήσεις και προκαλεί θυμηδία ή εκνευρισμό.",birdbrain : person of slow or careless mind,"['χαζός', 'αργόστροφος', 'βλάκας']","['dummy', 'slow-poke', 'nitwit']",Οχι σε μένα ρε όρνιο,,an
EL1417,όρνιο,NOUN,0.61,Person,προσβλητικός όρος για άπληστο ή ανήθικο άνθρωπο που εκμεταλλεύεται,"pejorative for greedy, immoral exploiter","['κοράκι', 'αρπακτικό', 'καραδοκός']","['vulture', 'shark', 'predator']",username username username Κι έβγαινε σαν τον προύχοντα στη Ζήνα. ΒΡΕ ΟΥΣΤ ΟΡΝΙΟ #πατρα,0.72,an
EL1153,ορντινάντσα,NOUN,0.66,Person,"στρατιώτης ή γενικά υπηρέτης που εκτελεί τα θελήματα ανωτέρου, συχνά με δουλικό τρόπο",orderly or lackey performing errands servilely,"['υπηρέτης', 'λακές', 'τσιράκι', 'υποτακτικός']","['lackey', 'gofer', 'minion', 'servant']",username Λογικά πιστεύω νοιώθεις περήφανος κ για το ότι υπήρξε και ορντιναντσα των Γερμανων,0.72,cds
EL1062,ούννος,NOUN,0.48,Person,"χαρακτηρισμός για βίαιο, βάρβαρο και άξεστο άτομο","label for violent, uncivilized brute","['βάρβαρος', 'αγρίμι', 'κανίβαλος', 'απολίτιστος']","['hun', 'barbarian', 'savage', 'brute']",ΟΙ ΟΥΝΝΟΙ...,0.45,ps
EL1431,ουτιδανός,ADJ,0.38,Person,"άνθρωπος χωρίς αξία ή κύρος, ασήμαντος και αξιοπεριφρόνητος","worthless, insignificant person","['τιποτένιος', 'μηδενικό', 'ποταπός', 'αχρείος']","['nobody', 'worthless fellow', 'good-for-nothing', 'loser']",#SurvivorGR Τι είδα στο τρέιλερ; Πείραξε τα πουλέν μου ο ουτιδανός; 😡😠😡,,cds
EL2035,οχιά,NOUN,0.51,Person,"Άτομο δόλιο και ύπουλο, που κρύβει κακία και χτυπά απροσδόκητα, όπως το δηλητηριώδες φίδι στο οποίο παραπέμπει η λέξη",sly and treacherous person,"['φίδι', 'ύπουλος', 'διπρόσωπος']","['snake', 'viper', 'backstabber']","""H Φένια είναι οχιά διμουτσουνη. Το νου σου μαυρε!"" #BigBrotherGR",,an
EL588,όχλος,NOUN,0.31,Person,"Μάζα ανθρώπων θεωρημένη ως αμόρφωτη, θορυβώδης και επικίνδυνη, συχνά με υπαινίσσομενη κοινωνική κατωτερότητα","unruly, violent mob","['συρφετός', 'πλήθος', 'μάζα', 'ορδή']","['mob', 'rabble', 'horde', 'crowd']",Η Υπατία (370-418 μ.Χ.) υπήρξε νεοπλατωνική φιλόσοφος και μαθηματικός. Έζησε και δίδαξε στην Αλεξάνδρεια όπου και δολοφονήθηκε από όχλο που αποτελείτο από φανατικούς χριστιανούς. (Alejandría,0.19,cds
EL2085,παζαρεύω,VERB,0.13,Repetitive_Action,πράξη κατά την οποία κάποιος διαπραγματεύεται πιεστικά την τιμή για όφελος,to haggle persistently over price,"['διαπραγματεύομαι', 'αλισβερίζω', 'κοστολογώ']","['haggle', 'bargain', 'negotiate']",Παζαρεύει την επιβίωση της χώρας σήμερα ...,0.48,cds
EL1017,παιδεραστής,NOUN,0.92,Person,ενήλικος άντρας που επιζητά ή έχει σεξουαλικές σχέσεις με ανήλικα αγόρια,man who engages in sexual acts with underage boys,"['παιδόφιλος', 'βιαστής ανηλίκων', 'ανώμαλος', 'τέρας']","['pederast', 'pedophile', 'child molester', 'pervert']","Το σύστημα που υπερυμνούσε τον ανώμαλο και βιαστή #Φιλιππίδη και τους κολλητούς του, κι έκανε Διευθυντή τον πρεζάκια βιαστή ανηλίκων παιδεραστή #Λιγνάδη κρίνει τον Άρη. To καλάβατε τώρα ????#Με_τον_Σερβετάλη",0.81,pr
EL1790,παιδεραστία,NOUN,0.79,Repetitive_Action,"Σεξουαλική πράξη ή διαρκής έλξη ενηλίκου προς ανήλικο, θεωρούμενη σήμερα σοβαρό ποινικό αδίκημα","pederasty, sexual activity with minors","['παιδοφιλία', 'ασέλγεια σε ανήλικους', 'βιασμός ανηλίκου']","['pederasty', 'pedophilia', 'child molestation']",username Κάντε τον Θεό που επί εποχής του παίζουν τα μεγαλύτερα σκάνδαλα παιδεραστίας και ξεπλύματος βρώμικου χρήματος στο Βατικανό,0.78,om
EL1429,παλιάλογο,NOUN,0.74,Object,"γηρασμένο, εξαντλημένο άλογο ακατάλληλο για εργασία, χρησιμοποείται μεταφορικά για να δηλώσει ένα χαλασμένο αντικείμενο","old, worn-out horse","['ροσίνι', 'ψοφίμι', 'κουτσάλογο']","['old nag', 'broken-down horse', 'spavined horse']","username Κάπου χάνει σε συμπίεση το παλιάλογο και δεν ξεκινάει,βάλτε φελό,και ζοριστείτε.!!!",0.62,an
EL1429,παλιάλογο,NOUN,0.74,Person,"υποτιμητικός χαρακτηρισμός για άνθρωπο που θεωρείται εξαντλημένος, ανίκανος ή άχρηστος","derogatory term for unattractive, worn-out person","['σκρόφα', 'γριά', 'κακομούτσουνο', 'τελειωμένος']","['hag', 'old bag', 'ugly woman', 'wreck']","Αλλα βρε παλιάλογο , τα λεει αυτα ο κοσμος , τα ανακοινώνει ..κανει ενα ποστ, καλη ωρα, και φωναζει ΕΠΙΔΟΜΑ ΕΝΟΙΚΙΟΥ . . Να ενημερωνετε ο κοσμος",,an
EL414,παλιανθρωπιά,NOUN,0.79,Behavioral_Trait,"στάση ζωής που χαρακτηρίζεται από κακία, ατιμία και έλλειψη αρχών","baseness, wickedness, absence of principles","['ποταπότητα', 'μοχθηρία', 'ατιμία', 'κακουργία']","['villainy', 'baseness', 'wickedness', 'rascality']",username Μη στεναχωριεσαι ολο και καμια καινουργα παλιανθρωπιά θα κανουν,0.75,cds
EL575,παλιάνθρωπος,NOUN,0.7,Person,"ποταπό, κακόβουλο άτομο χωρίς ηθικούς φραγμούς","scoundrel, wicked person","['αχρείος', 'καθίκι', 'αλήτης', 'ποταπός']","['scoundrel', 'bastard', 'lowlife', 'villain']","Δεν ήμουνα καθόλου ψυχρή, αλλά και να 'μουνα, έπρεπε να ξέρει ο παλιάνθρωπος ότι όλες οι άμαθες γυναίκες, προπάντων όταν φτάσουν σε μια ορισμένη ηλικία χωρίς να 'χουν γνωρίσει άντρα, στην αρχή είναι πάντα ψυχρές, κι από κείνον εξηρτάτο να με διδάξει.",0.84,dmc
EL2040,παλιάτσος,NOUN,0.43,Person,άτομο γελοίο και ανώριμο που γίνεται υπόδειγμα χλευασμού,"buffoon, ridiculous person","['κλόουν', 'καραγκιόζης', 'γελωτοποιός', 'παλιάτσαρος']","['clown', 'buffoon', 'joker', 'fool']","Η Μάρθα την έβλεπε σαν παλιάτσο και μια φορά μου το «Εσύ είσαι σαν τους αυτοκράτορες», μου λέει, «που είχαν τζουτζέδες τους».",0.63,dmc
EL2210,παλιοκόριτσο,NOUN,0.59,Person,"κοπέλα με απρεπή, άτακτη ή προκλητική συμπεριφορά","bad-mannered, unruly girl","['αλήτισσα', 'σκρόφα', 'αχάριστη', 'ατακτούλα']","['bad girl', 'hussy', 'brat', 'wild girl']",Αλλ' αυτό το παλιοκόριτσο άρχισε να ντύνεται και να στολίζεται σα να επρόκειτο να πάει σε γάμο.,0.55,pr
EL2210,παλιοκόριτσο,NOUN,0.59,Person,Τρυφερή ή πειρακτική προσφώνηση προς οικείο θηλυκό πρόσωπο∙ η προσβολή αμβλύνεται από το οικείο πλαίσιο,you rascal girl – friendly teasing address to a familiar female,"['σαΐνι', 'βρε θηρίο']","['rascal girl', 'cheeky lass']",username username Με συγκίνησες πάλι ρε παλιοκόριτσο,0.41,pr
EL385,παλιόμουτρο,NOUN,0.74,Person,ύπουλο και παμπόνηρο άτομο που ενεργεί με δόλο,"sly, untrustworthy crook","['κατεργάρης', 'απατεώνας', 'πονηρός', 'ρεμάλι']","['rogue', 'crook', 'rat', 'scoundrel']",ΓΙΑΤΙ ΔΕΝ ΚΑΝΕΙΣ ΜΗΝΥΣΗ ΡΕ ΠΑΡΑΚΡΑΤΙΚΟ ΠΑΛΙΟΜΟΥΤΡΟ;;; #υποκλοπές #παρακολουθήσεις #κυβερνηση_Μητσοτακη #μητσοτακη_παραιτησου #Μητσοτακης_τελος #Ανδρουλακης #Βαξεβανης #documento #pega #predator #Pegasus #κουκακης #Μπιτζιος #Λαβρανος #intellexa,,re
EL1019,παλλακεία,NOUN,0.54,State,"Θεσμοθετημένη ή ανεκτή συμβίωση άνδρα-γυναίκας χωρίς γάμο, ιστορικά συνδεδεμένη με κατώτερη κοινωνική θέση της γυναίκας",status of a woman cohabiting as a secondary partner outside lawful marriage,"['συμβίωση', 'εξωσυζυγική σχέση', 'παραγαμία']","['concubinage', 'cohabitation', 'extramarital union']","Καθε Αθηναίος επιτρεπόταν να έχει, ελεύθερο δεσμό παράλληλα με τον γάμο, την παλλακεία: H συμβίωση μιας γυναίκας με ένα άνδρα, χωρίς γάμο.",,pr
EL1018,παλλακίδα,NOUN,0.62,Person,"Γυναίκα που συζεί ερωτικά με άντρα χωρίς γάμο, ως δευτερεύουσα σύζυγος στο πλαίσιο θεσμοθετημένης συμβίωσης",woman living as a man's unofficial partner; concubine,"['ερωμένη', 'δεύτερη γυναίκα', 'παράνομη']","['mistress', 'concubine', 'lover']",Η πανέμορφη παλλακίδα που έγινε πειρατής. Διοικούσε 1.000 πλοία και 50.000 άνδρες. Τιμωρούσε με αποκεφαλισμό...,0.33,pr
EL1018,παλλακίδα,NOUN,0.62,Person,"Χαρακτηρισμός γυναίκας που αντιμετωπίζεται ως «κρατημένη» ερωμένη παντρεμένου άντρα, με κοινωνική απαξίωση",mistress : socially disapproved lover of a married man,"['ερωμένη', 'μαίτρέσα', 'κρατημένη γυναίκα']","['mistress', 'kept woman']",Η παλλακίδα του Θέμου αναζητά καρέκλα για τον κωλο της,,pr
EL351,πανδαιμόνιο,NOUN,0.33,State,κατάσταση απόλυτης φασαρίας και αταξίας με έντονο θόρυβο και αναστάτωση,total chaos and uproar,"['χαμός', 'χάος', 'κομφούζιο', 'αναστάτωση']","['chaos', 'bedlam', 'uproar', 'mayhem']",Αληθινό ΠΑΝΔΑΙΜΟΝΙΟ στο Twitter με τα… Eλληνικά του Τσίπρα! -BINTEO,0.3,cds
EL902,πανουργία,NOUN,0.52,Behavioral_Trait,ικανότητα να επιτυγχάνεται στόχος με δόλο και κρυφή στρατηγική,crafty cunningness,"['πονηριά', 'δολιότητα', 'απατεωνιά']","['cunning', 'craftiness', 'guile']",Τρία χρόνια είχε αδελφό τον Ηλία Μαργαρίτη. Κάτι δεν θα έπαιρνε και η Αδελφή Κατσάμπα από πανουργία. #Tzela,,cds
EL902,πανουργία,NOUN,0.52,Event,Δόλιο τέχνασμα σχεδιασμένο να εξαπατήσει,ruse : deceitful stratagem,"['κόλπο', 'τέχνασμα', 'μηχανή']","['ruse', 'trick', 'ploy']",Μια παράμετρος της ναυμαχίας στην Σαλαμίνα είναι ότι ο Ευρυβιάδης δεν μέτρησε σωστά την πανουργία του Θεμιστοκλή με αποτέλεσμα οι Αθηναίοι να καρπωθούν τη νίκη λες και αν πέρναγαν τον Ισθμό οι Πέρσες δεν θα τους τσακίζαμε τα κόκκαλα,,cds
EL1427,πανούργος,ADJ,0.64,Person,άτομο που ενεργεί με πονηριά και δόλο για να πετύχει σκοπούς,"cunning, crafty person","['πονηρός', 'δόλιος', 'σατανικός']","['cunning', 'crafty', 'sly']",Μακρυά από αντρα γκρινιάρη και πανούργα πεθερά !,0.69,cds
EL1819,παπαγάλος,NOUN,0.15,Person,"άτομο που επαναλαμβάνει μηχανικά ό,τι ακούει χωρίς κριτική σκέψη",person who parrots others mechanically,"['παπαγαλάκι', 'ηχώ', 'κονσερβοφωνημένος']","['parrot', 'copycat', 'echo', 'mouthpiece']",username Μα γιατί το λέτε αυτό; Αφού ο username θεωρειται αντικειμενικός παπαγάλος στην Μόσχα....,0.72,an
EL743,παπάρα,NOUN,0.48,Person,προσβλητικός χαρακτηρισμός για πολύ ανόητο ή κουτό άτομο,stupid person; moron,"['ηλίθιος', 'χαζός', 'βλάκας', 'καραγκιόζης']","['idiot', 'moron', 'dummy', 'fool']",username Γιατί τι έχει το μοχίτο ρε παπάρα; Εσύ τι πίνεις; Τσαι;,0.82,asm
EL743,παπάρα,NOUN,0.48,Object,κομμάτια ψωμιού βουτηγμένα σε ζωμό ή γάλα ως πρόχειρο φαγητό,bread pieces soaked in liquid food,"['μουσκεμένο ψωμί', 'βουτυγμένο ψωμί']","['soaked bread', 'bread mush']",username σε 10 σαιτ την ίδια μαλάκια γράφεις.... Φάε την παπαρα σου τώρα κ καλή χώνεψη,,asm
EL743,παπάρα,NOUN,0.48,Event,Λόγος ή πράξη χωρίς ουσία που θεωρείται ανοησία,nonsense : foolish remark or blunder,"['ανοησία', 'κοτσάνα', 'μπούρδα']","['nonsense', 'blunder', 'clanger']",ο. φουριε. φταει. τι? αηδια οι διαιτησια. απλα. πειτε παπαρες μετα... #OlympiacosBC,,asm
EL1793,παπαράτσι,NOUN,0.26,Person,φωτογράφος που καταδιώκει διασημότητες για ιδιωτικές φωτογραφίες προς πώληση,celebrity-hunting photographer; paparazzo,"['φωτορεπόρτερ', 'κοσμικογράφος', 'κουτσομπόλης ρεπόρτερ']","['paparazzo', 'tabloid photographer', 'celebrity stalker']",ΕΓΩ κάθε μέρα που με κυνηγάνε οι παπαράτσι,,cds
EL1793,παπαράτσι,NOUN,0.26,Person,Άτομο που σκαλίζει αδιάκριτα τις προσωπικές στιγμές άλλων χωρίς να είναι επαγγελματίας,snoop : nosy person prying with a camera,"['κατάσκοπος φωτογράφος', 'ψαχτήρι']","['snoop', 'busybody']","Τι έχουμε πάθει,με αυτές τις παπαράτσι φωτογραφίες?Πρέπει να βάλω σέξι μαγιό,να κάνω μαλλί,να βάλω κραγιόν,το καλό μου παρεό, λάδι στο κορμί,να πάρω και ωραίες πόζες!Φοβουμαι γαρ,μην έρθει κανένας αψεγάδιαστος στην παραλία και με βρει χάλια! ????????️",0.43,cds
EL745,παπάρι,NOUN,0.77,Object,χυδαίος λαϊκός όρος για το ανδρικό γεννητικό όργανο,vulgar term for penis; also worthless thing or nonsense,"['πούτσος', 'τσουτσούνι', 'μαλακία (μτφ)', 'βλακεία']","['dick', 'cock', 'bollocks', 'nonsense']",Τους πονηρούς τους αντέχω οι κουτοπόνηροι ειναι που σου ζαλίζουν τα παπάρια.....,0.89,asm
EL745,παπάρι,NOUN,0.77,Behavioral_Trait,Ενοχλητικό ή άχρηστο αντικείμενο που δυσκολεύει τον χρήστη,gizmo : annoying device,"['παλιομηχάνημα', 'σαχλομηχάνημα']","['gizmo', 'contraption']",username Αφήσατε όλα αυτά ... απλώς γνωρίσατε μας γιατί δεν συντάσσεστε με τους Γάλλους αλλά με τους πουλημένους Τούρκο τσολιάδες Γερμανούς !!!! Γιατί??? Και τι παπαριες μας λέτε για 6 μίλια κόκκινες γραμμές !!! Αυτά σας λένε οι Γερμανοί και αμερικανοί ?? Τα φιλαράκια??? Για να δούμε ...,0.86,asm
EL745,παπάρι,NOUN,0.77,Person,Υβριστική προσφώνηση για άτομο που θεωρείται ανόητο ή εκνευριστικό,idiot : stupid or irritating person,"['βλάκας', 'χαϊβάνι', 'μαλάκας']","['idiot', 'jerk', 'dumbass']",Έχω υπάρξει ερωτική μετανάστρια Α Παρί...  Λέει μια γνωστή. Για να είσαι εδώ της λέω κατάλαβα. Παπαρί ..!,,asm
EL1761,παραβάτης,NOUN,0.39,Person,"άτομο που αθετεί νόμους, κανονισμούς ή κανόνες",offender; lawbreaker,"['παράνομος', 'παρανομών', 'εγκληματίας', 'ατακτικός']","['offender', 'violator', 'lawbreaker', 'culprit']",Συστηματικός παραβάτης αποφάσεων του Ευρωπαϊκού Δικαστηρίου η Ελλάδα: Τελευταία προειδοποίηση,0.45,cds
EL1036,παραβατικότητα,NOUN,0.64,State,διαρκές φαινόμενο παράνομης συμπεριφοράς σε άτομα ή ομάδες,delinquency; criminal behavior,"['εγκληματικότητα', 'παρανομία', 'παραβίαση']","['delinquency', 'criminality', 'lawlessness']","username Συμφωνώ μαζί σου σε πολλά,αλλά διαφωνώ όσον αφορά το συναισθηματικό υπόβαθρο που δίνεις στην παρανομία!Θεωρώ ότι πλέον η παραβατικότητα έχει αναχθεί σε επιστήμη, για εύκολη ζωή. Λαχταράμε εργάτες εδώ για δουλειά και δεν υπάρχει ούτε δείγμα!",0.75,re
EL475,παραδρομή,NOUN,0.1,Event,τυχαίο λάθος λόγου ή γραφής που γίνεται χωρίς πρόθεση,inadvertent slip or lapse,"['ολίσθημα', 'πλάνη', 'παράλειψη', 'λάθος']","['slip', 'lapse', 'mistake', 'blunder']",Διόρθωση: Το όνομα του συνηγόρου που ανέφερε ο συνήγορος Μιχαλόλιας είναι Κατσαβός και όχι Κατσιαβής όπως μεταφέρθηκε εκ παραδρομής. #GDtrial,0.15,cds
EL1559,παράλογος,ADJ,0.26,Person,άτομο που δεν σκέφτεται με το νου και προβάλλει ανυπόστατα επιχειρήματα,irrational person,"['παλαβός', 'ανόητος', 'τρελός']","['irrational', 'absurd', 'unreasonable', 'crazy']",Οι άνθρωποι είναι καμιά φορά τρομερά παράλογοι.,0.47,ddp
EL1559,παράλογος,ADJ,0.26,Behavioral_Trait,"Λόγος, αίτημα ή κατάσταση που αντιβαίνει στη στοιχειώδη λογική και δύσκολα δικαιολογείται",absurd : demand or situation that defies reason,"['παράδοξο', 'αδιανόητο', 'ανόητο']","['absurd', 'preposterous', 'irrational']","username Σε άλλες θρησκείες επιτρέπεται. Αυτό που θεωρώ παράλογο είναι πως επειδή το απαγορεύει ο χριστιανισμός, ηλιθιωδως το απαγορεύει το κράτος. Εννοώ σε περίπτωση πολιτικού γάμου που δεν θίγεται η θρησκεία, τι πειράζει;",0.5,ddp
EL1412,παράνομος,ADJ,0.62,Person,"Άτομο που έχει τεθεί εκτός κανονισμού ή δρα παραβατικά, π.χ. λαθρομετανάστης ή αντάρτης",outlaw; illegal person,"['παραβάτης', 'παράτυπος', 'εγκληματίας', 'λαθρέμπορος']","['outlaw', 'illegal', 'lawbreaker', 'offender']","username username Σε φαρμακοποιό όχι, θα ήταν παράνομος. Σπούδασε Κτηνίατρος στο ΑΠΘ. Κατ'α τα άλλα, κάπως έτσι έχουν τα πράγατα. Αυτό το κράτος χτίσα-""με"" 2) Μιλώ για τους ΠΡΟΣΦΥΓΕΣ από την Ουκρανία, των οποίων την ροή μπορείς να ελέγξεις σε σημαντικό βαθμό (ο παράνομος αν καταφέρει να μπει, μπήκε)",0.48,cds
EL1412,παράνομος,ADJ,0.62,Behavioral_Trait,"Πράξη, ιδιότητα ή κατάσταση που παραβιάζει ισχύοντα κανονισμό, ιδίως σε διοικητικό, ποινικό ή πολεοδομικό πλαίσιο",illegal : status that breaks the law,"['παράτυπος', 'παρανομών', 'λαθραίος']","['illegal', 'unlawful', 'illicit']",Ο πιο σίγουρος τρόπος για να μετατρέψεις αυτό που ονομάζουν παράνομο χρήμα σε νόμιμο είναι να το επενδύσεις.,0.52,cds
EL1009,παραπλανητικός,ADJ,0.57,Behavioral_Trait,"Πληροφορία, τίτλος ή διαφήμιση που δίνει εσφαλμένη εντύπωση με στόχο να εξαπατήσει",misleading; deceptive,"['παρελκυστικός', 'δόλιος', 'απατηλός']","['misleading', 'deceptive', 'false', 'delusive']",Facebook: Κατηγορείται για παραπλανητική προώθηση VPN υπηρεσίας,0.45,dmc
EL2124,παραπονιάρης,ADJ,0.31,Person,άτομο που διαρκώς γκρινιάζει συνεχώς για μικροπράγματα,whiny person; complainer,"['γκρινιάρης', 'κλαψιάρης', 'μίζερος']","['whiner', 'complainer', 'moaner', 'grumbler']",#FF username γιατί είναι ένας γλυκός...παραπονιάρης!,0.27,cds
EL1124,παράσιτο,NOUN,0.44,Person,"Άτομο που ζει μονίμως στηριζόμενο σε κόπο ή χρήματα άλλων, χωρίς δική του παραγωγική προσπάθεια.",freeloader; person living off others,"['τζαμπατζής', 'κοπρίτης', 'λουφαδόρος', 'εκμεταλλευτής']","['freeloader', 'sponger', 'moocher', 'parasite']",username Δεν έχεις+άδικο για το παράσιτο…,0.41,svp
EL1124,παράσιτος,ADJ,0.62,Person,"άντρας που επιβιώνει σε βάρος άλλων, συχνά κολακεύοντας για να αποκομίσει οφέλη",male parasite; hanger-on living off others,"['τζαμπατζής', 'κολαούζος', 'αυλοκόλακας', 'κηφήνας']","['sponger', 'hanger-on', 'parasite', 'sycophant']",username username ...είσαι χρόνια μέσα στη μλκια η έγινες στην πορεία; κοψε την ολοήμερη γιατί θα τυφλωθεις λένε...σταλινικο παράσιτο...απτην φωτογραφία καταλαβαίνεις πολλά,0.64,svp
EL1124,παράσιτος,ADJ,0.62,Behavioral_Trait,"Χαρακτηρισμός οργανισμού ή σχέσης που εξαρτάται από άλλον ξενιστή, προκαλώντας του ζημιά",parasitic – dependent in a harmful wa,"['παρασιτικός', 'ξενόβιος']","['parasitic', 'host-dependent']","Προκαλει αηδία η στάση της εκκλησίας. Παραβιάζει ιερούς κανόνες των σχέσεων παράσιτου και ξενιστή. Δηλαδή σε τι ελπίζει, σε νέο ξενιστή;",0.55,svp
EL1810,παρασιτώ,VERB,0.66,Repetitive_Action,ζω συστηματικά εις βάρος άλλων χωρίς να εργάζομαι ή να προσφέρω,to live parasitically off others,"['τζαμπατζιλικώ', 'λουφάζω', 'εκμεταλλεύομαι', 'καλοπερνώ εις βάρος']","['freeload', 'leech', 'mooch', 'sponger']",Ευκαιρία είναι να πάνε από κει που ήρθαν δεν θέλουμε να τους ταΐζουμε και να παρασιτούν εις βάρος μας...,0.82,qas
EL2423,παρενδυσία,NOUN,0.59,Behavioral_Trait,συνήθεια ή επιθυμία να φορά κάποιος ρούχα του άλλου φύλου,cross-dressing; transvestism,"['τρανσβεστισμός', 'διασταυρωμένη ένδυση', 'διαφυλική μεταμφίεση']","['transvestism', 'cross-dressing', 'gender nonconforming dress']",Το μόνο κοινό με τον Τσώρτσιλ είναι η παρενδυσια (λέγεται ότι φορούσε μεταξωτές κυλότες) 🤡,,om
EL2423,παρενδυσία,NOUN,0.59,State,Κλινική κατάσταση όπου κάποιος διεγείρεται σεξουαλικά φορώντας ρούχα που κοινωνικά αποδίδονται στο άλλο φύλο,transvestic fetishism : paraphilia involving erotic cross-dressing,['φετιχιστικός τρανσβεστισμός'],"['transvestic fetishism', 'fetishistic cross-dressing']",Παρενδυσία και νόμιζα ότι η σχιζοφρένεια είναι σοβαρή πάθηση,,om
EL639,παρίας,NOUN,0.69,Person,Πρόσωπο κοινωνικά αποκλεισμένο και περιφρονημένο από την κοινότητα,social outcast,"['απόβλητος', 'παρείσακτος', 'μαύρο πρόβατο', 'λούμπεν']","['outcast', 'pariah', 'reject']",Αν είχαμε βγει από το ευρώ θα ειμάσταν κράτος παρίας-Η ρευστότητα θα αρχίσει να επιστρέφει - Ζωντανά η ομιλία Σαμαρά,0.34,is
EL2095,πατάτα,NOUN,0.11,Person,"Ειρωνικός χαρακτηρισμός για άτομο ανίκανο, αργό ή τεμπέλικο",loser / couch-potato : inept or lazy person,"['γκάφα', 'κοτσάνα', 'μπούρδα']","['blunder', 'gaffe', 'howler']",Κοροϊδεύετε τον πατάτα αλλά για τον εκάστοτε πατάτα που ψηφίζει το ίδιο κόμμα με σας δεν βγάζετε άχνα,0.71,or
EL2095,πατάτα,NOUN,0.11,Event,Μεγάλο λάθος ή γκάφα που προκαλεί αμηχανία,big blunder,"['χαϊβάνι', 'ανίδεος', 'τεμπέλης']","['loser', 'couch potato', 'dummy']",Μόνο ένας ηλίθιος σαν τον Πετράτο θα έβγαζε στον αέρα τέτοια πατάτα».,0.76,or
EL2083,πεθαίνω,VERB,0.36,Event,Χάνω οριστικά τη ζωή και παύω να υπάρχω,cease living,"['αποθνήσκω', 'σβήνω', 'τελευτώ', 'αποδημώ']","['die', 'pass away', 'perish', 'expire']","Δόξαζα μονάχα το θεό, όποιος κι αν ήταν, που είχε λυπηθεί τη μαμά και της έστειλε εγκαίρως τον καταρράχτη για να μη δει το Ντίνο να πεθαίνει ζωντανός.",0.36,cds
EL2083,πεθαίνω,VERB,0.36,Event,"Σωματικό ή ψυχικό αίσθημα· βιώνω ακραίο πόνο, έλλειψη ή ένταση (πείνα, δίψα, κρύο, γέλιο).","to be dying (of…), to be starving, to keel over laughing","['ξεκαρδίζομαι', 'λιώνω στο γέλιο']","['suffer badly', 'be starving', 'die laughing']","Ο άλλος είναι γύρω στα τριάντα, αδύνατος μ’ ένα φτηνό κοστούμι αγορασμένο από μεγάλο κατάστημα και μια γραβάτα, τόσο χιλιοφορεμένη, που θα πρέπει να πεθαίνει από τη μοναξιά, γιατί σίγουρα δεν έχει ταίρι.",0.5,cds
EL2083,πεθαίνω,VERB,0.36,Event,"Επιθυμώ κάτι πάρα πολύ, σε σημείο ανυπομονησίας",to die for : crave intensely,"['υποφέρω', 'ψοφάω']","['crave', 'long for', 'die for']","Έστω κι αν λογικά λες ότι έκανες καλά που το ‘κοψες, μέσα σου πεθαίνεις να ρίξεις μερικές φάπες, όπως ο τέως καπνιστής που ψοφάει για μια τζούρα.",0.26,cds
EL2170,πειρατεία,NOUN,0.54,Repetitive_Action,"Ένοπλη επίθεση ή κατάληψη πλοίου, αεροσκάφους ή άλλου οχήματος με στόχο λεηλασία ή ομηρία για λύτρα",piracy (armed robbery at sea or hijacking),"['θαλάσσια ληστεία', 'αεροπειρατεία']","['piracy', 'hijacking', 'sea robbery']",Κομισιόν για πειρατεία στα ελληνικά πλοία: «Απαράδεκτη κατάσχεση – Εκφράσαμε την ανησυχία μας στο Ιράν»,0.52,re
EL2170,πειρατεία,NOUN,0.54,Repetitive_Action,"Παράνομη αντιγραφή, διανομή ή αναμετάδοση προστατευόμενων αρχείων, προγραμμάτων ή σήματος χωρίς άδεια",copyright infringement/piracy (unauthorized copying or distribution),"['κλοπή λογισμικού', 'παρανόμη διανομή']","['software piracy', 'media piracy']",Ιδρύεται και στην Ελλάδα κόμμα “διαδικτυακής πειρατείας”.,0.38,re
EL1028,πειρατής,NOUN,0.38,Person,Άτομο που ληστεύει πλοία ή καταλαμβάνει αεροπλάνα ή άλλο όχημα με τη βία,person who commits piracy,"['κουρσάρος', 'καταραντής', 'λαθρέμπορος', 'πειρατιώτης']","['pirate', 'corsair', 'buccaneer', 'raider']",O Johnson είναι ένας broker: Μου επιβεβαίωσε αυτό που φανταζόμουν: ότι αποκλείεται να έβαλαν πειρατές τη φωτιά στο πλοίο του Χαρδάκου.,0.23,an
EL1028,πειρατής,NOUN,0.38,Person,"Άτομο που αντιγράφει, διανέμει ή αναμεταδίδει προστατευόμενο ψηφιακό περιεχόμενο ή ραδιοσήμα χωρίς άδεια, παραβαίνοντας πνευματικά ή ραδιοτηλεοπτικά δικαιώματα",software pirate / pirate broadcaster (unauthorized infringer or radio operator),"['ραδιοπειρατής', 'πειρατικός εκφωνητής']","['software pirate', 'cracker', 'pirate broadcaster', 'radio pirate']",Πιάστηκε στα πράσα 60χρονος «πειρατής» - Μετέδιδε ποδόσφαιρο και ταινίες για να βγάζει μεροκάματο #ΠΕΙΡΑΤΗΣ #ΣΥΝΔΡΟΜΗΤΙΚΑ_ΚΑΝΑΛΙΑ,,an
EL64,πεισματάρης,ADJ,0.31,Person,Άτομο που επιμένει υπερβολικά στις απόψεις του και δεν συμβιβάζεται,obstinate person,"['ξεροκέφαλος', 'μονόχνωτος', 'πηγνός', 'πεισματάρικο']","['stubborn', 'obstinate', 'headstrong', 'pig-headed']",username Ρώτα να μάθεις. Λες να τα γράφω έτσι; Απλώς είναι πολύ πεισματάρης και λατρεύει το βυθό και την περιπέτεια. Κάνει και φυσιοθεραπείες στον Άγιο Δομήνικο. Αυτά.????,0.19,an
EL2072,περιδρομιάζω,VERB,0.44,Repetitive_Action,"Τρώω πάρα πολύ, συχνά με βουλιμικό τρόπο, μέχρι σκασμού",gorge oneself repeatedly,"['καταβροχθίζω', 'τσακίζω', 'ξεσκίζω στο φαγητό', 'λυσσολερώ']","['gorge', 'stuff oneself', 'pig out', 'devour']","Αδιαφορουν για τις ζωες των ανθρωπων, αν θα χουν ψωμι στο τραπεζι, αν θα μπορουν να προσφερουν τα απαραιτητα στα παιδια τους. Τι ζητανε? Δουλεια, απλως δουλεια. Αυτοι περιδρομιαζουν απο παντου χωνουν τα παιδια τους στις πιο υψηλες θεσεις αλλα εσυ εργατη μεινε στο δρομο.",0.41,cds
EL1409,πηδώ,VERB,0.46,Event,Επιτελώ σεξουαλική πράξη με χυδαίο ή επιθετικό τόνο,have sex (vulgar),"['γαμώ', 'πηδάω', 'ξεσκίζω', 'καρφώνω']","['fuck', 'bang', 'screw', 'ride']",- Θα σου πηδάω την Μελάνια και συ θα βλέπεις - Μου αρέσει να βλέπω #ΧΑΟΣ_ΔΑΓΚΩΤΟ,,asm
EL2142,πιετισμός,NOUN,0.46,Behavioral_Trait,Υποτιμητικός όρος για υπερβολικά ηθικολογική στάση που προβάλλει εξωτερική ευσέβεια.,excessive religious piety,"['ευσέβεια', 'πουριτανισμός', 'θρησκοληψία', 'μυστικισμός']","['pietism', 'piety', 'puritanism', 'religiosity']",@username Η προβολή συγκεκριμένων δημιουργών στο έργο των οποίων κυριαρχεί ο πιετισμός και η χριστιανική ηθικολογία.,,cds
EL1109,πισινός,NOUN,0.31,Object,"Οπίσθιο μέρος του ανθρώπινου σώματος, οι γλουτοί",buttocks,"['κώλος', 'οπίσθια', 'ποπός', 'γλουτοί']","['butt', 'rear', 'behind', 'backside']","Τον βάζω στο κρεβάτι και του δίνω δυο τσουχτές στον πισινό, και του λέω: “Σους!”.",0.47,om
EL1087,πίσω,ADV,0,Event,Επιφώνημα ή προστακτική που διατάζει κάποιον να απομακρυνθεί· συχνά εκφέρεται με επιθετικό τόνο,back off! : abrupt order to step back,"['πίσω ρε!', 'κάνε πίσω']","['back off!', 'get back!']","Έλαβ' ένα γράμμα απ' τον αρχιτσιφούτη τον πατέρα της, στο οποίο τη διατάζει ο στραβούλιακας να γυρίσει αμέσως πίσω.",0.65,om
EL1282,πλαστογραφία,NOUN,0.61,Event,Παράνομη κατασκευή ή αλλοίωση εγγράφων ή υπογραφών με σκοπό εξαπάτηση,illegal forging of documents,"['παραχάραξη', 'πλαστοποίηση', 'νόθευση', 'απάτη']","['forgery', 'counterfeiting', 'falsification', 'fraud']",Χειροπέδες σε έξι μέλη διεθνούς κυκλώματος πλαστογραφίας με δράση και στην Κρήτη  #creteplus_gr #plastografia,0.26,dmc
EL2196,πλαστός,ADJ,0.43,Behavioral_Trait,Κατασκευασμένο ή αλλοιωμένο ώστε να μοιάζει γνήσιο χωρίς να είναι αυθεντικό,fake or forged,"['ψεύτικος', 'μαϊμού', 'νόθος', 'απομίμηση']","['fake', 'counterfeit', 'bogus', 'spurious']","username username username Αυτό είναι θεωρητικό και συζήτηση περί υπερκατανάλωσης, πλαστών αναγκών και καπιταλισμού. Η κουβέντα όμως δεν γίνεται για εκείνους που έχουν χρήματα να αγοράσουν 1 καλο vs 5 χαμηλής ποιότητας και την πολυτέλεια να μιλήσουν περί ηθικής.",0.36,dmc
EL256,πλεονεκτικότητα,NOUN,0.34,State,Ιδιότητα που προσφέρει συγκριτικά οφέλη σε σχέση με άλλες επιλογές,state of being advantageous,"['υπεροχή', 'πλεονέκτημα', 'προνόμιο', 'ισχύς']","['advantage', 'superiority', 'benefit', 'edge']",Ναι οκ να γίνουμε τότε ένα μπαχαλο κ ένα κολοχανιο εντελώς για να είστε μερικοί ελεύθεροι να κάνετε ότι θέλετε χωρίς τύψεις ακόμα κ εις βάρος αλλονων!!! Αυτό είναι  πλεονεκτικοτητα.,,svp
EL215,πλεονεξία,NOUN,0.46,Repetitive_Action,Υπερβολική και αδιάκοπη επιθυμία για απόκτηση περισσότερων αγαθών ή πλούτου,excessive greed,"['απληστία', 'φιλαργυρία', 'κτητικότητα', 'λαγωμάρα']","['greed', 'avarice', 'covetousness', 'cupidity']",Κατάφερε να βρει γαλήνη στα γεράματα σε σπίτι φιλοξενίας! Είναι πλεονεξία να θέλει και υιοθεσία;;;,0.25,svp
EL2405,πληγώνω,VERB,0.28,Event,Προκαλώ σωματικό ή ψυχικό πόνο σε κάποιον,cause physical or emotional hurt,"['τραυματίζω', 'λαβώνω', 'πονέζω', 'σπαράζω']","['hurt', 'wound', 'injure', 'harm']","Στον πόνο δεν υπάρχουν όμορφοι ή άσχημοι, ούτε συμπάθειες ή αντιπάθειες..Δεν χρειάζεται να είναι φίλος σας ή να θέλετε την άλλη για να της πείτε μια ζεστή κουβεντούλα..κ με πληγώνει να η επιλεκτική ευαισθησία. Μη φοβάστε, δεν θα θεωρήσουμε πως μας νοιάζεστε, ανθρωπιά είναι",0.43,re
EL1174,πλημμέλημα,NOUN,0.46,Event,Ποινικά κολάσιμη πράξη μικρότερης βαρύτητας από κακούργημα,misdemeanor,"['παράπτωμα', 'αδίκημα', 'ελαφρύ έγκλημα', 'παρανομία']","['misdemeanor', 'offense', 'minor crime', 'violation']",username Μιλάει για ανθρωποκτονίες κ βιασμούς σαν να πρόκειται για απλά πλημμελήματα.Εγκληματικές φυσιογνωμίες οι κυβερνώντες που τους αξίζουν ισόβια,0.82,re
EL506,πλήξη,NOUN,0.23,State,Αίσθημα ανίας και έλλειψης ενδιαφέροντος,boredom,"['ανία', 'βαρεμάρα', 'ριχάδα', 'μούχλα']","['boredom', 'ennui', 'tedium', 'dullness']",Η Σουηδία θυμίζει την γυναίκα που δεν άντεχε την τέλεια ζωή της και έγινε δούλα για να σκοτώσει την πλήξη της,0.56,svp
EL214,πολυλογάς,ADJ,0.43,Person,"Άτομο που μιλά συνεχώς, μακρηγορεί και κουράζει με περίσσεια, συνήθως ανούσιο, λόγο","chatterbox, person who talks too much","['φλύαρος', 'λαλίστατος', 'μουρμουράς', 'παρλαπίπας']","['talkative person', 'chatterbox', 'blabbermouth', 'motor-mouth']",Μεγάλος πολιτικός ο Δένδιας...πολυλογάς και επιδειξίας ο Μπογδάνος.Είναι από τους τύπους που θα συνεργάζονταν με τον εκάστοτε κατακτητή για πλάκα...,0.78,ddp
EL2047,πολυλογώ,VERB,0.28,Repetitive_Action,"Μιλώ ακατάπαυστα, σε σημείο να κουράζω όσους ακούνε, επαναλαμβάνοντας συνήθως περιττές λεπτομέρειες",talk incessantly,"['φλυαρώ', 'μπλαμπλαδίζω', 'μουρμουρίζω', 'κουβεντιάζω ακατάπαυστα']","['ramble', 'babble', 'prattle', 'yak']","«Να μη σας τα πολυλογώ, κύριε πρόεδρε, του λέω: “Θα μου ξηγηθείς τίποτα;”.",0.33,cds
EL903,πονηριά,NOUN,0.49,Behavioral_Trait,ιδιότητα ανθρώπου που σκέφτεται ύπουλα και εκμεταλλεύεται τους άλλους για προσωπικό όφελος,"slyness, crafty mentality","['κουτοπονηριά', 'υπουλότητα', 'δόλος']","['cunning', 'craftiness', 'guile']","Είχαμε τη φαντασία να κατασκευάσουμε το Δούρειο Ίππο, αλλά δεν είχαμε την πονηριά και την τόλμη, να τον τοποθετήσουμε μέσα στα τείχη.",0.3,cds
EL903,πονηριά,NOUN,0.49,Event,Κρυφό τέχνασμα ή επιμέρους πράξη δόλου,trick : deceitful act,"['κόλπο', 'τρικ', 'δουλειά από μέσα']","['trick', 'ploy', 'ruse']",username username username Αυτοί έχουν διαιρέσει με # εμβολιασμένων/ανεμβολίαστων με θανάτους. Για αυτό έκαναν την πονηριά με τον 'πληθυσμό'.,0.39,cds
EL1426,πονηρός,ADJ,0.41,Person,άνθρωπος με ύπουλο νου που ενεργεί με δόλο για να ωφεληθεί,"sly, deceitful person","['κουτοπόνηρος', 'δόλιος', 'υποχθόνιος', 'μπαμπέσης']","['sly', 'cunning', 'devious', 'crafty']",Πονηρή και αδίσταχτη σαν τον πατέρα της.,0.77,cds
EL1426,πονηρός,ADJ,0.41,Behavioral_Trait,"Λέξη για βλέμμα, χαμόγελο ή υπονοούμενο με κρυφό, συχνά σεξουαλικό, υποδηλούμενο",suggestive : hinting at something improper,"['ματιές με νόημα', 'πονηρούτσικος', 'υπονοούμενος']","['suggestive', 'naughty', 'knowing']",Το ερώτημα είναι: πού βρήκε τα λεφτά ένας υπάλληλος εταιρείας σοσιαλιστικής χώρας για ν’ ανοίξει επιχείρηση στην Ελλάδα;» Σωπαίνει και με κοιτάζει μ’ ένα πονηρό χαμόγελο.,0.48,cds
EL1453,πορνεία,NOUN,0.8,Repetitive_Action,"Επαγγελματική, συστηματική ανταλλαγή σεξουαλικών πράξεων έναντι αμοιβής",practice of prostitution,"['εκδιδόμενη εργασία', 'αγοραίο σεξ']","['prostitution', 'whoredom', 'sex work']","username Κάθε εργασία με σκοπό το κέρδος είναι πορνεία. Κράξιμο, περιοδικό. Φυσικά υπάρχει και ως επάγγελμα η πορνεία. Από πάντα!",0.69,pr
EL229,πορνείο,NOUN,0.7,Object,χώρος όπου προσφέρονται σεξουαλικές υπηρεσίες επί πληρωμή,brothel,"['οίκος ανοχής', 'χαμαιτυπείο', 'μπουρδέλο']","['brothel', 'whorehouse', 'bordello']",Aυτά ήταν τα τομάρια της οικογένειας Κλίντον που όλο το πολιτικο-δημοσιογραφικό πορνείο της χώρας ...,0.87,cds
EL321,πόρνη,NOUN,0.9,Person,γυναίκα που παρέχει σεξουαλικές υπηρεσίες με αμοιβή,female prostitute,"['ιερόδουλη', 'κοινή', 'πουτάνα', 'εργαζόμενη του σεξ']","['prostitute', 'sex worker', 'hooker', 'whore']",Στην κουζινα μια νεγρα πορνη ισιωνει την καλτσοδετα της καθως ο μπαρμαν μασαει με τροπο λαιμαργο τον καπνο του.,0.67,an
EL321,πόρνη,NOUN,0.9,Person,Υβριστικός χαρακτηρισμός γυναίκας θεωρούμενης ανήθικης ή πολύ ερωτικά διαθέσιμης,slut : woman insulted for alleged promiscuity,"['ελαφρών ηθών', 'ξεδιάντροπη']","['slut', 'whore']","Με φώναξες εδώ, για να μου πεις πως είμαι πόρνη και πως ο έρωτας είναι θρησκεία; Ωραία!",0.84,an
EL737,πουλί,NOUN,0.33,Object,λαϊκός όρος για το ανδρικό γεννητικό όργανο,slang for penis,"['πούτσος', 'πούτσα', 'τσουτσούνι', 'μόριο']","['dick', 'cock', 'penis', 'member']",Πιθανόν... Μαλακότερο μαξιλαράκι για να παίζει το πουλί του.,0.6,asm
EL739,πούλος,NOUN,0.59,Event,"χυδαία προστακτική ή βρισιά που δηλώνει απόρριψη και προτρέπει κάποιον να φύγει, προερχόμενη από αναφορά στο ανδρικό μόριο",vulgar dismissive expletive meaning “get lost”,"['άντε γεια', 'άι στο διάολο', 'παραιτήσου']","['scram', 'get lost', 'buzz off']",username Πρώτα θα της φτιάξει τα μαλλιά η Μαίρη και μετά θα την πάρει ο πούλος,0.92,asm
EL833,πούστης,NOUN,0.85,Person,"Υβριστικός όρος για ομοφυλόφιλο άνδρα, συχνά με ρητορική μίσους",faggot : derogatory term for gay man,"['αδελφή', 'γιακουμής', 'λουλού', 'γκέι']","['faggot', 'queer (slur)', 'sissy', 'homo']","username username Εμείς μιλάμε για την το πουστη και όχι για πουστια , με κάθε ανία, ο πουστις είναι αυτός που το παίρνει, μετά απλά βγάλανε την λέξη πουστια.",0.78,or
EL833,πούστης,NOUN,0.85,Person,"Βρισιά για ύπουλο ή ανέντιμο άτομο, ανεξάρτητα από σεξουαλικότητα, χρησιμοποιείται κυρίως σε ανδρικές, οικείες παρέες ως σκληρή ή σκωπτική προσφώνηση",sly bastard : treacherous person,"['κατεργάρης', 'παλιάνθρωπος']","['scumbag', 'sly dog']","username Ρε πούστη έχω ακουσει για φετίχ με στολές, τέτοιο πράγμα σαν αυτή την βαρεμενη δεν έχω ματαπετυχει",0.76,or
EL325,πουτάνα,NOUN,0.82,Person,"Βρισιά για γυναίκα που θεωρείται ανήθικη, άπιστη ή προκλητική",offensive term for promiscuous woman or prostitute,"['τσούλα', 'πόρνη', 'ξεκωλιάρα', 'βίζιτα']","['whore', 'slut', 'bitch', 'hooker']","Σαν την πουτάνα που μόλις μπουκάρει μπάτσος στο παράνομο πορνείο φωνζει ""βιασμός!""",0.97,an
EL325,πουτάνα,NOUN,0.82,Person,"Γυναίκα που εμπορεύεται συστηματικά το σεξ· λαϊκή, προσβλητική λέξη για ιερόδουλη",whore : female sex-worker (vulgar),"['πόρνη', 'εκδιδόμενη', 'σεξεργάτρια']","['whore', 'hooker', 'prostitute']","Επίτηδες το κάνει η πουτάνα, για να μ' αφήσει σε αγωνία.",0.95,an
EL325,πουτάνα,NOUN,0.82,State,Έκφραση για ακραίο χάος ή πανικό: «γίνεται της πουτάνας»,pandemonium : total chaos,"['μπάχαλο', 'χάος', 'πανικός']","['pandemonium', 'utter chaos']",Μη βρεθεί Έλληνας που να μην τα κάνει πουτανα ολα με τη μια. AI και chat gpd σε βραχυκύκλωμα,,an
EL1650,πούτσα,NOUN,0.77,Object,χυδαίος λαϊκός όρος για το ανδρικό μόριο,vulgar word for penis,"['πούτσος', 'πουλί', 'τσουτσούνι', 'καυλί']","['dick', 'cock', 'prick', 'penis']","δίπλα μου στην παραλία ήρθαν δύο που είχαν τον ίδιο σωματότυπο, ίδιο κούρεμα και γένια και ήταν ισοϋψείς. Τους ξεχώριζες μόνο από το χρώμα της πούτσας του ενός που ήταν αρκετά πιο σκουρόχρωμη.",0.8,asm
EL1650,πούτσα,NOUN,0.77,State,"Έκφραση ολικής κακοτεχνίας, απόλυτου χάους ή μηδαμινής αξίας",worthless / chaotic,"['της κακιάς ώρας', 'του κώλου']","['crappy', 'half-assed']",username Ρε βλαμεννε δεν βαρέθηκες να ξεφτλιζεσαι; πόσο πουτσα θα τρως στα πάνελ; δεν μπορείς να αρθρώσεις μια λέξη βρε αναπηρε που θέλεις και να βγαίνεις να μιλάς. Δεν έχεις δικούς σου να σε προφυλαξουν; είσαι πραγματικά για πολύ λύπηση... Δες τον εαυτό σου.. Δεν μπορείς να μιλήσεις πια,0.93,asm
EL744,πούτσος,NOUN,0.72,Object,καθολικός χυδαίος όρος για το ανδρικό γεννητικό όργανο,common vulgar term for penis,"['πούτσα', 'πουλί', 'τσουτσούνι', 'καυλί']","['dick', 'cock', 'prick', 'penis']",username Τέλειο μουνάκι για ????????γλυψιμο. Κ πουτσο. Καυλα. Είσαι.,0.97,asm
EL744,πούτσος,NOUN,0.72,State,"Χαμηλή ποιότητα ή πλήρης αποτυχία, χαρακτηρισμός αντικειμένου ή κατάστασης",third-rate stuff : very poor or useless thing/situation,"['χάλια', 'του κώλου']","['crap', 'lousy']","Αυτο που μπουκώνει μία το ένα ρουθούνι μία το άλλο, παλεύεις με τα χαρτομάντιλα και δε βγαίνει ίχνος μύξας ΕΙΝΑΙ ΓΙΑ ΤΟ ΠΟΥΤΣΟ",0.84,asm
EL1232,προαγωγός,NOUN,0.59,Person,"άνδρας που εκμεταλλεύεται ιερόδουλες, οργανώνοντας και αποκομίζοντας κέρδος από την πορνεία","pimp, person who profits from prostitution","['νταβατζής', 'μαστροπός', 'προστάτης ιερόδουλων']","['pimp', 'procurer', 'trafficker']",username Εσύ για να το γράφεις αυτό ή βιαστής είσαι ή προαγωγός,0.88,cds
EL719,πρόβατο,NOUN,0.33,Person,"Άτομο που ακολουθεί άκριτα την ομάδα, παθητικό και εύκολα χειραγωγήσιμο","docile, unthinking follower","['άβουλος', 'ακολουθός', 'υπάκουος']","['sheep', 'follower', 'pushover', 'yes-man']",username Πρόβατα είναι που τους λένε «κακή αστυνομία» και τα πιστεύουν. Έχουν προπαγανδιστεί από όταν γεννήθηκαν.,0.57,an
EL754,πρόβλημα,NOUN,0.18,State,δυσκολία ή ανεπιθύμητη κατάσταση που απαιτεί λύση,difficulty requiring solution,"['μπλέξιμο', 'ζόρι', 'δυσκολία', 'αναποδιά']","['problem', 'issue', 'trouble', 'difficulty']","Δυστυχώς όμως αυτός δεν θα μπορέσει να συνοδέψει μάνα και κόρη, γιατί η φάρμα ξαφνικά παρουσίασε κάτι πολύ σοβαρά προβλήματα και πρέπει να καθίσει να κουμαντάρει την κατάσταση.",0.3,cds
EL754,πρόβλημα,NOUN,0.18,Person,Άτομο που προκαλεί συνεχώς δυσκολίες· πηγή ενόχλησης,troublemaker : person who is the problem,"['μπελάς', 'πονοκέφαλος']","['nuisance', 'pain']",Το μόνο πρόβλημα είναι ο Μπέης.,0.34,cds
EL2480,προδότης,NOUN,0.72,Person,άτομο που παραδίδει ή εγκαταλείπει τους δικούς του παραβιάζοντας την εμπιστοσύνη,traitor,"['καταδότης', 'δωσίλογος', 'αποστάτης']","['traitor', 'betrayer', 'turncoat', 'back-stabber']",Πληρώνετε τους προδότες που τους αλλάζουν κάθε τέσσερα χρόνια και σας ενοχλούσε ο Βασιλέας που πάλευε και παλεύει με κάθε τρόπο για την χώρα μας. Καλύτερα ο Βασιλιάς παρά οι προδότες σας #Σακελλαροπουλου,0.55,dmc
EL1850,προπαγανδιστής,NOUN,0.62,Person,άτομο που διαδίδει συστηματικά παραπλανητικές ιδέες για να επηρεάσει τη γνώμη του κοινού,propagandist,"['χειραγωγός', 'προβοκάτορας', 'διακινητής ιδεών']","['propagandist', 'spin doctor', 'agitator', 'brainwasher']",username username Γιατί δεν τους ταίζει με διαφημίσεις... Τι ψάχνεις και συ τώρα... Προπαγανδιστές ήταν μια ζωή... Ήθελε ο ΨΥΡΙΖΑ να βγάλει το αντιπατριωτικό του μένος και το φερέφωνο έτρεξε να κάνει το θέλημα του αφεντικού του...,0.52,cds
EL430,προσβάλλω,VERB,0.54,Event,πράξη με την οποία κάποιος λέει ή κάνει κάτι που μειώνει την αξιοπρέπεια άλλου,"to insult, offend","['βρίζω', 'θίγω', 'υποτιμώ', 'εξευτελίζω']","['insult', 'offend', 'mock', 'demean']","Έκανα την πράξη αυτή υπό την επήρεια κακής συγκυρίας στη ζωή μου, χωρίς καμία πρόθεση να βλάψω, να προσβάλλω ή να ζημιώσω κανέναν.",0.45,cds
EL1025,ραδιούργος,ADJ,0.74,Person,άτομο που μηχανεύεται κρυφά σχέδια και παγίδες εις βάρος άλλων,"schemer, intriguer","['δολοπλόκος', 'συνωμότης', 'υποχθόνιος', 'δόλιος']","['schemer', 'plotter', 'conniver', 'intriguer']","Εχουμε δει πολλούς παικτες που μας εκνεύριζαν κυρίως με τους καυγαδες τους! Όμως αυτός εδώ είναι μακράν ό,τι χειρότερο εχει περάσει! Ενας ραδιούργος δίχως όρια! Ένα βύσμα που για να προχωρήσει στο παιχνίδι, σπέρνει τη διχόνοια στους αντιπάλους του! Υπουλος και βύσμα! #survivorGR",,cds
EL78,ραθυμία,NOUN,0.43,Behavioral_Trait,σταθερή τάση για αδράνεια και αποφυγή προσπάθειας,"sloth, lethargy","['οκνηρία', 'τεμπελιά', 'νωθρότητα']","['sloth', 'laziness', 'indolence']","Είναι όμως θλιβερό, άτομα που κάποτε ξεκίνησαν με κάποιο ταλέντο, να καταλήγουν σε μια εξυπνάδικη χυδαιότητα για να καλύψουν έτσι τη ραθυμία τους και τη μουσική τους απραξία.",,svp
EL78,ραθυμία,NOUN,0.43,State,Παροδική αίσθηση ψυχικής νάρκης και ανίας που παραλύει κάθε ενδιαφέρον,torpor : temporary mental listlessness,"['ακηδία', 'βαρεμάρα']","['torpor', 'boredom']",Όταν πάψουν να τους βγάζουν τα κανάλια τόσο συχνά θα διακρίνουμε την ραθυμία τους και την έλλειψη αγωνιστικότητας. Λίγη αναμονή,,svp
EL2257,ρυπαρός,ADJ,0.51,Behavioral_Trait,αντικείμενα που φέρουν ορατή βρωμιά,"filthy, dirty ","['βρομερός', 'μολυσμένος', 'ακάθαρτος']","['filthy', 'dirty', 'squalid', 'unclean']",Θωμάς Μαργαρίτης: «Οι ρυπαρές πένες του κ.Χαρακίδη πήραν φωτιά»,0.59,dmc
EL2257,ρυπαρός,ADJ,0.51,Person,Ηθικά αισχρός ή χυδαίος· που προσβάλλει την αγνότητα του λόγου ή της συμπεριφοράς,vile : morally foul,"['χυδαίος', 'μιαρός', 'ανήθικος']","['vile', 'sordid', 'unclean']","Αναβίωσε ο ΣΥΡΙΖΑ το εμφυλιοπολεμικό κλίμα κι όχι ο ρυπαρός ακροδεξιός εσμός του Βορίδη, του Πλεύρη, του Κυριακου και των συλλαλητηρίων της Μακονιας αγκαλιά με τους ναζί και τους παπάδες. Αυτοί που έστελναν σφαίρες σε υπουργούς και βουλευτές ήταν… μετριοπαθείς",,dmc
EL244,σαβούρα,NOUN,0.62,Object,"Κάθε άχρηστο, ευτελές ή χαμηλής ποιότητας αντικείμενο",worthless junk or low-grade material,"['παλιοπράγματα', 'σκουπίδια', 'άχρηστα', 'ξεπερασμένα είδη']","['junk', 'trash', 'rubbish', 'scrap']",Ρε τι σαβούρες πατάτες είναι αυτές που πουλάτε στα χαμπουργκεράδικα!!!! Καλά κάνω και προτιμώ τα πιτογυρεία.,0.61,qas
EL244,σαβούρα,NOUN,0.62,Person,χαρακτηρισμός για άτομα ή ομάδες που θεωρούνται παντελώς άχρηστα ή αποκρουστικά,derogatory term for people considered low-class or worthless,"['απόβρασμα', 'περιθώριο', 'κατιναριό', 'καθάρματα']","['scum', 'riffraff', 'trash', 'low-lifes']",username Αλλωστε στη Τζωρτζινα την πρόδωσε η μεγάλη ποσότητα γιατι δε πρόλαβε να αποβληθεί ..οπως ισως στο πρώτο παιδι…γι αυτο χτυπιόταν δεν θα βρείτε τιποτα!ηξερε η σαβούρα!αλλα…πισω εχει η αχλάδα την ουρά!,0.75,qas
EL937,σακατεύω,VERB,0.41,Event,"προκαλώ σοβαρή, μόνιμη σωματική βλάβη ή μεγάλη φθορά",to maim badly or ruin irreparably,"['ακρωτηριάζω', 'τραυματίζω σοβαρά', 'ξεκάνω', 'καταστρέφω']","['maim', 'cripple', 'disable', 'ruin']",username Κακομαθημενοι είναι οι χειρούργοι που σφάζουν κ σακατευουν κόσμο χωρίς να τους κρεμαμε κ κλέβουν τα σφαγεία,0.43,ddf
EL1826,σατανικός,ADJ,0.77,Person,"προσβλητικός χαρακτηρισμός για άτομο με κακόβουλες, δόλιες ή ακραία πονηρές προθέσεις",describing a person as devilishly evil or cunning,"['διαβολικός', 'μοχθηρός', 'πονηρός', 'απάνθρωπος']","['devilish', 'evil', 'diabolical', 'malevolent']",Ο Κοντιζάς συνεχίζει.. Παρατηρήστε τον τρόπο που ξεψαχνιζει το ψάρι. Σε συγκεκριμένα σημεία γιατί...ξερει σαν γνώστης ότι εκεί ΠΑΝΤΑ θα βρει. Σατανικός #MasterChefGR,0.65,dmc
EL1826,σατανικός,ADJ,0.77,Behavioral_Trait,"χαρακτηρισμός που εκδηλώνει μοχθηρία, πανουργία ή κακία «σαν του Σατανά»",diabolical,"['δαιμονικός', 'πονηρός', 'δολοπλόκος']","['diabolical', 'devilish', 'satanic']",Σου επιδοτούμε το 80% της αυξησης του ρεύματος και τα χρήματα για τις ανάγκες της επιδότησης θα τα πάρουμε απο εσένα μέσω της παρακράτησης φόρου που γίνεται στο 40% του μισθού σου κάθε μήνα. Σατανικό.,0.5,dmc
EL1977,σατυρίαση,NOUN,0.33,State,"Παθολογικά έντονη και μόνιμη σεξουαλική ορμή σε άνδρα, αναγνωρισμένη σε παλιότερα ιατρικά εγχειρίδια.",pathological male hypersexuality (satyriasis),"['υπερσεξουαλικότητα', 'παθολογική λαγνεία', 'υπερλιβιδινική διάθεση']","['hypersexuality', 'satyriasis', 'excessive libido']",Σατυρίαση/υπερσεξουαλικότητα. Απλά μια τυχαία ιδέα που μου ήρθε στο μυαλό. Αναρωτιέμαι αν υπάρχουν βιβλία με έναν κεντρικό χαρακτήρα που είναι υπερσεξουαλικός.,,cds
EL1977,σατυρίαση,NOUN,0.33,Behavioral_Trait,Υπερβολική ερωτική διάθεση που χαρακτηρίζει τη συμπεριφορά κάποιου χωρίς να αποτελεί κλινική διάγνωση.,rampant libido : extreme sexual drive,"['λιγούρα', 'καψούρα']","['raging libido', 'sex craze']","Η σεξουαλική εξάρτηση λέγεται συχνά και εξαρτητική-καταναγκαστική σεξουαλική συμπεριφορά. Στους άνδρες αναφέρεται επίσης ως σατυρίαση, στις γυναίκες ως νυμφομανία και στα  δυο φύλα ως υπερσεξουαλικότητα.",,cds
EL2358,σαχλαμάρα,NOUN,0.16,Event,"λόγος ή πράξη ανόητη και χωρίς ουσία, που θεωρείται ενοχλητική ή ασήμαντη",silly remark or act lacking substance,"['ανοησία', 'βλακεία', 'χαζομάρα', 'μπούρδα']","['nonsense', 'silliness', 'stupidity', 'baloney']","username H Μελονη δεν είναι ανόητη, βλέπει τα συμφέροντα τις Ιταλίας. Δεν ασχολείται με τις σαχλαμάρες και δεν παρέδωσε την χώρα της στους ευρωπαίους και στους Αμερικάνους.",0.44,ddp
EL870,σαχλαμαρίζω,VERB,0.46,Repetitive_Action,"Χάνω χρόνο με ανόητες πράξεις ή ανούσιο, φλύαρο λόγο",to keep fooling around doing silly things,"['χαζολογώ', 'τεμπελιάζω', 'αερολογώ', 'χασομερώ']","['goof around', 'mess about', 'fool around', 'idle']","Βασικα,δεν ειμαι σε θεση να γνωριζω. Θεση μονο πηρα κ σαχλαμαριζω.",,cds
EL2493,σίντε,NOUN,nan,Person,όρος που χρησιμοποιείται απαξιωτικά για μέλος της ομάδας Σίντι των Ρομά,derogatory term for a Romani individual of the Sinti subgroup,"['γύφτος', 'τσιγγάνος', 'ρομά']","['gypsy', 'romani', 'sinti']",Εσυ δεν εκοψες τα δωρα....? Σιντε χάσου,,ps
EL2498,σίντηδες,NOUN,0.64,Person,"απαξιωτική ονομασία για την κοινότητα των Σίντι, υποομάδα των Ρομά, συχνά μαζί με γενικεύσεις περί «κλοπών» ή «σκηνών»",offensive name for the Sinti people as a group,"['γύφτοι', 'τσιγγάνοι', 'ρομά']","['gypsies', 'romani people', 'sinti']","Σίντηδες, που τώρα πια το πολιτικά ορθό προστάζει να σας πουν όλους Ρομά, νομάδες την εποχή που όλοι μετρούν τα ακίνητα, άνθρωποι της κοινότητας στις μέρες του ιδιωτεύειν, σκηνίτες περιφερόμενοι σε τόπους που ακόμη και το οργανωμένο camping πεθαίνει σαν τουριστική ατραξιόν, περίσσεψε το μίσος για εσάς.",,ps
EL412,σκανταλιά,NOUN,0.13,Event,μικρή αταξία ή πείραγμα που προκαλεί γέλιο αλλά και ενόχληση,playful mischief or prank,"['παιχνιδιάρικη αταξία', 'πείραγμα', 'ζαβολιά', 'φάρσα']","['mischief', 'prank', 'shenanigan', 'trick']",Γιώργος Λιάγκας: «Θα αποκαλύψω μια σκανταλιά που έκανα! Εγώ όταν ήμουν μικρός...» (Video),0.18,cds
EL811,σκατά,ADV,0.62,Object,ανθρώπινα ή ζωικά περιττώματα που αποβάλλονται από το έντερο,excrement; feces,"['κόπρανα', 'κακά', 'περιττώματα', 'βρωμιές']","['stool', 'feces', 'excrement', 'poop']",username Με το σκατο στο ποπο και οπου φύγει,0.6,asm
EL811,σκατά,ADV,0.62,Behavioral_Trait,"Αυτό που έχει πολύ κακή, απογοητευτική ποιότητα· προϊόν ή δημιούργημα που είναι ελαττωματικό ή δυσάρεστο στη χρήση.",lousy / crappy: of very poor quality,"['χάλια', 'απαίσιο', 'αηδία']","['lousy', 'crappy', 'shit-quality']","«Τι σκατά είναι αυτά που κάνεις;» «Μπαλώνω, καπετάν Διονύση.» «Έτσι μπαλώνουν;» «Έτσι με έμαθε ο λοστρόμος.» «Σκατά σου έμαθε.",0.62,asm
EL811,σκατά,ADV,0.62,State,"Κατάσταση απόλυτης αποτυχίας, χάους ή συντριβής· όλα πάνε τόσο άσχημα που δεν σώζεται τίποτα.",a mess / in the gutter: total failure or chaos,"['χάος', 'μπερδέματα', 'καταστροφή']","['a mess', 'shambles', 'gone to shit']",Έστω και για μισό βιασμό να έχει κριθεί ένοχος ο #Λιγναδης πρέπει να είναι σε μπουντρουμι κι όχι να σουλατσαρει ελεύθερος. Βάλτε τους νόμους σας εκεί που ξέρετε έτσι σκατά που τα χετε κανει όλοι!,0.76,asm
EL811,σκατά,ADV,0.62,Person,"Χυδαία βρισιά που προσάπτει σε κάποιον ότι είναι αναξιόπιστος, αποκρουστικός ή ανίκανος· υποδηλώνει εχθρική στάση απέναντι στην εξωτερική του εικόνα ή την προσωπικότητά του.",piece of shit (slang): a contemptible or worthless person,"['σκουπίδι', 'απόβρασμα']","['piece of shit', 'bastard', 'scumbag', 'trash']",username Όλοι τα ίδια σκατά είναι δεν πήρα θέση υπέρ του Μητσοτάκη,0.63,asm
EL1154,σκαφτιάς,NOUN,0.26,Person,"Ανειδίκευτος εργάτης που σκάβει θεμέλια, τάφρους ή χωράφια",disparaging term for a manual digger or uneducated laborer,"['χαμάλης', 'εργάτης γης', 'λατόμος', 'χωριάτης']","['navvy', 'digger', 'laborer', 'peasant']",username και σκαφτιάς!!! Μουαχαχαχαααα... Πάω για ύπνο!!! Τα λέμε αύριο! Kiss,0.55,cds
EL1154,σκαφτιάς,NOUN,0.26,Person,"Υποτιμητικός χαρακτηρισμός φτωχού, αγράμματου ή «πεζοδρόμιου» εργάτη",ditch-digger (slur),"['βλάχος', 'εργάτης (μειωτ.)']","['ditch-digger', 'peasant']",δεν ντραπηκα ποτε γιατι ειμαι σκαφτιας ειμαι υπερηφανως γιατι υδρωνο& τρωω το ψωμη μου και μεγαλωνο το παιδακι μου κοβοντας απο το δικομ,,cds
EL1657,σκευωρώ,VERB,0.59,Event,"Σχεδιάζω και στήνω κρυφή συνωμοσία εις βάρος κάποιου, χαλκεύοντας κατηγορίες",to frame someone by fabricating accusations,"['συκοφαντώ', 'παγιδεύω', 'στήνω κατηγορία', 'δολοπλοκώ']","['frame', 'conspire', 'falsify charges', 'set up']",Μελανοχίτωνες – Τον να σκευωρείς εναντίον της 28ης Οκτωβρίου σημαίνει “ότι είσαι τουλάχιστον ηλίθιος”,,cds
EL1583,σκληρότητα,NOUN,0.34,Behavioral_Trait,ψυχική ή ηθική βαναυσότητα που εκδηλώνεται με σκληρή συμπεριφορά προς ανθρώπους ή ζώα,cruelty; hardness of heart,"['βαρβαρότητα', 'απανθρωπιά', 'ωμότητα', 'ανηλεία']","['cruelty', 'harshness', 'ruthlessness', 'brutality']",Είδα ξαφνικά ανάγλυφη όλη τη σκληρότητα και την απανθρωπιά των ανθρώπων που θεωρούν εαυτούς αναμάρτητους.,0.69,an
EL1583,σκληρότητα,NOUN,0.34,Event,"Ψυχική ή ηθική βαναυσότητα· η διάθεση ή συνήθεια να συμπεριφέρεται κανείς με άγριο, απάνθρωπο τρόπο προς άλλους",act of cruelty (a cruel or brutal incident),"['επεισόδιο βίας', 'κύμα επιθέσεων']","['act of cruelty', 'outburst of cruelty']","Για ""προμήνυμα νέας σκληρότητας "" έκανε λόγο η Παπαρήγα:",0.4,an
EL1380,σκνίπα,NOUN,0.39,State,"κατάσταση ακραίας μέθης, όπου το άτομο δεν ελέγχει τις πράξεις του",state of being completely drunk,"['τύφλα', 'λιώμα', 'πίτα', 'κουδούνι']","['wasted', 'plastered', 'sloshed', 'blind drunk']",Σκνίπα στο μεθύσι ...ο Κούλης από τις ρακιές ! (βίντεο),0.56,an
EL2006,σκοτώνω,VERB,0.64,Event,αφαιρώ τη ζωή κάποιου με πράξη βίας ή αμέλειας,to kill; to take someone's life,"['δολοφονώ', 'φονεύω', 'εκτελώ', 'εξοντώνω']","['kill', 'murder', 'slay', 'execute']","username Ναι τους είδα,ήταν όλοι μέλη της συμμαχίας αυτοί που επιτέθησαν, σκοτώνουν καταστρέφουν και ρημάζουν μια ανεξάρτητη χώρα. Κι εσείς με τον τρόπο σας δικαιολογείται αυτή την απάνθρωπη πράξη",0.68,re
EL2006,σκοτώνω,VERB,0.64,Event,προξενώ έντονο σωματικό πόνο ή δυσανεξία.,Hurt badly : cause great physical discomfort,"['διαλύω', 'βασανίζω']","['hurt badly', 'kill (slang)']",Οι ανθρωπιστες σας σκωτωσαν τους περισσότερους απ όλους,,re
EL2006,σκοτώνω,VERB,0.64,Event,δαπανώ χρόνο άσκοπα για να περάσει η ώρα,Kill time : spend time idly,"['χαραμίζω', 'λιμνάζω']","['kill time', 'idle']",Αναρωτησου καθε φορα. Αυτο που κανω τωρα ειναι σημαντικο; Η απλα σκοτωνω τον πολυτιμο χρονο μου;,,re
EL2006,σκοτώνω,VERB,0.64,Behavioral_Trait,δηλώνει ότι κάτι είναι εντυπωσιακά καλό ή ισχυρό,Totally rocks : is exceptionally impressive,"['θερίζει', 'σαρώνει']","['rocks', 'kills (slang)']",Ο συνδυασμός που σκοτώνει.,0.22,re
EL2461,σκουλήκι,NOUN,0.59,State,"έμμονη, βασανιστική σκέψη που «τρυπά» το μυαλό.",nagging thought,"['έγνοια', 'άχτι']","['nagging idea','obsession']",Μα εμένα μ' έτρωγε όλη μέρα ένα σκουλήκι.,0.43,an
EL2461,σκουλήκι,NOUN,0.59,Person,"μειωτικός χαρακτηρισμός για δειλό, ποταπό ή σιχαμερό άτομο",insult for someone seen as cowardly or contemptible,"['αρουραίος', 'κάθαρμα', 'φίδι', 'κόπρος']","['worm', 'creep', 'low-life', 'vermin']",username username Το μνήμα σου καριόλη με τα σκουλήκια γιατί μόνο εκεί είναι η θέση σου????????????????,0.86,an
EL879,σκουπίδι,NOUN,0.39,Object,κάθε άχρηστο υλικό που πετιέται μετά τη χρήση,waste material; trash,"['απορρίμματα', 'βρωμιά', 'περίσσευμα', 'σκάρτο υλικό']","['garbage', 'trash', 'rubbish', 'litter']","Μια μέρα πριν γυρίσει από τη Θεσσαλονίκη θα τα πετάξω στα σκουπίδια, για να μην τα βρει στο ψυγείο κι έχω γκρίνιες.",0.44,cds
EL879,σκουπίδι,NOUN,0.39,Person,χυδαίος χαρακτηρισμός για άτομο θεωρούμενο άχρηστο ή ανήθικο,derogatory term for someone deemed trashy or useless,"['αποβράσμα', 'τίποτας', 'καθίκι', 'σκάρτος']","['trash', 'scum', 'worthless person', 'dirtbag']",Μιλάμε για τα μεγαλύτερα σκουπιδια της χώρας,0.71,cds
EL879,σκουπίδι,NOUN,0.39,Behavioral_Trait,"Προϊόν, έργο ή ιδέα εξαιρετικά χαμηλής ποιότητας",trash (quality) : very poor product,"['σαβούρα','σαβούρι']","['trash','junk']","Εμένα μου ήρθε 48€,αρα με κλέψατε 45 ολόκληρα € ....και για ενα προϊόν σκουπίδι.",0.44,cds
EL885,σκραπ,NOUN,nan,Object,παλιό μέταλλο ή μηχανικό υλικό που προορίζεται για ανακύκλωση ως απόβλητο,scrap metal; discarded machinery for recycling,"['παλιοσίδερα', 'σκραπ μέταλλο', 'σαβούρα μετάλλου', 'απορρίμματα μετάλλων']","['scrap', 'junk metal', 'metal waste', 'scrap iron']",Η πρώτη φορά που βλέπω  κατάσχεση του σπάνιου  Poliçan P84 . Όπλο κατασκευής δεκαετίας 80 σε χρήση με «ειδικές» αλβανικές υπηρεσίες που τα πέρασαν και στις Ερυθρές Ταξιαρχίες. Υποτίθεται ότι όλα έγιναν σκραπ,,cds
EL885,σκραπ,NOUN,nan,Behavioral_Trait,Οτιδήποτε θεωρείται άχρηστο ή πλήρως φθαρμένο.,junk : worthless old thing,"['σαβούρα','μπάζο']","['junk','clunker']","Βίντεο καταγράφει τη δράση συμμοριών που ξηλώνουν μεταλλικά στοιχεία και καλώδια από τις σιδηροτροχιές για να τα πουλήσουν ως σκραπ! Καταγράφεται καρέ - καρέ η καταστροφή κρίσιμων υποδομών του σιδηροδρομικού δικτύου, την ώρα που δίπλα περνούν τρένα με επιβάτες..!",,cds
EL885,σκραπ,NOUN,nan,Person,"Υποτιμητικός όρος για άτομο (συνήθως γυναίκα ή γενικά ανεπιθύμητο άτομο) που θεωρείται άχρηστο, ασχημόπαπο ή “κατώτερης εμφάνισης”",scrap (slur): worthless person,"['σαράβαλο (μεταφ.)', 'σαβούρα (πρόσωπο)']","['scrap', 'wreck']","Ρε μαλάκα, από τα τόσα μουνιά που κάλεσα μόνο το σκραπ ήρθε...",,cds
EL683,σκύβαλο,NOUN,0.46,Object,"μικρά άχρηστα κομμάτια υλικού, συνήθως μετά την επεξεργασία δημητριακών ή ξύλου",chaff; worthless debris,"['άχυρο', 'φλούδες', 'ρίγες', 'υπολείμματα']","['chaff', 'debris', 'refuse', 'dross']",«Πληρώνω όσο πετώ»: Πόσο θα χρυσοπληρώνουμε τα σκύβαλα – Οι τιμές για τις σακούλες ανά μέγεθος #Κύπρος #Cyprus,,cds
EL683,σκύβαλο,NOUN,0.46,Person,υποτιμητικός όρος για άνθρωπο χωρίς αξία ή ηθικό βάρος που θεωρείται «περιττός»,insult for someone regarded as utter refuse,"['αποβράσμα', 'σκουπίδι', 'καθάρμα', 'τίποτας']","['trash', 'scum', 'dregs', 'low-life']",username Ρε πστ μου από ποιο βόθρο ξέφυγε αυτό το σκύβαλο;,0.84,cds
EL651,σκύλα,NOUN,0.77,Person,"απρεπής χαρακτηρισμός για γυναίκα που θεωρείται σκληρή, κακόβουλη ή ανυπάκουη",offensive term for a woman seen as vicious or unpleasant,"['καριόλα', 'στρίγγλα', 'λύκαινα', 'δαιμονίστρα']","['bitch', 'witch', 'shrew', 'harpy']",Δε θα ξαναπάμε σ' αυτή τη σκύλα.,0.73,an
EL281,σκυλάκι,NOUN,0.16,Person,Άτομο που υπακούει δουλικά σε ισχυρότερο χωρίς να φέρνει αντίρρηση,servile follower who blindly obeys,"['τσιράκι', 'υποτακτικός', 'κόλακας', 'δεκανίκι']","['lapdog', 'yes-man', 'minion', 'sycophant']",“Τρέχει σαν το σκυλάκι πίσω από τον Ντελόπουλο και του λέει ναι σε όλα”».,0.54,an
EL688,σκυλί,NOUN,0.26,Person,"Πρόσωπο που επιδεικνύει αδιάκοπη προσπάθεια και αντοχή στη δουλειά, χωρίς παράπονα, εργαζόμενο σκληρά και με πλήρη αφοσίωση στο έργο του.",hard worker: someone who works with relentless effort and dedication,"['εργατικός', 'φιλόπονος', 'ακούραστος']","['hardworking', 'diligent', 'tireless']",Ξέρεις ότι είμαι σκυλί.,0.43,an
EL688,σκυλί,NOUN,0.26,Person,"Άτομο υποταγμένο ή αναίσχυντο, που φέρεται δουλοπρεπώς ή ανήθικα, προκαλώντας αποστροφή","lap-dog, servile or despicable person","['κοπρόσκυλο', 'κτήνος', 'αληταράς', 'χαμερπές άτομο']","['lackey', 'cur', 'bastard']",Κατίνα... σε παρακαλώ... Έτρεξε πίσω της σαν το σκυλί.,0.64,an
EL282,σκύλος,NOUN,0.3,Person,"Άνδρας σκληρός, αδίστακτος ή αχάριστος· ","dog (pejorative),  ruthless ","['θηρίο', 'παλιάνθρωπος', 'σκληρός', 'αλήτης']","['brute', 'hound', 'bastard', 'ruffian']","Όταν ο σκύλος σου σταματήσει να γαβγίζει, να είσαι σίγουρος ότι κάποιος άλλος τον ταΐζει. Το παραπάνω τουί δεν αφορά σκύλους.",,an
EL2283,σνομπ,ADJ,0.49,Person,Άτομο που θεωρεί εαυτό ανώτερο και περιφρονεί όσους δεν θεωρεί στο επίπεδό του,person who looks down on others as socially inferior,"['ψηλομύτης', 'υπερόπτης', 'ελιτιστής', 'καβαλημένος', 'αρχοντοχωριάτης']","['snob', 'elitist', 'stuck-up', 'pretentious', 'posh']","Είχα μάθει από τη συγχωρεμένη τη μαμά να 'μαι φιλόξενη μ' όλο τον κόσμο κι απ’ το μπαμπά να μην είμαι σνομπ και να μην απορρίπτω κανένα πριν τον γνωρίσω λιγάκι, και πώς να γνωρίσεις, αν δεν πιεις έναν καφέ μαζί του; «Πήγαινε να μας ψήσεις ένα καφεδάκι, και βγάλε κι ένα βύσσινο» της έλεγα.",0.2,cds
EL75,σοδομία,NOUN,0.72,Event,"Σεξουαλική πράξη με πρωκτική διείσδυση ή συνεύρεση με ζώο, στιγματισμένη ως ανήθικη",anal or bestial sexual act seen as perverse,"['πρωκτικό σεξ', 'κτηνιμία', 'βδελυρία']","['sodomy', 'buggery', 'anal intercourse', 'bestiality']",Ο ηγέτης της αντιπολίτευσης στη Μαλαισία κρίθηκε ένοχος για σοδομία,0.81,om
EL77,σοδομισμός,NOUN,0.84,Repetitive_Action,"Συνήθης πρακτική πρωκτικής συνεύρεσης, θεωρούμενη αποκλίνουσα",habitual practice of sodomy,"['ακολασία', 'ανωμαλία', 'ασελγία']","['sodomy', 'habitual buggery', 'anal practice', 'unnatural vice']",Ποιο ISIS? Ο ασύμμετρος πόλεμος της πάσιβ-αγκρέσιβ ελληνίδας μάνας/πεθεράς.. Και κανένας σοδομισμός δεν μας σώζει..,0.57,om
EL1439,σούφρωμα,NOUN,0.34,Event,Απότομη κλοπή μικροπράγματος συνήθως χωρίς βία,quick theft of a small object,"['κλεψιά', 'ψιλό κλέψιμο', 'αρπαγή', 'αρπαχτή']","['pinch', 'nick', 'swipe', 'shoplifting']",Κάποιος πιο πονηρεμένος από εμένα θα έλεγε ότι η Κάτια ξεκίνησε το σούφρωμα  #SurvivorGR,,re
EL1439,σούφρωμα,NOUN,0.34,State,"Δημιουργία πτυχών ή ρυτίδων σε ύφασμα ή λεπτό υλικό (π.χ. χαρτί), συνήθως από δίπλωμα, τσαλάκωμα ή συμπίεση",crease: the fold or line made by folding or pressing,"['ρυτίδωση', 'πτύχωση']","['crease', 'wrinkle', 'fold']","Μελετώντας εκφράσεις κ σούφρωμα κούτελου καταλαβαίνεις πόσο νοσεί. Η αρρώστια λέγεται ‘Τρέλα του μεγαλείου’ Αυτός θεωρεί τ εαυτό του διεθνή παράγοντα, μεγάλο καθοδηγητή κάτι σαν τον Μάο, το φωτεινό μονοπάτι, Ναπολέων, ο μεγάλος αστέρας, τον λένε κ ηγέτη. Είναι να μη τη ψωνίσεις...",,re
EL233,σπαγγοραμμένος,VERB,0.54,Person,Άτομο που κρατά τα χρήματά του με υπερβολική τσιγκουνιά και αποφεύγει κάθε έξοδο,extremely stingy person,"['τσιγκούνης', 'σφιχτοχέρης' 'τσιγφούτης']","['miser', 'cheapskate', 'skinflint', 'tightwad', 'penny-pincher']",Φαίνεται από τα μούτρα του ο Πέτσας σπαγγοραμενος και βρήκε ευκαιρία. Είναι από αυτούς που σε βάζουν να τα λες μέχρι το τέλος και σου δίνουν ένα 10λεπτο,,svp
EL1752,σπασίκλας,NOUN,0.54,Person,"Μαθητής ή νέος με εμμονή στο διάβασμα ή την τεχνολογία, κοινωνικά άχαρος και κουραστικός","over-studious, socially awkward nerd","['φυτό', 'ξερόλας', 'σχολαστικός', 'βιβλιοφάγος']","['nerd', 'geek', 'dork', 'bookworm', 'swot']",username φημίζομαι για το χιούμορ μου κυρίες! σπασίκλας μήπως ήταν το παρατσούκλισου??? :-P,0.45,cds
EL1208,σπάταλος,ADJ,0.41,Person,Άτομο που ξοδεύει αλόγιστα χρήματα σε περιττά πράγματα,person who spends money wastefully,"['ανοιχτοχέρης', 'ασώτος', 'αφειδής', 'χαλαρός', 'μποέμ']","['spendthrift', 'extravagant', 'wasteful', 'profligate', 'big spender']","Τα παράδοξα πόθεν έσχες: Ο «σπάταλος» Δένδιας, ο οικονόμος Μηταράκης και τα 156 ακίνητα βουλευτού",0.52,dmc
EL2118,σπερμολογία,NOUN,0.48,Repetitive_Action,Επαγγελματική αργκό πολιτικών και δημοσιοκάφρων που σηματοδοτεί την αδιάκοπη διασπορά φημών ή ανοησιών,stop the bullshit: dismissive imperative to halt spreading nonsense,"['μαλακίες', 'παπαριές', 'κουτσομπολιό']","['stop the bullshit', 'cut the crap']","ΝΤΟΥΛΕΙΑ ΝΤΟΥΛΕΙΑ ΝΤΟΥΛΕΙΑ αντί αυτού καθε μέρα καφενείο, ΞΥΣΤΟ και αριστερή σπερματολογια.",,cds
EL850,σπερμολόγος,NOUN,0.64,Person,Άτομο που διασπείρει αβάσιμες φήμες και κουτσομπολιό,person who spreads unfounded rumours,"['κουτσομπόλης', 'φημολόγος']","['rumor-monger', 'gossip', 'babbler', 'tale-bearer']",Κούλης ο σπερματολόγος και κοπρολόγος!! Έγραψε η Ζωή!! #klaiw #Intriga,,ddp
EL1589,στόμφος,NOUN,0.13,Behavioral_Trait,"Ύφος πομπώδης, βαρύγδουπη διατύπωση που δίνει έμφαση στον εντυπωσιασμό και όχι στο νόημα","bombastic, pompous style of speech","['πομπώδης τόνος', 'βερμπαλισμός', 'μεγαλοστομία', 'ρητορεία']","['bombast', 'pomposity', 'grandiloquence', 'inflated style']",Ας πούμε ότι είμαι ο Πελέ και παίρνω ένα μικρόφωνο και αγορεύω πως δεν υπάρχει περίπτωση να μη χάσει η Βραζιλία και πάει κάποιος φουκαράς που με ακούει και ποντάρει το μπορετό του πάνω στο στόμφο μου - θα τον βρίσω και από πάνω επειδή παρασύρθηκε ή θα φροντίσω λίγο το ύφος μου;,0.47,cds
EL2390,στραβόξυλο,NOUN,0.51,Person,"Άτομο μονίμως κακοδιάθετο και δύστροπο, που αντιδρά αρνητικά σε όλα","perpetually grumpy, cantankerous person","['γκρινιάρης', 'κατσούφης', 'μουρτζούφλης', 'στραβομούρης', 'δύστροπος']","['grump', 'grouch', 'curmudgeon', 'sourpuss', 'crank']",#Δεν_φταίμε_εμείς που είμαστε στραβόξυλα,0.57,ddp
EL1613,στρεψόδικος,ADJ,0.66,Person,Άτομο που χρησιμοποιεί σοφίσματα και νομικά τερτίπια με σκοπό να παραπλανήσει και να διαστρέψει την αλήθεια,person who twists the law with sophistry,"['σοφιστής', 'δικομανής', 'πανούργος']","['pettifogger', 'shyster', 'quibbler', 'sophist']","Η συνέντευξη του πρωθυπουργού Αλέξη Τσίπρα στον ΣΚΑΙ με πέντε λέξεις: καταβεβλημένος, απολογητικος, στρεψοδικος, ουσιαστικά αμετανόητος και ελάχιστα πειστικός! #Τσιπρας #ΣΚΑΙ #ΣΥΡΙΖΑ #εκλογες #εκλογες2019 #εκλογες_2019 #συνεντευξη_Τσιπρα #Αριστερα",,dmc
EL1613,στρεψόδικος,ADJ,0.66,Behavioral_Trait,"Πρόσθετο σε λόγους, γραπτά ή συλλογισμούς που αποδεικνύουν έλλειψη ειλικρίνειας, διαστρεβλώνουν τα γεγονότα και βασίζονται σε πονηρές ή αποπροσανατολιστικές φράσεις",sophistic: employing specious reasoning intended to deceive,"['δικολαβίστικος', 'σοφιστικός', 'παραπλανητικός']","['sophistic', 'fallacious', 'deceptive']","Στο στρεψόδικο ερώτημα ""ποιος θα αξιολογήσει τους αξιολογητές"" η απάντηση δεν μπορεί παρά να είναι ο Καστανίδης.",,dmc
EL1077,συγκάλυψη,NOUN,0.46,Event,Εσκεμμένη απόκρυψη πληροφοριών ώστε να μη φανεί παράνομη ή ανήθικη ενέργεια,intentional concealment of wrongdoing,"['κουκούλωμα', 'απόκρυψη', 'σβήσιμο', 'θάψιμο', 'αποσιώπηση']","['cover-up', 'concealment', 'whitewash', 'hush-up', 'suppression']",Α. Γεωργιάδης (2011) για τα υποβρύχια: «Ο Μεϊμαράκης είναι ένοχος συγκαλύψεως εγκλήματος» (βίντεο)...,0.59,dmc
EL669,συκοφάντης,NOUN,0.77,Person,Άτομο που κατηγορεί ψευδώς άλλους προκειμένου να τους βλάψει ή να ωφεληθεί,person who falsely accuses to harm others,"['διαβολέας', 'σπίλος', 'κακολογητής', 'σπερμολόγος', 'ψευδολόγος']","['slanderer', 'defamer', 'libeler', 'calumniator', 'backbiter']",username Θεωρείτε ότι δεν πρέπει να τιμωρούνται οι συκοφάντες? Εκείνοι που συστηματικά ψεύδονται και χυδαιολογουν στα πρωτοσέλιδα τους για να πλήξουν τους πολιτικούς αντιπάλους τους? Είστε στο απυρόβλητο οι δημοσιογράφοι? Δεν ισχύουν για εσάς οι νόμο,0.84,re
EL656,συκοφάντηση,NOUN,0.64,Event,Ενέργεια προβολής ψευδών κατηγοριών που πλήττουν την υπόληψη κάποιου,act of making false damaging accusations,"['δυσφήμηση', 'διαβολή', 'σπίλωση', 'ψευδοκατηγορία', 'λάσπη']","['slander', 'defamation', 'calumny', 'vilification', 'smearing']",Χυδαία συκοφάντηση για τη Novartis καταγγέλλει ο Στουρνάρας - Ολομέτωπη επίθεση Αβραμόπουλου στους προστατευόμενους μάρτυρες,0.68,re
EL150,συκοφαντία,NOUN,0.67,Event,Η διάδοση ψευδών ισχυρισμών με σκοπό να υπονομευθεί η φήμη κάποιου,continuous spreading of false allegations,"['δυσφήμηση', 'λάσπη', 'διαβολή', 'σπίλωση']","['slander', 'defamation', 'character assassination', 'calumny']","username username username username username username username username username username Και ποια είναι η συμβουλή σου φερατ; Ακόμα να δείξεις σε ποιο tweet εκφράζομαι φασιστικά. Αν συνεχίσεις να μην μπορείς, αυτό θα καθιστά συκοφαντία... ????",0.48,re
EL657,συκοφαντικός,ADJ,0.64,Behavioral_Trait,"Λέγειται για λόγο, κείμενο ή χειρονομία που διαδίδει ψευδείς κατηγορίες με σκοπό να πλήξει την υπόληψη κάποιου στο δημόσιο πεδίο","containing or expressing false, damaging allegations","['δυσφημιστικός', 'σπιλωτικός', 'κακολογητικός', 'λασπολογικός']","['slanderous', 'defamatory', 'calumnious', 'libelous', 'vilifying']",username O κ.ΣΔΟΕΣ ενοχλείται όταν τον ρωτάνε ΓΙΑ ΕΠΩΝΥΜΟΥΣ ΚΑΙ ΜΕ ΣΤΟΙΧΕΙΑ ΦΟΡΟΦΥΓΑΔΕΣ συνηθισμένος στις ανώνυμες συκοφαντικές διαρροές.,0.6,re
EL1029,συλητής,NOUN,0.56,Person,"Άτομο που αφαιρεί ή καταστρέφει ιερά ή ιστορικά αντικείμενα, παραβιάζοντας χώρους λατρείας ή ταφής για ιδιοτέλεια",person who desecrates graves or sacred sites to steal valuables,"['ιερόσυλος', 'βέβυλος', 'λεηλάτης']","['grave robber', 'desecrator', 'looter']",Πώς κατέληξαν τα Γλυπτά του Παρθενώνα στο Βρετανικό Μουσείο -Πώς τα άρπαξε ο «συλητής» Ελγιν,,an
EL376,συμμορία,NOUN,0.7,Person,Συγκροτημένη ομάδα ατόμων που διαπράττει παράνομες ή βίαιες ενέργειες.,organized group committing illegal or violent acts,"['σπείρα', 'κλίκα', 'ομάδα κακοποιών', 'παρέα εγκληματιών']","['gang', 'mob', 'crew', 'criminal group']","Αν ήταν σε καμιά συμμορία που πουλούσε προστασία, μπορεί και να τον είχαμε μπαγλαρώσει.",0.25,cds
EL378,συνάφι,NOUN,0.46,Person,"Παρέα ανθρώπων με κοινά συμφέροντα ή επάγγελμα, συχνά υποτιμητικά για τη συνοχή και τη συμπεριφορά τους.","group of people with shared interests or trade, often used derogatorily","['κλίκα', 'παρέα', 'συντροφιά', 'τσούρμο']","['bunch', 'band', 'clique', 'lot']","username Δεν είναι μονο η Ακρίτα ,είναι ολο αυτο το συνάφι των κουλτουριαρεων ""θυμωμενων"" καλλιτεχνών (Μαχαιριτσας , Πασχαλιδης κλπ ) που μας τα ζαλιζαν τόσα χρονιά με την προοδευτική και ευαίσθητη Αριστερά και τώρα...",0.66,cds
EL1407,συνευρίσκομαι,VERB,0.21,Event,Βρίσκομαι μαζί με κάποιον σε κοινό χώρο ή ερωτική πράξη.,meet or have sexual relations with someone,"['συναντώ', 'βρίσκομαι', 'σμίγω', 'κοιμάμαι με']","['meet', 'encounter', 'hook up', 'sleep with']","Όταν βγαίνει ο Ζαγοράκης και λέει: ""...Εάν ο ΠΑΟΚ δεν δικαιωθεί, εγώ δεν μπορώ να συνευρίσκομαι στην ίδια πολιτική στέγη με όλους αυτούς..."" έπρεπε να έχει ήδη παραδώσει την έδρα στην Ευρωβουλή και έπρεπε να έχει ήδη διαγραφεί...",,asm
EL89,συνονθύλευμα,NOUN,0.23,State,Ακατάστατο και ετερόκλητο μείγμα στοιχείων χωρίς συνοχή.,messy jumble of disparate elements,"['μίγμα', 'αχταρμάς', 'χάος', 'ανακάτεμα']","['mishmash', 'hodgepodge', 'jumble', 'mix']","username username username Εκεί στο Συνονθύλευμα ""Ριζοσπαστικής"" «Αριστεράς» - Προοδευτική Συμμαχία (Ραγκούσης",0.17,cds
EL1401,συνουσιάζομαι,VERB,0.28,Event,Έρχομαι σε σεξουαλική επαφή με άλλο πρόσωπο.,engage in sexual intercourse,"['σμίγω', 'κοιμάμαι με', 'πηγαίνω με', 'έρχομαι σε επαφή']","['have sex', 'copulate', 'sleep with', 'make love']",Συνουσιάζομαι με ένα κουτί μπισκότα Cadbury..,0.54,asm
EL2444,συνωμοσιολογία,NOUN,0.7,Repetitive_Action,Ρητορική ή θεωρίες που αποδίδουν γεγονότα σε μυστικές δολοπλοκίες ισχυρών.,discourse attributing events to secret plots by powerful actors,"['θεωρίες συνωμοσίας', 'παραφιλολογία', 'σκοτεινή ρητορική', 'δοξασίες ίντριγκας']","['conspiracism', 'conspiracy talk', 'paranoia theories', 'plot narratives']","username username Κινδυνεύουν ΚΥΡΙΩΣ οι ανεμβολίαστοι, όχι όμως ΜΟΝΟ αυτοί. Καλώς ή κακώς, τα εμβόλια δεν είναι τόσο αποδοτικά όσο ελπίζαμε, σε μία κοινωνία με παιδεία και εμπιστοσύνη στην επιστήμη θα ήταν ΟΚ αυτό και όχι λόγος συνωμοσιολογίας. 1/2",0.54,cds
EL2442,συνωμοσιολόγος,NOUN,0.7,Person,Άτομο που υιοθετεί και διαδίδει θεωρίες για μυστικές συνωμοσίες.,person who adopts and spreads conspiracy theories,"['συνωμοσιοφρενής', 'ψεκασμένος', 'παρανοϊκός', 'μυθοπλάστης']","['conspiracist', 'conspiracy theorist', 'paranoid', 'fabricator']",username στημενα τα δικαστήρια; δεν πιστεύω να είσαι κανας ψεκασμένος συνωμοσιολόγος σαν τα εθνίκια ρε σπύρο;,0.79,cds
EL680,συρφετός,NOUN,0.43,Person,Μεγάλη ομάδα ανθρώπων που θεωρούνται ανάξιοι ή ενοχλητικοί.,large crowd regarded as worthless or annoying,"['όχλος', 'τσογλάνια', 'τσούρμο', 'αγέλη']","['rabble', 'riffraff', 'mob', 'horde']",Ο νεοφιλελεύθερος και ακροκεντρώος συρφετός που επιτίθεται στους καλλιτέχνες και στους διοργανωτές κατάφερε να μετατρέψει μια αντιπολεμική συναυλία σε αντικυβερνητική.,0.77,cds
EL680,συρφετός,NOUN,0.43,Object,Άτακτος σωρός άχρηστων ή κακοσυντηρημένων πραγμάτων,mess : untidy heap of worthless stuff,"['χαμός', 'χάος', 'σαβούρα']","['junk pile', 'clutter']","Στο συρφετό της λάσπης και των fake news κατά της Αφροδίτης Λατινοπούλου, τα οποία στοχευμένα διακινούνται από τους Βελοπουλικούς και τους συν αυτώ, ήρθε να προστεθεί αλλά μια υποψήφια «παραφωνία» η οποία σκοπίμως αναδημοσιεύει φωτογραφία που τραβήχτηκε το 2021 και ηθελημένα (?) την παρουσιάζει ως πρόσφατη.",,cds
EL992,σφαγή,NOUN,0.56,Event,Μαζική και βίαιη θανάτωση ανθρώπων ή ζώων∙ χρησιμοποιείται κυριολεκτικά ή μεταφορικά για ακραία ζημιά,massacre and violent killing of people or animals,"['μακελειό', 'μαζικός φόνος', 'σκοτωμός', 'σφαξίματα']","['massacre', 'slaughter', 'bloodbath', 'butchery']","29/5/1824 Ισχυρός αιγυπτιακός στόλος υπό τον Χουσεΐν, μετά από πολιορκία δύο ημερών της Κάσου, αποβιβάζει 4.000 Αλβανούς στον Αντιπέρατο και προσβάλλει από τα νώτα τους υπερασπιστές. Σφαγές, λεηλασίες και αιχμαλωσίες καταστρέφουν το ηρωικό νησί.",0.73,qas
EL473,σφάλμα,NOUN,0.21,Event,Λανθασμένη ενέργεια ή αποτέλεσμα που αποκλίνει από το σωστό.,incorrect action or outcome deviating from what is right,"['λάθος', 'αστοχία', 'παράλειψη', 'ατόπημα']","['error', 'mistake', 'fault', 'blunder']",Το μόνο σφάλμα που 'κανε στη ζωή του είναι ότι έδιωξε το Ντίνο απ' το σπίτι.,0.29,qas
EL53,σχολαστικισμός,NOUN,0.26,Behavioral_Trait,"Τάση ή πρακτική υπερβολικής προσκόλλησης σε λεπτομέρειες και τυπικούς κανόνες, που θεωρείται άκαμπτη και κουραστική",excessive focus on details and rigid rules that hinders substance,"['περιττός λεπτολογισμός', 'ψείρισμα']","['pedantry', 'hair-splitting']",O Γουλιέλμος του Όκαμ και ο όψιμος Σχολαστικισμός: Τα τελευταία χρόνια του Μεσαίωνα (από το 14ο αιώνα περίπου)...,0.14,pa
EL2100,σχολαστικός,ADJ,0.26,Person,"Άτομο που επιδεικνύει υπερβολική προσήλωση στις λεπτομέρειες, ελαχιστοποιώντας ή παραβλέποντας την ουσία του θέματος ή την ταχύτητα δράσης",person or attribute of someone who insists excessively on detail and protocol,"['ψείρας', 'λεπτολόγος', 'τυπολάτρης']","['pedantic', 'nit-picking', 'meticulous', 'stickler']",θέμα για σχολαστικούς παρθένους!! Πώς να τυλίγεις τα ακουστικά σου σαν άνθρωπος | Το συρτάρι,0.48,cds
EL2100,σχολαστικός,ADJ,0.26,Behavioral_Trait,"Χαρακτηρισμός έργων, μεθόδων ή διαδικασιών που εκτελούνται με εξονυχιστική επιμέλεια, διασφαλίζοντας ακρίβεια και πληρότητα σε κάθε βήμα",meticulous: done with great care and thoroughness,"['εξονυχιστικός', 'λεπτομερειακός', 'επιμελημένος']","['meticulous', 'thorough', 'rigorous']",username Σπάμε νεύρα...πολύ σχολαστικά ????????,0.63,cds
EL2290,σχολαστικότητα,NOUN,0.2,Behavioral_Trait,Ιδιότητα κατά την οποία κάποιος επιδεικνύει υπερβολική ακρίβεια και λεπτολογία σε λόγο ή πράξη,"tendency toward pedantic, overly detailed approach","['λεπτολογία', 'υπερβολική ακρίβεια', 'τυπολατρία']","['pedantry', 'meticulousness', 'fastidiousness', 'nitpicking']",Η σχολαστικότητα της νοικοκυράς.,0.31,cds
EL1234,σωματέμπορος,NOUN,1,Person,Άτομο που εκμεταλλεύεται ανθρώπους με την απειλή ή την εξαπάτηση για σεξουαλική ή άλλη εργασία.,person who exploits people through coercion or deception for sexual or other labor,"['νταβατζής', 'μαστροπός', 'διακινητής ανθρώπων', 'λαθρέμπορος ψυχών']","['human trafficker', 'pimp', 'slaver', 'people smuggler']",username Η Καλαματα βγαζει κ καλους σωματεμπορους να τους προσλαβεις στην φυλαξη σου Μ..............,0.63,cds
EL2398,ταλαιπωρία,NOUN,0.23,State,"Επίμονη ή παρατεταμένη κατάσταση σωματικού ή ψυχικού κόπου, δυσφορίας και άγχους λόγω κακουχιών, δυσλειτουργιών ή γραφειοκρατίας.",discomfort or prolonged trouble causing fatigue and annoyance,"['περιπέτεια', 'βάσανο', 'κούραση', 'δοκιμασία']","['hardship', 'ordeal', 'trouble', 'affliction']","Ο γιατρός τούς συνέστησε να αποφύγουν τις συχνές επισκέψεις στο νοσοκομείο, γιατί, έπειτα από αυτή την ψυχική και σωματική ταλαιπωρία, είχε ανάγκη από ξεκούραση και ψυχική ηρεμία.",0.31,re
EL2066,ταλανίζω,VERB,0.43,Repetitive_Action,"Προκαλώ επανειλημμένα πόνο, προβλήματα ή ανησυχία.","repeatedly cause pain, problems or anxiety","['βασανίζω', 'ταλαιπωρώ', 'κατατρέχω', 'παίρνω στο κυνήγι']","['torment', 'plague', 'afflict', 'harass']","Και για να καταλαβετε πόσο με ταλανιζει αυτο το θέμα, εχω φτασει σε σημείο που σκεφτομαι να επαναχρησιμοποιω τα τι μπαγκζ. #ουστχωργιατα",0.67,qas
EL2076,ταραξίας,NOUN,0.48,Person,"Άτομο που προκαλεί θόρυβο, συγκρούσεις ή αταξία σε δημόσιους χώρους.","person who causes noise, conflicts or disorder in public","['καβγατζής', 'μπελάς', 'νταής', 'φασαριόζος']","['troublemaker', 'rowdy', 'disturber', 'brawler']",????Μητσοτάκης: «Ταραξίας με θρησκευτικό μανδύα η Τουρκία»-Η πρόσκληση σε Πούτιν-Λαβρόφ: Η Μόσχα έτοιμη να συμβάλει στην αποκλιμάκωση-ΒΙΝΤΕΟ,0.5,qas
EL1676,ταραχή,NOUN,0.16,State,"Κατάσταση έντονης αναστάτωσης, άγχους ή κοινωνικής αναστάσεως.","state of intense disturbance, anxiety or social unrest","['αναστάτωση', 'πανικός', 'σάλος', 'αναταραχή']","['turmoil', 'disturbance', 'upheaval', 'agitation']",username Κρίμα τα παιδάκια ????????????????????????????που να της κοψουν την παλάμη ευτυχώς υπάρχει αποτύπωμα εάν το διάβασα καλά μέσα στη ταραχή μου ????????????????????????????,0.62,cds
EL2079,ταραχοποιός,NOUN,0.48,Person,Άτομο που υποκινεί ή προκαλεί ταραχές και βίαιες συγκρούσεις.,person who instigates or causes riots and violent clashes,"['υποκινητής', 'αντάρτης', 'φασαριόζος', 'ταραξίας']","['agitator', 'rioter', 'instigator', 'rabble-rouser']",Προκαλεί ο Ερντογάν: Ταραχοποιός ο 15χρονος: Ο πρωθυπουργός της Τουρκίας Ρετζέπ Ταγίπ Ερντογάν υποστήριξε ότι ο...,0.37,qas
EL508,ταύρος,NOUN,0.18,Person,"άνδρας με μεγάλη μυϊκή δύναμη και ορμητική, συχνά άγαρμπη συμπεριφορά",very strong and aggressive male person,"['θεριό', 'βόδι', 'κτήνος', 'γιγάντας']","['brute', 'ox', 'beast', 'hulk']","Μη με βάζετε, βρε παιδιά, να τα ρίχνω τα ρημάδια γιατί καμιά φορά βγαίνουν αληθινά κι έχω τύψεις... Έρχεται, που λέτε, ένας Νταβίκος μανιασμένος σαν ταύρος.",0.65,an
EL587,τεμπέλης,ADJ,0.56,Person,άτομο που αποφεύγει την εργασία και προτιμά την αδράνεια,"person who avoids work, lazybones","['οκνηρός', 'νωθρός', 'ραθύμος', 'αδρανής']","['idler', 'slacker', 'loafer', 'lazybones']",username Ναι ναι θα πέρναγε 5μηνες κακουχιες για την δημοσιότητα μήπως τον μπερδεύεις με τον ξεφτίλα τον τεμπέλη το νταφυ γιατί άκυρα όλα αυτά που λες αυτά ο νταφυ τα κανει,0.72,cds
EL3,τεμπελιά,NOUN,0.38,Behavioral_Trait,"Απουσία διάθεσης για εργασία ή προσπάθεια, εμφανιζόμενη ως σταθερό γνώρισμα ή ως συνήθεια κάποιου","habit of avoiding effort, laziness","['οκνηρία', 'ραθυμία', 'απραξία']","['laziness', 'idleness', 'sloth', 'inertia']","username Εσείς έχετε μάθει να γαλουχείτε τη νεολαία με βρισιές, καταστροφές, πορείες και τεμπελιά. Παιδεία ΜΗΔΕΝ!",0.88,svp
EL2171,τετριμμένος,ADJ,0.33,Behavioral_Trait,χαρακτηρισμός για ιδέα ή λόγο που έχει χρησιμοποιηθεί υπερβολικά και δεν προκαλεί ενδιαφέρον,"overused and uninteresting, cliché","['κοινότυπος', 'μπανάλ', 'συνηθισμένος', 'ανιαρός']","['trite', 'banal', 'hackneyed', 'commonplace']","Όχι λυπάμαι. Τα μεγάλα λογότυπα δεν είναι καθόλου στυλάτα, ο συνδυασμός ασπρο μαυρο κόκκινο είναι τετριμμένος, το άσπρο της μάσκας είναι διαφορετικό από το άσπρο της μπλούζας και χτυπάει στο μάτι. Για σήμερα, 2.#antireport  #mystylerocks",,cds
EL2056,τζαμπατζής,NOUN,0.56,Person,"άτομο που επιδιώκει να απολαμβάνει πράγματα χωρίς να πληρώνει, εκμεταλλευόμενο τους άλλους","person who wants everything for free, freeloader","['τζαμπαδόρος', 'λαθρεπιβάτης', 'τσάμπας']","['freeloader', 'sponger', 'scrounger', 'mooch']","Ο Μητσοτάκης βέβαια, μπορεί να κάνει αποταμίευση αφού δεν πληρώνει δεκάρα τσακιστή για τα δάνεια του. Κουλτουριάρης είναι τελικά, όχι τζαμπατζής.",0.83,qas
EL2031,τοκογλυφία,NOUN,0.66,Event,παράνομη πρακτική δανεισμού χρημάτων με υπερβολικά υψηλό επιτόκιο,illegal lending at exorbitant interest,"['παρατοκισμός', 'τοκογλυτισμός', 'αργυραδελφία', 'αισχροκέρδεια']","['usury', 'loan sharking', 'excessive interest', 'shylocking']",Αρχιεπίσκοπος Ιερώνυμος: Έχουμε πέσει θύματα τραγικής τοκογλυφίας!,0.7,cds
EL1623,τοκογλύφος,NOUN,0.77,Person,άτομο που δανείζει παράνομα ή ανήθικα χρήματα απαιτώντας υπέρογκο επιτόκιο και συχνά εκβιάζει για αποπληρωμή,"person who lends money at exorbitant interest, loan shark","['σαράφης', 'στυγνός τοκιστής', 'δανειστής', 'πλουτοκέρδης']","['loan shark', 'usurer', 'moneylender', 'shylock']",Ξένοι τοκογλύφοι. λοιπόν ή ντόπιοι απατεώνες και δημαγωγοί;,0.76,cds
EL1027,τολμηρός,ADJ,0.26,Person,"Άτομο που χαρακτηρίζεται από υπερβολική τόλμη ή θράσος, με έντονα στοιχεία ρίσκου ή παραβίασης των ορίων· μπορεί να επισημαίνεται ως ειρωνική ή επικριτική",bold and daring person,"['θαρραλέος', 'γενναίος', 'ριψοκίνδυνος', 'ανδρείος']","['brave', 'daring', 'bold', 'audacious']",username μέχρι να δύσει ο ήλιος να στέλνεις....αλλά σε έκοψα με τον τολμηρό...μπορεί να θυμώσει...γύρνα σε δαύτον καλύτερα...,0.42,cds
EL1027,τολμηρός,ADJ,0.26,Behavioral_Trait,"Πράξη ή στάση που φανερώνει τόλμη και διάθεση ανάληψης ρίσκου, ακόμα και πέρα από τα συνηθισμένα όρια",daring: showing courage and willingness to take risks,"['γενναίος', 'θαρραλέος']","['bold', 'audacious']",Αναγκαίο ένα εξωφρενικά τολμηρό οικονομικό όραμα για την μετα- Covid κοινωνία,0.26,cds
EL182,τούβλο,NOUN,0.51,Person,άτομο που θεωρείται πολύ αργό στη σκέψη ή στην κατανόηση,very stupid person,"['βλάκας', 'χοντροκέφαλος', 'χαζός', 'στόκος']","['moron', 'blockhead', 'dumb', 'brickhead']",username username εύκολα. έχουν πιο έξυπνο πθ από το τούβλο τον Κουλη!,0.69,an
EL2418,τραβεστί,NOUN,0.79,Person,"άτομο που φορά ρούχα διαφορετικού φύλου, λέξη που συχνά χρησιμοποιείται μειωτικά για τρανς","person wearing clothes of another gender, often used as slur for transgender","['τρανσβεστί', 'αδερφή', 'τρανσέξουαλ']","['transvestite', 'drag queen', 'cross-dresser', 'tranny']",Τον έχουν ριμαξει τον Πούτιν οι τραβεστί Ευρωπαίοι,1,om
EL396,τράγος,NOUN,0.48,Person,άνδρας που θεωρείται βρώμικος ή υπερβολικά σεξουαλικός και αντιμετωπίζεται περιφρονητικά,"man regarded as dirty or lecherous, used contemptuously","['βρωμιάρης', 'μουρντάρης', 'κατσικίλα', 'γίδα']","['dirty guy', 'lech', 'goat', 'filthy man']","Σε τρεις μέρες θ’ αναστηθώ σαν το Χρηστό... Μα έπεσαν απάνω του οι τράγοι οι παπάδες και τον έδιωξαν...” Καταλαβαίνεις λοιπόν, Νίνα μου, ότι με την πολιτική κατάσταση που επικρατούσε όταν πρωτόρθε ο Μεταξάς στα πράματα, έτρεμε το φυλλοκάρδι μου, μη τον συλλάβουν και τον στείλουν εξορία...» Ολ’ αυτά μου 'φεραν στο νου το συχωρεμένο το Ντίνο.",0.61,an
EL2057,τρακαδόρος,NOUN,0.41,Person,"άτομο που συνηθίζει να ζητά τσιγάρα, χρήματα ή άλλα αντικείμενα χωρίς να τα επιστρέφει","person who habitually bums cigarettes or money, cadger","['τζαμπατζής', 'ζητιάνος', 'σφουγγοκωλάριος', 'λαμόγιο']","['moocher', 'cadger', 'sponger', 'bum']",Ο Τρακαδόρος: SOS....Αντιμέτωποι με ισόβια οι ληστές με τα “καλά...,0.47,qas
EL2406,τραυματίζω,VERB,0.28,Event,πράξη πρόκλησης σωματικής ή ψυχικής βλάβης σε κάποιον,act of causing physical or mental injury,"['πληγώνω', 'λαβώνω', 'χτυπώ', 'βλάπτω']","['injure', 'wound', 'hurt', 'maim']","username Αν ήταν ο Πεπε έτοιμος να παίξει σε καλό επίπεδο και δεν τραυματιζοταν ο Λακαζετ ο Μικιταριαν δε θα έπαιζε ποτέ, δεν μπορείς να πεις ότι τον έδωσαν άδικα. Αλλά όπως λες, στραβό το κλίμα, κλπ...",0.3,re
EL2325,τρέλα,NOUN,0.23,State,σοβαρή ψυχική διαταραχή που αλλοιώνει τη σχέση ενός ατόμου με την πραγματικότητα,madness or mental disorder,"['παράνοια', 'ζουρλαμάρα', 'λόξα', 'τρέψιμο']","['madness', 'insanity', 'lunacy', 'craziness']","Όσο το γύριζα στο μυαλό μου, τόσο περισσότερο μου 'ρχόταν τρέλα, και προς στιγμήν σκέφτηκα ν' αυτοκτονήσω.",0.56,ddp
EL2325,τρέλα,NOUN,0.23,State,υπερβολικός ενθουσιασμός ή πάθος για κάτι· έντονη επιθυμία,craze : intense enthusiasm,"['μανία', 'κόλλημα']","['craze', 'obsession']","Εγκαταλείψαμε, βέβαια, τις σπουδές και επιδοθήκαμε στις εκδρομές, στα ξενύχτια, στα οργιώδη πάρτυ, στις αρπαχτές του έρωτα και στις βουτιές στην τρέλα.",0.41,ddp
EL2325,τρέλα,NOUN,0.23,Event,απερίσκεπτη ή εκκεντρική πράξη που παρεκκλίνει από το σύνηθες,mad act : reckless action,"['κουταμάρα', 'τρέλαρα (δημ.)']","['folly', 'mad act']",«Δεν καταλαβαίνω γιατί κυριεύει τους Αθηναίους αυτή η τρέλα να φύγουν.,0.34,ddp
EL1168,τρελός,ADJ,0.51,Person,άτομο με σοβαρή ψυχική διαταραχή· συχνά ως στιγματιστικός χαρακτηρισμός,person considered insane or crazy,"['παλαβός', 'ζουρλός', 'παράφρων', 'αλλοπαρμένος']","['madman', 'lunatic', 'nutcase', 'crazy person']","Αυτος ήταν που ηταν τρελος, τωρα που εχασε και το παιδι του έχει κόψει καπίστρι",0.5,qas
EL1168,τρελός,ADJ,0.51,Person,"άτομο που συμπεριφέρεται παράλογα, βιαστικά ή χωρίς λογική",crazy (behaviour) : irrational person,"['παλαβός', 'κουζουλός']","['crazy', 'nuts']",Με κοιτάζει σα να έχει να κάνει με τρελό.,0.45,qas
EL1168,τρελός,ADJ,0.51,Behavioral_Trait,"Χρησιμοποιείται για να χαρακτηρίσει αντικείμενα, εκδηλώσεις ή καταστάσεις ως εξαιρετικά εντυπωσιακές, αξιοθαύμαστες ή έντονα ευχάριστες, χωρίς αναφορά σε ανθρώπους",awesome: extremely good or impressive,"['φοβερός', 'απίθανος']","['awesome', 'wild']",Ήταν και κείνο το τρελό κοτσύφι πάνω στο περβάζι που τραγουδούσε συνεχώς.,0.23,qas
EL2492,τρομοκράτης,NOUN,0.82,Person,άτομο που χρησιμοποιεί βία ή απειλή βίας για πολιτικούς σκοπούς μέσω φόβου,person who uses violence to intimidate for political aims,"['εξτρεμιστής', 'βομβιστής', 'φονταμενταλιστής', 'αντάρτης']","['terrorist', 'bomber', 'extremist', 'insurgent']",5 Ιανουαρίου του 2009 τραυματίσθηκε σοβαρά από τρομοκράτες ο Δ. Ματζούνης των ΥΑΤ,0.27,ps
EL2386,τρομοκρατία,NOUN,0.66,Repetitive_Action,"Συστηματική χρήση φόβου και βίας ως μέσου πίεσης για την επίτευξη στόχων, συνήθως πολιτικών",terrorism : systematic violent intimidation,"['πολιτικός τρόμος', 'άκρατη βία', 'τρομολαγνεία', 'εξτρεμιστική δράση']","['terrorism', 'political violence', 'terror', 'extremism']",username username Γιατί φοβούνται τα αντίποινα της εγχώριας τρομοκρατίας και τα συμβόλαια θανάτου που θα βγάλουν σε βουλευτές και υπουργούς.,0.69,re
EL2386,τρομοκρατία,NOUN,0.66,State,"Κλίμα έντονου φόβου που προκαλείται σε μια κοινότητα από συνεχή απειλητική συμπεριφορά, ακόμη κι όταν δεν έχει πολιτικό χαρακτήρα.",state of terror : pervasive fear atmosphere,"['κλίμα φόβου', 'τρομο-κλίμα']","['state of fear', 'reign of terror']",username Τοτε ολη η εργατικη ταξη εδωσε μεγαλους αγωνες και ο 330 εμεινε στα χαρτια .Εζησα ως ανηλικη βιομηχανικη εργατρια ολη την καταστολη και την τρομοκρατια της εποχης,0.43,re
EL872,τσαρλατάνος,NOUN,0.79,Person,"Άτομο που προσποιείται τον ειδικό, εξαπατά το κοινό με ψεύτικες γνώσεις ή θεραπείες για προσωπικό όφελος","fraud who poses as expert, charlatan","['κομπογιαννίτης', 'απατεώνας', 'μαϊμού γιατρός', 'αγύρτης']","['charlatan', 'quack', 'fraud', 'con artist']","username username Γιατρός με παρουσία στην αννιτα Πάνια πανιά,ακαταδίωκτο και μπινελικια σε όποιον διαφωνεί μαζί του.Εχετε μπερδέψει την ιατρική με τους τσαρλατάνους.",0.73,ddp
EL2485,τσιγγάνος,NOUN,0.49,Person,"μέλος νομαδικής εθνοτικής ομάδας, όρος που συχνά χρησιμοποιείται μειωτικά","member of Roma ethnic group, often used as slur","['γύφτος', 'ρομά', 'κατσίβελος']","['gypsy', 'roma', 'traveler']","username username Οι τσιγγάνοι, γύφτοι, Ρομά δεν σκοτώνουν τα παιδιά. Φέρνουν χρήματα τα παιδιά, επιδόματα, φανάρια κ.λ.π",0.72,ps
EL2485,τσιγγάνος,NOUN,0.49,Person,"Υβριστικός χαρακτηρισμός για οποιονδήποτε θεωρείται πανούργος, ακάθαρτος ή κλέφτης, ανεξάρτητα από εθνοτική καταγωγή",trickster : deceitful or grubby person,"['απατεώνας', 'λαμόγιο']","['crook', 'con-artist']",Τσιγγάνος από την Ρουμανία ευχαριστεί τους Άγγλους φορολογούμενους που με τα λεφτά τους ... -,0.21,ps
EL211,τσιγκούνης,ADJ,0.56,Person,άτομο που αποφεύγει να ξοδέψει χρήματα και κρατά τα πάντα για τον εαυτό του,stingy person,"['σφιχτοχέρης', 'τσιφούτης', 'σκρούτζ']","['miser', 'cheapskate', 'tightwad', 'penny-pincher']",Μπαίνει ένας τσιγκούνης στο λεωφορείο και ρωτάει. -Συγνώμη πληρώνουμε εισιτήριο και για τα λουλούδια ? -Όχι...,0.36,svp
EL210,τσιγκουνιά,NOUN,0.48,Behavioral_Trait,"Χαρακτηριστικό ατόμου που αποφεύγει να ξοδεύει χρήματα και να μοιράζεται, επιδεικνύοντας υπέρμετρη οικονομία",excessive stinginess,"['τσιγκουνευιά', 'καβουροσύνη', 'μίζερια', 'σφιχτοχέρι']","['stinginess', 'miserliness', 'parsimoniousness', 'cheapness']",username username Γιατί; 10.000.000 έπρεπε να είχαμε.Να καλύψουμε όλο τον πληθυσμό.Τσιγκουνιες τώρα;,0.4,svp
EL1996,τσιμπούρι,NOUN,0.54,Person,"Άτομο που κολλάει επίμονα στους άλλους, ζητά συνεχώς και δεν αφήνει χώρο",clingy hanger-on person,"['βδέλλα', 'κολλιτσίδα', 'κολλητήρι', 'σφουγκοκολάριος']","['leech', 'hanger-on', 'sponger', 'pest']",username username Ρε μπαχτσεβανη σε κοιτώ και βλεπω μια βδέλλα ένα τσιμπουρι ένα παράσιτο.φίλε εισαι σκέτη αηδία.,0.76,an
EL1907,τσοπάνης,NOUN,0.23,Person,"Άνδρας που βόσκει κοπάδι αιγοπροβάτων, συχνά χρησιμοποιείται μειωτικά για αγροίκο άτομο","shepherd, often used pejoratively for crude rural man","['ποιμένας', 'βοσκός', 'γιδάς', 'προβατάς', 'βλαχάκος']","['shepherd', 'herdsman', 'goatherd', 'yokel', 'rustic']",username Όταν τα κάνεις πλακάκια μετά πρέπει να βγάλεις και το σχέδιο για το που θα τα βάλεις. Το ποίμνιο χρειάζεται στοχευμένη καθοδήγηση και ποιος είναι καλύτερος τσοπάνης από την εκκλησία;,0.4,pa
EL324,τσούλα,NOUN,0.97,Person,Γυναίκα που θεωρείται ηθικά ελαφριά λόγω συχνών ερωτικών σχέσεων· υβριστικός χαρακτηρισμός,derogatory term for promiscuous woman,"['πόρνη', 'ξεκωλιάρα', 'ελευθερίων_ηθών', 'αλήτισσα', 'χαμηλοτάτου_ήθους']","['slut', 'whore', 'tramp', 'promiscuous woman', 'hussy']","Τσούλα, που τολμάς να με ψάχνεις!",0.93,pr
EL738,τσουτσούνι,NOUN,0.46,Object,"ζωικό μέλος που δηλώνει το ανδρικό γεννητικό όργανο σε παιδικό, κοροϊδευτικό ή χυδαίο ύφος, κυρίως σε καθημερινό λόγο",penis : male sex organ in childish/vulgar register,"['πουτσί', 'πουλί']","['dick', 'willy']","username username username username Στα μουτρα σου ευχαριστως μωρη τρελα!! Ετσι σε θυμουνται δηλ οι φιλοι σου;; Ενας 35αρης Greek kamaki σε κρουαζιερα στις Κυκλαδες!! 70αρης με προστατη δηλ τωρα..Κι εχεις τα γκατς,να κανεις πλακιτσα για τσουτσουνια και προωρη εξπερματωση σε μενα θείο;;",0.75,asm
EL738,τσουτσούνι,NOUN,0.46,Person,"κοροϊδευτικός χαρακτηρισμός για άτομο που θεωρείται μικρό, άβγαλτο ή άτολμο, συνήθως με οικείο ή υποτιμητικό τόνο",rookie (about a timid/immature person),"['μικρούλης', 'χαζούλης']","['kiddo', 'wimp']",username username Ευχή μου εδωκες γιοκα μου... εσυ μείνε αγαμητος και άπλυτος . Καληνύχτα και φιλάκια τσουτσουνι ε τσουτσουνι,0.91,asm
EL54,τυπολατρία,NOUN,0.28,Repetitive_Action,Τάση για υπερβολική προσκόλληση σε κανόνες και διαδικασίες εις βάρος της ουσίας,excessive formalism or rule-worship,"['τυπομανία', 'τυποκρατία', 'γραφειοκρατία', 'στενοτυπία', 'δογματισμός']","['formalism', 'pedantry', 'bureaucratism', 'rule worship', 'rigidity']",username η τυπολατρία τους μάρανε. Ας βγουν στα social media να δουν τί λέει ο κόσμος για όσους τα είχαν έτοιμα κ για όσους μόχθησαν,0.65,pa
EL2192,τυφλός,ADJ,0.41,Person,"Χαρακτηρισμός προσώπου που αρνείται να δει ή να παραδεχτεί το αυτονόητο, παριστάνοντας ότι δεν αντιλαμβάνεται όσα συμβαίνουν γύρω του",blind (metaphorically unaware or stubborn),"['στραβός', 'ανεπίγνωστος']","['oblivious', 'unaware', 'blind to reality'",username username Είμαι τυφλός και δεν βλέπω πως το κεφάλαιο δεν καίει ότι εμποδίζει/δυσκολεύει την επένδυση του;,0.47,ddf
EL2192,τυφλός,ADJ,0.41,Person,"χαρακτηρισμός για άτομα με πρόβλημα όρασης, αποκτά υποτιμητικό, μειωτικό ύφος απέναντι στα ΑμεΑ",blind (medical condition – used offensively when flung as slur),"['αόρατος (παρωχημένο)', 'θεότυφλος']","['sightless', 'visionless', 'blind']",Απέναντι μου στάθηκε ένα γεροντάκι ίσαμε εβδομήντα χρόνων τυφλός.,0.21,ddf
EL2192,τυφλός,ADJ,0.41,Behavioral_Trait,"Περιγραφή πράξης, βίας ή συναισθήματος που εκδηλώνεται χωρίς στόχο ή διάκριση, άρα ανεξέλεγκτα","indiscriminate : uncontrolled, blind (fig.)","['αδιάκριτος', 'ανεξέλεγκτος', 'αχαλιναγώγητος']","['indiscriminate', 'uncontrolled', 'blind (fig.)']",Ν. ΣΥΡΙΖΑ: Τυφλή βία από την αστυνομία κατά διαδηλωτών-Τραυματίσθηκαν μέλη μας-Να παραιτηθεί ο κ. Χρυσοχοίδης  via username,0.41,ddf
EL1527,ύαινα,NOUN,0.52,Person,"Άτομο σκληρό και αδίστακτο που εκμεταλλεύεται τη δυστυχία των άλλων, υβριστικός χαρακτηρισμός",ruthless exploiter; vulture-like person,"['όρνεο', 'κοράκι', 'αρπακτικό', 'κανίβαλος', 'γύπας']","['hyena', 'vulture', 'predator', 'ghoul', 'scavenger']",«Ενάντια στις ύαινες»: Η αναρχική συλλογικότητα «Οκτάνα» για τη συζήτηση περί εκκένωσης της Κατάληψης Rosa Nera...,0.38,an
EL667,υβριστής,NOUN,0.62,Person,"Άτομο που εκτοξεύει προσβολές, συχνά με χυδαίο λόγο",person who insults; abuser,"['βλάσφημος', 'λοιδορός', 'συκοφάντης', 'προσβλητικός']","['insulter', 'abuser', 'reviler', 'offender', 'blasphemer']",username Μιλάς για διεμβολισμό εκτος απο υβριστης και με μεθοδεύσεις λασπολογίας κρυφες συναντησεις με τον μεγαλύτερο σε διαπλοκές ψυχαρη(γάτα Ιμαλαΐων)νομίζεις ότι θα καθιερωθείς σαν δημοκρατική παράταξη σε εσωκομματικές εκλογές οταν γίνουν με το καλό,0.71,re
EL2383,υπεροπτικός,ADJ,0.59,Person,Άτομο που δείχνει αδικαιολόγητη αίσθηση ανωτερότητας και περιφρόνηση προς τους άλλους,arrogant person,"['αλαζόνας', 'σνομπ', 'ψηλομύτης', 'καβάλα_στο_καλάμι']","['arrogant', 'haughty', 'snobbish', 'conceited', 'supercilious']","Αυτός είναι ο Ιωάννης. Ο Ιωάννης είναι υπεροπτικός, μαλάκας,κακόψυχος,κωλοχαρακτήρας. Μη γίνεις ποτέ σαν τον Ιωάννη. #MasterChefGR",,svp
EL2383,υπεροπτικός,ADJ,0.59,Behavioral_Trait,"Ύφος/τόνος  που εκφράζει περιφρόνηση και αίσθηση ανωτερότητας, εμφανίζεται σε λόγο, βλέμμα ή στάση χωρίς αναφορά σε συγκεκριμένο άτομο",disdainful : condescending,"καταφρονητικός', 'υποτιμητικός', 'πατροναριστικός']","['disdainful', 'condescending', 'patronizing']","Ένα κορίτσι ψηλό και λεπτό, με την ίδια αυστηρή ομορφιά και το ίδιο υπεροπτικό βλέμμα της Γιάννας.",0.47,svp
EL558,υπεροψία,NOUN,0.67,Behavioral_Trait,Ψυχολογική τάση που κάνει κάποιον να θεωρεί τον εαυτό του ανώτερο από τους άλλους,arrogance; haughtiness,"['αλαζονεία', 'οίηση', 'έπαρση', 'σνομπισμός', 'υπερηφάνεια']","['arrogance', 'pride', 'haughtiness', 'conceit', 'hubris']","Όχι από υπεροψία ή κόντρα, αλλά επειδή στο βάθος φοβόμουν να συγκρουστώ μαζί της.",0.39,svp
EL1972,υπερσεξουαλικός,ADJ,0.34,Person,Άτομο με ασυνήθιστα υψηλή επιθυμία ή δραστηριότητα για την ερωτική πράξη,person with extremely high libido,"['σεξομανής', 'ερωτομανής', 'καυλωμένος']","['hypersexual', 'sex-addicted', 'libidinous', 'horny', 'sex-obsessed']",Είπε κ μια σωστή ατακα η Άννα: μας βγηκε  υπερσεξουαλικος ο Ιωσήφ τι κάνουμε #tatouaz,,cds
EL1972,υπερσεξουαλικός,ADJ,0.34,Behavioral_Trait,"Προσδιορισμός σε έργα, διαφημίσεις ή εκδηλώσεις που δίνουν υπερβολική έμφαση σε σεξουαλικές εικόνες ή θεματολογία, με σκοπό την πρόκληση ή το σοκ",sexually excessive: containing an undue or extreme focus on sexual content,"['προκλητικό', 'ακατάλληλο']","['overly erotic', 'explicitly sexual']",Ένα μόνο παράπονο έχω @username... αυτό είναι σεξιστικό. Υπερσεξουαλικό pin up - νοικοκοιρά με μελομακάρονα..,,cds
EL1972,υπερσεξουαλικότητα,NOUN,0.34,Behavioral_Trait,Κατάσταση όπου η σεξουαλική επιθυμία ή δραστηριότητα ξεπερνά το συνηθισμένο μέτρο,excessive sexuality; hypersexuality,"['σεξομανία', 'ερωτομανία', 'υπερλίμπιντο', 'λιβιδισμός']","['hypersexuality', 'sex addiction', 'nymphomania', 'satyriasis']",Η υπερσεξουαλικότητα των ανδρών μπορεί να κρύβει ανικανότητα,0.43,cds
EL1399,υπερσυντηρητικός,ADJ,0.61,Person,"Άτομο με υπερβολικά αυστηρές παραδοσιακές απόψεις, αντίθετο σε κάθε αλλαγή",ultra-conservative person,"['ακροδεξιός', 'φανατικός', 'σκοταδιστής', 'ορθόδοξος', 'αντιδραστικός']","['ultraconservative', 'reactionary', 'die-hard', 'traditionalist', 'right-wing extremist']","Νέος Πρόεδρος του Ιράν, ο υπερσυντηρητικός, Εμπραχίμ Ραϊσί",0.39,cds
EL1399,υπερσυντηρητικός,ADJ,0.61,Behavioral_Trait,"Χαρακτηρισμός για απόψεις, στάσεις, μέτρα, πολιτικές ή πρακτικές που εφαρμόζονται με σκοπό τη διατήρηση της υπάρχουσας τάξης πραγμάτων, απορρίπτοντας ριζικά κάθε αλλαγή και ενισχύοντας τα στερεότυπα",ultraconservative policy: an approach that strongly resists innovation or reform,,"['reactionary measures', 'ultraconservative policies']",Λένε για υπερσυντηριτικές φωνές στην Κύπρο @AdonisGeorgiadi δεν το ήξερα βγαίνεις και στα τηλεοπτικά πάνελ της Κύπρου  #Eurovision,,cds
EL1438,υποκλοπή,NOUN,0.44,Event,"Παράνομη ή κρυφή λήψη και καταγραφή συνομιλιών, δεδομένων ή μηνυμάτων τρίτων",illegal interception of communications,"['κοριός', 'παρακολούθηση', 'καταγραφή', 'απόρρητη_ακρόαση']","['wiretapping', 'eavesdropping', 'interception', 'bugging', 'surveillance']",Μάντζος για υποκλοπές: Γίνεται επίμονη προσπάθεια να θολώσει η εικόνα,0.48,re
EL1080,υποκρισία,NOUN,0.67,Behavioral_Trait,"Στάση ή συμπεριφορά όπου το άτομο δείχνει δημόσια ηθικές ή ευγενικές αρχές τις οποίες δεν ακολουθεί στην πράξη, ιδίως για να ενισχύσει την εικόνα του ή να εξαπατήσει άλλους",hypocrisy; pretense of virtue,"['φαρισαϊσμός', 'διπροσωπία', 'ψευδοηθική', 'επιτήδευση']","['hypocrisy', 'double-dealing', 'insincerity', 'duplicity']",username Δεν κοροιδευω τιποτα. Μονο την υποκρισια και την εμπαθεια σας κοροιδευω. Στις 18 του μηνα ελα να ξανασυζητησουμε για το τι πετυχαινουν οι απεργιακες κινητοποιησεις της μιας μερας οπως γινονται στην ελλαδα.,0.6,dmc
EL1076,υποκριτής,NOUN,0.66,Person,Άτομο που παρουσιάζεται ως ηθικό ή ειλικρινές ενώ πράττει το αντίθετο,hypocrite,"['διπρόσωπος', 'φαρισαίος', 'ψεύτης', 'θεατρίνος', 'αλαμπουρνέζος']","['hypocrite', 'phony', 'two-faced', 'faker', 'fraud']",«Ο τέλειος υποκριτής» τον κοντράρει η γυναίκα του.,0.43,dmc
EL858,υπόνομος,NOUN,0.28,Object,Υπόγειος αγωγός όπου συγκεντρώνονται λύματα και όμβρια ύδατα των πόλεων,sewer,"['βόθρος', 'καναλέτο', 'αποχετευτικός_αγωγός', 'κανάλι', 'λούκι']","['sewer', 'drain', 'gutter', 'storm drain', 'sewage pipe']",username Οχι! Άλλο η χωματερή και άλλο ο υπόνομος. Δεν είναι απλά θέμα φύλου.,0.68,cds
EL858,υπόνομος,NOUN,0.28,Behavioral_Trait,"Περιβάλλον ή κατάσταση που φέρει έντονη ηθική σήψη, διαφθορά και δυσωδία, σαν βόθρος ή οχετός που συγκεντρώνει κάθε είδους ανήθικα υπολείμματα",sewer (figurative): a place or state of great moral filth and corruption,"['οχετός', 'βόθρος', 'καταβόθρα']","['cesspool', 'cesspit']",username username Μικρή αμοιβαδα της τρουμπας ξεκόλλα λίγο το μυαλό σου από τους υπονομους που σερνεσαι στα νερά από τις λεκανατζουδες. Και εσένα γήπεδο σου έφτιαξαν και μάλιστα με πουστια. Και όταν ήσουν για διάλυση με τα σκάνδαλα σε έσωσε το πολιτικό σύστημα για να τους ψηφίζουν τα γαυροορκς,0.97,cds
EL1342,φάβα,NOUN,0.13,Object,"Μεταφορική αναφορά σε κάτι που αποδείχτηκε αποτυχημένο ή ανώφελο, δεν ανταποκρίνεται στη φήμη ή στις προσδοκίες που το περιέβαλλαν",fava: something that fails to live up to expectations,"['αποτυχημένο', 'ανούσιο', 'φιάσκο']","['flop', 'dud']",Κάτι λάκκον έχει η φάβα.,0.45,asm
EL1122,φαγάς,NOUN,0.2,Person,"Άτομο που τρώει πολύ και με όρεξη, συχνά σε βαθμό υπερβολής",big eater; glutton,"['λαίμαργος', 'καλοφαγάς', 'κοιλιόδουλος']","['glutton', 'big eater', 'greedy', 'foodie', 'pig']",Όπου τεμπέλης και φαγάς...,,svp
EL2394,φαλλικός,ADJ,0.54,Object,"επίθετο για σχήμα ή σύμβολο που παραπέμπει στο ανδρικό γεννητικό όργανο, συχνά με σεξουαλικό ή λατρευτικό υπαινιγμό",penis-shaped or penis-symbolic,"['φαλλοσχηματισμένος', 'σεξουαλικός']","['penile', 'phalliform', 'sexualized']",username Ωραία λοιπόν είναι ενα φαλλικο ομοιωμα που φοριέται με ζώνη στη μέση,0.46,asm
EL2393,φαλλός,NOUN,0.57,Object,"Ανδρικό γεννητικό όργανο, συχνά επικαλούμενο μεταφορικά ως σύμβολο ανδρικής δύναμης• η χρήση του κρίνεται χυδαία ή προσβλητική σε τυπικό λόγο",penis or its cult symbol,"['πέος', 'ανδρικό όργανο', 'ανδρισμός']","['penis', 'member', 'manhood']","Στον Τύρναβο το έθιμο «Μπουρανί» αναβιώνει εδώ και πάρα πολλά χρόνια. Σύμβολο σε αυτό το έθιμο είναι ο φαλλός και οι βωμολοχίες που ακούγονται είναι μυθικές. Αυτή την ημέρα, όλα επιτρέπονται και δεν παρεξηγούνται στον Τύρναβο.",,asm
EL370,φανατικός,ADJ,0.56,Person,"Άτομο με υπερβολικό, άκριτο ζήλο και μισαλλοδοξία υπέρ μιας ιδέας, ομάδας ή πίστης, που συχνά καταφεύγει σε ακραία λόγια ή πράξεις απέναντι σε αντίθετες απόψεις",person with blind extreme zeal,"['δογματικός', 'μανιώδης', 'ακραίος', 'φανατισμένος']","['fanatic', 'zealot', 'extremist', 'bigot']",Για ρίξτε μια ματιά και στο παρακάτω άρθρο. Είναι πολύ διαφωτιστικό ιδίως για αυτούς που είναι φανατικά υπέρ των ????????,0.3,cds
EL370,φανατικός,ADJ,0.56,Behavioral_Trait,"Ιδιότητα έντονου, άκαμπτου ενθουσιασμού που δεν ανέχεται αντίλογο",fanatical : showing excessive and uncritical enthusiasm,"['αποκλειστικός', 'μονομανής']","['fanatical', 'bigoted']","Ένα φανατικό ισλαμικό καθεστώς, που μισεί τη Δύση και ονειρεύεται πυρηνικό ολοκαύτωμα, επιτίθεται στο Ισραήλ. Το Ιράν δεν είναι “θύμα”, είναι η απόλυτη πυρηνική απειλή για τον πολιτισμένο κόσμο και πρέπει να συντριβεί ολοκληρωτικά.",,cds
EL108,φανατισμός,NOUN,0.57,State,κατάσταση τυφλής και παθιασμένης αφοσίωσης που γεννά μισαλλοδοξία και βία,blind passionate zeal leading to intolerance,"['τυφλό πάθος', 'δογματισμός', 'μισαλλοδοξία', 'εξτρεμισμός']","['fanaticism', 'zealotry', 'extremism', 'bigotry']",«Αρκετά σ' ανέχτηκα τόσα χρόνια και σένα και το φανατισμό σου!,0.38,cds
EL108,φανατισμός,NOUN,0.57,Event,Συγκεκριμένα επεισόδια ή πράξεις βίας που απορρέουν από ακρότητες πίστης ή οπαδισμού,acts of fanaticism : violent incidents driven by blind zeal,"['επεισόδια μίσους', 'ακρότητες']","['fanatic acts', 'hate incidents']","Γιατί αυτός, μας έλεγε και γινόταν κατακόκκινη από το φανατισμό της, μας είχε σώσει όχι μια φορά αλλά εκατό, τη ζωή μας.",0.45,cds
EL1326,φανφαρόνος,NOUN,0.51,Person,πρόσωπο που μιλά πομπωδώς και υπερβάλλει για τις ικανότητες ή τα πλούτη του για εντύπωση,pompous braggart,"['κομπορρήμων', 'καυχησιάρης', 'ψώνιο', 'μπλαμπλας']","['braggart', 'blowhard', 'windbag', 'show-off']",Ο Φανφαρόνος Μουσολίνι και η ελληνική προέλαση 18 Νοεμβρίου 1940. 22η ημέρα του Πολέμου,0.38,cds
EL477,φάουλ,NOUN,0.33,Event,"ενέργεια ή λόγος που παραβιάζει ρητούς κανόνες παιχνιδιού ή άγραφους κοινωνικούς κανόνες, θεωρούμενη απρεπής ή άδικη",foul : deliberate or careless rule-breaking,"['παράβαση', 'λάθος', 'ατόπιμα', 'σφάλμα']","['foul', 'infraction', 'violation', 'misconduct']",Δώστε και κανενα φάουλ ρε μαλακες ακόμα,0.73,qas
EL85,φάρσα,NOUN,0.1,Event,"σκόπιμη χιουμοριστική ενέργεια που ξεγελά ή γελοιοποιεί κάποιον, συχνά προκαλώντας αμηχανία ή ενόχληση",prank : playful trick intended to embarrass,"['πλάκα', 'αστείο', 'καλαμπούρι', 'σκανταλιά']","['prank', 'practical joke', 'trick', 'gag']",Η μερική αποκατάσταση της δικαιοσύνης για πολύ λίγους (455) και ο παραγκωνισμος των υπολοίπων είναι μια κακόγουστη φάρσα που πρέπει να σταματήσει εδώ. Μην παίζετε άλλο με τη νοημοσύνη μας και με τις ζωές μας #Ασεπιτες2008 #14η_χρονια_αδικιας #Ασεπιτες_2008_θελουμε_δικαιωση,0.56,an
EL995,φαρσέρ,NOUN,0.26,Person,"άτομο που επινοεί και εκτελεί φάρσες, συχνά αδιαφορώντας για την ενόχληση ή ζημιά που προκαλεί","prankster, person who habitually plays pranks","['πλακατζής', 'σκανταλιάρης', 'αστειάτορας', 'πειραχτήρι']","['prankster', 'joker', 'trickster', 'hoaxer']",Συνελήφθη η φαρσέρ που ειδοποιούσε ψευδώς για βόμβες,0.38,cds
EL1337,φασισμός,NOUN,0.89,State,"αυταρχική εθνικιστική ιδεολογία που επιβάλλει ολοκληρωτικό έλεγχο και καταστολή αντιφρονούντων,  που συχνά επικαλείται «τάξη» και «ομοιογένεια» ως άλλοθι για την καταπάτηση θεμελιωδών δικαιωμάτων",authoritarian nationalist ideology,"['ναζισμός', 'ολοκληρωτισμός', 'αυταρχισμός', 'δεσποτισμός']","['fascism', 'nazism', 'totalitarianism', 'authoritarianism']",επιδημία συμπάθειας και αγάπης για Τραμπ .... το λες και πανδημία που υποτιμά την νοημοσύνη των πολιτών ξεχνά την κακοψυχία οπαδού Αδόλφου που έχει οδηγήσει τις ΗΠΑ σε υπερμεταδότη κοροναϊού με αλλοπρόσαλλη καταστροφική πολιτική του ... ο φασισμός σκοτώνει πλανήτη και ανθρωπισμό,0.84,cds
EL1249,φασίστας,NOUN,0.87,Person,"άτομο που υποστηρίζει ή ασκεί βίαια αυταρχική ιδεολογία και καταπιέζει τους διαφωνούντες, επιδεικνύοντας μισαλλοδοξία και περιφρόνηση προς δημοκρατικούς κανόνες, συχνά ως βαρύς απαξιωτικός χαρακτηρισμός στην πολιτική αντιπαράθεση",supporter or enforcer of fascism,"['ναζί', 'ολοκληρωτιστής', 'ακροδεξιός', 'αυταρχικός']","['fascist', 'nazi', 'authoritarian', 'far-right extremist']",Αλίμονο! Τα Ματ και ο προιστάμενός τους δεν θα προστατέψουν το δικαίωμα του φασίστα να είναι φασίστας και να τα βάζει με μια κούκλα και ό,0.52,ps
EL2264,φασιστικός,ADJ,0.77,Behavioral_Trait,"Λόγος, πράξη ή μέτρο που χαρακτηρίζεται από αυταρχισμό, μισαλλοδοξία και καταπίεση, παρόμοια με ολοκληρωτική ιδεολογία","authoritarian, fascistic in nature","['απολυταρχικός', 'αυταρχικός', 'ολοκληρωτικός', 'καταπιεστικός']","['fascistic', 'authoritarian', 'oppressive', 'totalitarian']","άλλων πόλεων στήνονται μπλόκα και συλλαμβάνονται εκατοντάδες άτομα, κυρίως από το χώρο των αναρχικών και της εξωκοινοβουλετικής Αριστεράς. Και όλα αυτά ενω όλες οι οργανώσεις της αριστεράς καταγγέλουν την επίθεση ως φασιστική προβοκάτσια με στόχο την κλιμάκωση της αστυνομικής",0.69,cds
EL704,φατρία,NOUN,0.21,Person,ομάδα ατόμων μέσα σε μεγαλύτερο σύνολο που δρα για ιδιοτελή συμφέροντα και υπονομεύει την ενότητα,clique or faction within a larger group,"['κλίκα', 'συντροφιά', 'ομάδα', 'παράταξη']","['faction', 'clique', 'cabal', 'bloc']","Γιάννης #Σμαραγδής : «Υπάρχει μια φατρία που ελέγχει τον ελληνικό κινηματογράφο, που δεν θέλει εθνικού περιεχομένου ταινίες» Δεν είναι απλά μια φατρία, είναι ένα ΚΡΑΤΟΣ ΕΧΘΡΟΣ ΤΟΥ ΕΘΝΟΥΣ #Καποδιστριας",,cds
EL1824,φαύλος,ADJ,0.52,Person,"για άτομο με ανήθικες, διεφθαρμένες ή βίαιες πράξεις",immoral or vicious person,"['διεφθαρμένος', 'ανήθικος', 'κακός', 'παλιάνθρωπος']","['vicious', 'immoral', 'corrupt', 'wicked']","Ατιμε, φαύλε, καμποτίνε, μιλάς κι εσύ για πίστη και για ηθική  Γ. Θεοτοκάς #Δεκαπενταύγουστος #ΚαληΠαναγια #ΚαλοΔεκαπενταυγουστο",,dmc
EL1824,φαύλος,ADJ,0.52,Behavioral_Trait,Κάτι ποιοτικά κατώτερο ή ελαττωματικό που αποτυγχάνει στον σκοπό του,faulty : of poor quality and not fit for purpose,"['ελαττωματικός', 'κακός']","['defective', 'bad']",username και γιατι απεναντι του ειχε ενα εξισου φαυλο συστημα δημόσιας διοικησης και ενα διεφθαρμενο καρατικοδιαιτο ιδιωτικο ΕΠΙΧΕΙΡΗΝ ΟΛΑ ΑΥΤΑ ΠΟΡΕΎΤΗΚΑΝ και πορνευτηκαν ΑΝΤΑΜΑ,0.86,dmc
EL1365,φαφλατάς,NOUN,0.57,Person,άτομο που μιλά ασταμάτητα και πομπωδώς χωρίς ουσιαστικό περιεχόμενο,"windbag, empty talker","['φλύαρος', 'πολυλογάς']","['windbag', 'blabbermouth', 'chatterbox', 'big talker']",Πάκη Παυλόπουλε φαφλατά ντροπιάζεις το θεσμό του ΠτΔ. Άρπα μια φάπα από τον σουλτάνο βλάξ.,0.91,cds
EL1662,φθόνος,NOUN,0.66,Behavioral_Trait,αρνητικό συναίσθημα λύπης για την επιτυχία άλλου και επιθυμίας να την στερηθεί,envy toward others' success,"['ζήλια', 'κακεντρέχεια', 'απληστία', 'μισαλλοδοξία']","['envy', 'jealousy', 'spite', 'resentment']","Ποτε δεν θα καταλάβω την ζήλια,φθόνο που νιώθουν μερικές όταν βλέπουν κάποια πιο ωραία από εκείνες",0.56,svp
EL2344,φίδι,NOUN,0.49,Person,προσβλητικός χαρακτηρισμός για άτομο ύπουλο και αναξιόπιστο που βλάπτει κρυφά,sneaky treacherous person,"['ύπουλος', 'δολοπλόκος', 'οχιά', 'μοχθηρός']","['snake', 'back-stabber', 'schemer', 'betrayer']",Μιλαει για την Ελπίδα και την Πόπη και δεν βλέπει ότι είναι στην αγκαλιά ενός φιδιού (Φανή) #MasterChefGR,0.5,an
EL725,φιλαργυρία,NOUN,0.62,State,"έντονη, εγωιστική επιθυμία συσσώρευσης χρημάτων με άρνηση δαπάνης","avarice, obsessive love of money","['τσιγκουνιά', 'απληστία', 'πλεονεξία', 'σφιχτοχεριά']","['avarice', 'greed', 'miserliness', 'stinginess']","Ή φυλαργυρια είναι αναμφίβολα ένα από τα πιο αξιόπιστα σημάδια βαθιάς δυστυχίας """,,svp
EL212,φιλάργυρος,ADJ,0.82,Person,άτομο που αποφεύγει να ξοδεύει και συγκεντρώνει χρήματα εμμονικά,stingy money-hoarding person,"['τσιγκούνης', 'σφιχτοχέρης', 'σκρουτζ', 'μίζερος']","['miser', 'penny-pincher', 'cheapskate', 'tightwad']","Φιλάργυρος, συμφεροντολόγος, σπάταλος, αλαζόνας, υπερόπτης. Ποιος ειναι;",0.81,svp
EL212,φιλάργυρος,ADJ,0.82,Behavioral_Trait,Ιδιότητα που δηλώνει υπέρμετρη προσκόλληση στον πλούτο και απόρριψη της κατανάλωσης,"avarice, obsessive love of money","['φιλαργυρία', 'απληστία']","['avarice', 'stinginess']",Καταραμένο φυλαργυρο παπαδαριό που σκατα είστε? Έχετε χιλιάδες άχρηστα κοπροσκυλα που κάθονται. Φοβάστε μην αρπάξει το μούσι σας φωτιά? #ΠυρκαγιαΕυβοια,,svp
EL61,φιλαυτία,NOUN,0.41,Behavioral_Trait,υπερβολική αγάπη και θαυμασμός προς τον εαυτό με εγωισμό και αδιαφορία για άλλους,"excessive self-love, narcissism","['ναρκισσισμός', 'εγωπάθεια', 'αυτοθαυμασμός', 'εγωκεντρισμός']","['narcissism', 'self-love', 'egotism', 'self-admiration']","O αγώνας,είναι ήδη μια μεγάλη νίκη.Νίκη ενάντια στς φόβους,τς ανασφάλειες κ τς δυσκολίες του εαυτού σου,ενάντια στν εγωισμό κ τ φιλαυτία σου",0.54,svp
EL1757,φιληδονία,NOUN,0.36,State,τάση αναζήτησης σωματικών και αισθησιακών απολαύσεων ως κύριο σκοπό ζωής,"love of sensual pleasure, hedonism","['ηδονισμός', 'απολαυσιοκρατία', 'ηδυπάθεια', 'σαρκολατρεία']","['hedonism', 'sensualism', 'pleasure-seeking', 'self-indulgence']","Οι άνθρωποι σήμερα χωρίζουν από φιληδονία και από τον εγωισμό τους. Από τίποτε άλλο! Όλους τους άλλους λόγους τους εμπνέονται εκ των υστέρων, για να δικαιολογηθούν. Άγιος Παΐσιος",,svp
EL2319,φιλήδονος,ADJ,0.43,Person,"Χαρακτήρας που κυνηγά με πάθος σωματικές και κυρίως ερωτικές απολαύσεις, γι’ αυτό θεωρείται ανεύθυνος ή ανήθικος","pleasure-seeking, sensual person","['ηδονιστής', 'καλοπερασάκιας', 'ηδονοθήρας', 'ηδονόφιλος']","['hedonist', 'pleasure-lover', 'sensualist', 'sybarite']",Να ρθω να ξεσκιστούμε μωράκι μου; - Βασίλη είσαι φιλήδονος. - Όχι Αττική οδό είμαι τώρα.,,svp
EL2319,φιλήδονος,ADJ,0.43,Behavioral_Trait,"Προσδιορισμός σε πράξεις, εκφράσεις ή έργα που αποσκοπούν στην πρόκληση έντονης αισθησιακής ευχαρίστησης ή γενετήσιας διέγερσης",seductive: enticing sexual interest,"['προκλητικός', 'αισθησιακός']","['seductive', 'erotic']",Η απάντηση στο πως διατηρώ το φιλήδονο κορμί,,svp
EL2104,φιλόνικος,ADJ,0.39,Person,πρόσωπο που απολαμβάνει τις διαμάχες και επιδιώκει συνεχώς αντιπαραθέσεις,"quarrelsome, contentious person","['καβγατζής', 'εριστικός', 'αντιλογάς', 'γκρινιάρης']","['quarrelsome', 'argumentative', 'contentious', 'combative']","Όταν κάποτε ο Φιλόνικος ο Θεσσαλός έφερε στον Φίλιππο τον Βουκεφάλα, για να τον αγοράσει για τριάντα τάλαντα,",,cds
EL1374,φιλοπερίεργος,ADJ,0.25,Person,"άτομο που θέλει να μαθαίνει τα πάντα για τους άλλους, συχνά αδιάκριτα","nosy, inquisitive person","['αδιάκριτος', 'κουτσομπόλης', 'περίεργος', 'σκαλίζων']","['nosy', 'prying', 'inquisitive', 'meddlesome']","""Μου κίνησε την περιέργεια..."" Είναι και φιλοπερίεργος ο άτιμος! #πατρα",,cds
EL213,φλύαρος,ADJ,0.54,Person,άνθρωπος που μιλά πολύ και χωρίς ουσιαστικό περιεχόμενο,"garrulous, overly talkative person","['πολυλογάς', 'λαλίστατος', 'παρλαπίπας', 'μπλαμπλάς']","['talkative', 'garrulous', 'chatterbox', 'blabbermouth']",username Μα τόσο φλυαρος αυτος ο Καμπουρακης και δεν αφήνει ούτε τον Λάζαρου αλλά ούτε τον Σακκερι να μιλήσει.Μαν πόσο τραγικός είσαι ρε Καμπουρακη.Μαλλον γελοίος.,0.6,cds
EL213,φλύαρος,ADJ,0.54,Behavioral_Trait,"λόγος ή κείμενο που περιέχει περιττές, μακριές λεπτομέρειες χωρίς ουσία",verbose / wordy text>: discourse that is over-elaborate and lacks concision,"['πολύλογο', 'μακροσκελές', 'περιττολογικό']","['verbose', 'wordy', 'flowery', 'long-winded']","Κι έλεγαν... Έλεγαν... Έλεγαν τόσα πολλά... Γέμιζε το σαλόνι φλύαρη σιωπή... Σε μια επίσκεψη, που ίσως δεν είχε τα πρωτεία η σιωπή, μπήκε ξαφνικά χωρίς να χτυπήσει την πόρτα, η Λολαρία.",0.27,cds
EL608,φλυαρώ,VERB,0.46,Repetitive_Action,"μιλώ ασταμάτητα και χωρίς ουσία, κουράζοντας τους ακροατές",talk endlessly without substance,"['πολυλογώ', 'μπουρδολογώ', 'αερολογώ', 'μπλαμπλαδίζω']","['jabber', 'ramble', 'blabber', 'prattle']","Κυβερνητικός Εκπρόσωπος είναι η ικανότητα να φλυαρείς, χωρίς να λες τιποτα…να συμπιέζεις μια μεγάλη ποσότητα λέξεων, χρησιμοποιώντας την ελάχιστη ποσότητα σκέψης, με αποτέλεσμα να καταλήγεις να μιλάς για θέματα που δεν ξέρεις ή δεν κατέχεις…",,ddp
EL2203,φοβητσιάρης,ADJ,0.38,Person,άτομο που τρομάζει εύκολα και αποφεύγει οποιονδήποτε κίνδυνο,"cowardly, easily frightened person","['δειλός', 'λιποψύχος', 'φοβησούλης', 'κιοτής']","['coward', 'wimp', 'chicken', 'faint-hearted']","Φοβητσιαρης οδηγός παλεύει να προσπεράσει στην εθνικη οδο! ""Ωραιος, πάτα λίγο φρένο αδερφέ, ετσι, με -20χλμ/ωρα, πάτα φρένο!""",,cds
EL2014,φονιάς,NOUN,0.9,Person,"άτομο που στέρησε τη ζωή άλλου ανθρώπου, συνήθως με πρόθεση","killer, murderer","['δολοφόνος', 'φονεύς', 'ανθρωποκτόνος']","['killer', 'murderer', 'slayer', 'homicide']","Είχε πέντε μαχαιριές στην πλάτη, οι τρεις οριζόντιες, από το ύψος της καρδιάς προς τη δεξιά ωμοπλάτη, και οι άλλες δυο κάτω από τη μεσαία μαχαιριά, διαδοχικά, λες και o φονιάς ήθελε να του χαράξει στην πλάτη το «T» του τέλους.",0.32,re
EL2014,φονιάς,NOUN,0.9,Object,"φαινόμενο, ουσία ή πράγμα που προκαλεί πολλούς θανάτους","a phenomenon, substance, or thing that causes many deaths.","['μάστιγα', 'θανατηφόρος παράγοντας']","['killer', 'silent killer', 'lethal menace']","Ο ανελέητος φονιάς, το σιγάρο",,re
EL2016,φόνισσα,NOUN,nan,Person,γυναίκα που έχει αφαιρέσει ανθρώπινη ζωή,female murderer,"['δολοφόνισσα', 'φονεύτρια', 'ανθρωποκτόνος', 'εγκληματίας']","['murderess', 'female killer', 'slayer', 'homicide']",username username Ετσι ειναι κανονικα.Αλλα μην ξέροντας τι γινεται παρασκηνιακά και αν δουλευουν στο να δημιουργηθούν αμφισβητήσεις που συμφέρουν τη φονισσα,0.65,re
EL2002,φόνος,NOUN,0.69,Event,πράξη αφαίρεσης ανθρώπινης ζωής με ή χωρίς πρόθεση,act of killing; homicide,"['δολοφονία', 'ανθρωποκτονία', 'θανάτωση', 'σφαγή']","['murder', 'homicide', 'killing', 'slaying']",«Το παιδί μπορεί να έχει σχέση με το φόνο της αδελφής σας».,0.4,re
EL1322,φονταμενταλισμός,NOUN,0.49,State,"ιδεολογική κατάσταση απόλυτης προσκόλλησης σε θρησκευτικές ή πολιτικές αρχές, συνήθως ακραία και βίαιη",rigid fundamentalism,"['δογματισμός', 'ακραίος θρησκευτισμός', 'σκληροπυρηνισμός', 'αδιαλλαξία']","['fundamentalism', 'dogmatism', 'extremism', 'hard-line stance']",ΥΠΟΚΡΙΣΙΑ ΣΚΟΤΑΔΙΣΤΗ ΘΕΟΥΣΟΥ ---&gt; username Αντιχριστιανικός φονταμενταλισμός. Γνωρίζεις το δόγμα; Username,0.83,cds
EL1323,φονταμενταλιστής,NOUN,0.61,Person,άτομο που υποστηρίζει ακραία κυριολεκτική ερμηνεία θρησκευτικών ή πολιτικών δογμάτων,fundamentalist,"['δογματιστής', 'σκληροπυρηνικός', 'εξτρεμιστής', 'ζηλωτής']","['fundamentalist', 'extremist', 'zealot', 'hard-liner']",Οχι βέβαια. Φονταμενταλιστής σκληροπυρηνικός αναρχοφιλελές που δεν χαμπαριάζει είσαι... username username,0.81,cds
EL1320,φονταμενταλιστικός,ADJ,0.48,Behavioral_Trait,που εκδηλώνει άκαμπτη και ακραία προσήλωση σε δογματικές αρχές,"fundamentalistic, hard-line attitude","['δογματικός', 'εξτρεμιστικός', 'ακραίος', 'ζηλωτικός']","['fundamentalistic', 'dogmatic', 'extremist', 'hard-line']",Αυτό που κάνετε την αυτοκτονία ενός ανθρώπου φονταμενταλιστική κορόνα για περισσότερο αίμα με ξεπερνά. Δεν υπάρχει λογική πλέον.,0.62,cds
EL1313,φραμασόνος,NOUN,0.64,Person,"μέλος μυστικής εταιρείας, λέξη που χρησιμοποιείται μειωτικά από συντηρητικούς κύκλους","freemason, used pejoratively","['τεκτόνας', 'μασόνος', 'κρυφόχειρας', 'στοάς']","['freemason', 'mason', 'lodge member', 'secret-society member']","«Ορέ, θα πάς στο Ληξούρι, προσέχετε μωρές, γιατί εφκείνοι οι φραμασόνοι εκάμανε το Βασιλιά και ξέρασε».",,cds
EL2108,φρενιάζω,VERB,0.43,Event,"εξαγριώνομαι και συμπεριφέρομαι μανιακά, χάνοντας τον έλεγχο","go berserk, freak out","['αφηνιάζω', 'τρελαίνομαι', 'λυσσάω', 'αγριεύω']","['freak out', 'go berserk', 'rage', 'run amok']","Είναι ανυπόμονη και με εξάπτει, μέχρι που φρενιάζω.",,an
EL1576,φτώχεια,NOUN,0.26,State,κατάσταση έλλειψης οικονομικών μέσων που δεν επιτρέπει αξιοπρεπή διαβίωση,poverty,"['ανέχεια', 'ένδεια', 'μιζέρια', 'στέρηση']","['poverty', 'destitution', 'penury', 'want']","Δεκάδες χώρες, ζούν στη στέρηση τη φτώχεια, την αμορφωσιά κ την υπανάπτυξη, καθηλωμένοι σε ενα τρόπο ζωής, σε έθιμα κ θρησκοληψίες ενίοτε απάνθρωπες",0.78,is
EL1576,φτώχεια,NOUN,0.26,Behavioral_Trait,"ποιοτική έλλειψη ή έντονη ανεπάρκεια σε ιδέες, πόρους ή δημιουργικότητα· χρησιμοποιείται υποτιμητικά για προϊόντα λόγου, έργα τέχνης κ.λπ.",poverty (metaphor) : severe lack of richness or variety in non-material domain,"['ένδεια ιδεών', 'λιτότητα', 'φτωχολογία']","['poverty of ideas', 'meagerness', 'scarcity']","Η φτώχεια εξελίχθηκε σε μόδα, Κώστα.",0.37,is
EL1841,φτωχός,ADJ,0.36,Person,άτομο χωρίς επαρκείς οικονομικούς πόρους για βασικές ανάγκες,poor person,"['άπορος', 'πένης', 'μπατίρης', 'κουρελής']","['poor', 'destitute', 'penniless', 'needy']","Παλιά, αυτά τα κουρέλια τα φορούσαν οι φτωχοί στις συνοικίες που έφαγα τη ζωή μου.",0.58,is
EL1841,φτωχός,ADJ,0.36,Behavioral_Trait,"ποιότητα, ιδέα ή αποτέλεσμα με ελάχιστο περιεχόμενο ή ποικιλία∙ μεταφορική χρήση σε κριτική","poor / meagre : lacking richness, depth or quantity","['πενιχρός', 'ανεπαρκής', 'φτωχικό']","['meagre', 'scant', 'poor']","username Μην ασχολείσαι, δίνεις αξία σε φτωχά μυαλά",0.62,is
EL1841,φτωχός,ADJ,0.36,Person,"Πρόσωπο του οποίου οι σκέψεις, τα λόγια ή τα ενδιαφέροντα στερούνται βάθους και ουσίας, παρουσιάζοντας επιφανειακότητα και ασυνέπεια",shallow: lacking depth of intellect or emotion,"['ρηχός', 'επιπόλαιος', 'επιφανειακός']","['shallow', 'superficial']",Ειλικρινα απορω πως περιμενετε πλουσια συναισθηματα απο φτωχα μυαλα,,is
EL392,φυγοδικία,NOUN,0.46,Event,παράνομη αποφυγή εμφάνισης σε δίκη ή εκτέλεσης ποινής,absconding from justice,"['αποφυγή δικαιοσύνης', 'απόδραση', 'παραβίαση περιορισμών']","['fugitive status', 'escape', 'evasion of justice', 'absconding']","Ζούμε στη χώρα όπου ο άλλοτε πανίσχυρος Τσουκάτος παραδέχθηκε ότι πήρε ένα εκατομμύριο μάρκα για το κόμμα του από τη Simenes, ο επικεφαλής της οποίας φυγοδίκησε στο εξωτερικό και εν τη φυγοδικία του απαλλάχθηκε από το δικαστήριο!",,cds
EL1716,φυγόπονος,ADJ,0.72,Person,άνθρωπος που αποφεύγει τον κόπο και τη σκληρή εργασία,"work-shy, lazy person","['τεμπέλης', 'οκνηρός', 'λουφαδόρος', 'ραθύμος']","['lazy', 'work-shy', 'slacker', 'shirker']","Η απεικόνιση της εφιαλτικής, πολιτικής πραγματικότητας της χώρας σε ένα βίντεο!Προσωπικά δεν με αφορά ο κ. ΜΠΕΟΣ αλλά θέλω να δείτε τις κινήσεις του πρωθυπουργού! Ο κόσμος δεν έχει να φάει, κάνει παράπονα και ο πρωθυπουργός ως φυγόπονος...φυγομαχει! Αντί να κάνει παρέμβαση και να πει τώρα φέρτε φαγητό στους ανθρώπους κοιτάει δεξιά... αριστερά! #πλημμυρες #Παλαμας #κακοκαιρια_Ντανιελ #Βελοπουλος",,svp
EL615,φυλακισμένος,VERB,0.3,Person,Άτομο που κρατείται σε κατάστημα κράτησης ή άλλο χώρο που περιορίζει την ελευθερία του,"prisoner, inmate","['κρατούμενος', 'έγκλειστος', 'κατάδικος', 'τρόφιμος φυλακής']","['prisoner', 'inmate', 'convict', 'detainee']",Πασχαλινό μπαζάρ για τα παιδιά 0-3 ετών που ζουν με τις φυλακισμένες μητέρες τους,0.21,ddp
EL615,φυλακισμένος,VERB,0.3,Person,Ψυχική ή κοινωνική συνθήκη όπου κάποιος νιώθει παγιδευμένος χωρίς επιλογές διαφυγής,trapped : feeling of being confined with no escape,"['δέσμιος', 'παγιδευμένος']","['trapped', 'captive']","O Άγγελος δεν πίστευε ότι ήταν αλήθεια οι στιγμές που ζούσε και η Κάτε, για πρώτη φορά, κατάλαβε ότι η λαχτάρα της κόρης της δεν ήταν τίποτε άλλο παρά ένα ξέσπασμα έρωτα που ήταν μέσα της καταπιεσμένος τόσα χρόνια, φυλακισμένος στα «πρέπει» και στα «απαγορεύεται» της κοινωνίας, της θρησκείας και της συμβατικότητας.",0.4,ddp
EL1751,φυτό,NOUN,0.34,Person,υποτιμητικός χαρακτηρισμός για μαθητή ή φοιτητή που ασχολείται αποκλειστικά με το διάβασμα και με περιορισμένη κοινωνική ζωή,"nerd or grind, used as insult","['σπασίκλας', 'βιβλιοφάγος', 'σπασικλάκι', 'κομπιουτεράκιας']","['nerd', 'geek', 'swot', 'bookworm']","Θα τα καταφέρεις να την κάνεις φυτό; - Αχ, παιδάκι μου!",0.5,cds
EL1751,φυτό,NOUN,0.34,Person,Ασθενής σε επίμονη φυτική κατάσταση· στον κοινό λόγο χρησιμοποιείται προσβλητικά για άτομο με βαριά εγκεφαλική βλάβη,vegetable : person in a persistent vegetative state (pejorative slang),"['ασθενής σε φυτική κατάσταση', 'εγκεφαλικά νεκρός']","['vegetable', 'PVS patient']",Ενώ η θεία Κατίγκω έζησε και πέθανε σαν τα φυτά.,0.39,cds
EL166,χαζομάρα,NOUN,0.44,Behavioral_Trait,νοητικό μειονέκτημα που εκδηλώνεται με έλλειψη κριτικής ικανότητας και λογικής,"lack of intelligence, stupidity","['βλακεία', 'κουταμάρα', 'ηλιθιότητα', 'μωρία']","['stupidity', 'foolishness', 'idiocy', 'silliness']",Κόλλησες χαζομάρα από τους Αλβανούς που συναναστρέφεσαι!,0.82,an
EL166,χαζομάρα,NOUN,0.44,Event,Πράξη ή λόγος που δείχνει έλλειψη λογικής ή ωριμότητας,blunder : foolish act or remark,"['ανοησία', 'πατάτα', 'γκάφα', 'βλακεία']","['blunder', 'stupid act', 'gaffe', 'screw-up']",Και κλαίτε για άχρηστα πράγματα; Τι χαζομάρες είν' αυτές; Πολλά βράδια κάναμε ολονυχτίες με τον Τζόνυ και σκεφτόμασταν πώς ν' ανατρέψουμε το καθεστώς.,0.64,an
EL175,χαζός,ADJ,0.66,Person,άτομο με μειωμένη εξυπνάδα ή αδύναμη κριτική σκέψη,stupid person,"['βλάκας', 'ηλίθιος', 'κουτός', 'μωρός', 'ντουβάρι']","['idiot', 'fool', 'dumb', 'moron', 'thickhead']",username username Αναμενόμενο. Η συγκεκριμένη περίπτωση σήκωνε κριτική στην κυβέρνηση αλλά το ξεχείλωσαν. Το σοβαρότερο όμως παραμένει ο τρόπος που επέλεξε η Μενδώνη να κάνει τη χαζή και αργότερα οι γελοίες δηλώσεις της για υποκριτικές τέχνες κλπ. Ήθελαν να το θάψουν και φάνηκε.,0.52,an
EL175,χαζός,ADJ,0.66,Person,κατάσταση αιφνίδιας αποβλάκωσης/αποσβόλωσης που αφήνει κάποιον άναυδο,dumb-struck : being left speechless with surprise,"['άφωνος', 'εμβρόντητος']","['speechless', 'dumb-struck']",“Τι στέκεσαι και με κοιτάς σα χαζή; της λέω.,0.58,an
EL175,χαζός,ADJ,0.66,Behavioral_Trait,"Ενέργεια ή απόφαση που γίνεται χωρίς σκέψη ή λογική κρίση, επιδεικνύοντας απερισκεψία ή βλακεία","foolhardy act: “An action or decision carried out without thought or logical judgment, displaying recklessness or foolishness.","['ηλίθια κίνηση', 'απερίσκεπτο λάθος', 'αφελής δράση']","['foolhardy', 'rash', 'ill-advised']","μια χαζή ερώτηση: οι καταλήψεις πλατειών και άλλων δημόσιων ή ιδιωτικών χώρων, που οργανώνουν κομματικοί συνδικαλιστές, ορίζονται από νομοσχέδια; τότε πως μπορεί να απαγορευτεί η απεργία των εργαζομένων που αυτοοργανώνονται χωρίς συνδικαλιστές τής φασιστικής αριστεράς και δεξιάς;",0.76,an
EL2223,χαλασμένος,VERB,0.48,Behavioral_Trait,πράγμα ή τροφή που δεν λειτουργεί σωστά ή έχει αποσυντεθεί,broken or spoiled item/food,"['ελαττωματικός', 'σπασμένος', 'χαλασμένος', 'φθαρμένος', 'μπαγιάτικος']","['broken', 'damaged', 'defective', 'spoiled', 'rotten']",Δεν πατώ γκάζι με χαλασμένα φρένα,0.16,cds
EL2223,χαλασμένος,VERB,0.48,Person,άτομο με διεστραμμένα ή ανήθικα ήθη,morally corrupt person,"['διεφθαρμένος', 'ανήθικος', 'σάπιος', 'διαφθαρμένος']","['corrupt', 'depraved', 'perverted', 'rotten']",Πήγε για αυτοψία και χασκογελάει. Δεν μπορεί να να κρατηθεί. Ο τύπος είναι εντελώς χαλασμένος. #φωτια  #Πεντελη #Πυρκαγια,,cds
EL2248,χαμερπής,ADJ,0.56,Person,"Άτομο με πολύ χαμηλό ηθικό επίπεδο, άνανδρο ή πρόστυχο",base / vile person : someone of ignoble morals,"['ποταπός', 'τιποτένιος', 'ξετσίπωτος']","['base', 'vile', 'abject', 'low-life']",Σιχαμένος κ χαμερπής ως αδίστακτος,0.8,cds
EL2248,χαμερπής,ADJ,0.56,Behavioral_Trait,Ιδέα ή πράξη εμποτισμένη με αναξιοπρέπεια και ταπεινά κίνητρα,base motive : action driven by sordid aims,"['χυδαίος', 'ποταπός', 'ανέντιμος']","['base', 'sordid', 'ignoble']",πάντα με το δίκαιο ο χαμερπής δαπιτοπασόκος,,cds
EL353,χάος,NOUN,0.16,State,κατάσταση απόλυτης αταξίας και σύγχυσης,utter disorder,"['μπάχαλο', 'κομφούζιο', 'αναρχία', 'ανακατωσούρα']","['chaos', 'mess', 'turmoil', 'disorder']","Πολιτικό χάος είναι η ανάδειξη πρωθυπουργών που ενώ δεν ψηφίστηκαν από κανέναν επέβαλλαν αποφάσεις που προσβάλλουν την ανθρώπινη αξιοπρέπεια, την ηθική, τις Ευρωπαϊκές αξίες &amp; το βιοτικό επίπεδο των πολιτών. Δεν έπρεπε να παραιτηθεί διότι δεν έπρεπε να βρίσκεται εκεί που ήταν...",0.44,cds
EL353,χάος,NOUN,0.16,Person,Άτομο τόσο ανοργάνωτο ή απρόβλεπτο που μεταφέρει αταξία όπου βρεθεί,chaotic person : someone whose behaviour spreads disorder,"['ακατάστατος', 'μπαχαλάκιας']","['walking disaster', 'chaotic']",Νιώθεις ποτέ ότι είσαι απλά απόλυτο και ολοκληρωτικό χάος τις περισσότερες φορές;,,cds
EL1392,χαραμοφάης,NOUN,0.56,Person,"Άτομο που ζει σε βάρος άλλων, χωρίς να εργάζεται ή να προσφέρει έργο, θεωρούμενο ως βάρος",freeloader : person who sponges off others without working,"['παράσιτο', 'τεμπέλης', 'κηφήνας', 'αεργός']","['parasite', 'sponger', 'loafer', 'idler']","Αυτό το ""ιστορικό στέλεχος της αριστεράς"" μόνο στα δικά μου αυτιά ηχεί ίδιο με ""μια ζωή χαραμοφάης κοπριτης""?",0.67,dmc
EL856,χαφιές,NOUN,0.89,Person,άτομο που προδίδει πληροφορίες κρυφά στις αρχές ή σε ισχυρούς,snitch : informer who betrays others to authorities for gain,"['ρουφιάνος', 'σπιούνος', 'καρφί', 'κατάσκοπος']","['snitch', 'informer', 'spy', 'rat']",username username Είσαι για κλάματα χαφιές,0.73,ddp
EL1914,χλευαστής,NOUN,0.57,Person,άτομο που περιγελά και ταπεινώνει άλλους με λόγια,"mocker, scoffer","['κοροϊδευτής', 'ειρωνευτής', 'σατιριστής', 'γελωτοποιός']","['mocker', 'scoffer', 'jeerer', 'ridiculer']","Η σειρά που προσφέρει στον τηλεθεατή κάτι περισσότερο από τις υπόλοιπες μπούρδες που ούτε αισθητική έχουν, ούτε περιεχόμενο, θα βρει ένθερμους χλευαστές αυτούς που κατά τα άλλα κατηγορούν την τηλεόραση ότι δεν προβάλλει τίποτα καλό! #AgiosPaisios",0.69,asm
EL1667,χολή,NOUN,0.3,Event,Λεκτική έκρηξη μίσους ή δηλητηριώδους σχολίου,outburst of bile : act of venting spite in speech,"['πικρία', 'φαρμάκι', 'κακία', 'μίσος']","['tirade of bile', 'venomous rant']",Αυτή εδώ η ψυχοπονιαρα άκουγε τόση ώρα μια γυναίκα να στάζει χολή και σεξισμό για μια άλλη κ συμφωνούσε κιόλας πάρτα κι εσύ. #bigbrothergr,,svp
EL168,χονδροκέφαλος,ADJ,0.85,Person,"Άτομο πεισματάρικο ή νοητικά αργό, που δυσκολεύεται να καταλάβει λογικά επιχειρήματα",blockhead : stubborn or slow-witted person,"['βλάκας', 'κουτορνίθι', 'ντουβάρι', 'χαζοκέφαλος']","['thickhead', 'blockhead', 'numbskull', 'dimwit']",Παλι καλά... Ο Χονδροκέφαλος δεν θέλει εκλογές ... Το είπε αν και μας γκάστρωσε...,,an
EL2069,χοντραίνω,VERB,0.21,Event,σωματική μεταβολή όπου κάποιος παίρνει βάρος και γίνεται πιο παχύς,to gain weight,"['παχαίνω', 'φορτώνω κιλά']","['put on weight', 'fatten']","Μέχρι κι ο Νοδάρας αδυνάτισε, μόνο εγώ χοντραίνω",,cds
EL2069,χοντραίνω,VERB,0.21,Event,ενέργεια κατά την οποία μια κατάσταση γίνεται πιο σοβαρή ή αγενής,to escalate or become coarse,"['αγριεύω', 'εντείνω', 'βαραίνω', 'χειροτερεύω']","['escalate', 'intensify', 'worsen', 'aggravate']",Καλή συνέχεια σε όλους και να θυμάστε πως η φήμη είναι κάτι που χοντραίνει,0.44,cds
EL987,χούντα,NOUN,0.8,State,στρατιωτικό καθεστώς που κυβερνά αυταρχικά χωρίς δημοκρατική νομιμοποίηση,military dictatorship,"['δικτατορία', 'τυραννία', 'απολυταρχία', 'καθεστώς']","['dictatorship', 'junta', 'regime', 'tyranny']",Τα παιδιά των αμετανόητων χαφιέδων της χούντας υπήρχε περίπτωση να μη γίνουν ρουφιάνοι;,0.95,cds
EL987,χούντα,NOUN,0.8,Person,ομάδα αξιωματικών ή πολιτικών που κατέχει αυταρχικά την εξουσία,junta members,"['κλίκα πραξικοπηματιών', 'συμβούλιο στρατιωτικών']","['junta', 'military clique']",username Κυρία μου κρατήστε τα προσχήματα δεν είναι επίσημη ακομα η χούντα. Δεν μπορούμε να σκοτώνουμε όποιον θέλουμε εμείς οι αστυνομικοί. (Ακόμα τυπικά),0.67,cds
EL1254,χρηματολογία,NOUN,nan,Repetitive_Action,επίμονη και συχνά κουραστική συζήτηση γύρω από χρήματα,constant talk about money,"['φιλοχρηματία', 'λεφτοκουβέντα', 'καπηλεία χρημάτων']","['money-talk', 'money obsession', 'pecuniary chatter', 'greediness']","Η «λαφυραγωγία» που δεν απέδωσε τα αναμενόμενα, η «χρηματολογία» που άνοιξε το δρόμο της ιστορίας των εθνικών δανείων, τα χαράτσια στους ευκατάστατους και η «εξόρμηση» (για την είσπραξή τους) της ομάδας με τη συμμετοχή του »Γέρου του Μοριά»….. ",,re
EL733,χυδαιότητα,NOUN,0.85,Behavioral_Trait,συμπεριφορά χωρίς ευπρέπεια και λεπτότητα που προκαλεί αποστροφή,vulgarity as a trait,"['απρέπεια', 'ακαλαισθησία', 'κακογουστιά', 'αισχρολογία']","['vulgarity', 'crudeness', 'coarseness', 'roughness']",Δεν υπάρχει κανένας φραγμός στην χυδαιότητα.,,an
EL733,χυδαιότητα,NOUN,0.85,Event,αγενής πράξη ή λόγος που προσβάλλει το κοινό αίσθημα,vulgar act or remark,"['αισχρολογία', 'απρέπεια', 'χυδαίο σχόλιο', 'βωμολογία']","['obscenity', 'crude remark', 'vulgar act', 'indecency']",username Ξεφτιλίσατε και το νόημα της διαγραφής με τόσες ανοησίες και χυδαιότητες που ακούμε από όλους και τώρα ενοχληθήκατε,0.69,an
EL2208,χωλός,ADJ,0.36,Person,άτομο με μόνιμη δυσκολία βάδισης λόγω βλάβης στο πόδι,lame person,"['κουτσός', 'σακάτης', 'ανάπηρος', 'λειψός']","['lame', 'crippled', 'disabled', 'limping']",Κι από Μαρτικα χάνω. Χαχααα! Δεν είμαι εγώ Ολύμπιος; Ο  Ήφαιστος (ο χωλος) #survivorGR,,ddf
EL2208,χωλός,ADJ,0.36,Behavioral_Trait,"Μεταφορικά, κάτι ελλιπές ή αδύναμο που δεν στέκει λογικά",flawed : logically weak,"['ατελής', 'αναιμικός', 'ανεπαρκής']","['flawed', 'weak', 'unsound']",Η «παλιά» Ευρώπη και το χωλό άλογο,,ddf
EL251,χωριάτης,NOUN,0.69,Person,άτομο από την ύπαιθρο που θεωρείται άξεστο ή απλοϊκό,uncouth peasant,"['βλάχος', 'επαρχιώτης', 'ακαλλιέργητος', 'μπουρτζόβλαχος']","['country bumpkin', 'yokel', 'rustic', 'peasant']","Βεβαίως, όλοι μας το βλέπουμε πως ο Σωτήρης είναι χωριάτης και, καμιά φορά, σαχλός μέχρις αηδίας.",0.72,pa
EL1272,ψάρι,NOUN,0.21,Person,αφελής και άπειρος άνθρωπος που πέφτει εύκολα θύμα,naive greenhorn,"['θύμα', 'άβγαλτος', 'αρχάριος', 'γλαρωμένος']","['naive', 'sucker', 'newbie', 'greenhorn']","Άσσος στην οικονομία, ψάρι στην πολιτική, Ποιός είναι?",,asm
EL2103,ψείρα,NOUN,0.28,Object,μικρό παρασιτικό έντομο που ζει στα μαλλιά ανθρώπων ή ζώων,louse insect,"['κόνιδα', 'σκνίπα', 'κοριός', 'ψείρακι']","['louse', 'nit', 'parasite', 'bug']","Είδα το Δημήτρη, ή μάλλον ένα ζητιάνο που ήταν τάχα ο Δημήτρης, γεμάτο ψείρες.",0.53,cds
EL2103,ψείρα,NOUN,0.28,Person,άτομο υπερβολικά τσιγκούνικο ή σχολαστικό σε λεπτομέρειες,cheapskate or nitpicker,"['τσιγκούνης', 'λεπτολόγος', 'μίζερος', 'τσιφούτης']","['cheapskate', 'penny-pincher', 'nitpicker', 'miser']","«Να μην ψάξουμε για λεφτά;» με ρώτησε ο Σωτήρης, ο υπαστυνόμος, που είναι ψείρας.",0.52,cds
EL2103,ψείρα,NOUN,0.28,Event,ύποπτη σκέψη που γεννά καχυποψία,nagging doubt,"['υποψία', 'καχυποψία']","['naggingdoubt', 'suspicion']",Σας εχει συμβει ρε παιδια? Μου μπηκαν ψειρες στα αυτια οτι εγινε εσκεμμενα,,cds
EL340,ψέμα,NOUN,0.43,Event,ψευδής δήλωση με σκοπό την παραπλάνηση,lie : intentional false statement,"['ψευτιά', 'ανακρίβεια', 'μούφα', 'παραμύθι']","['lie', 'falsehood', 'untruth', 'deception']","«Τι να κάνω; Καλά θα 'ταν να του 'χε πει απ' την αρχή την αλήθεια, αλλ' αφού του 'πε ψέματα, δε θέλω να την εκθέσω.",0.45,qas
EL362,ψεματάκι,NOUN,0.15,Event,μικρή και συνήθως ακίνδυνη ανακρίβεια που λέγεται για να αποφευχθεί αμηχανία,little white lie : deliberately harmless falsehood,"['άσπρο ψέμα', 'μικρό ψέμα', 'αθώο ψέμα', 'ιστοριούλα']","['white lie', 'little lie', 'fib', 'minor falsehood']",Τώρα το είπες το ψεματάκι σου Ηλία.. δεν θα σε χαλούσε να έφευγε το τσόφλι ο Αγόρου.. #survivorGR,0.67,qas
EL1608,ψευδής,ADJ,0.52,Person,χαρακτηρισμός για άτομο που λέει ανακρίβειες και αποκρύπτει την αλήθεια,adjective for a person who tells lies,"['ψεύτης', 'ανειλικρινής', 'δόλιος']","['lying', 'mendacious', 'dishonest']",Ήταν που απλά τις ξεκρεμασε και του έπεσαν κατά λάθος από τα χέρια. Εδώ βέβαια όταν εισαι ψευδής τι ακριβώς λέει η θρησκεία για αυτούς που κάνουν μεγαλεπήβολους σταυρούς;,,dmc
EL1608,ψευδής,ADJ,0.52,Behavioral_Trait,επίθετο για πληροφορία ή δήλωση που δεν ανταποκρίνεται στην πραγματικότητα,adjective for a statement that is not true,"['αναληθής', 'ψεύτικος', 'κίβδηλος', 'πλαστός']","['false', 'untrue', 'fake', 'bogus']",Τα μπουρδελοκαναλα σας.Και η δημοσιογράφοι σας. Πληρωμένη.Για ψευδής ειδήσεις. Κάνανε γαργάρα. Και είναι συνένοχοι σε αυτό. Τον είχαν και συνάδελφο. Αίσχος?,0.89,dmc
EL365,ψευδολόγος,NOUN,0.39,Person,άτομο που συστηματικά διατυπώνει ψέματα,person who persistently tells lies,"['ψεύτης', 'ψευδομάρτυρας', 'λαοπλάνος', 'παραμυθάς']","['liar', 'fabricator', 'prevaricator', 'deceiver']",Ένα από τα πιο θλιβερά που διδάχτηκα σε αυτόν τον πόλεμο ήταν πως ο τύπος της Αριστεράς ήταν το ίδιο ψευδολόγος και ανέντιμος όσο και της Δεξιάς.[...]Είναι άσχημο να αναγκάζεται να μπαίνει κανείς στις λεπτομέρειες της εσωτερικής πολιτικής των κομμάτων. Μοιάζει σα να βουτάς σε,,cds
EL1608,ψευδός,ADJ,0.23,Person,άτομο με διαταραχή άρθρωσης που προφέρει λανθασμένα συλλαβές ή σύμφωνα,lisping person : speaker who mis-articulates certain phonemes,"['βραδυγλώσσος', 'συριστικός', 'αψόγλωσσος']","['lisping', 'speech-disordered']","Είμαι ένας συγγραφέας με δυσλεξία, επαγγελματίας ομιλητής που ήμουν σε λογοθεραπεία για τρία χρόνια ως παιδί επειδή ήμουν ψευδός.",,dmc
EL1608,ψευδός,ADJ,0.23,Behavioral_Trait,"δήλωση που δεν ανταποκρίνεται στην αλήθεια, ιδίως σε νομικό πλαίσιο",false statement : legally untrue deposition,"['ψευδής', 'πλαστός', 'ανακριβής']","['false', 'fabricated', 'perjured']",Γερμανία: H Aναλένα Μπέρμποκ είναι ο κύριος στόχος ψευδών ειδήσεων από ΜΜΕ,0.52,dmc
EL339,ψεύδος,NOUN,0.44,Event,λόγος ή ιδέα που αντίκειται στην πραγματικότητα,lie; false statement,"['αναλήθεια', 'ψευδός', 'απάτη']","['lie', 'falsehood', 'fabrication']",- Κι ως πότε θα κρατήσει αυτό το ψεύδος; Κάποτε θα το μάθει.,0.62,dmc
EL1612,ψεύτης,NOUN,0.56,Person,"άτομο που δηλώνει σκόπιμα αναλήθειες, συνήθως επανειλημμένα",person who deliberately lies,"['ψευδολόγος', 'απατεώνας', 'παραμυθατζής', 'λαοπλάνος']","['liar', 'fibber', 'deceiver', 'prevaricator']",Ψεύτρα!,0.67,dmc
EL1081,ψεύτικος,ADJ,0.59,Behavioral_Trait,"Πράγμα ή έκφραση που μιμείται το αληθινό χωρίς να διαθέτει την ουσία του (π.χ. χαμόγελο, έγγραφο)",object that is not genuine,"['πλαστός', 'κίβδηλος', 'μαϊμού', 'τεχνητός']","['fake', 'counterfeit', 'bogus', 'phony']","Δεν υπάρχει μεγαλύτερη, πιο βαθιά ανηθικότητα από αυτήν εκείνου που απευθύνεται στον λαό με προτεταμένο δάχτυλο, μεταφέροντάς του με ψεύτικα διλήμματα ευθύνες που δεν του αναλογούν, για να καλύψει τις δικές του και αυτές του συστήματος που υπηρετεί. Ανθρωπάριο.",0.69,dmc
EL1081,ψεύτικος,ADJ,0.59,Person,"Άνθρωπος που παρουσιάζει ψεύτικη εικόνα, υποκρίνεται ή απομιμείται συναισθήματα κι έτσι κρίνεται αναξιόπιστος",insincere or phony person,"['υποκριτικός', 'ανειλικρινής', 'δόλιος', 'πλαστός']","['insincere', 'phony', 'two-faced', 'sham']",Σε μισώ με πάθος.....Ο πιο ψεύτικος άνθρωπος παγκοσμιως,,dmc
EL734,ψωλή,NOUN,0.92,Object,χυδαίος όρος για το ανδρικό γεννητικό όργανο,vulgar word for penis,"['καβλί', 'πουλί', 'τσουτσούνι', 'φαλλός']","['dick', 'cock', 'penis', 'phallus']",username Έχω μεγάλη ψωλη γι'αυτό έχω αυτοπεποίθηση. Η μάνα σου θα επιβεβαιώσει..,0.95,asm
EL734,ψωλή,NOUN,0.92,Person,"Χυδαίος χαρακτηρισμός άνδρα, ταυτίζοντας τον με το ανδρικό μόριο για να τον μειώσει ή να εκφράσει επιθετικότητα",dick (slur) : vulgar insult equating a man to his penis,"['πούτσος', 'μαλαπέρδα', 'καβλί']","['dick', 'prick', 'cock']",Ασχολήσου με καμιά ψωλή και άσε να μιλήσει κανένας άλλος για την παραβατικότητα των γύφτων,,asm
EL1098,ψωμάκι,NOUN,0,Object,"Mαλακό εξόγκωμα που σχηματίζεται στα πλαϊνά των γλουτών ή της μέσης· θεωρείται αντιαισθητικό και αναφέρεται μειωτικά σε λόγο, ιδίως για γυναικείες σιλουέτες","love handle : small bulge of fat on the side of the waist, mentioned with disparaging intent","['παχάκι', 'σωσίβιο', 'ψωμάκια'']","['love handles', 'muffin top']","Άμα ο κώλος της δεν έχει καί τά ψωμάκια του δεν νοιώθεις κώλο, την κολόνα της ΔΕΗ νοιώθεις.",,om
EL1098,ψωμάκι,NOUN,0,Event,"Σεξουαλική επαφή – στην αργκό, μεταφορική ονομασία της πράξης του σεξ",get laid : informal term for having sexual intercourse,"['σεξ', 'πηδήματα']","['get-laid', 'score', 'nookie']",Με το καλημέρα ψωμάκι,,om
EL1098,ψωμάκι,NOUN,0,Object,"Mικρό εισόδημα που αποκτά κανείς με εργασία· λέγεται οικεία ή χιουμοριστικά στη φράση βγάζω / κερδίζω το ψωμάκι μου, όπου το ψωμί συμβολίζει τα αναγκαία προς το ζην",bread / living : money earned to make ends meet,"['μεροκάματο', 'βιοπορισμός', 'μισθός (οικ.)']","['bread', 'living', 'livelihood', 'wages']",username Ευτυχώς υπάρχει ο Ολυμπιακός και βγάζουν το ψωμάκι τους κι αυτοί. Όπως επίσης ευτυχώς υπάρχει ο Ολυμπιακός και ασχολούνται και οι υπόλοιποι φίλαθλοι-οπαδοι με το ποδόσφαιρο γιατί άμα περιμεναν από τις ομάδες τους θα είχαν πεσει σε βαθιά καταθλιψη. Είμαστε ο λόγο υπαρξης σας!,0.27,om
EL1430,ψωράλογο,NOUN,0.74,Object,"Άλογο πολύ αδύνατο, γεμάτο ψώρα, άρα άχρηστο για ιππασία ή εργασία","shabby, worn-out horse or object","['σαραβαλάκι', 'ψοφίμι', 'τρισάθλιο άλογο', 'κουτσόλογο']","['nag', 'old crock', 'broken-down horse', 'wreck']","Ο δικός μου μονόκερως είναι ένα ψωράλογο με έναν αποφρακτηρα στο κούτελο. Πριγκιπετσα, 46 χρόνια επιτυχίες",,an
EL1430,ψωράλογο,NOUN,0.74,Person,υβριστικός χαρακτηρισμός για άτομο θεωρούμενο άχρηστο ή κακομοίρη,abusive term for a person seen as useless,"['άχρηστος', 'κακομοίρης', 'φουκαράς', 'ανίκανος']","['loser', 'worthless', 'deadbeat', 'good-for-nothing']",Ο Λαζόπουλος είναι ο ορισμός του ποντικού.... βλέπει ότι δεν τραβάει το ψωροαλογο και σε ένα χρόνο θα μας πει ότι πάντα μέσα στην καρδιά ήταν Μητσοτακικος!,,an
EL1430,ψωράλογο,NOUN,0.74,Object,"Κάθε πράγμα παλιομοδίτικο, ρημαγμένο ή άχρηστο",clunker : decrepit object,"['σαράβαλο', 'παλιοσίδερο']","['clunker', 'old wreck']","Το ιστορικό αμαυρώθηκε από την ντούχνα που εξαπέλυε το ψωράλογο μέχρι την Αθήνα.Χρειάστηκαν 7,8 λίτρα λάδι συνολικά να συμπληρώνονται ανά τακτά χρονικά διαστήματα (κάθε χιλιόμετρο δηλαδή :D ) για να καταφέρει να φτάσει στο συνεργείο, όπου και παραμένει κλινήρεις στην εντατική του Απρίλιου θεραπευτηρίου, μέχρι να διαφύγει τον κίνδυνο.",,an
EL2058,ωρύομαι,VERB,0.41,Event,φωνάζω πολύ δυνατά σαν θηρίο ή δυνατός άνεμος,to roar or bellow loudly,"['ουρλιάζω', 'βρυχώμαι', 'γκρινιάζω δυνατά']","['roar', 'bellow', 'howl']",Βλέπεις τον Πλεύρη να ωρύεται και ξέρεις ότι κάτι καλό έκανε η Σταματέλου του ΚΚΕ... Μπράβο και ξανά μπράβο! #ΤΩΡΑ_ΚΚΕ,,an
,αντιγράφω,VERB,0.18,Event,μεταφέρω πιστά κείμενο ή έργο άλλου χωρίς πρωτοτυπία,to copy someone else's work,"['πλαγιάρω', 'κλέβω ιδέες', 'αναπαράγω']","['copy', 'plagiarize', 'replicate', 'duplicate']",username περιττό να σου πώ ότι έχω ή΄δη αρχίσει και αντιγράφω τουίτς σου στο φμπ...μη με μαρτυρήσεις,0.36,
EL11,απαθής,ADJ,0.3,Person,"Άτομο που δείχνει αδιαφορία· δεν αντιδρά συγκινησιακά σε ό,τι θα συγκινούσε τους περισσότερους",apathetic person : someone emotionally unresponsive,"['ασυγκίνητος', 'ανέκφραστος']","['apathetic', 'impassive', 'indifferent']",δεν μπόρεσε να μείνει απαθής με τις δηλώσεις του προέδρου της βουλής που ακύρωσε την ελληνορθόδοξη ταυτότητα......,0.43,svp
EL12,απαθής,ADJ,0.3,Behavioral_Trait,Σταθερή τάση να αντιμετωπίζεται κάθε γεγονός χωρίς ενθουσιασμό ή ανησυχία,emotionally flat disposition,"['αδιάφορος', 'ψυχρός']","['apathetic', 'indifferent', 'emotionless', 'unmoved']","Η επέκταση του Ισλάμ βρίσκει πρόσφορο έδαφος στην Ελλάδα. Μια χώρα που παρακολουθεί απαθής και χαίρεται που γίνεται ""πολυπολιτισμική""",479,svp
EL1150,μαστιγώνω,VERB,0.39,Event,χτυπώ επανειλημμένα με μαστίγιο ή παρόμοιο όργανο,to whip or flog repeatedly,"['ραβδίζω', 'βασανίζω', 'δέρνω', 'τιμωρώ']","['whip', 'flog', 'lash', 'scourge']",Μαστίγωσαν νεαρή μέχρι λιποθυμίας στην Ινδονησία γιατί είχε εξωσυζυγική σχέση (pic),0.63,cds
EL1150,μαστιγώνω,VERB,0.39,Event,Κατακρίνω ή επιτίθεμαι λεκτικά με μεγάλη δριμύτητα,to lambast : criticise harshly,"['ξεσπαθώνω κατά', 'κατακεραυνώνω']","['lambast', 'lash', 'scourge']",username Μολις σε βιασε ο Βαρουφακης ξεφτιλισμενο ανδροειδες που σε μαστιγωνει ο Αντωνης σου. Σε εκανε λαχουρενια ΡΟΜΠΑ! Βρωμιλε.,0.97,cds
EL1469,φαιδρότητα,NOUN,0.46,Behavioral_Trait,γελοιότητα ή έλλειψη σοβαρότητας σε λόγο ή πράξη,ridiculousness; lack of seriousness,"['γελοιότητα', 'αστειότητα', 'κωμικότητα', 'παρωδία']","['ridiculousness', 'absurdity', 'farce', 'comicalness']",Δεν είδε με καλό μάτι την επίσκεψη Μητσοτάκη στον Ευαγγελισμό ο νταής Πολάκης.Τ πρότεινε να αλλάξει image maker(!) Η απόλυτη φαιδρότητα????????,0.7,om
EL1469,φαιδρότητα,NOUN,0.46,Event,Ενέργεια ή δήλωση που γίνεται αντιληπτή ως γελοία και κατακρίνεται δημοσίως,ludicrous act,"['κωμικό περιστατικό', 'γελοίο συμβάν']","['ludicrous act', 'farce']",Η «επανάσταση του αυτονόητου» και λοιπές φαιδρότητες…,0.34,om
EL1277,φωνακλάς,ADJ,0.52,Person,"Άνθρωπος που συνηθίζει να υψώνει τη φωνή και να διαμαρτύρεται θορυβωδώς, συχνά διακόπτοντας τους γύρω",person who habitually shouts,"['βροντόφωνος', 'κράχτης', 'φωνακλού']","['loudmouth', 'shouter', 'bawler', 'noisy person']",«Νίνα... Δε θέλω να πεθάνω... Θυμάσαι που σου 'λεγα πως θέλω να πεθάνω;... Τώρα δε θέλω να πεθάνω... Θέλω να ζήσω να δω τον άλλο γιο μου... Ίσως αυτός να 'ναι ο μόνος απ' τα παιδιά μου που μ' αγάπησε λιγάκι... Ήταν φωνακλάς... μα δε μου είπε ποτέ μια πικρή κουβέντα... ας έχει την ευχή μου... Αλλ' αν πεθάνω...» «Σώπα!» της λέω.,0.37,pa
EL2082,ψοφώ,VERB,0.62,Event,"Πεθαίνω, κυρίως για ζώα· για ανθρώπους χρησιμοποιείται χλευαστικά ή μισαλλόδοξα","to die (mainly of animals, rudely of people)","['πεθαίνω', 'ψοφάω', 'τεζάρω', 'ξεψυχώ']","['die', 'perish', 'keel over', 'kick the bucket']",καλύτερα να ψοφήσω στην ψάθα παρά να υποχρεωθώ σε 'σένα...,0.74,cds
EL2083,ψοφώ,VERB,0.62,State,Βρίσκομαι σε άκρο εξάντλησης ή έντονη σωματική ανάγκη,to be dead tired / starving,"['λιώνω', 'πεθαίνω (από κούραση)', 'ψοφάω στην πείνα']","['dead tired', 'starving']","Βάρδια τέλος, πάω να φάω γιατί ψοφάω στην πείνα…",,cds
EL2084,ψοφώ,VERB,0.62,Event,"Ποθώ εντόνως, «τρελαίνομαι» για κάτι",to be crazy about,"['λιώνω για', 'τρελαίνομαι για', 'γουστάρω τρελά']","['to crave', 'to be crazy about']",Ψοφούσαμε για περιπέτεια.,0.14,cds
EL1521,ύβρη,NOUN,0.51,Event,βαριά προσβολή ή ασέβεια προς κάποιον,serious insult or offense,"['προσβολή', 'βρισιά', 'ασέβεια', 'απρέπεια']","['insult', 'offense', 'affront', 'hubris']",Δίκη Χρυσής Αυγής: Πρωτοφανείς ύβρεις από τον καταδικασμένο Ιωάννη Λαγό προς το δικαστήριο,0.34,cds
EL1521,ύβρη,NOUN,0.51,Behavioral_Trait,"Ακραία αλαζονική στάση που παραβιάζει ηθικά ή κοινωνικά όρια, θεωρούμενη πρόκληση της μοίρας",hubris : overbearing pride offending moral limits,"['αλαζονεία', 'έπαρση', 'υπεροψία']","['hubris', 'arrogance', 'presumption']","username username username Λαθος απόφαση.Στους λασπολόγους συκοφάντες δεν"" χωράει"" αστική ευγένεια. Την επόμενη εβδομάδα κατα τη συζήτηση στη βουλή για συσταση προανακριτικής που οι ΣΥΡΙΖΑΝΕΛ-με πρώτο τον ΥΠΕΘΑ -θα ανοίξουν τον οχετό ύβρεων κατά των στελεχών της παράταξης θα δείτε",0.74,cds
