ID,Lemma,POS,Synset_ID,Synset_Lemma,Definition,Definition' source,Example,Example' source,Original HurtLex Category,Stereotype,synset_category,synonyms_en,definition_en,definition_category,ERIS_score,aikia_offensive_score
BG1677,Коза ностра,noun,[no_synset],[no_synset_lemma],"Сицилианската престъпна организация, мафията",,"[България като Коза ностра: клановете се хващат за гушите.;Коза Ностра не зная дали ще се регистрира, но Г-н Черепа вече се регистрира, което е горе-долу едно и също!;Димитър Колев (негов бивш депутат и бивш областен управител на Перник, който напусна РЗС и започна да приглася на мнозинството в гласуванията в парламента) е от кръга ""Котараците"", а те са пернишката Коза Ностра.]",re,,,,,,,,
BG155,абдал,noun,Synset('btbwn-018002282-n'),"['дурак', 'дурачка', 'папуняк', 'глупак', 'глупачка', 'тъпак', 'тъпанарка', 'тъпанар', 'тъпачка', 'кретен', 'идиот', 'идиотка', 'глупец', 'балама', 'балък', 'будала', 'бунак', 'галош', 'галфон', 'гламчо', 'баламурник', 'ахмак', 'гъска', 'дебил', 'дръвник', 'олигофрен', 'патка', 'пън', 'рапон', 'ръб', 'серсем', 'серсемин', 'тапир', 'теле', 'тиква', 'тиквеник', 'тъпунгер', 'хайван', 'хайванин', 'хапльо', 'чвор', 'чукундур', 'юрод', 'кютук', 'ампе', 'абдалин', 'абдал']",Човек с ограничени умствени способности.,,"[То и в цепенето си има чалъми де, че ако биеш като абдал, днеска може пет дръжки да строшиш.;Самият Първанов, удобно дистанциран още от самото учредяване, прецени липсата на перспектива и гузно замълча по въпроса, а повярвалите му абдали го последваха в това му мълчание.;Абе, абдали, защо направо-неправо не поканите престъпника от Банкя за доброволец?]",qas,,,noun.person,,,,,
BG155,абдал,noun,Synset('btbwn-018002282-n'),"['дурак', 'дурачка', 'папуняк', 'глупак', 'глупачка', 'тъпак', 'тъпанарка', 'тъпанар', 'тъпачка', 'кретен', 'идиот', 'идиотка', 'глупец', 'балама', 'балък', 'будала', 'бунак', 'галош', 'галфон', 'гламчо', 'баламурник', 'ахмак', 'гъска', 'дебил', 'дръвник', 'олигофрен', 'патка', 'пън', 'рапон', 'ръб', 'серсем', 'серсемин', 'тапир', 'теле', 'тиква', 'тиквеник', 'тъпунгер', 'хайван', 'хайванин', 'хапльо', 'чвор', 'чукундур', 'юрод', 'кютук', 'ампе', 'абдалин', 'абдал']",Човек с ограничени умствени способности.,,"[Я виж там онзи абдал какво иска.;Целият свят иска да краде от България, защото тук има много абдали.;Но какво имат вместо мозък тия абдали, които са путинофили до мозъка на костите си, които не забелязват, че Радев се превърна в слуга на Херо Мустафа и Джо Байдън, хариза държавата на краварите, понеже са му обещали втори мандат, а козируват на натовския генерал?]",cds,,,noun.person,,,,,
BG99,агресивен,adj,Synset('btbwn-000000072-a'),"['агресивен', 'нападателен', 'враждебен']","Който е изпълнен с вражда, ненавист, агресия и показва решителност и енергичност при осъществяването на нещо.",,"[Почеркът й бе съвършен, направо като от учебник. Издължен и изящно оформен. На следващия ред беше написала: „Уекслър е сводник и е извратено агресивно копеле“.;Другият има вид на агресивен психопат, тип Хитлер.;Ако си нелюбезен, агресивен идиот, в обществото също ще си говориш сам.]",ddp,,,adj.all,,,,,
BG242,адвокат,noun,Synset('btbwn-018002774-n'),"['адвокат', 'адвокатка']","Прен. Човек, който защитава някого, явява се в защита на някого.",,"[Ти защо толкова се месиш в ситуацията? На адвокат ли се правиш?;За адвокат на жена ми ли се мислиш? Аз я защитавам, а не някакъв си измислен герой от работата й.]",pa,,,noun.person,,,,,
BG1804,акула,noun,[no_synset],[no_synset_lemma],"Прен. Алчен, ненаситен, безогледен човек.",,"[Затова и апетитът на големите политически акули към това министерство бе твърде притъпен.;Е, така и не успях да стана корпоративна акула, опитвам се да се държа справедливо и честно с колегите си.;Виж в бета, че Чаушеску преди да го убият ""финансовите"" акули , беше изплатил външния дълг на Румъния до последния долар!]",an,,,,,,,,
BG222,алчен,adj,Synset('btbwn-000000024-s'),"['алчен', 'сребролюбив', 'лаком', 'ненаситен', 'гладен', 'стръвен', 'жаден']",Който силно се стреми към материални блага.,,"[Тази е готова на всичко за слава и власт, умопобъркана, алчна жена с доста богат опит в ниските страсти.;Падението на един алчен простак! ;С този алчен нещастник си имах работа преди три години.]",qas,,,adj.all,,,,,
BG1103,аматьор,noun,Synset('btbwn-018001634-n'),"['лаик', 'аматьор', 'любител', 'дилетант', 'любителка', 'дилетантка', 'лаичка', 'аматьорка', 'неспециалист', 'неспециалистка', 'непрофесионалист', 'непрофесионалистка']","Лице, което се занимава с изкуство, наука или техника, без да има специална подготовка и при повърхностно познаване на предмета.",,"[Смятай, че ако един шофьор се замисля каква да е скоростта му в цифри, значи е пълен аматьор и пишман шофьор.;В такива ситуации се виждат организаторските качества и си проличава аматьорът и неможещият.;Друг път поглеждаше платното с мисълта: „Аз съм тъп аматьор.“]",qas,,,noun.person,,,,,
BG2027,анормален,adj,Synset('btbwn-000001523-a'),"['противоестествен', 'неестествен', 'нетипичен', 'необичаен', 'ненормален', 'анормален']","Който се различава от нормата, от общоприетото правило.",,"[Трябва наистина да си анормален, че да твърдиш колко руснаци са били убили украинците и да ги подкрепяш, а да не виждаш с тях какво става.;Върху личността на този малко нещо анормален калугер, фанатично предан на сръбската по онова време държавна политика, виж бележката на Панайот Хитов към едно от следващите писма.;Анормалният пубертет предстявлява ненормално развитие и анатомично оформяне на индивида по време на пубертетния период.]",dmc,,,adj.all,,,,,
BG19,апатичен,adj,Synset('btbwn-000001266-s'),"['незаинтересован', 'апатичен', 'безучастен', 'равнодушен', 'безразличен', 'равнодушен', 'индиферентен', 'незаинтересуван', 'индиферентен']","Който не проявява, изразява интерес към някого или нещо.",,"[Дълбоко в душата си вие сте апатичен човек, който трудно успява да се мобилизира и в когото се крият емоционални проблеми.;Апатичен проклетник.;Станал си апатичен към тежкото положение на другите пътници.]",ddp,,,adj.all,,,,,
BG11,апатия,noun,Synset('btbwn-012000003-n'),['апатия'],"Отсъствие, липса на емоции, ентусиазъм или интерес към някого или нещо, което понякога се разглежда като психологически проблем.",,"[Остава и въпросът, поради същата тази некомпетентност и държавна апатия към родното производство, колко ли други уникални български вкусове не са имали късмета на зеленото сирене и безвъзвратно са се изгубили във времето?;Апатията и лекомислието, с които народът ни приема фалшивите новини са тежка болест, но не дадена ни от Бог, а е подарена ни от руската и турската фалшива пропаганда и всички продали се българи на двете империи.;С тихо примирение и апатия приемаме, че България няма бъдеще и сме последните българи.]",ddp,,,noun.feeling,,,,,
BG1510,аристократ,noun,Synset('btbwn-018001812-n'),"['благородник', 'благородница', 'аристократ', 'аристократка', 'патриций', 'благородничка']","В монархическо общество - привилегировано лице, което принадлежи към най-висшето съсловие от благородници, към аристокрацията.",,"[Работата ги е преобразила в маймуноподобни същества, които обаче са готови да се изправят срещу самонадеяните аристократи.;Цяла тумба аристократи са се изказали тука.]",is,,,noun.person,,,,,
BG2070,арогантен,adj,Synset('btbwn-000001814-s'),['арогантен'],"Който изразява безочливост, дързост, нахалство.",,"[В отговор Робърт Мугабе го нарича ""лъжец"" и ""арогантно момченце"".;Съвсем очевидно наглите и арогантни брюкселски типове не са забравили нищо старо, не са научили нищо ново.;Просто едно дръзко, нахално и арогантно копеле успя да осребри съдбата си на наемник и терорист.]",qas,,,adj.all,,,,,
BG543,арогантност,noun,Synset('btbwn-004001177-n'),['арогантност'],"Арогантна, безочлива проява, постъпка.",,"[Това е съчетано с невежество и некомпетентност, свързано е и с политическа арогантност.;И даже грубостта, арогантността все по-често се срещат като характерен израз за българите.;Той е квинтесенцията на мутренската арогантност и безпардонност, съчетани с почти пълна липса на образование.;Неговата арогантност стигна предела.;Като се погледне в огледалото, вижда само арогантност и безочие.]",dmc,,,noun.act,,,,,
BG611,аутсайдер,noun,Synset('btbwn-018000752-n'),"['аутсайдер', 'аутсайдерка']","Човек, който е извън някаква група, който не е приет в нея поради някакви причини.",,"[Така че спокойно си работи, г-н Чайков! Не ги слушай тези аутсайдери!;Избий кучетата, после циганите, след това педалите и накрая аутсайдерите, пък дано се налочиш на кръв, мамка ти киликандзерска кръвожадна.;Абе, ей, аутсайдер такъв, не мислиш ли, че е време да се включиш и да помогнеш малко?]",is,,,noun.person,,,,,
BG1653,бавен човек,noun,Synset('btbwn-000000028-s'),"['бавен', 'муден', 'флегматичен', 'отпуснат', 'бавноподвижен']","Който действа, реагира бавно, без живост, енергия.",,"[Тоя Амос Юга – едвам ходи по терена, толкоз бавен човек не съм виждал.;За един мързелив, бавен човек мигането е един по-дълъг момент, а за съвършения мигането съответствува на една тристахилядна част от секундата, едва се забелязва, че мига.;Такъв мързел, такъв бавен човек по-добре да не ти влиза в къщата.]",qas,,,adj.all,,,,,
BG1652,бавно загряващ човек,noun,[no_synset],[no_synset_lemma],"За човек, който трудно схваща; бавно разбира.",,"[Боже мили, не съм виждала толкова бавно загряващ човек като този швед.]",ddp,,,,,,,,
BG1652,бавно загряващ човек,noun,[no_synset],[no_synset_lemma],"За човек, който трудно схваща; бавно разбира.",,"[Естествено! Какъв бавно загряващ човек... нали съм брокер на недвижими имоти!;Разсъждаваш като бавно загряващ човек.;""Подозирам, че след време ще стана една шаманка, която ще гледа на хората, ще ги лекува с кристали, ще изчислява асценденти... Натам вървят нещата, но вървят с много бавни темпове. Аз съм бавно загряващ човек , така да се изразя"", казва самата Цвети.]",qas,,,,,,,,
BG152,балама,noun,Synset('btbwn-018001636-n'),"['ливада', 'наивница', 'наивник', 'балама', 'дивак', 'шаран', 'лапнишаран', 'будала', 'баламурник', 'дивачка', 'диване', 'лапнимуха', 'балък', 'хапльо', 'лековерник', 'баламурница', 'лековерница']","Човек, който лесно може да бъде излъган.",,"[Бракът на Мара Отварачката е тотален провал (не успя да намери балама, който да я гледа в очите и само да плаща).;А баламите се кефят, че се вършела работа.;Мегз намери нов балама, който да я издържа. Бившата дизайнерка живее с любовника си в Дубай.]",dmc,,,noun.person,,,,,
BG224,баласт,noun,[no_synset],[no_synset_lemma],"Прен. Събир. Книж. Съвкупност от подробности, неща, които излишно, безполезно отежняват, удължават или усложняват нещо.",,"[В Ботев трябва да се освободят от баласта в отбора, за да полетят на Колежа.;А нас оставят тук за баласт. ;И общественият баласт бърза да ""регулира"" всяко нещо, което може да застраши програмирания в главата му път.]",qas,,,,,,,,
BG2084,банален,adj,Synset('btbwn-000001947-s'),"['прозаичен', 'безинтересен', 'скучен', 'безцветен', 'делничен', 'тривиален', 'банален', 'сив', 'неинтересен']","Който не се отличава с нищо особено, интересно, беден на събития, преживявания.",,"[Отвратително банален си, Кодрингер.;Тоя стана вече банален с тези въпроси, сравнително хитроумно изписани от беквокалите му.]",cds,,,adj.all,,,,,
BG2084,банален,adj,Synset('btbwn-000001947-s'),"['прозаичен', 'безинтересен', 'скучен', 'безцветен', 'делничен', 'тривиален', 'банален', 'сив', 'неинтересен']","Който не се отличава с нищо особено, интересно, беден на събития, преживявания.",,"[Който си мисли, че Радев не е подслушван, следен и разголен през цялото време, е банален глупак.;Кух, банален и злобен човек, лъгал и изоставил семейството си.]",qas,,,adj.all,,,,,
BG350,банда,noun,Synset('btbwn-014000222-n'),"['шайка', 'тайфа', 'банда']","Група от хора, обикновено злосторници, обществено зловредни, с лош характер и лоши прояви, които извършват нападения, грабежи и подобни.",,"[Това бе банда нехранимайковци, дрехите им бяха в плачевно състояние, а тримата от тях бяха толкова слаби, че най-вероятно не им се случваше да се хранят редовно.;Банда нещастници, които веднъж сте наследници на БКП, а друг път не.;Като се замисля, каква банда глупаци са и ми става смешно.]",qas,,,noun.group,,,,,
BG350,банда,noun,Synset('btbwn-014000222-n'),"['шайка', 'тайфа', 'банда']","Група от хора, обикновено злосторници, обществено зловредни, с лош характер и лоши прояви, които извършват нападения, грабежи и подобни.",,"[Все едно там са банда идиоти и всеки се стреми да обиди другия, уж, че защитаваме нещо.;Но бяха щастливи с труда си; не жалеха сили и работеха жертвоготовно, защото добре съзнаваха, че всичко, което правят, е за самите тях и за себеподобните им, които ще ги наследят, а не за банда лениви и крадливи човеци.;Получи го, след като видя как последните престъпления на престъпната банда от алчни партийни хиени превърнаха народа и децата ви във вечни техни и чужди финансови длъжници и икономически роби.]",re,,,noun.group,,,,,
BG1241,бандит,noun,Synset('btbwn-018000768-n'),"['мафиот', 'мутра', 'разбойница', 'гангстер', 'бандит', 'разбойник', 'разбойничка', 'гангстерка', 'бандитка', 'шайкаджия', 'бандюга', 'шайкаджийка']","Участник в банда, която извършва дръзки грабежи, убийства, изнудвания, упражнява политически терор и други.",,"[Уличен бандит преби и ограби поетесата Надя Попова, главен редактор на вестник „Словото днес”.;САЩ няма да позволят тези сатрапски и крадливи диктатори да превърнат Венецуела в тлеещ пожар в Южна Америка, от който руските бандити и иранските аятоласи да късат живо месо.;Слави, ГЕРБ и останалите бандити могат да бъдат изгонени, въпреки че се наместиха и вече делят баницата и ви гласят въжетата да се самообесите.;През последните 11 години мафията, под командата на един селски бандит, постигна следното за България:...]",dmc,,,noun.person,,,,,
BG1241,бандит,noun,Synset('btbwn-018000768-n'),"['мафиот', 'мутра', 'разбойница', 'гангстер', 'бандит', 'разбойник', 'разбойничка', 'гангстерка', 'бандитка', 'шайкаджия', 'бандюга', 'шайкаджийка']","Участник в банда, която извършва дръзки грабежи, убийства, изнудвания, упражнява политически терор и други.",,"[Докъде ни докара този селски бандит.;У нас се употребява за сборища на курви, бандити и дебили.]",cds,,,noun.person,,,,,
BG2424,барака,noun,Synset('btbwn-006001455-n'),['барака'],"Лека дъсчена постройка за временно използване, обикновено за съхранение на нещо.",,"[Невероятна гледка на входа на Велико Търново, това сметище за гуми седи от години да не говорим за тази долнопробна барака наречена сервиз за гуми.;Повечето са пълни бараки и струват доста повече от ""нормалния"" аналог на същата марка.;Накой карал ли е тази барака със седем човека и багаж?]",rci,,,noun.artifact,,,,,
BG200,бардак,noun,[no_synset],[no_synset_lemma],Разг. Пренебр. Публичен дом.,,"[Тези предмети създават визуален бардак в дома ви!;Докато има такива като теб, дето смятат,  че ""премиер"" и ""министър-председател"" са различни неща, не чалгарница ще бъдем, ами направо бардак.]",rci,,,,,,,,
BG200,бардак,noun,[no_synset],[no_synset_lemma],Разг. Пренебр. Публичен дом.,,"[Може да жевее в бардак 7х7, но ще се изтъпани с Ауди А7 да каже ""Вижте ме кой съм аз"".]",pr,,,,,,,,
BG263,барон,noun,[no_synset],[no_synset_lemma],"За сиромах човек, който се големее.",,"[Не е ромски барон, ако няма райграс и фонтан в двора и къща на няколко ката.;Реално те са купени и само манипулират обществото да гласува за един или друг барон на мафията!;В Перник първо питат Кокаиновите Барони и тогава полицейския патрул тръгва по сигнал, там престъпниците се делят на две - удобни и неудобни!]",is,,,,,,,,
BG2100,бебе,noun,Synset('btbwn-018001811-n'),"['дете', 'бебе', 'бебенце', 'детенце', 'бебче']","Възрастен човек, който се държи, постъпва незряло, неразумно, детински.",,"[Защото сестра ти е единственият човек, който няма веднага да ти се подиграе, че плачеш като бебе по тази любовна история, обхващаща годините.;Аз предпочитам Иван, защото Андрей се държи като бебе, а Иван ми е по-симпатичен и ми се вижда по-улегнал.;Иван се държи като ревливо бебе.]",cds,,,noun.person,,,,,
BG2100,бебе,noun,Synset('btbwn-018001811-n'),"['дете', 'бебе', 'бебенце', 'детенце', 'бебче']","Възрастен човек, който се държи, постъпва незряло, неразумно, детински.",,"[Когато “мъжът” във връзката се окаже едно голямо бебе, жената поема неговата роля.;Прилича на голямо бебе – образът му е далеч от този на църковен служител.;Героят ми е едно голямо бебе, което желае проектът му да се осъществи, и плаче всеки път, когато нещата не станат така, както ги иска.]",is,,,noun.person,,,,,
BG2257,беден,adj,[no_synset],[no_synset_lemma],"Прен. Който няма големи възможности или ценни качества, който не се отличава с голямо разнообразие, широта; ограничен.",,"[Гледайте и ревете...долни дребни, бедни души!;Те искрено смятат, че българите са изостанали, невежи, бедни идиоти.;Въображението на този автор е толкова бедно, че още от самото начало на книгата предвиждам края й.]",is,,,,,,,,
BG2110,бедняк,noun,Synset('btbwn-018001102-n'),"['бедняк', 'сиромах', 'голтак', 'голотия', 'беднячка', 'сиромахкиня', 'безсребърник', 'безсребърница', 'босяк', 'голчо', 'фукара', 'голтачка', 'босячка']","Човек с много ограничени, с недостатъчни материални средства.",,"[И всичко това го караше още повече да прилича на болен от треска златотърсач, на побъркан иманяр, на нищожен и жалък бедняк, който ще прекара целия си живот в търсене на средство да спечели пари, без да постигне нищо. ;Златка Райкова захапа сериозно Благо, нарече го бедняк.;После ще ни втълпяват, че сме бедняци и диваци.]",is,,,noun.person,,,,,
BG1474,бездействие,noun,Synset('btbwn-007000015-n'),"['бездействие', 'инерция', 'недеятелност', 'бездейност', 'бездейственост']","Качество на инертен, бездеен, липса на дейност, активност, енергичност.",,"[Освен тези обяснения за престъпно човешко бездействие в жизненоважни случаи има още нещо, което е и една от причините да напиша тази книга.;70 години след своето създаване, ООН проспа в пълно бездействие разрастването на Ислямска държава.;Моди е обвиняван в подкрепа за хиндуистите или поне в мълчаливо бездействие.]",dmc,,,noun.attribute,,,,,
BG1135,безделие,noun,Synset('btbwn-026000658-n'),"['мързел', 'леност', 'безделие', 'лентяйство', 'мързелуване', 'дембелък', 'безделничене', 'дембелуване', 'безделничество', 'хайлазлък', 'хайлазуване']","Състояние, в което не се върши нищо, начин на живот, присъщ на лентяй.",,"[Един човек, който живее в безделие - мисли зло и мързелът го погубва.;Баща, който в безделие се излежава на дивана пред телевизора с бутилка алкохол в ръка.;Леността, безделието, мързелът са ги изяли!]",dmc,,,noun.state,,,,,
BG566,безделник,noun,Synset('btbwn-018000914-n'),"['мързел', 'мързеливец', 'мързеливка', 'мързелан', 'мързеланко', 'мързелана', 'мързеланка', 'безделник', 'ленивец', 'ленивка', 'лентяй', 'лентяйка', 'лежач', 'хайлазин', 'канапчия', 'дембел', 'хайлаз', 'хългъзник', 'дембелин', 'лентьо', 'мръзльо', 'мръзла']","Мързелив, ленив човек.",,"[Ива Екимова: Извратен безделник ме изнудва, плаши да пусне скандално видео в Интернет.;Такава армия от безделници няма в нито една държава.;Ти си един безработен безделник от провинцията, който поради неграмотността си не може да си намери работа.]",cds,,,noun.person,,,,,
BG566,безделник,noun,Synset('btbwn-018000914-n'),"['мързел', 'мързеливец', 'мързеливка', 'мързелан', 'мързеланко', 'мързелана', 'мързеланка', 'безделник', 'ленивец', 'ленивка', 'лентяй', 'лентяйка', 'лежач', 'хайлазин', 'канапчия', 'дембел', 'хайлаз', 'хългъзник', 'дембелин', 'лентьо', 'мръзльо', 'мръзла']","Мързелив, ленив човек.",,"[Него го знаят, че е безделник, няма в какво да го подозират.;Та айде да не се правят на големи радетели за природата, че доста от тях и познавам, най-често безработни безделници и пияници опитвайки се винаги да изнудят някой.]",dmc,,,noun.person,,,,,
BG608,бездомник,noun,Synset('btbwn-018001713-n'),"['бездомник', 'бездомница', 'клошар', 'клошарка', 'скитник', 'скитница', 'бродяга', 'босяк', 'босячка', 'безкъщник', 'безкъщница']","Човек, който няма дом, подслон.",,"[Хората тук изглеждат като бездомници.;Толкова си се занемарил, че приличаш на бездомник! Не те е ли е срам?]",is,,,noun.person,,,,,
BG1236,безполезност,noun,Synset('btbwn-007000505-n'),['безполезност'],"Качество на такъв, който не е полезен, не допринася с някакви ползи.",,"[Нима някой смята, че Трифонов прави нещо друго освен да се опитва да прехвърля отговорността за собствената си политическа безполезност?]",dmc,,,noun.attribute,,,,,
BG1588,безпорядък,noun,Synset('btbwn-026000431-n'),"['безредие', 'безпорядък', 'бъркотия', 'безредица', 'неразбория', 'неподреденост', 'хаос', 'какофония', 'галиматия', 'галимация', 'батак', 'каша', 'миш-маш', 'безреда']","Отсъствие, липса на ред някъде или в нещо.",,"[Ако някой продължи да поддържа домакинството късно през нощта, хората приемали, че къщата й е в пълен безпорядък.;От елегантната му прическа не бе останало нищо – през изминалите месеци косата му беше избуяла като трева и сега се къдреше около врата му в гаменски безпорядък.;Животът ти е пълен безпорядък - нямаш работа, родителите ти те издържат, а любовният ти живот е провал.]",qas,,,noun.state,,,,,
BG2246,безразсъден,adj,Synset('btbwn-000000283-s'),"['лудешки', 'необмислен', 'неразумен', 'безразсъден', 'безумен', 'сляп']","Който не проявява разум, благоразумие, в който не се влага разум.",,"[И все пак, тези места не са убежище за неканени гости — само някое безразсъдно същество би предположило обратното.;Това явление се въртеше около безразсъден политик, който се изстреля до известност, като отправяше скандални твърдения за нелоялност и подривна дейност.;Укоряваха и безразсъдната наследница, която се мислеше за хубава, кичеше се с коприна и пера, криеше под гердани късия си врат и бе успяла да се омъжи само заради парите си.]",dmc,,,adj.all,,,,,
BG321,безредие,noun,Synset('btbwn-026000431-n'),"['безредие', 'безпорядък', 'бъркотия', 'безредица', 'неразбория', 'неподреденост', 'хаос', 'какофония', 'галиматия', 'галимация', 'батак', 'каша', 'миш-маш', 'безреда']","Отсъствие, липса на ред някъде или в нещо.",,"[Техните съюзници у нас – силите на старото безредие, тепърва започват да истеризират, тепърва ще ги чуваме.;Често в това преодоляване на бурята, на хаоса вън от нас и вътре в нас, се крие както драмата, така и радостта от мъчителното ни измъкване от жестокостите на историята и настоящото безредие.;Марина прощаваше на доктора странните му навици, капризите на падналия и осъзнаващ падението си човек, мръсотията и безредието , което цареше при него.;Как можеш да живееш в такова безредие и хаос?]",qas,,,noun.state,,,,,
BG1459,безсмислен,adj,Synset('btbwn-000002404-s'),"['ненужен', 'безцелен', 'неоснователен', 'безпредметен', 'безполезен', 'излишен', 'безсмислен', 'напразен']","Който няма смисъл, който е лишен от разумно основание.",,"[Тия живеят безсмислен живот - бачкане за 800 - 1000 лв, спане, пиене на ракия и ядене на сланина, салата с много оцет и пържени картофи.;Стига депресантщини, според мене авторът трябва да се чувства щастлив, ако доживее до такава възраст и между другото трябва да е имал ебати бездарния и безсмислен живот, ако допусне последните му години да минат по този рехав начин.;Коментарът ти беше абсолютно излишен и безсмислен.]",qas,,,adj.all,,,,,
BG1235,безсмислие,noun,Synset('btbwn-011000324-n'),"['безсмислие', 'недомислие', 'нелепост', 'безсмислица', 'идиотщина', 'щуротия', 'абсурд', 'абсурдност', 'нелепица']","Нещо, което напълно противоречи на логиката, на здравия смисъл, което е нелогично, неразумно, неправилно.",,"[За да изпаднат толкова много избиратели в такова безсмислие спрямо механизмите на демокрацията, то виновни за това са ония, които са призвани да създават този смисъл - политиците.;Всяко нещо, което говори е пропито от безсмислие. Не знам кой му е дал думата.]",qas,,,noun.event,,,,,
BG1458,безсмислица,noun,Synset('btbwn-011000324-n'),"['безсмислие', 'недомислие', 'нелепост', 'безсмислица', 'идиотщина', 'щуротия', 'абсурд', 'абсурдност', 'нелепица']","Нещо, което напълно противоречи на логиката, на здравия смисъл, което е нелогично, неразумно, неправилно.",,"[Готиното е, че понякога, без дори да го съзнават, покрай редовните глупости и безсмислици, някои хора казват и много важни и вдъхновяващи неща.;Само преписват и повтарят като някакви папагали, ами и това правят с безброй грешки, създавайки трагикомични безсмислици!]",qas,,,noun.event,,,,,
BG2242,безумие,noun,Synset('btbwn-007000264-n'),"['безразсъдство', 'безумие', 'безумство', 'безразсъдност']",Липса на здрав разум.,,"[– Опитвали ли сте са да правите преврат? Носили ли сте запалителни вещества по протестите? – Тази спекулация още на летните брифинги на МВР, тези внушения са абсолютно безумие.;Пълно безумие цари в хранителната верига. Баба ми женицата цял живот си садеше и береше и се хранеше с ""еко"" храни, сега няма села - всичко се затри - циганите опоскоха цяла Странджа.]",ddp,,,noun.attribute,,,,,
BG702,беладжия,noun,Synset('btbwn-018001247-n'),"['негодница', 'негодник', 'леке', 'келеш', 'калпазанин', 'хубостница', 'вагабонтин', 'негодяй', 'хаирсъзин', 'кучи син', 'вагабонтка', 'хубостник', 'пезевенк', 'келеме', 'какаванин', 'калпазанка', 'кучешки син', 'песи син', 'магарски син', 'магарешки син', 'вагабонт', 'багабонтин', 'багабонт', 'сукин син']","Човек, който върши подлости, постъпва нечестно, неморално, безнравствено.  /Някой, който прави бели./",,"[Завършва като отличник, но като малък бил голям беляджия.;Големи ""законотворци"", големи беляджии.;Ганчо беше роден беляджия, дребен, с черни лукави очи, вечно засмян образ.]",qas,,,noun.person,,,,,
BG2274,бесен,adj,Synset('btbwn-000000099-s'),"['яростен', 'бесен', 'разярен', 'разлютен', 'ядосан']","Който е обхванат от силна, неудържима ярост, гняв, омраза.",,"[Опитен стрелец, бесен психопат и некадърник, който се опитва да прикрие трупа.;Ако репутацията на онази бясна кучка беше поне наполовина вярна, то Синчето щеше до седмица да се е отървал от ходещия си кошмар.;Йончева е озлобена, незадоволена, бясна жена , ядосана бабичка, която не в Европа, ами и в политиката въобще няма място.]",ddp,,,adj.all,,,,,
BG507,бизнесдама,noun,Synset('btbwn-018000445-n'),"['бизнесмен', 'бизнесдама', 'бизнесменка', 'бизнес дама']","Лице със собствен бизнес, управлява чужд бизнес или е представител на висшия мениджмънт в дадена фирма.",,"[Тя е една психически нестабилна, жена със съмнителна репутация. Не по-коректна в професионалния и личен живот! Прави се на бизнесдама , а всъщност само влачи някакви объркани италиянци, за да правят бизнес тука, а накрая нищо!;Поредната ""бизнесдама"", която се е издигнала от нищо и е забогатяла. ;Казват, че преди две години в БНТ отишла една ""заможна бизнесдама"" на средна възраст, която ""казват"" била безумно влюбена в това момиче, което пък знаем мина през няколко музикални формата с неособено големи успехи, и тази бизнесдама обещала да плати целия ""масраф"" по участието на България в Евровизия 2020, ако БНТ кандиса да изпрати същото това момиче като представител на държавата.]",qas,,,noun.person,,,,,
BG393,бизнесмагнат,noun,[no_synset],[no_synset_lemma],"Капиталист, който има голямо влияние, власт и богатство.",,"[Бизнесмагнат, отдавна издирван от правителството на Китай и известен с това, че е изградил връзки с хора от администрацията на Тръмп, включително със Стив Банън, беше арестуван вчера в Ню Йорк по обвинение, че е ръководил заговор за измама на стойност 1 милиард долара, предаде Асошиейтед прес.;В повечето си публични речи от 2014 г. насам, първата от които е пo време на посещението му в университета ""Цинхуа"" в Пекин, Марк Зукърбърг, създателят на Facebook, демонстрира отдаденост към научаването на мандарин Джак, бившият учител по английски език, преобразил се в бизнесмагнат , вдъхновява и запленява аудитории на конференции по цял свят през последните повече от седемнайсет години, като говори и на английски, и на китайски.;Един мултимилиардер, неудовлетворен от кариерата си на ""обикновен бизнесмагнат"", преди години създаде медийна компания.]",qas,,,,,,,,
BG471,бик,noun,[no_synset],[no_synset_lemma],"Разг. Много съм затлъстял, угоил съм се",,"[Беше огромен като бик, гръмогласен и клонящ към дебелащина.;За това всички пилоти приличат на бикове по вратовете, ако не беше така ""нямаше да издържим и една обиколка"" - казва Монтоя.;И почва да рие из бюрото си като обезумял бик.;Баща й успял да се отскубне. Но само за миг. Защото оня бил охранен, едър като бик . И след секунда пак стиснал в огромните си лапи бедния човечец.]",an,,,,,,,,
BG288,блудница,noun,Synset('btbwn-018000305-n'),"['кучка', 'курва', 'блудница', 'развратница', 'развратник', 'блудник', 'чапкънин', 'прелюбодеец', 'чапкън', 'курвар', 'стерва', 'шафрантия', 'курварин', 'прелюбодейка', 'гювендия']","Развратен човек, отдаден на разврат, на безразборни и многобройни полови контакти.",,"[Вие – идолопоклонници, ""русофили"" и другите - прекланящи се пред западната нео-марксическа блудница и нейните извращения, кой ви излъга, че с развяти български знамена (и някое и друго хоро), ще скриете своето нечестие и предателство?;Иначе, въпреки че импийчмънтът е неосъществим заради наличието в парламента на червената блудница (БКП/БСП....) и ДПС, то поне заклеймяването за противодържавната му дейност от мнозинството в парламента, би било добър урок и полезно дело за цялото ни общество.]",pr,,,noun.person,,,,,
BG1335,блудство,noun,Synset('btbwn-004001638-n'),"['блудство', 'разврат', 'безпътство', 'разпътство', 'разпътие', 'блуд', 'блудодейство', 'разгул']","Разпуснатост в половия живот. Разврат, поквара; полово извращение.",,"[През последните месеци из мрежата се забелязва нещо, което не мога да нарека с друго име освен политическо блудство.;Хайде, неграмотни празноглавци, започвайте упражняването в словестно блудство.]",pr,,,noun.act,,,,,
BG817,боклук,noun,[no_synset],[no_synset_lemma],"Прен. Пренебр. Нещо, което е негодно или няма никаква ценност; което е загубило качествата си.",,"[По-голям и долен боклук от българина на този свят няма, за два лева ще продаде майка си, за да хвърля салфетки в някоя чалготека.;Такива боклуци създават лошо име на общността.;Вчера член на управляващата партия ГЕРБ нарече "" боклук "" български журналист.;Кои са боклуците е повече от ясно. Случилото се е пореден срам, който се пише по сметката на ГЕРБ, които не успяват да организират адекватно собственото си партийно мероприятие, а продължават с претенциите си да управляват държавата.]",cds,,,,,,,,
BG195,бордей,noun,Synset('btbwn-006002917-n'),"['съборетина', 'бордей', 'изба', 'коптор']",Нехигиенична къща.,,"[В тези бордеи е трябвало да се заселят над 100 семейства бежанци, дошли от богатите селища на Източна Тракия.;Колективното жилище в САЩ През 1949 година, тогавашния президент на САЩ Хари Труман, в реч пред конгреса, излага социална програма за нацията (Fair Deal), подчертавайки острата нужда от жилища: ""Пет милиона фамилии живеят в бордеи и коптори. Три милиона семейства споделят жилище с други"".;Престъпният синдикат контролира долнопробни бордеи, които са пълни с малолетни и вечно дрогирани момичета от Русия и Източна Европа, дошли в Лондон с наивната вяра, че просперитетът им е гарантиран.;Най-после установих се накрай селото в един бордей, който беше нещо като дюген или кръчма, но вътре нямаше освен две-три бъчевки и возилници; ни стол, ни възглавница някаква, нито пък лавица някоя за сядане.]",rci,,,noun.artifact,,,,,
BG2435,бордей,noun,Synset('btbwn-006002574-n'),"['публичен дом', 'бордей', 'бардак', 'вертеп']","Помещение, сграда, място за организирана проституция.",,"[Ще те научат на същото, на което ще те научат американските бордеи и нигратата, дето по цял ден пафкат трева и съчиняват хип хоп.;България е бордеят на Европа. Придобиването на подобен статут се случва както по косвен път – с крадливо и безотговорно управление на всяка една сфера и последващия разпад на обществените структури, така и със специално насочени правителствени мерки.;Имиджовият проблем с това, че рекламираме страната си като евтин пиянски бордей за европейци на социални помощи, е далеч по-малък от проблема, че всички ние, жителите на България, сме постоянните гости на бордея .]",rci,,,noun.artifact,,,,,
BG837,бръмбар,noun,[no_synset],[no_synset_lemma],"Разг - втълпил съм си нещо, някаква неразумна мисъл, която ме безпокои непрестанно. Глупав съм.",,[Какви бръмбари се въртят в умната му главица?;Явно и Гришо Мутрата има бръмбари в главата.;Такава тема и такива коментари могат да пишат само хора без житейски опит и с бръмбари в главата.],an,,,,,,,,
BG833,буболечка,noun,[no_synset],[no_synset_lemma],"Прен. Кротък, безобиден човек.",,"[Не всеки е способен да бъде романтичен герой, но това не означава, че трябва да бъде тъпкан като нищожна буболечка.;А прихванатото послание на трителяните към хората е ""Вие сте буболечки"".]",an,,,,,,,,
BG279,будала,noun,Synset('btbwn-018001636-n'),"['ливада', 'наивница', 'наивник', 'балама', 'дивак', 'шаран', 'лапнишаран', 'будала', 'баламурник', 'дивачка', 'диване', 'лапнимуха', 'балък', 'хапльо', 'лековерник', 'баламурница', 'лековерница']","Човек, който лесно може да бъде излъган.",,"[- Тоя консул е голям будала — каза той строго, — как тъй заповяда да убият жена му, преди да изпита хубаво?;Нашето не е народ, а лицемерни овчедушни будали!;Ако не е вярно това, ще се окажеш голяма будала.]",cds,,,noun.person,,,,,
BG523,буржоа,noun,Synset('btbwn-018003361-n'),['буржоа'],"Богат, заможен човек, който живее охолно и проявява интерес повече към материалното, отколкото към духовното.",,"[Няма нищо по-отвратително от дебел, охранен буржоа, който протестира срещу пролетарската теория за класовата борба.;Я гледай ти, дребен буржоа на приключенията!;Тьомка – ще му кажат приятелите, – ти си един глупав буржоа!]",is,,,noun.person,,,,,
BG528,буржоазия,noun,Synset('btbwn-014000636-n'),['буржоазия'],"В капиталистическото общество - съсловие, което притежава капитали и средства за производство и ръководи процесите в индустрията, търговията и финансите.",,"[Българската алчна и тъпа буржоазия, предтеча на днешните ПП-ДБ, ГЕРБ-СДС и ДПС, поддържа русофобския въжеиграч на царския престол - Фердинанд, и вкарва България в касапницата на ПСВ. ;А историята ускори неимоверно хода си и високата скорост на историческото движение показа колко непохватна е буржоазията в изпълнението на възложената й роля да управлява страната.]",is,,,noun.group,,,,,
BG525,буржоазно общество,noun,[no_synset],[no_synset_lemma],Истор. Гражданско съсловие с частна собственост или с дейност в областта на търговията.,,"[Очевидно мотивировката за този огромен идеологически компромис беше, че тази пиеса отразява живота на ""гнилото"" буржоазно общество в съвременна Америка.;За него идеите и ценностите на СССР трябва да надделеят в битка с разваленото буржоазно общество.;Жестокото и несправедливо буржоазно общество превръща честния, наивен и невеж работник в съзнателно озлобен и изпълнен с ненавист към всичко живо звяр, невинната девойка в проститутка, а детето – в уличник.]",qas,,,,,,,,
BG859,бухал,noun,[no_synset],[no_synset_lemma],"Прен. мракобесник, любител на тъмнината.",,"[После цяла нощ се пулих като бухал на клон.;Не всички са бухали, има и ранни пилета дето пеят по ранина.;Това и чакаха всичките наежени мрачни бухали.]",an,,,,,,,,
BG1089,бълнуващ,adj,[no_synset],[no_synset_lemma],"Прен. Прекомерно и непрестанно мисля или говоря за нещо, което силно желая.",,"[Този самозван “борец срещу мафията”, бълнуващ да стане вътрешен министър; този използвач на държавата за лични цели.;Приличаш на бълнуващ, бе душа!;Няма да го доживея и аз, най-малкото защото знам, че Платоновата държава е утопия, а самият Платон е болен мозък, бълнуващ за справедливост.]",qas,,,,,,,,
BG1196,бълха,noun,[no_synset],[no_synset_lemma],"Разг. Дребнав, неразумен съм и за маловажни неща жертвам големите.",,"[Та той е като жалка бълха спрямо Пида, сина на вожда Тангуа!;Наскачаха гербаджийските бълхи.;Нищо не казах в офанзива, не нападах, но го смазах като малка бълха.;Нищожна бълха! Проклетият глупак сам не знае какво представлява и за к'во се е пръкнал на тоя свят.]",an,,,,,,,,
BG1745,бърборко,noun,Synset('btbwn-018000771-n'),"['дърдорко', 'дрънкало', 'бъбривец', 'бърборко', 'бъбрица', 'бъбривка', 'дърдорка', 'фразьор', 'фразьорка', 'цапало', 'лапацало', 'празнодумец', 'лаладжия', 'лаладжийка', 'дървен философ', 'празнословец', 'фарфара']","Човек, който обича много да говори.",,"[Лесно е да се прави на борец за правдини от студиото и от концертите, но когато народът му даде тази възможност, той се оказа един обикновен бърборко и страхливец.;Догматичните изказвания от екрана на Провайн свързват неговата преданост към дарвинизма с едно детерминистко верую, което свежда нравствените императиви до безсмислено бърборене, а човешките същества до нищожни бърборковци.;Лесно е да се прави на борец за правдини от студиото и от концертите,но когато народът му даде тази възможност,той се оказа един обикновен бърборко и страхливец.;Бойко е хипертоник с прекалено силен, просто маниен нарцисизъм, един фукльо и бърборко без интелектуално покритие.]",qas,,,noun.person,,,,,
BG89,бъркотия,noun,Synset('btbwn-026000062-n'),"['безредие', 'бъркотия', 'суматоха', 'безреда']",Хаотичен изблик на размирици.,,"[Уморените българи се опасяват от нова политическа бъркотия след изборите.;Ще настъпи непоносима бъркотия.;Говореше несвързано, отговаряше на въпросите ми мъгляво, луташе се сред най-общите от тях. – Този глупак на глупците – рече той. – Каква бъркотия е всичко! Не разбрах нищо от живота.]",qas,,,noun.state,,,,,
BG2392,бяс,noun,Synset('btbwn-018000061-n'),"['дявол', 'демон', 'сатана', 'луцифер', 'бяс', 'чорт', 'вражльо', 'изкусител', 'нечестивият']","Според религиозните и суеверни представи, схващания - зъл дух.",,[Хляб и езически зрелища! Превръща ли се разорена България в харман на бесовете?],ddp,,,noun.person,,,,,
BG1261,вагина,noun,Synset('btbwn-008000128-n'),"['вагина', 'влагалище']","Проход, канал, който води от външния генитален отвор до матката при женските бозайници и жената.",,"[От къде накъде, иска да го убие, тази държава е България и е дала десетки хиляди левове, за да ти лекува сина, вагино долна.;Всеки мъж имаше тъпа вагина в живота си, която го правеше луд.]",asf,,,noun.body,,,,,
BG1956,вандал,noun,Synset('btbwn-018001421-n'),"['вандалин', 'вандал', 'вандалка']","Човек, който безсмислено руши, разрушава културни ценности.",,"[Ако питат родителите на малките вандалчета защо са го направили, те ще отговорят, че е било на шега и са си играли, а ножът е детски, за да плашат котките и кучетата.;Това не е спортна тема, това е тема за чистоплътието и хигиената на т.нар. футболни привържениците в днешно време, които са граждани на този град, а много често се държат като селяни и вандали.;Ако не са светлинните ефекти, вижте какви дървари и вандали са французите.]",re,,,noun.person,,,,,
BG235,варварин,noun,Synset('btbwn-018001104-n'),"['селянка', 'варварин', 'селянин', 'селяк', 'селяндур', 'варварка', 'селяндурка']","Див, жесток, изостанал, нецивилизован човек.",,"[Плиткоумни варвари разбиха магазина на г-н Моллов. ;Неговото име щеше да стряска сънищата на всички, които смятаха себе си за цивилизовани, а останалите презрително наричаха ""варвари"".;Невежата българска популация отново избра червените крадци, некадърници и варвари да управляват страната!?]",re,,,noun.person,,,,,
BG235,варварин,noun,Synset('btbwn-018001104-n'),"['селянка', 'варварин', 'селянин', 'селяк', 'селяндур', 'варварка', 'селяндурка']","Див, жесток, изостанал, нецивилизован човек.",,"[Дивеят по улиците като варварчета, вместо да спортуват - няма къде.;Ислямизмът, развиващ се спокойно в толерантното лондонско общество, го е превърнал във варварин и главорез.;Но при все че е люта и безпощадна, вилнееща и разярена, с лице на обезумял варварин, или по-скоро – на див звяр, по-кръвожаден от вълци и от лъвове, в очите на своите пленници тя не спира да изглежда драга и блага, като капка хубава.]",dmc,,,noun.person,,,,,
BG235,варварин,noun,Synset('btbwn-018001104-n'),"['селянка', 'варварин', 'селянин', 'селяк', 'селяндур', 'варварка', 'селяндурка']","Див, жесток, изостанал, нецивилизован човек.",,"[Как Великобритания проповядваше, че българите са варвари натрапници, а гърците и турците въдворили ред.;Да, Пулев затвърждава имиджът на Ганьо като Ганьо и всички представи за българите като диви варвари.;Колонистите, тоест, моля да ме извините, варварите, обитаващи Рифовете, са измислили нова религия.]",ps,,,noun.person,,,,,
BG232,варварски,adj,Synset('btbwn-000005720-a'),['варварски'],"Който се отнася до варварин (див, жесток, нецивилизован човек), който е присъщ на варварин.",,"[Тази варварска постъпка на башибозуците, турила цялото село в ужас и трепет.;А варварското турско правителство и всичките изедници, предатели и мъчители народни треперят от страх и ужас: те виждат, че наближава вече и за тях страшният народен съд, на който тряба да дадат сметка за всичките свои злодейства и кръвопийства и от който ще приемат награда според делата си.;Той ги увери, че българското правителство и компетентните институции предприемат всички мерки, за да бъдат разкрити и наказани организаторите и извършителите на варварския акт.]",ps,,,adj.all,,,,,
BG238,варварство,noun,Synset('btbwn-004000427-n'),"['жестокост', 'зверство', 'садизъм', 'варварство', 'безчовечност', 'зверщина']","Жестока проява, постъпка на насилие, измъчване.",,"[Именно този гняв подтикна Путин към действия на диво варварство и установяването на тоталитарен режим, който не показва никаква милост към враговете си, казват те.;Целта на варварското обучение, насочено към премахване на човешкото благоприличие и милост, е нецензурно варварство от страна на войниците.]",re,,,noun.act,,,,,
BG2407,вероотстъпник,noun,[no_synset],[no_synset_lemma],"Книж. Човек, който се е отрекъл от вярата си; вероизменник.",,"[Книгата е забранена в много страни, като иранският аятолах Рухола Хомейни дори го обявява за вероотстъпник и определя награда от 3 милиона долара за главата му.;Ангелов, ти си вероотстъпник.;Веднъж един полудял вероотстъпник католик, надъхан с проповядваната от губернатора политика, беше нахълтал в църквата (в онези дни, когато църкви все още имаше), сграбчи нафората, изхрачи се върху нея, стъпка я, но после хората го хванаха и го обесиха на камбанарията, както обесват парцалената кукла на Юда всеки Велики четвъртък.]",svp,,,,,,,,
BG203,вертеп,noun,Synset('btbwn-006002574-n'),"['публичен дом', 'бордей', 'бардак', 'вертеп']","Помещение, сграда, място за организирана проституция.",,"[""Класата"", която ""с решаващата подкрепа"" от запад, превърна страната ни в мафиотски вертеп!;Докато старата госпожа Европа го раздава дърта парантия, съдържателка на престижен публичен дом, в който клиентите са влиятелни представители на различни корпорации и си плащат за удоволствието техните интереси и сексуални фантазии да бъдат щедро задоволени, българското правителство, като част от общия вертеп, също се предлага според уменията си на стара блудница, само че от ниско платените.]",rci,,,noun.artifact,,,,,
BG2345,вещица,noun,Synset('btbwn-018000819-n'),['вещица'],"Стара, грозна и зла жена.",,"[За някои Маргарет Тачър е просто зла вещица, за други обаче тя е жената, покорила една чисто мъжка територия.;В медиите открито я наричат вещица.;Защото Мариян не вдигаше мобилния си, а тази проклета вещица ме беше заключила.;С майката на Иван се разбирахме отлично, дори и непосредствено след развода. Изведнъж обаче нещата се промениха, защото явно онази вещица й е наговорила куп неверни неща.]",qas,,,noun.person,,,,,
BG2020,взискателен,adj,Synset('btbwn-000000583-a'),"['взискателен', 'строг', 'критичен']","Който е склонен или притежава способността да критикува, който предявява високи изисквания към нещата и посочва техните грешки, слабости и недостатъци.",,"[Везалов, много си взискателен към подсър Линдарев.;Постоянно обидена, капризна и взискателна млада дама – дълги години остава идеалът за правилното женско поведение.;Тя е крайно взискателна и скържава, затворена в себе си и много ревнива. Често му се кара и за най-малки погрешки.]",dmc,,,adj.all,,,,,
BG1168,взискателност,noun,Synset('btbwn-007000158-n'),"['взискателност', 'придирчивост']","Качество да имаш, да предявяваш високи изисквания.",,[Неговата ексцентричност и взискателност в голяма степен разбиват на пух и прах порядките на тогавашното английско общество.;Аз не знам дали от некадърност или от прекалена взискателност още не съм доволен от моите опити.;Вашата страст ще ви изненада неприятно с агресия и прекалена взискателност .],dmc,,,noun.attribute,,,,,
BG2071,високомерен,adj,Synset('btbwn-000001813-s'),"['високомерен', 'надменен', 'надут', 'горделив', 'горд', 'важен', 'самомнителен', 'наперен', 'нафукан']",Който показва или проявява презрително или пренебрежително отношение към хората.,,"[Документите се изготвят от некомпетентна и високомерна лелка, която не изслушва и не разбира спецификата на ситуацията.;Няма по-високомерен от богаташа, който е бил голтак.;Д-р. Костов така реформира, здравепазването, МВР, образованието, услугите, че бяхме затънали още повече в блатото! Но той е високомерен и надменен, самовлюбен и самодостатъчен, дълбоко вярващ в собствената непогрешимост?!]",dmc,,,adj.all,,,,,
BG546,високомерие,noun,Synset('btbwn-007000258-n'),"['надменност', 'важност', 'арогантност', 'високомерие', 'гордост', 'горделивост', 'самомнителност', 'надутост', 'напереност', 'нафуканост']",Презрително или пренебрежително отношение към другите.,,"[Аз примерно мога да преживея отблъскващото ме високомерие на Б. Борисов, стига той да не плюе по ДСБ и Костов, дето седне и дето стане.;Защо това не се е случило – заради високомерието на местната власт, която се изживява едва ли не като феодална структура, или заради липсата на достатъчно експертност в Общинския съвет?]",dmc,,,noun.attribute,,,,,
BG2176,високопарност,noun,[no_synset],[no_synset_lemma],Книж. Качество на високопарен.,,"[Брадат и дългокос ""пастир"" омайва с евтина високопарност свита от петнайсетина опарени от живота жени, които в претупания край се опълчват срещу произвола му.;Тези привилегии не са плод на литературно превъзходство - подчертавам. Освен ако мазната високопарност е белег за литературно превъзходство.]",qas,,,,,,,,
BG101,войнствен,adj,Synset('btbwn-000000073-s'),"['войнствен', 'воинствен']","Който проявява склонност, стремеж към война, сражение или бой, борба.",,"[Приживе поетесата бе войнствена натура и не цепеше басма никому.;Безличният Медведев е най-подходящият за ролята на своеобразна ""полица"" от всички кандидати – от стабилния Зубков до демонстративно войнствения Иванов.]",ddf,,,adj.all,,,,,
BG555,вол,noun,[no_synset],[no_synset_lemma],"Прен. Дивак, простак, глупак",,"[Той беше точно такъв, какъвто го беше описала — тежък, як и тъп, вол, — влачеше крака из заведението и прислужваше на масите.;А внука на бай Ганьо, банкялийския тъп вол, Методиев Борисов не трябваше ли да бъде потърпевш от този закон?!?]",an,,,,,,,,
BG1176,воня,noun,Synset('btbwn-009000103-n'),"['воня', 'смрад', 'зловоние']","Противна, отвратителна миризма.",,"[Монтанчани залели Регионалната инспекция по околната среда и водите с редица сигнали за непоносима воня, която се носи над голяма част от града, научи BulNews.bg.;Боже господи! Каква воня ! – намръщи се Уеб. – Отвратително. – Знаеш ли, тази смрад изглежда е на милиони години – каза той бавно, припомняйки си отдавна забравени лекции, – ако нашият професор по геология е бил прав, то именно така е изглеждала земята в доисторическите времена.;Пропуснах да кажа, че докато вървяхме по коридорите, усещахме невероятна смрад и воня , смесица от мирис на урина, на всякакви... манджи, на мръсни чорапи, на... повръщано и, разбира се, на... сперма (та тук живееха стотици съвсем млади хора!).]",qas,,,noun.cognition,,,,,
BG694,врява,noun,Synset('btbwn-010000733-n'),"['олелия', 'дандания', 'глъч', 'аларма', 'шумотевица', 'врява', 'шум', 'глъчка', 'караница', 'гюрултия', 'тупурдия', 'гълчава', 'какофония', 'джангър', 'виканица', 'патърдия', 'викот']","Безреден силен звук от човешки гласове, викове и крясъци.",,"[В момента в Ловеч не са малко и хората, които мислят, че цялата тази врява и суматоха около пиесата на ирландския драматург е добре премерена и режисирана нейна рекламна кампания.;Песента им звучеше като детска врява, а не като нежна балада.]",qas,,,noun.communication,,,,,
BG2017,всезнайко,noun,[no_synset],[no_synset_lemma],"Ирон. Човек, който има за себе си мнение, че знае всичко.",,"[Следващият път, когато наречете колегите ми всезнайковци си спомнете, че много неща, които използвате са измислени от такива всезнайковци като нас.;Аман от всезнайковци, които идея си нямат кой е истинският виновник!;Иначе си голословен всезнайко.]",qas,,,,,,,,
BG2114,всекидневен,adj,[no_synset],[no_synset_lemma],"Който не прави впечатление; обикновен, привичен.",,"[Налице са едни всекидневни партийни кампании, това е неприемливо в едно демократично общество.;Цел, вечност, безкрайност – това са само думи за вас. Абстрактни философски категории. Те нищо не значат във вашия всекидневен живот.]",cds,,,,,,,,
BG697,вулгарност,noun,Synset('btbwn-007000772-n'),"['пошлост', 'простащина', 'вулгарност', 'парвенющина', 'дебелащина', 'байганьовщина']","Качество на вулгарен, прост - грубо проявление на липса на вкус, финес, усет.",,"[Взетото решение от общинската комисия по образование и култура на Столична община за преместването на мемориала е израз на политическа вулгарност, историческа неграмотност и дива омраза, казват още от формацията.;От Петя от всякъде струеше вулгарност, от главата до петите, такова й е било възпитанието, ще кажете, и въпреки че беше от София, тя си беше селски тип жена.;Ясно, че се познавате и си знаете ""слабите"" места и често (особено ти и Дринов) си водите подсъзнателни закачки/ игри на думи/ бъзици (очевидна хомо любов скрепена от дълго приятелство), и трудно се въздържаш, ала една доза малко по-сериозна, не толкова типично българска вулгарност и фамилиарност ще придаде на подкаста повече, хм, тежест.]",pr,,,noun.attribute,,,,,
BG695,въргалям се,verb,[no_synset],[no_synset_lemma],Прен. груб. Имам интимни отношения с някого.,,"[Една приятелка се въргаля с един тип, когото изобщо не одобрявам.]",qas,,,,,,,,
BG2055,въшка,noun,[no_synset],[no_synset_lemma],"Прен. Руг. За изразяване на пренебрежително отношение към нищожен, безличен човек.",,"[Ей, въшка, никой не иска в Русия да ходи да се реализира.;Точно такива гладни, расистки въшки като теб са големият проблем на България!;Вие сте въшки, които сте се впили в нашия велик и неповторим митинг (според няколко форумисти от вчера)!]",an,,,,,,,,
BG2036,гаврош,noun,[no_synset],[no_synset_lemma],"Уличен хлапак, който повечето време е на улицата.",,"[За пазаруване да не говорим, бяхме като гавроши в сладкарница.;Жена ми има предвид, че един гаврош от Билиботън – поне като съдя по вида му – иска да ви види, а в тоя квартал не сме навикнали на такива неща.;И нали е сладко да се бърка в меда, наредиха се ""митници"" и "" гаврошчовците"" от парламента. Та да докажат, подкрепяйки тази компания, че за едни държавата е майка, а за други производители - мащеха.]",is,,,,,,,,
BG92,галиматия,noun,[no_synset],[no_synset_lemma],"Глупост, безсмислица; (мн.ч.) празни приказки. Всъщност правилното е галиматия, а галимация се е появило като разговорна форма.",,"[Предаване за млади, които няма да го гледат, и по- възрастни, които едва ли ще харесат тая галиматия и екипа. ;Цялата история с анкетата на турската изселническа организация, която задава въпроси за възстановяването на турските имена на градове и местности, е една невежествена галиматия.;Още учили и недоучили, но вече знаете откъде да препишете, как да прикриете чуждите слова с ваш находчив синоним и най-вече – как да защитите цялата тази галиматия като оригинален труд с ненакърним научен принос.]",qas,,,,,,,,
BG160,галфон,noun,[no_synset],[no_synset_lemma],"Глупав, тъп, невъзприемчив човек.",,"[По-точно в Нова, което е останало от държавата, управлявана от един галфон, който проспа обезводняването на цял град, при това до столицата.;Ама как няма да ти държим сметка, бе галфон?;Ясно е, че този е поредният галфон в държавата България.]",dmc,,,,,,,,
BG1240,гангстер,noun,[no_synset],[no_synset_lemma],"Разш. Неодобр. Човек, който си служи с насилие или мошеничество.",,"[Зад щанда стои някаква кривогледа дъртофелница и ме фиксира, като че съм гангстер или нещо такова.;Каква алтернатива ще ви бъде БСП, като до един сте гангстери и криминални престъпници в мутро-седесарската ви банда.]",dmc,,,,,,,,
BG1240,гангстер,noun,[no_synset],[no_synset_lemma],"Разш. Неодобр. Човек, който си служи с насилие или мошеничество.",,"[Дори приказливите ганстери не са в състояние да пробият политическата омерта...;А тук цирк, един ганстер разнася секретни доклади.;За да просъществува това говедо, ганстер и простак толкова време, определено смятам, че по-корумпирано правосъдие от българското няма.]",re,,,,,,,,
BG1239,гангстеризъм,noun,[no_synset],[no_synset_lemma],Престъпна дейност на гангстер; бандитизъм.,,"[Дойде моментът, когато трябва да се разплаща за своя политически гангстеризъм.;Не случайно в един от най-добрите филми за Дилинджър, заснет през 1973 г. под режисурата на Джон Милиус, има сцена, която недвусмислено показва, че децата в годините на разцвет на ганстеризма се прехласват много повече от престъпниците, отколкото от техните преследвачи.]",re,,,,,,,,
BG785,гей,noun,Synset('btbwn-018001792-n'),"['гей', 'хомосексуалист', 'хомосексуалистка', 'обратен', 'обратна', 'педераст', 'педал', 'лесбийка', 'манаф', 'манафин', 'мъжеложец']","Човек, който изпитва полово влечение към лица от своя пол и влиза в интимен контакт с тях.",,"[Аааа, гадни гейове ...покваряват децата ни, заемат телевизионния ефир, сега вече и масови убийци стават.;А мен, ако питаш, ти си просто един космат цигански гей.]",om,,,noun.person,,,,,
BG2219,главорез,noun,Synset('btbwn-018000448-n'),"['касапин', 'главорез']",Много жесток убиец.,,"[Какво му е на сегашното правителство, че води независима полетика, и това не се харесва на западните главорези? САЩ и Европа със своите имперски амбици са свикнали да водят за носа по-слабите държавици, но с Турция не сполучиха, този народ не са свикнали да робуват.]",re,,,noun.person,,,,,
BG338,глупав,adj,Synset('btbwn-000000385-a'),"['глупав', 'тъп', 'скудоумен', 'тъпоглав', 'гламав', 'тъпоумен']","Който не е умен, който е с ограничени умствени способности.",,"[Да ти ударя ли един в глупавата мутра?;Това бедно, глупаво дете Далматика е загубило ума си!;Да имаш избор на всички възможни признати в ЕС ваксини и да не се имунизираш, за мен е глупаво и безотговорно към обществото, подчерта Кунчев.;То си е направо постижение да си толкова глупав, бе момче!]",cds,,,adj.all,,,,,
BG151,глупак,noun,Synset('btbwn-018000747-n'),"['глупак', 'глупачка']","Човек, който проявява недосетливост, несъобразителност.",,"[Голям си глупак и наивник точно като ГЕРБАДЖИЯ.;Тоя глупак няма здраво място по себе си – казва капитан Бачълър.;Ах, глупачке такава, обичта ще е винаги несподелена, и ще те яде отвътре като мисъл, и ще я изпуснеш като мъртво новородено и все ще почваш отначало, и все ще обичаш мъгла.;Нощем ти ще ми изневеряваш с дебелите германки, а аз ще те чакам до късно и ще плача. Виж от какво бягаш, глупако ! - Катя вдигна фланелката до веждите си.]",cds,,,noun.person,,,,,
BG1824,глупост,noun,Synset('btbwn-010000315-n'),"['глупост', 'идиотщина', 'щуротия', 'дивотия', 'тъпотия', 'нелепица', 'идиотизъм', 'тъпизъм', 'безсмислие', 'нелепост', 'безсмислица', 'тинтири-минтири', 'алабализъм', 'философия']","Дума или израз, който е нелогичен, без ясен смисъл и съдържание.",,"[Как не се измори да говориш глупости и лъжи бе, момче?!;Не може да говориш подобни глупости от трибуната на парламента.;И къде е доказателството за такива глупости като ""славянизиране на българите"", ""славянски морета/ океани/ цунамита"", каквито няма в изворите, както и Борис, който от хан/ кан става княз.]",qas,,,noun.communication,,,,,
BG2065,гневен,adj,Synset('btbwn-000000098-a'),"['яден', 'гневен', 'ядовит', 'разгневен', 'ядосан']","Който изпитва яд, гняв, силно е раздразнен и бурно показва тези свои чувства.",,[Как може да си вечно гневен!? Бъди по-уравновесен.],ddp,,,adj.all,,,,,
BG482,говедо,noun,Synset('btbwn-018001449-n'),"['говедо', 'простак', 'дебелак', 'чукундур', 'парвеню', 'простачка', 'простакиня', 'простакеса', 'примитив', 'байганьовец', 'дървеняк', 'фасулко', 'тутманик']","Необразован, невеж, невъзпитан, груб човек.",,"[Защото не смятам на тая жега да пукна в изпълнение на служебния ти дълг, говедо такова!;На фона на западния свят тия селски келеши са жалки и смешни крадци. Надули са се все едно работят в общината на Виена. Кофти е за хората, че са ограбвани от мързеливи селски говеда .;Няма ли кой да му изиграе една-две лопати като за последно на това говедо селяндурско?]",an,,,noun.person,,,,,
BG2116,горделив,adj,Synset('btbwn-000001813-s'),"['високомерен', 'надменен', 'надут', 'горделив', 'горд', 'важен', 'самомнителен', 'наперен', 'нафукан']",Който показва или проявява презрително или пренебрежително отношение към хората.,,"[Преди години беше същото - тогава реагирах по-бурно, защото онази беше много по-нагла и горделива, че спеше с мъжа ми.;Той е суетен и горделив и смята всички за втора ръка хора, които са имали късмета да попаднат на него и да учат от неговия нюх, талант и личност като цяло.]",dmc,,,adj.all,,,,,
BG957,грабител,noun,Synset('btbwn-018001227-n'),"['мародер', 'пират', 'грабител', 'хайдутин', 'обирджия', 'разбойник', 'хайдут', 'хайдук', 'пиратка', 'обирник', 'разбойничка', 'грабителка', 'обирница', 'обирач', 'обирачка', 'плячкаджия', 'ограбвач', 'обирджийка', 'плячкаджийка', 'хайдукиня', 'хайдутка', 'мародерка']","Човек, който присвоява, ограбва чужд имот или труд, който се обогатява за сметка на другите, без да подбира средства.",,"[Това бива използвано от политическите хитреци и марионетки на големите народни грабители, които допреди 24 години ни обясняваха, че капитализмът загива.;Ясно, бивш депутат от НДСВ, най-наглите грабители и лъжци, дето обещаваха, че ще ни оправят за 800 дни, иска отново неговите хора да вземат властта и говори врели-некипели.]",re,,,noun.person,,,,,
BG1120,грешник,noun,Synset('btbwn-018002080-n'),"['виновница', 'грешник', 'виновник']","Лице, което има вина за нещо, което се е провинило в нещо или е извършило някакво престъпление.",,[Ти си зла грешница с мръсна уста!],svp,,,noun.person,,,,,
BG1120,грешник,noun,Synset('btbwn-018002080-n'),"['виновница', 'грешник', 'виновник']","Лице, което има вина за нещо, което се е провинило в нещо или е извършило някакво престъпление.",,"[Започнах да рева като отчаян грешник на земята в килията.;Но докато се облизваш доволно след всичко, което си погълнал по един или друг начин, ти си оставаш просто грешник]",qas,,,noun.person,,,,,
BG1647,гримаса,noun,Synset('btbwn-010001013-n'),"['гримаса', 'мимика', 'изражение на лицето']",Преднамерено или неволно изкривяване на чертите на лицето като външен израз на някакво чувство или усещане.,,[Я не ми прави такива гримаси!],qas,,,noun.communication,,,,,
BG2266,грозен,adj,Synset('btbwn-000001553-s'),"['гаден', 'гнусен', 'отвратителен', 'ужасен', 'възмутителен', 'гнъсен', 'противен', 'безобразен', 'грозен', 'скандален', 'скверен', 'гадък', 'гнуснав']","Който буди погнуса, отвращение с мисли, думи, постъпки.",,"[Разбира се, не му казвай директно ""много си грозен"", а нещо от типа, който е предложила номер 1.;Освен това е и грозен – явно никой не го харесва и затова така си прави кефа.;Само грозна жена с комплекси може да е толкова злобна и завистлива.]",ddf,,,adj.all,,,,,
BG230,грубиян,adj,Synset('btbwn-000001875-s'),"['недодялан', 'груб', 'дебелашки', 'грубиянски', 'неизискан']","Който се отличава с първична, примитивна изява, несръчност и дразни неприятно.",,"[Защитникът на ФК Маратон Андре Ореяна се превърна във футболен грубиян №1 според социалните мрежи, след като успя да контузи едновременно двама играчи на Олимпия в двубой от първенството на Хондурас.;Не знам докога концесионерът (с който за жалост не можахме да се свържем нито по телефона, нито по електронната поща) ще разчита на клиенти-мазохисти, на които им харесва да бъдат охранявани като овце от мутрести грубияни.;Вярно, че Карбовски е грубиян и циник във висша степен, но като цяло нещата, които публикува/снима, отразяват наболели социални проблеми.]",re,,,adj.all,,,,,
BG1024,гъз,noun,Synset('btbwn-008000166-n'),"['задник', 'дупе', 'седалище', 'гъз', 'дирник']","Задна месеста част у човека и някои маймуни, на която се сяда. Грубо.",,"[Фандъкова е един голям пърдящ гъз и нищо друго.;Слушах по БТВ (радиото) как един гъз (продуцент ли, търговец ли) защитаваше АКТА с изтърканите лафове за ""защита правата на творците"".]",cds,,,noun.body,,,,,
BG1899,гъска,noun,Synset('btbwn-018002282-n'),"['дурак', 'дурачка', 'папуняк', 'глупак', 'глупачка', 'тъпак', 'тъпанарка', 'тъпанар', 'тъпачка', 'кретен', 'идиот', 'идиотка', 'глупец', 'балама', 'балък', 'будала', 'бунак', 'галош', 'галфон', 'гламчо', 'баламурник', 'ахмак', 'гъска', 'дебил', 'дръвник', 'олигофрен', 'патка', 'пън', 'рапон', 'ръб', 'серсем', 'серсемин', 'тапир', 'теле', 'тиква', 'тиквеник', 'тъпунгер', 'хайван', 'хайванин', 'хапльо', 'чвор', 'чукундур', 'юрод', 'кютук', 'ампе', 'абдалин', 'абдал']",Човек с ограничени умствени способности.,,"[Айде отивай да четеш Българската история, недоучена проста гъско.;Говорител на БСП е една тъпа гъска.;Казах ли ти аз да внимаваш ма, тъпа гъска такава!]",an,,,noun.person,,,,,
BG961,дангалак,noun,[no_synset],[no_synset_lemma],"Висок младеж в напреднал стадий на пубертет, който поради една или друга причина не е пораснал на акъл.",,"[Този дангалак съвсем не беше със СОП, нито беше от малцинствата.;Георев доизносваше дрехите на брат си, влачеше скиорските му обуща четирийсет и пети номер – а преди лятото да дойде, дангалак някакъв с врат като черешова дръжка и без преден зъб се развика: – Гледай го тоя, пристигнал на ски."";Това е един едър и мръсен дангалак , който често носи осемдневна брада.]",cds,,,,,,,,
BG1011,двуличник,noun,Synset('btbwn-018000853-n'),"['лицемер', 'лицемерка', 'двуличник', 'двуличница', 'двуличничка', 'йезуит', 'езуит', 'йезуитка', 'езуитка', 'фарисей', 'фарисейка', 'тартюф']","Човек, който се преструва за угода пред някого, показва външна проява на доброта и любезност, зад които се крие злонамереност.",,"[Босът на ""шпорите"" заклейми мениджъра на ""червените дяволи"" Сър Алекс Фъргюсън като лицемерник и двуличник заради опитите си да примами Бербатов на ""Олд Трафорд."";Волен за мен е един двуличник, играещ си на националист.;Тук свещеникът с комерсиална цел е представен като негативна личност, като лицемер и двуличник, като човек с неустойчив морал и ниска култура.]",dmc,,,noun.person,,,,,
BG943,демагог,noun,Synset('btbwn-018000620-n'),['демагог'],"Лице, обикновено политически лидер, водач, което си служи с лъжливи, примамливи обещания и изопачаване на фактите, с ласкателства и спекулации за постигане на свои политически или други цели.",,"[Чудовищно е, че една цяла нация се е оставила в ръцете на шайка политически демагози и Тартюфи и проявява учудваща апатия, да не кажем овчедушие към собствените си съдбини.;Оплакваме се, че личности като Тръмп, демагози и откровени тъпанари взимат властта.;Слави е поредният демагог, който няма идея как ще отговори на надеждата и очакванията на стотици хилядите гласували за него.]",pa,,,noun.person,,,,,
BG940,демагогия,noun,Synset('btbwn-007000715-n'),"['демагогия', 'фалш', 'двуличие', 'лицемерие', 'двуличност', 'лицемерност', 'лицемерство', 'тартюфщина', 'византийщина', 'византийство', 'йезуитщина', 'фарисейщина', 'фарисейство', 'йезуитство', 'велзевулство', 'велзевулщина']","Поведение, при което злонамереност и неискреност се прикриват под маската на чистосърдечие и добронамереност.",,"[Очаквах водещата да реагира на тази скандална демагогия.;Лично на мен отдавна ми е омръзнала демагогията, с която ни уверяват, че войните на САЩ срещу някои арабски страни са войни за демокрация!;Това тук е евтина демагогия - каквото искат хората, да им го обещаем.]",pa,,,noun.attribute,,,,,
BG939,демагогски,adj,Synset('btbwn-001000799-a'),"['демагогски', 'демагожки']","Който се отнася до демагогия и демагог, свойствен на демагог.",,"[Но в това време Хашек се намира под влиянието на демагогската пропаганда на ръководителите на Чехословашкия легион и все още вярва, че борбата в редиците на легиона ще донесе свобода на поробеното му отечество.;Както - малко смешно за обръгналото от демагогски безсмислици българско ухо - се наричат на Запад прогресивни и реформистки.;Т'ва политиците са си демагогска сган навсякъде!]",pa,,,adj.pert,,,,,
BG312,денди,noun,[no_synset],[no_synset_lemma],"Остар. Облечен по последна мода, изискан светски човек; конте.",,"[Спри да се гледаш в огледалото, че си като някакво денди!]",cds,,,,,,,,
BG2101,дете,noun,[no_synset],[no_synset_lemma],Прен. Човек с детински ум или постъпки.,,"[Президентът нанесе щети на сигурността ни с вредните си разкази, държи се като дете, на което са взели играчка.;Никой не може да победи нашия лорд Дакавар – нацупи се като дете Роб, – той е най-великият рицар, който съм виждал!;Вярно, ние не я разбирахме тази дружба, защото той бе крехък и болнав, същинско дете, и пълна противоположност на Фердинанд, но Козоле го бе закрилял като родна майка.]",qas,,,,,,,,
BG341,детински,adj,Synset('btbwn-002000399-r'),"['детински', 'детски']","По начин, присъщ, свойствен за дете.",,"[""Държиш се детински"", довърши го Мартин Елвиса и превърна Туньо в най-мразения играч в началото на предаването.;Предишните им увлечения им се струваха смешновати детински прищевки, за които не си струва да се съжалява.]",ddf,,,adv.all,,,,,
BG340,детски,adj,Synset('btbwn-002000399-r'),"['детински', 'детски']","По начин, присъщ, свойствен за дете.",,"[Пич, определено имаш детско поведение.;Може ли такъв човек да има подобна детска реакция!? Той просто се излага.]",ddf,,,adv.all,,,,,
BG581,джавкане,noun,[no_synset],[no_synset_lemma],Лай на куче.,,"[И въобще, че са ви поръчали статията, поръчали са я, ама имайте поне доблестта да подпишете авторството й, че иначе прилича джавкане на декоративно кученце иззад дебел стобор.;Просто джавкането срещу личните възприятия е твърде неетично и неевропейско.;Писна ми да слушам джавкането на рубладжийските патриоти.]",an,,,,,,,,
BG1075,джудже,noun,Synset('btbwn-018000672-n'),"['джудже', 'гном', 'лилипут', 'пигмей']",Човек с много нисък ръст.,,"[Владимир Зеленски е просто малко джудже, което се опитва да играе ролята на Сатаната!;Онези две джуджета - самозабравилите се гноми (или по-подходящо би било гниди), бяха последната капка в чашата, когато водеха поредното реалити и си вдигаха по най-гнусния начин рейтинга.;Край тях са крачели душевните партийни джуджета и са повтаряли бодряшки: ""Така трябва! Хората го искат"".]",ddf,,,noun.person,,,,,
BG233,дивак,noun,Synset('btbwn-018001244-n'),"['дивак', 'дивачка']","Човек, който е изостанал в своето развитие, главно в културно и интелектуално отношение, поради откъснатост, отдалеченост от цивилизовани райони.",,"[Ние, като диваци, изядохме всичко, което имаше - зърнени храни, овесени ядки, сладко, мед, кафе.;Пълен дивак бях станал.;После ще ни втълпяват, че сме бедняци и диваци.]",cds,,,noun.person,,,,,
BG2437,дивак,noun,[no_synset],[no_synset_lemma],"Руг. За израз на презрително и неприязнено, пренебрежително отношение към някого.",,"[То се знае, ама какво от това, дивак такъв?;Ако кажа, че съм от север или запад, нито един елин не би разговарял с мен, защото европейците са били считани за войнствени, но глуповати диваци.;Проклетият му нагъл дивак ! Чия си мисли, че е тая земя?!;Мизите са ни врагове, затова ще ги нападнем, пък ти се стягай и като се върнем, отиваме да оправим оня дивак Момчил.]",dmc,,,,,,,,
BG1100,дилетант,noun,Synset('btbwn-018001634-n'),"['лаик', 'аматьор', 'любител', 'дилетант', 'любителка', 'дилетантка', 'лаичка', 'аматьорка', 'неспециалист', 'неспециалистка', 'непрофесионалист', 'непрофесионалистка']","Лице, което се занимава с изкуство, наука или техника, без да има специална подготовка и при повърхностно познаване на предмета.",,"[Аз съм тъп дилетант в тази област на експертиза.;От такива политически дилетанти, които защитават един измамник, започва да ми писва.;Отпадането на знаенето и моженето, на професионализма и кадърността като критерии за намиране на работа и кариерно развитие набира стремглав ход - върви потресаващо нашествие на дилетанти, аматьори, лаици и просто (прости) некадърни хора на всички нива във всички администрации.]",pa,,,noun.person,,,,,
BG1043,дирник,noun,Synset('btbwn-008000166-n'),"['задник', 'дупе', 'седалище', 'гъз', 'дирник']","Задна месеста част у човека и някои маймуни, на която се сяда.",,"[А тия дирници, дето са се намърдали в президентството, какви са бе, другарю? Чисти, честни и почтени комунисти? Това ли е НОВОТО, което тоя президент влачи след себе си?;Даже имаше и извънредна пресконференция да го промотират дирника Ананиев и продажния щаб.]",qas,,,noun.body,,,,,
BG469,добитък,noun,[no_synset],[no_synset_lemma],"Прен. Руг. За глупав, тъп, безчувствен човек; добиче.",,"[Тука остана 90% прост добитък, който се кланя на крадците и мутрите и иска да го мачкат. ;Явно е време за една дълга и напоителна Трета световна война, придружена с глад, мизерия и епидемии, за да се припомни на мързеливия прост добитък кои са човешките ценности.;Няма толкова прост добитък като тези, футболните клубове трябва да имат 30-40% данък, който да покрива щетите и заплатите на полицаите, плюс мачовете да се изнесат някъде в полето, да не се затрудняват нормалните хора.]",an,,,,,,,,
BG803,доносник,noun,Synset('btbwn-018000867-n'),"['доносница', 'доносник', 'агент', 'шпионин', 'информатор', 'копой', 'осведомител', 'информаторка', 'доносчик', 'доносчица', 'обаждач']","Лице, което прави доноси.",,"[Този гаден доносник, измекяр и мухльо, тази тлъста и безочлива свиня отново е преизбран за ректор на УНСС в края на 2015г.;Така ГЕРБ се оказа с най-много доносници в столичния парламент.;Доносник комунист, топил истинските антикомунисти, които заради неговите сигнали са били избивани в лагерите.;Борисов уреди с ВИП-лечение във ВМА Гошо Боеца - официалния доносник на ""почтените"".]",is,,,noun.person,,,,,
BG466,досада,noun,Synset('btbwn-012000142-n'),"['скука', 'отегчение', 'досада', 'тягост', 'тегота', 'съклет', 'теготия']","Психологическо състояние, в което даден индивид чувства липса на интерес и ангажираност, както и неспособност да се концентрира върху определена дейност.",,[Тази досада няма ли вече да млъкне?],dmc,,,noun.feeling,,,,,
BG1122,достоен за презрение,adj,Synset('btbwn-004000423-n'),"['неуважение', 'презрение', 'надменност', 'пренебрегване', 'пренебрежение', 'неприязън', 'високомерие', 'изоставяне', 'занемаряване', 'незачитане', 'непочтителност']",Умишлена липса на грижи и внимание към някого или нещо.,,"[Бях достоен за презрение чудовищен безумец, загубил разсъдъка си от ревност и любов.;Путин: „Българите са народ, достоен за презрение..;Вие всички сте достойни за презрение, долни и отвратителни.]",cds,,,noun.act,,,,,
BG576,драскулка,noun,[no_synset],[no_synset_lemma],Драсканица.,,"[Тези драскулки не ми помогнаха много за оценката по математика.;Моите драскулки, колкото и малка литературна стойност да имат, не знам защо, много се търсят и почти всичките издания (около 23) са се пласирали още в първите месеци след излизането им от печат.]",cds,,,,,,,,
BG1184,дребна риба,noun,[no_synset],[no_synset_lemma],"Незначителен човек, без значение и влияние в дадена област.",,"[Всички те са дребни риби – повечето са шофьори, които са се опитали да подкупят проверяващите ги полицаи, за да не им бъде съставен акт за нарушение.;Русия е дребна риба, която се държи на кайшка и нищо повече.;Остави го Спас Русев - той е дребна риба, но щом обаждането е от друго място, Михайлов и сие козируват чинно и пускат единствения си подготвен на европейско ниво функционер просто ей така. От днес за утре.;Крадлив Симо е дребна риба, мост към Борисов.]",is,,,,,,,,
BG2035,дрипльо,noun,[no_synset],[no_synset_lemma],"Разг. Пренебр. Мъж, облечен в дрипави, скъсани дрехи.",,"[Собствениците се отнесоха с мен като с последния дрипльо. ;Само ние, дрипльовците на Европа и мързеливите византийци, се правим на големи разбирачи!]",cds,,,,,,,,
BG2035,дрипльо,noun,[no_synset],[no_synset_lemma],"Разг. Пренебр. Мъж, облечен в дрипави, скъсани дрехи.",,"[Разбира се, жени с толкова пластични инвестиции няма да си дърпат косите заради някой дрипльо, въшльо или мъж, който се вози на метрото.]",qas,,,,,,,,
BG2277,дрън-дрън,int,[no_synset],[no_synset_lemma],"Когато някой говори (или пише) неверни неща, изпразнени от съдържание думи, глупости или измислици.",,"[Фантазии и измишльотини твърдят, че уж градът е техен, дрън - дрън глупости, техните предци бяха прогонени от фараоните и кананиите, ""предците на палестинците"" им дадоха подслон, а сега евреите за ""благодарност"" убиват палестинските деца.;Не правете драми. Не е чак толкова сложен казуса. Вадят се документите на масата, не се отчитат емоции, сополи и дрън-дрън журналистика и апартамента си отива на мястото.;Някой беше постнал тук в блога някаква справка, ама едни сухи цифри за едни изказвания, участие в брой доклади и други "" дрън-дрън "" неща. То и затова в медиите излизат такива нелепици за домати, краставици и разни разсади.]",qas,,,,,,,,
BG2132,дрънканица,noun,[no_synset],[no_synset_lemma],Прен. Обикн. мн. Много и излишни празни приказки.,,"[Bcъщнocт вeчe някoи икoнoмиcти, изyмeни oт изкaзвaниятa в Дaвoc, гoвopят, чe тaм вeчe нe ce гoвopи зa тeндeнциитe в цeлия cвят, a ca гo oбъpнaли нa мepкeтинг, caмoxвaлcтвo и пpaзни дpънкaници нa xopa, кoитo ca ce oткъcнaли oт peaлнocттa.;България затъва, рейтингът ни пада, чуждите инвеститори ни отбягват, от ЕС ни глобяват, държавният резерв се топи, до кога ще вярвате на празните дрънканици на простака?!;В държава като нашата, с правосъдие отдавна намиращо се в клинична смърт, това в статията звучи като празни дрънканици без капка съдържание.]",qas,,,,,,,,
BG1687,дундьо,noun,[no_synset],[no_synset_lemma],Разг. Пренебр. Дебел мъж или момче,,"[Нищо мъжко няма в теб и ти личи, че си дундьо, щом не си признателен на руснаците за Освобождението и търсиш още под вола теле.;Вижте останалите хора колко са непринудени и каква класа имат, не като нашия дундьо.;Тези дебели, самодоволни дундьовци не произвеждат нищо освен имотни и гей скандали и тук-там някоя глупост като неистовото врещене срещу дефиницията за йога в учебниците, а сега и ксенофобската декларация срещу бежанците.]",cds,,,,,,,,
BG1038,дупе,noun,Synset('btbwn-008000166-n'),"['задник', 'дупе', 'седалище', 'гъз', 'дирник']","Задна месеста част у човека и някои маймуни, на която се сяда.",,[Какъв елит бе - дупе!],om,,,noun.body,,,,,
BG1083,дървен философ,noun,[no_synset],[no_synset_lemma],"Пренебр. Човек, който много приказва, обикн. празни приказки, а нищо не върши.",,"[Оооо, и аз нямам никакво намерение да споря с дървен философ, който умее най-вече да пълни форума с тъпи теми и да се надува какъв е специалист по всичко.;От партията на Борисов определиха служебния министър Бойко Рашков като ""дървен философ"" и PR на кампания на служебното правителство.;Да, той е дървен философ със съмнителна лична хигиена, в голямата си част – дребен хитрец с посредствено образование, склонен към конспиративно мислене, скептик, умерен мачист с излишно самочувствие, дори понякога оскотял ревнивец.]",cds,,,,,,,,
BG158,дървеняк,noun,Synset('btbwn-018001449-n'),"['говедо', 'простак', 'дебелак', 'чукундур', 'парвеню', 'простачка', 'простакиня', 'простакеса', 'примитив', 'байганьовец', 'дървеняк', 'фасулко', 'тутманик']","Необразован, невеж, невъзпитан, груб човек.",,"[Днес тя нарича мъжа си простак, дървеняк.;Кльощав непохватен дървеняк с коса като коноп и зинала уста, съвсем объркан от силната светлина и изисканата клиентела.;Аз съм малко дървеняк, но предполагам, че причината за това е, че съм се отдал на музиката изцяло.;Най ме е яд, когато някой дървеняк се втрещи сериозно в това, което пиша.]",qas,,,noun.person,,,,,
BG754,дявол,noun,Synset('btbwn-018000655-n'),"['хитрец', 'хитруша', 'хитрица', 'тарикат', 'тарикатка', 'шмекер', 'шмекерка', 'дявол', 'лисица', 'шейретин', 'лисугер', 'хитрушко']","Хитър, лукав човек.",,"[— Ама ти си голям дявол! Това го изтърси, за да замажеш за Катето! Румен се ядоса: — Абе, толкова ли си тъп? Нали знаеш, че се подигравам с жените!;Не се притеснявайте, българинът е дявол. Той може да е милионер, но ще кара трошка да пести.]",svp,,,noun.person,,,,,
BG378,дяволия,noun,[no_synset],[no_synset_lemma],"Хитра, шеговита постъпка, проява.",,"[Този въпрос е поставен като заплаха и ако съответният човек откаже да им даде сладкиши, те ще му направят една дяволия.;Дяволия крие тоя човек… Вероятно такива тревожни мисли минуват през ума на дамата ми, защото разплаканите й очи хфащат да ме стрелят по-често с подозрителност.;От алчност и дяволия той не вярва за болестта му и постоянно го упреква в мързел.]",re,,,,,,,,
BG1387,евреин (еврей),noun,[no_synset],[no_synset_lemma],"Човек, който не раздава собствените си придобивки на никого; стиснат човек.",,"[Ти пък един път в годината, ако не можеш да си позволиш такси, значи си скръндзав евреин от Габрово!;Ясен Тодоров е долен евреин, нищо чудно неговите братовчеди от Израел да са замесени в атентата, Мосад са най-добри в убийства и терор.;Видях мръсния дребен евреин – моя хазяин – да крещи из къщата, недоумяващите му синове, сбръчканото, грубо лице на старицата, която питаше за своята котка.]",ps,,,,,,,,
BG531,егоизъм,noun,Synset('btbwn-007000668-n'),"['егоизъм', 'егоцентризъм', 'себичност', 'себелюбие', 'егоистичност']",Предпочитане на личните интереси пред интересите на другите и на обществото.,,"[В Средна и Източна Европа се е надигнал националният егоизъм, който се подхранва от илюзията за етнически хомогенни държави.;И не защото му е необходимо, а от егоизъм, алчност и злоба.;Ти с твоя егоизъм до никъде няма да стигнеш!]",ddp,,,noun.attribute,,,,,
BG2449,егоистичен,adj,Synset('btbwn-000000091-a'),"['егоистичен', 'себичен', 'егоцентричен', 'себелюбив', 'самолюбив', 'егоистически']",Който има високо мнение за собствените си възможности и се интересува най-вече или само от собствените си нужди.,,"[Корените на отношението към американските евреи са в това, че те, живеейки в една от най-егоистичните страни в света, активно помагат за консервацията, за капсуловането на този тип егоизъм – и то точно в наше време, когато упорството за поддържане на основите на егоистичните взаимоотношения между хората води целия свят към гибел.;Той беше твърде егоистичен, за да помисли за чувствата на останалите – винаги поставяше себе си над всички.;— Прости ми. Трябва да се върнеш. Аз съм егоистична глупачка.]",ddp,,,adj.all,,,,,
BG533,егоистично,adv,Synset('btbwn-002000607-r'),['егоистично'],"За действие, което е изпълнено главно с цел лични облаги, без да се взима под внимание дали се вреди на някого.",,"[Украйна: България се държи цинично и егоистично.;Втренчени егоистично в пъпа си, обсебени от злоба, завист, омраза и алчност, вкопчени в гордост, ревност и пристрастяване към пари, благополучие и власт, забравихме чистия път към Бога и вярата.]",ddp,,,adv.all,,,,,
BG1099,ерекция,noun,Synset('btbwn-026000124-n'),['ерекция'],"Набъбване, изправяне на орган вследствие на мускулно напрежение или увеличен приток на кръв.",,[В автобуса влязоха две мацки и една батка. Той се взираше в тях като дърта незадоволена ерекция.],asm,,,noun.state,,,,,
BG1530,жалък,adj,Synset('btbwn-000000815-s'),['жалък'],"Който е достоен за презрение, поради подлото, лошото си отношение към другите.",,"[Такива като Доган (издал цялото българско разузнаване - 1,300 български разузнавачи зад граница), Местан, Пеевски, Станишев и др. предатели, корумпирани типове и жалки негодници , проваляли България!?;Ще му покажем на този жалък предател, че не може толкова лесно да съсипе труда ни.;Мирчев написа още, че наблюдава жалко поведение от страна на лидерът на ГЕРБ Бойко Борисов.]",cds,,,adj.all,,,,,
BG428,женкар,noun,Synset('btbwn-018003009-n'),"['любовчия', 'любовчийка', 'донжуан', 'женолюбец', 'коцкар', 'женкар', 'сваляч', 'коце']","Мъж, който има слабост към любовни похождения, който се навърта около жени и ги задиря.",,"[Макар да беше гаден женкар, Ел Би Джей дълго време се беше радвал на обичта на местните хора, защото беше дал на скотовъдците в окръг Гилеспи, отглеждащи кози, нещо много по-ценно от пример за подражание; беше им дал „програмата за подпомагане на производителите на мохер“.;Един гръцки физиономист, след като му описва характера, му казва: ""Слушай, ти си бил голям женкар , после, обичал си да попипваш, обичал си да полъгваш, много нечисто си се държал."" ;Той пък голям женкар го раздава, вместо да си види грозната албанска мутра!]",qas,,,noun.person,,,,,
BG1721,жесток,adj,Synset('btbwn-000001056-s'),"['безмилостен', 'безпощаден', 'жесток', 'безсърдечен', 'безжалостен', 'коравосърдечен', 'жестокосърдечен', 'безчовечен', 'свиреп', 'чудовищен', 'зверски']","Който съдържа или изразява безпощадност, отсъствие на милост, безчовечност, който причинява силна болка или страдание на някого.",,"[Жесток си,но има и истина в думите ти, в крайна сметка според мен преди да се случват подобни неща,една връзка би трябвало да приключи преди да мъкнем някой към леглото.]",dmc,,,adj.all,,,,,
BG1721,жесток,adj,Synset('btbwn-000001056-s'),"['безмилостен', 'безпощаден', 'жесток', 'безсърдечен', 'безжалостен', 'коравосърдечен', 'жестокосърдечен', 'безчовечен', 'свиреп', 'чудовищен', 'зверски']","Който съдържа или изразява безпощадност, отсъствие на милост, безчовечност, който причинява силна болка или страдание на някого.",,"[Доста извратен персонаж, който освен много жесток, си пада и по момчета.;Бдителни социални служители веднага откъсват детето от тази жестока семейна среда.]",cds,,,adj.all,,,,,
BG1760,живи мощи,noun,Synset('btbwn-008000333-n'),['мощи'],Много слабо тяло на човек.,,"[Мъж оцеля по чудо след като в продължение на цял месец яде само сняг и заприлича на живи мощи.;Приличаше на живи мощи и едва мъкнеше краката си, но все пак се добра до нас.;И до днес не мога да разбера защо полусляп, полунеподвижен, кажи-речи, отхвърлен от природата нещастник, бреме за самия себе си и за другите, този човек, който беше живи мощи, обичаше парите до предателство и до жестокост.]",qas,,,noun.body,,,,,
BG2103,животински,adj,Synset('btbwn-000001705-s'),"['животински', 'нечовешки', 'скотски']","Който е присъщ на животно – груб, неконтролиран от съзнанието.",,"[Неговата привидна доброта и наивност е редом с престъпните му склонности да е злобен побойник с животински нрав.;Тя е към петдесет години, но косата й не е посивяла; дебела и безформена, с едро животинско лице, тя се облича като шестнадесетгодишна девойка и непохватно, безуспешно и трогателно подражава на невинната нежност и очарование на тази най-мила и прекрасна възраст; така че външността се съгласува с вътрешността и в резултат от това – според мене – външно и вътрешно тя е днес най-обидната преструвана, която излага и прави за смях човешкия род.]",an,,,adj.all,,,,,
BG134,животно,noun,Synset('btbwn-018001116-n'),"['изрод', 'чудовище', 'урод', 'изверг', 'изчадие', 'животно', 'дегенерат', 'бестия', 'звяр', 'изчадие на ада', 'изчадие адово', 'дяволско семе']","Човек с извратен морал, духовност.",,"[Ожениха ме за студено, грубо, глупаво и жестоко животно.;Истината е, че БСП каквото и да направи, българинът е тъпо животно.;Абе, по-просто и малоумно животно като българина няма, не е имало и няма да има.]",an,,,noun.person,,,,,
BG1277,жиголо,noun,Synset('btbwn-018000780-n'),['жиголо'],"Любовник, обикновено на по-възрастна от него богата жена, който се издържа от нея.",,"[Ти нищо не поправяш, ти си жиголо на руски бизнес дами.;Е, хайде сега жиголо бил.. бил, ама друг път, ще им се на някои. По ще повярвам, че Калоянчо е жиголо, то му е в характера, личи му!]",pr,,,noun.person,,,,,
BG1576,завист,noun,Synset('btbwn-012000097-n'),"['завист', 'ревност', 'завиждане']","Неприятно, мъчително чувство, което предизвикват у някого чуждите успехи или достойнства.",,"[Плод на завистта ти, кой знае каква пъпчива турта си.;За съжаление завистта си е балканска черта!;Хайде сега, завистта ти и обидите ти са излишни.]",ddp,,,noun.feeling,,,,,
BG1579,завистлив,adj,Synset('btbwn-000000794-s'),"['завистлив', 'ревнив']","Който завижда на успехите на другите, болезнено желаейки да бъде над тях.",,"[Скучен, завистлив негодник, помисли си Джизал, не може ли поне за ден да се радва на успехите на собствения си брат?;При това бил толкова злобен и завистлив, че издействал да бъдат конфискувани с министерска заповед съобщенията на други двама учени, които не си губели времето с предговори, а пристъпили направо към същността на работата.;Боклуци с боклуците завистливи!!! Когато вие нещо организирате и допринесете с лични средства за него, тогава коментирайте!]",ddp,,,adj.all,,,,,
BG83,заговорник,noun,Synset('btbwn-018002096-n'),"['заговорник', 'заговорница', 'конспиратор', 'съзаклятник', 'съзаклятница', 'конспираторка', 'заговорничка']","Участник в съзаклятие, заговор, конспирация.",,"[Много жалък и дементясъл заговорник.;Един вид имитация на синархия вместо царство (форма на управление, прокламирана още от Блаватска и Любиц, повсеместно прегърната от ню-ейдж политическите заговорници (тия номера с мавзолеите – Ленин и др., са си от старата окултна школа).;Сдружените земеделци, ние, съратниците на д-р Г.М.Димитров, които работихме почти цял живот за благото на БЗНС без каквито и да било претенции, апелираме към вас да отречете разколниците и заговорниците Пенчев, Чакъров и сие. Те са слуги на тъмни сили и отявлени врагове на Българския земеделски народен съюз.]",is,,,noun.person,,,,,
BG755,задник,noun,Synset('btbwn-008000166-n'),"['задник', 'дупе', 'седалище', 'гъз', 'дирник']","Задна месеста част у човека и някои маймуни, на която се сяда. Грубо.",,"[В момента се държиш като истински гаден задник.;Въпросът е, че ми се струваше малко необичайно Том и Джуди да се занимават с тип като Фредерик. Накратко, Фредерик Гроздето ми изглеждаше надут задник и ми допадаше идеята малко да му спукам балоните.]",qas,,,noun.body,,,,,
BG2439,задник,noun,[no_synset],[no_synset_lemma],"Някой, който е постъпил нелоялно. Неприятен човек.",,"[Ти си един гаден задник, директор Борис!;– Абе какво ви става, хора? – викна Ксавиър след техните изнизващи се приятели. – Задници такива, ще ни утрепят заради вас!;Бих искал да сте тук, господин Маккарти, доволен задник такъв.]",cds,,,,,,,,
BG1033,задница,noun,[no_synset],[no_synset_lemma],Широки и обемисти задни части (на жена).,,"[Надали много мъже могат да се възбудят от пигмей с къси крака и огромна задница, която може да побере цяла футболна топка.;Но толкова беше огромна задницата на тази женица, че съвсем не на шега си помислих, че има някаква магия тук, за да може по-голямото /седалището й/ да влезе в по-малкото /седалката на стола/.;За още по-голяма прегледност на това чудо Даньо разперил ръце във въздуха и взел да описва Балдър Рада, дето всички й знаят кръста и задницата.]",om,,,,,,,,
BG590,затворник,noun,[no_synset],[no_synset_lemma],"Прен. Човек, който живее уединено, самотно, без да общува с хора, като в затвор.",,"[Захари пък прилича на затворник – остригал се до дъно.;Явно голяма част от народа ни е пропаднала паплач, която се гордее, ако прилича на затворник и има зад себе си досие.]",re,,,,,,,,
BG2104,зверски,adj,Synset('btbwn-000001056-s'),"['безмилостен', 'безпощаден', 'жесток', 'безсърдечен', 'безжалостен', 'коравосърдечен', 'жестокосърдечен', 'безчовечен', 'свиреп', 'чудовищен', 'зверски']","Който съдържа или изразява безпощадност, отсъствие на милост, безчовечност, който причинява силна болка или страдание на някого.",,"[Какво безсрамно и зверско сърце имаш, кръвопиецо!;В този блог, олекна ли ти, успокои ли се. такива ли реакции може да събуди такова зверско поведение на тази 'родителка'.]",qas,,,adj.all,,,,,
BG1727,зло,noun,Synset('btbwn-007000500-n'),"['злоба', 'проклетия', 'злина', 'зло', 'лошотия', 'злост', 'лошота', 'лошавина']","Всичко отрицателно, лошо в нравствено отношение.",,"[А Сталин е самото Зло - не само за Европарламента, но и за Манделщам, Ахматова, Пастернак, Солженицин, Шаламов, за цялата велика руска интелигенция.;При всички възможни случаи властите в страната напомнят за това свое предложение не толкова като очакване да поемат ""диригентската палка"" в света в борбата срещу това социално зло , колкото като доказателство, че държавата не съдейства за разпространението на тероризма.;Всички обвиняват ППДБ, но истинското зло си остава ГЕРБ.]",dmc,,,noun.attribute,,,,,
BG571,злодей,noun,Synset('btbwn-018001434-n'),"['злодей', 'злодеец', 'злодейка']","Човек, който върши злини, злодеяния.",,"[Гледай, проклетнико, без малко да пукна в тия твои щуротии, злодей такъв!]",dmc,,,noun.person,,,,,
BG637,злонамерена лъжа,noun,Synset('btbwn-009000261-n'),"['измама', 'лъжа', 'номер', 'илюзия', 'шмекерия', 'шашма', 'хватка', 'игра', 'фалш']","Обмислени, преднамерени действия за постигане на някаква, обикновено скрита и непочтена цел.",,"[Служебният финансов министър нарече целенасочени и злонамерени лъжи обвиненията на ГЕРБ по повод позицията на България за общ глобален данък.;И няма да се появят, защото масовите репресии на Сталин са една злонамерена лъжа.]",dmc,,,noun.cognition,,,,,
BG362,злосторник,noun,Synset('btbwn-018001236-n'),"['вредител', 'злосторник', 'злосторница', 'саботьор', 'пакостник', 'саботьорка', 'вредителка', 'пакостница', 'поразник', 'поразница']","Лице, което върши саботаж, умишлено вредителство с цел да се разстрои дейността на организация, предприятие и други.",,"[Неизвестен злосторник направил монтаж на порно видеоклип, като сложил главата на Алекс на мястото на главата на порно актриса. ;Никой не иска да го признае, но той е просто един злосторник и нищо повече.]",cds,,,noun.person,,,,,
BG362,злосторник,noun,Synset('btbwn-018001236-n'),"['вредител', 'злосторник', 'злосторница', 'саботьор', 'пакостник', 'саботьорка', 'вредителка', 'пакостница', 'поразник', 'поразница']","Лице, което върши саботаж, умишлено вредителство с цел да се разстрои дейността на организация, предприятие и други.",,[],dmc,,,noun.person,,,,,
BG1963,змия,noun,[no_synset],[no_synset_lemma],"Прен. Коварен, зъл човек.",,"[Това само подкрепя заключенията ми за измамната гадна змия.;В тази размяна на обиди Вазов е още по-яростен и сравнява поета със зла змия, влечуго и озлобена гад.;Много ме разсмяхте като казахте, че Амбър била добра, тя изобщо не е добра. Тя е змия.]",an,,,,,,,,
BG2254,зубрач,noun,Synset('btbwn-018003308-n'),"['зубрач', 'зубрачка', 'кълвач', 'кълвачка']","Ученик или студент, който зубри - научава наизуст, механично, без да разбира същината на нещата.",,"[Все едно слушахме тъп зубрач, който рецитира някакви наизустени фрази точно толкова банални, колкото зелените му чорапи.;Човек на изкуството да го опише, да разчупи рамките, от които един тесногръд историк, зубрач, облъчен с догми, не може да излезе.;Така изборът на Земан означава, че чехите предпочитат опитен и здравомислещ политик, готов да отстоява националните интереси, а не да бъде зубрач на евроатлантическата политика.]",cds,,,noun.person,,,,,
BG60,зубър,noun,[no_synset],[no_synset_lemma],"Прен. Ученик или студент, който зубри - научава наизуст, механично, без да разбира същината на нещата.",,"[В 5-и клас си бях един голям зубър, после попаднах в друга компания и се „отприщих“ - това е и преломният момент за мен, който провокира първия ми инцидент с алкохола.;Тормозиха ме ежедневно в училище, защото изглеждах зле и бях зубър.;Тъкмо си помислих, че най-големият смотаняк и зубър на випуска ще си духне под опашката щом фискира двамата бабаити, но стресът от последвалата случка тотално парализира и малко останалия живот в мен.]",cds,,,,,,,,
BG1730,зъл,adj,Synset('btbwn-000003970-a'),"['озлобен', 'злобен', 'злостен', 'стръвен', 'зъл', 'стръвнишки', 'злобив', 'злоблив']","Който изпитва или проявява злоба, отмъстителност.",,"[Той е много суров и по много начини зъл човек.;Той обиждал децата и възрастните, ненавиждал всички, бил подъл и зъл тиранин.]",cds,,,adj.all,,,,,
BG618,идиот,noun,Synset('btbwn-018002282-n'),"['глупак', 'глупачка', 'глупец', 'папуняк', 'балама', 'будала', 'бунак', 'галфон', 'гламчо', 'баламурник', 'олигофрен', 'серсем', 'серсемин', 'хапльо', 'аджамия', 'ахмак', 'юрод', 'кютук', 'ампе', 'абдал', 'абдалин', 'гъска', 'патка', 'пън', 'рапон', 'ръб', 'тапир', 'теле', 'тиква', 'тиквеник', 'чвор', 'чукундур', 'галош', 'дръвник', 'хайван', 'хайванин', 'идиот', 'идиотка', 'балък', 'дебил', 'тъпак', 'тъпанарка', 'тъпанар', 'тъпачка', 'кретен', 'тъпунгер', 'дурак', 'дурачка']",Човек с ограничени умствени способности.,,"[Трябва да си пълен идиот, за да си мислиш, че за три дена или една седмица можеш да завладееш една 45 млн. държава като Украйна.;А ти, идиот, ако не знаеш, аз си имам съпруг.;Едно е сигурно и това е, че тук са писали само безсърдечни идиоти.;За съжаление на тия идиоти, които харчат през пръсти държавните пари, искам да им припомня, че между 2002 и 2005 година направих над 40 телевизионни моста от четири континента – и при немалките разходи за тях, все пак не похарчих толкова, колкото е бил наемът за помещението в НДК.]",cds,,,noun.person,,,,,
BG56,идиотия,noun,[no_synset],[no_synset_lemma],"Разг. Глупост, идиотщина.",,"[Освен общата идиотия на концепцията, обърнете внимание на минимум 4-те правописни грешки!;Само аз ли виждам че си написал пълна идиотия?;Току-що изрече най-голямата идиотия, която бях чувал!]",ddp,,,,,,,,
BG1439,идолопоклонник,noun,Synset('btbwn-018001077-n'),"['езичница', 'езичник', 'поганец', 'идолопоклонник', 'политеист', 'идолопоклонница', 'идолопоклонничка', 'политеистка']",Последовател на езичеството.,,"[Ти ли, идолопоклоннико, ще ни учиш на Закона и ще ни обвиняваш, че не го спазваме?;Именно поради тези причини фалшивата формула ""ГЕРБ = БСП"" е нужна на Костов и неговите послушни лакеи и идолопоклонници , за да оправдаят подлата си саботьорска дейност в гърба на десните организации, подхранвана от завист и злоба (а може би и от мръсни червени пари), с която всъщност вършат безценна услуга на комунистите и Държавна сигурност.]",svp,,,noun.person,,,,,
BG1435,идолопоклоннически,adj,Synset('btbwn-000003379-a'),['идолопоклоннически'],Който се отнася до идолопоклонник и до идолопоклонничество.,,"[Комунистическата теория, партия и система на тоталитарна власт на шепа безбожни хора над целия народ е една измамна, грабителска, идолопоклонническа и погубваща система, погазваща и отнемаща всички човешки права като правото на свобода на словото, свобода на вероизповеданията, свобода на личността и семейството, правото на живот и най-лошото отнема възможността на заблудените и поробените от нея за вечно спасение от смъртта и от ада, което е възможно само чрез познаването на Единния истинен Бог чрез вяра в Иисус Христос и служенето на Него, включващо и провявдане на Неговото вечно истинно Слово - Библията, но което е забранено и преследвано от комунистите.;Това прибягване до други ценности освен идолопоклонническия материализъм на консуматорското общество може да бъде пътят за спасение не само за Франция, а и за цялата съвременна цивилизация.]",svp,,,adj.all,,,,,
BG1431,идолопоклонничество,noun,Synset('btbwn-004001348-n'),['идолопоклонничество'],Езически религиозен култ към идоли.,,"[Ако съм прав, тези, които ни обвиняват в идолопоклонничество са заблудени - какво да правя и как да го кажа иначе?;Алчното мамонско идолопоклонничество обаче още от пра-пра-древността е произвеждало подобни бедствия - с постоянно нарастваща зловеща мощ.]",svp,,,noun.act,,,,,
BG1433,идолослужение,noun,[no_synset],[no_synset_lemma],"Остар. Книж. Служене на идоли, кумири; кумирослужение.",,"[Първите, т.е. богатите, чийто ум е залепнал в съвременното идолослужение на парите и на лъжливата радост, която то дава, падат и нямат за какво да се хванат.;Като пристигнал в своята епископия, свети Партений заварил всичките й жители, отдадени на безчестното елинско идолослужение, докато християните били твърде малобройни.;Хомосексуализмът е грях и то тежък, защото се изразява в робуване на страстите и идолослужение.]",svp,,,,,,,,
BG804,издайник,noun,Synset('btbwn-018000660-n'),"['предател', 'предателка', 'изменник', 'изменница', 'издайник', 'издайница', 'издател', 'издателка', 'отстъпник', 'отстъпница', 'издадник', 'издадница', 'юда', 'искариот']","Човек, който нарушава верността си, предаността си към някого или нещо, изменя на някого или на нещо.",,"[Владислав Горанов беше издайник и интригант.;Народният поет е ""деликатен"", той не споменава името на тоз издайник грозен, то би осквернило песента му, неговата песен.]",cds,,,noun.person,,,,,
BG1881,издънка,noun,Synset('btbwn-018001058-n'),"['потомък', 'потомка', 'наследник', 'наследница', 'наследничка', 'издънка', 'семе', 'внук']","Лице, което произлиза от някакъв род, фамилия.",,"[Той е издънка на комунизма...Симеон Дянков.;СДС е автентичната дясна партия, която трябва да заеме своето място, а не някакви комунистически издънки като Кунева, които се възпозлват в момента от ситуацията.;Той е издънка на новите времена – продукт на паразитната гласа на грантовите усвоители, иконом на статуквото, лакей на зализаната олигархия]",qas,,,noun.person,,,,,
BG2440,издънка,noun,Synset('btbwn-004000058-n'),"['грешка', 'издънка', 'гаф', 'фал', 'изцепка']","Неуместна, нетактична постъпка.",,"[Предлагаме ви коментара на професионалния коафьор Вили Боршукова за истински звездните прически, както и за издънките по време на последните награди Оскар.;Стъпихме накриво само с Ботев (Враца), но това наскоро направи и Лудогорец. Явно издънката ни не е била толкова голяма.;Защо не кажеш колко издънки имаше като един некъдърен министър?]",qas,,,noun.act,,,,,
BG4,излайвам,verb,[no_synset],[no_synset_lemma],"Прен. Прех. Пренебр. Изговарям нещо неясно, неразбрано, обикн. бързо или на чужд език.",,"[Дежурният сержант излая набързо обвинението срещу него и смъртната присъда, след което войниците така умело сритаха клетника, че той падна, като шията му се намести точно върху дръвника.;Тогава Хетфийлд излайва на микрофона ""Млъкни!"";Друг пък излайва, че паметникът бил израз на българско раболепие.]",an,,,,,,,,
BG936,измамен,adj,Synset('btbwn-000001144-s'),"['измамен', 'мошенически', 'измамлив', 'измамнически']","В който се съдържа измама, мошеничество.",,"[Някои от обичайните изглежда липсват: Тя не е била сексуално разкрепостена, например, нито пък изглежда, че е била паразитна и измамна личност във всеки аспект от живота си.;По време на Черния петък потребителите трябва да са изключително внимателни за мними оферти и измамни търговци.;Той е умел при изчисляването на перфектните срокове, за да ви грабне в мрежата, изтъкана от измамни лъжи и празни обещания.]",dmc,,,adj.all,,,,,
BG355,измамник,noun,Synset('btbwn-018001798-n'),"['измамник', 'измамница', 'лъжец', 'шарлатанин', 'шарлатанка', 'мошеник', 'мошеница', 'мошеничка', 'ментърджия', 'ментърджийка', 'далавераджия', 'далавераджийка']","Човек, който подвежда някого или го кара да вярва в неверни неща.",,"[Както и предполагате, истинското му име не е Саймън, а Шимон Хают - изпечен измамник, който е известен в Tinder пространството, заблуждава жените, че е богат, кара ги да се влюбят лудо в него и след това ги манипулира да му дават заеми от стотици хиляди долари, които никога не връща.;Такъв човек е измамник и антихрист.;Някаква банда измамници се събрала и дрънка всякакви глупости.]",re,,,noun.person,,,,,
BG2409,изменник,noun,Synset('btbwn-018000660-n'),"['предател', 'предателка', 'изменник', 'изменница', 'издайник', 'издайница', 'издател', 'издателка', 'отстъпник', 'отстъпница', 'издадник', 'издадница', 'юда', 'искариот']","Човек, който нарушава верността си, предаността си към някого или нещо, изменя на някого или на нещо.",,"[Колкото за Мишев, аз ще му благодаря писмено за услугата! – заговори тя, като ме гледаше все тъй изпитателно. – А на оня изменник ... когото тъй обичах... ще... – тя прекъсна говора си и очите й отново се напълниха със сълзи.;Мъжът Стрелец е малко изменник и всички негови приятели знаят за предателствата и кръшканията му.;Тогава един от приближените на воеводата казал: - Старче, ти си изменник , защото не зачиташ нито нашия крал, нито Димитрий.]",re,,,noun.person,,,,,
BG650,измет,noun,[no_synset],[no_synset_lemma],"Прен. Презр. Морално пропаднали, напълно безполезни, изхвърлени от обществото хора.",,"[Тази измет, подхранвана от поляците измежду най-гнусните отрепки на руския народ (убийци, кариеристи, присламващи се към властта интелигенция), е готова да убие собствения си баща и майка заради докопването си до властта или доходно място!;И тази измет намира защитници?;Няма по-големи крадци от Златко и Бойчев, превърнаха комплекса в семейна фирма, защо се правите, че не виждате как крадат като ненормални? Тази гербаджийска измет трябва да се маха и да им се търси отговорност.]",qas,,,,,,,,
BG331,измислица,noun,Synset('btbwn-010001726-n'),"['измислица', 'измишльотина', 'лъжа', 'неистина', 'сага', 'менте']","Нещо, което е изопачено, измислено, обикновено за да злепостави някого и което не отговаря на истината, на фактите.",,"[Искам да призова всички да спрат с измислиците и да почнат да правят нещо градивно.;Шефа ви говори измислици за вас, когато ви няма, а пред вас лицемерничи.]",qas,,,noun.communication,,,,,
BG331,измислица,noun,Synset('btbwn-010001726-n'),"['измислица', 'измишльотина', 'лъжа', 'неистина', 'сага', 'менте']","Нещо, което е изопачено, измислено, обикновено за да злепостави някого и което не отговаря на истината, на фактите.",,"[Мутрата Радостин Василев говори измислици, каза Балабанов.]",cds,,,noun.communication,,,,,
BG2281,изнасилвач,noun,[no_synset],[no_synset_lemma],"Мъж, който е изнасилил жена, дете и др.",,"[""Ще имаш ли малко време и за мене приятелю?"" е пишела девойката на долния изнасилвач.;Възможно е, онзи ангел или гаден изнасилвач, на който не му е станало, да ми се е присънило или да е искал да ми каже нещо друго, а не това, че не трябва да изричам повече думичката.]",re,,,,,,,,
BG1753,изнудвач,noun,Synset('btbwn-018000409-n'),"['рекетьор', 'изнудвач', 'шантажист', 'шантажистка', 'изнудвачка', 'рекетьорка']","Човек, който участва в рекет, принуждава някого да му даде пари чрез заплахи и насилие.",,"[Грозен, гаден, изнудвач и видимо супер прост.;Директорите на училищата са се квалифицирали в перфектни просяци и изнудвачи, за да изстискат някой лев от родителите на децата.]",cds,,,noun.person,,,,,
BG1753,изнудвач,noun,Synset('btbwn-018000409-n'),"['рекетьор', 'изнудвач', 'шантажист', 'шантажистка', 'изнудвачка', 'рекетьорка']","Човек, който участва в рекет, принуждава някого да му даде пари чрез заплахи и насилие.",,"[Дори не изричай тези думи! О, ти зъл изнудвач!]",re,,,noun.person,,,,,
BG1657,изперкал,adj,Synset('btbwn-000002017-s'),"['луд', 'обезумял', 'ненормален', 'побъркан', 'безумен', 'полудял', 'откачен', 'пощурял', 'превъртял', 'изперкал', 'шашав', 'улав']","Който не разсъждава нормално, който при някаква ситуация е изпаднал в моментно състояние на безумие.",,"[Добре де, този изпечен измамник Борисов, съвсем ли е изперкал или Гешев е пред още по-голямо компрометиране пред ЕС няколко дена преди дебата за България в Европарламента!?;Гледах интервюто с тази, ако говори истината, този е наистина доста изперкал.;Абе, ти хептен си изперкал, колко пъти да ти повтарям, че пространството и според мен, и според въпросната статия, дето уж си знаел прекрасно, няма движение - на пространството.]",cds,,,adj.all,,,,,
BG1978,използвач,noun,Synset('btbwn-018002497-n'),"['използвач', 'използвачка']","Човек, който по непочтен начин използва другите, за да извлича облаги за себе си.",,"[Участникът от първия сезон на X-factor, Моисей, е нарекъл Криско използвач в своя публикация във Facebook.;За циганите мисля, че са хитри използвачи, тарикати и няма почти нищо добро в тях.;В този аспект той е ненадминат в ""Интелектуалците"", където аргументирано и безкомпромисно разобличава отвартителната природа на плеяда титани на мисълта като Русо, Маркс и Брехт, оказали се в личния си живот жалки егоисти, използвачи и меркантилни нищожества.]",qas,,,noun.person,,,,,
BG2086,изтъркан,adj,Synset('btbwn-000001616-s'),"['шаблонен', 'изтъркан', 'тривиален', 'банален', 'ординарен']","Който е лишен от оригиналност, безличен, еднообразен с редица други, не е интересен поради честата си употреба.",,"[Дърта изхабена жена не се занимавай с такива.;Той е удивително банален, скучен и изтъркан , а чувството му за хумор е на ниво минус 10.;Упорито внушават на българите, че досиетата на ДС и антикомунизмът са чалгата на прехода, че са изтъркана и ненужна тема.]",cds,,,adj.all,,,,,
BG1855,изтърсак,noun,[no_synset],[no_synset_lemma],"Разг. Най-малкото, последно родено дете на многодетно семейство.",,"[Батко й, Ники Михайлов, въпреки че е спряган за плейбой и се славеше като Дон Жуан за нежната половина, е изпаднал в емоционален стрес от изцепките на изтърсака.;Това, че Христо Иванов, Методи Лалов, Иво Мирчев, Иво Прокопиев, Гном Атанасов и още куп като тях са комунистически изтърсаци, е ясно.;Защото освен Сандърс, който наистина може да промени бъдещето на САЩ, ако стане президент, в десния лагер триумфира Тръмп – изтърсакът на капиталистическия елит, който с присъщия си безцеремонен стил може да хвърли в кошчето на Овалния кабинет доктрини и стереотипи, които диктуват американската политика от десетилетия.]",cds,,,,,,,,
BG70,инат,adj,Synset('btbwn-000002241-a'),"['инат', 'непреклонен', 'упорит', 'неотстъпчив', 'твърдоглав', 'инатлив', 'вироглав', 'дебелоглав', 'бикоглав', 'строптив', 'упорен', 'якоглав']",Който твърдо настоява на своето и проявява твърдо и неоправдано нежелание да отстъпи.,,"[Бохем и женкар, темерут, голям инат, и още по-голям черногледец, човек, който непрекъснато флиртува със смъртта и може би самоубиец, а в същото време – предан приятел, любовник от класа, страхотен пилот, дълбок мислител и велик писател.;Да упорствувам и след новото откритие не би било нищо друго освен глупав магарешки инат.;Въпреки че тези твърдения са изключително глупави, тъй като противоречат на фактите, обсебените от Мавъра фанатици продължават упорито да ги дъвчат със сектантски инат.]",cds,,,adj.all,,,,,
BG1450,инвалид,noun,Synset('btbwn-018000875-n'),['инвалид'],"Човек, изгубил изцяло или отчасти трудоспособността си поради болест, осакатяване, нараняване или старост.",,"[Админите му казват, доста меко явно, че е социален инвалид, който прави доста ясно впечатление, че нещата не вървят добре, и той си продължава, обеден, че всичко е наред.;Цветанов имаше още тогава едно забележително качество: изразяваше се като вербален инвалид; през годините той разви почти до съвършенство това си умение – нещо си говори, без изобщо да се интересува, дали публиката вдява каквото и да е от казаното.;Дали роднините на децата клоуни с червените връзки от Кърджали също ще потърсят отговорност от директора Багдасаров, а и от учителите, затова, че са превърнали децата в умствени инвалиди, в жалки марионетки?]",ddf,,,noun.person,,,,,
BG375,интригант,noun,Synset('btbwn-018000618-n'),"['интригант', 'клеветник', 'клеветница', 'клюкарка', 'клюкар', 'интригантка', 'сплетник', 'сплетница', 'одумвач', 'одумник', 'мюзевирин', 'клеветничка', 'мюзевирджия', 'мюзевир', 'мюзевирка', 'мюзевирджийка', 'одумвачка', 'одумница', 'шепотник', 'шепотница']","Човек, който се занимава с клюки и интриги.",,"[Президентът Румен Радев не е обединител, а интригант - успя да насъска една срещу друга всички политически сили.;Вероломен дипломат, безогледен интригант, хитър враг и коварен съюзник, именно Константин станал причина понятието византиец да стане за всички векове синоним на лукавство и подлост.]",cds,,,noun.person,,,,,
BG342,инфантилен,adj,[no_synset],[no_synset_lemma],"Книж. Който е умствено, интелектуално недоразвит; глупав, наивен.",,"[Ако кажеш „Шефът ми беше идиот“, ще изглеждаш като инфантилна тийнейджърка в очите му.;Проф. Иво Христов: Резултатите на ПП и ГЕРБ в проучванията показват инфантилна наивност и къса памет.;Не вярваме да си толкоз инфантилна, че да се надяваш, че няма оставени следи.]",ddp,,,,,,,,
BG1500,йезуит,noun,Synset('btbwn-018000853-n'),"['лицемер', 'лицемерка', 'двуличник', 'двуличница', 'двуличничка', 'йезуит', 'езуит', 'йезуитка', 'езуитка', 'фарисей', 'фарисейка', 'тартюф']","Човек, който се преструва за угода пред някого, показва външна проява на доброта и любезност, зад които се крие злонамереност.",,"[Папата е защитник на педофилите, йезуит и покровител на мафията!.;Така сърцатите и сърдечни тинейджъри бяха превърнати в серт катили и сърдити йезуити!]",pa,,,noun.person,,,,,
BG1442,калпазанин,noun,Synset('btbwn-018001247-n'),"['негодница', 'негодник', 'леке', 'келеш', 'калпазанин', 'хубостница', 'вагабонтин', 'негодяй', 'хаирсъзин', 'кучи син', 'вагабонтка', 'хубостник', 'пезевенк', 'келеме', 'какаванин', 'калпазанка', 'кучешки син', 'песи син', 'магарски син', 'магарешки син', 'вагабонт', 'багабонтин', 'багабонт', 'сукин син']","Човек, който върши подлости, постъпва нечестно, неморално, безнравствено.",,"[Аз живея там в общежитие с много пияни и шумни студенти... не харесвам да бъда там при тези калпазанини, но засега няма друг възможност.;Ама ти си станал голям калпазанин, бре!;Идвай тук, нагъл калпазанино, и ми обясни какво е всичко това!]",re,,,noun.person,,,,,
BG2113,канцеларски,adj,[no_synset],[no_synset_lemma],"Неодобр. Сух, бездушен, формалистичен.",,"[Мазен канцеларски плъх с птичи поглед, на хранилка на ""пишман проекти"", финансиране от държавния бюджет и ЕС, млъквай, ти си едни лижегъцез и мухльо!;Това не са специалисти, а канцеларски плъхове, лакеи и подмазвачи.;Този Денков не изглежда решителен човек, прави впечатление на един канцеларски плъх.]",cds,,,,,,,,
BG1968,каруцар,noun,[no_synset],[no_synset_lemma],"Много прост, вулгарен човек, със „селско” възпитание и лоши обноски.",,"[Може да говори спокойно, не да вика като каруцар.;Това, че някои шофьори са каруцари е проблемът, а не годината на производство на автомобила.]",pa,,,,,,,,
BG1968,каруцар,noun,[no_synset],[no_synset_lemma],"Много прост, вулгарен човек, със „селско” възпитание и лоши обноски.",,"[Аз от малък мразя да ме цензурират, но напоследък все по-често звуча като тъп каруцар.]",cds,,,,,,,,
BG278,карък,noun,[no_synset],[no_synset_lemma],"Някой с лош късмет, комуто не върви.",,"[Шофьор се превърна в най-големия карък, след като полицаи го спряха два пъти за ден за нарушения и го санкционираха.;Каръци бяхме и с освободителите - и от изток, и от запад, и отвъд океана.;Компания от приятели, които сами се определят като каръци, искат да се излекуват от тази „болест“ и вярват, че това е възможно.]",qas,,,,,,,,
BG1193,каша,noun,Synset('btbwn-026000323-n'),"['каша', 'бъркотия', 'хаос']","Неприятна, трудна ситуация или положение.",,"[Заради твоя тъп задник загазихме в тази каша.;Нормативната уредба - гарантирано от ГЕРБ, пълна каша.]",cds,,,noun.state,,,,,
BG1193,каша,noun,Synset('btbwn-026000323-n'),"['каша', 'бъркотия', 'хаос']","Неприятна, трудна ситуация или положение.",,"[Отец Иван през януари т.г. даде на двама души без дипломи за реставратори да реставрират някакви икони, които също ги няма сега в църквата. Вие съобщавате, че ще дарявате нови и изобщо – каква е тази каша?]",qas,,,noun.state,,,,,
BG1617,кенеф,noun,Synset('btbwn-006001679-n'),"['нужник', 'тоалетна', 'клозет', 'тоалет', 'кенеф']","Малко помещение в дом, обществено място или обществено заведение, използвано за отходно място и обикновено обзаведено с огледало, чешма и други.",,"[А в самото начало си дух безплътен и животът ти е пълен кенеф.;Ето за това всички, де що могат и знаят нещо, се омитат от този кенеф.;Дано в близко време всички кадърни и можещи хора да се изнесат от този кенеф!]",cds,,,noun.artifact,,,,,
BG1028,кифла,noun,[no_synset],[no_synset_lemma],"Момиче с някои характерни особености във външния вид и поведението, определящи я като жадна за внимание и харесване. Демонстрира показна суетност, стремеж към постоянно внимание и външно одобрение, често чрез агресивен „сексапил“ и подчертано демонстративно поведение.",,"[Тази кифла защо не е подведена под отговорност за престъпното си бездействие.;""От едно добро и жизнерадостно дете направиха завършена кифла "", коментират възмутени почитатели на детето чудо, което буквално израсна пред телевизионните камери.]",cds,,,,,,,,
BG644,клеветник,noun,Synset('btbwn-018000618-n'),"['интригант', 'клеветник', 'клеветница', 'клюкарка', 'клюкар', 'интригантка', 'сплетник', 'сплетница', 'одумвач', 'одумник', 'мюзевирин', 'клеветничка', 'мюзевирджия', 'мюзевир', 'мюзевирка', 'мюзевирджийка', 'одумвачка', 'одумница', 'шепотник', 'шепотница']","Човек, който се занимава с клюки и интриги.",,"[Този народен иззедник и клеветник Борисов трябва да го изгоним с камъни от България.;Глупостта и наглостта Ви са потресаващи, Вие сте един най-обикновен клеветник , при това изключително необразован.]",re,,,noun.person,,,,,
BG632,клеветнически,adj,Synset('btbwn-000005125-a'),"['клеветнически', 'клюкарски', 'интригантски']","Който се отнася до, присъщ е или принадлежи на клеветник, интригант, клюкар.",,"[Същият е направен от неопределен субект, съдържанието му е необосновано, като има обиден и клеветнически характер, уронващ авторитета на трети лица.]",re,,,adj.all,,,,,
BG584,клика,noun,Synset('btbwn-014000219-n'),"['клика', 'котерия']","Някакво общество или група (компания), която има користни цели и се стреми да ги постигне с всички средства.",,"[Държава с добри перспективи за развитие, ако се държи далеч от путинската клика, към която тъй нареченият президент и московските агенти се опитват отново да я привържат.;Тиквата и кликата му в момента дооглозгват, каквото е останало от държавата и най-вече еврофондовете.]",cds,,,noun.group,,,,,
BG1970,клоун,noun,Synset('btbwn-018000518-n'),"['шут', 'клоун', 'палячо']","Човек, който се държи несериозно, нетактично или демагогски и предизвиква неодобрение, презрение.",,"[Яне Яне - досадният политически клоун е номиниран заради претенцията му без покритие да бъде морален стожер сред политическата класа. Докато получаваше папки с информация от приятеля си Алексей Петров - Трактора, Янето громеше с показалец корупцията по високите етажи.;Противен си и ведно с клоуните около тебе предизвиквате антипатия и отвращение с политическите си малоумщини.]",dmc,,,noun.person,,,,,
BG368,клюкар,noun,Synset('btbwn-018000618-n'),"['интригант', 'клеветник', 'клеветница', 'клюкарка', 'клюкар', 'интригантка', 'сплетник', 'сплетница', 'одумвач', 'одумник', 'мюзевирин', 'клеветничка', 'мюзевирджия', 'мюзевир', 'мюзевирка', 'мюзевирджийка', 'одумвачка', 'одумница', 'шепотник', 'шепотница']","Човек, който се занимава с клюки и интриги.",,"[При туй — си мисли — тук се бърка;изпитаният дуелист;;а той е зъл, клюкар, речист…;Стара клюкарка очерни името на приятелката ми.;В нашия град много неща са силно преувеличени от щатните клюкари и не вярвам на глупости, ако не съм видяла нещо лично.]",cds,,,noun.person,,,,,
BG234,коварен,adj,Synset('btbwn-000000883-s'),"['предателски', 'подъл', 'коварен', 'вероломен', 'перфиден']",Който действа със зла умисъл или измама и е склонен към предателство.,,"[Позволих си да му кажа, че е под две преси – Световната банка, от една страна и от другата, която е по-ужасна, са нашите коварни политици и техните номера, посочи експертът като намекна за зам.-министри, които са играли ролята на къртици във финансовото министерство.;Намерих утеха в света на пиратите и се присъединих към капитан Смолет, доктор Лийвзи, кормчията Изреъл Хендз и другите в битката им срещу коварния Лонг Джон Силвър.;Но Тачър бе и силно привързана към правилата, усещайки, че те са най-добрата й защита срещу коварните мъже, готови да препречат пътя й, отдаде ли им се възможност.]",dmc,,,adj.all,,,,,
BG680,коза,noun,[no_synset],[no_synset_lemma],"Обидно определение за жена с непривлекателна външност. Особено и ако видимо е прехвърлила 30-те (40-те, 50-те), и е с хем досадно, хем леко префърцунено поведение.",,"[Стегни се, истерична коза такава! - смъмри се тя ядосано. - Да си отдавна мъртва, ако тук имаше нещо!;А аз мисля, че ти си тъпа коза, че даже и анонимна.;Насладата от поредната сцена, в която тя се проявява като тъпа коза, този път със самочувствие до небесата, е гарантирана.]",an,,,,,,,,
BG1290,козел,noun,Synset('btbwn-018003381-n'),['козел'],Човек с дълга остра брада.,,"[Тоя дърт козел съвсем е луднал.;Изглеждаше като тлъст козел.;Не съм фен и на злобния сръбски козел, но ще бъда за него, пред перспективата този миризлив ченгел да грабне купата.]",an,,,noun.person,,,,,
BG850,кокетка,noun,Synset('btbwn-018000568-n'),['кокетка'],"Жена, която чрез поведението, проявите, постъпките или облеклото си се стреми да се хареса на мъжете.",,"[Тя бе една глупава малка кокетка, танцьорка, любовница на един от приятелите му.;В някакво подземие, инкрустирано със смачкани комикси, пошли снимки на красиви момичета по стените, бутилки от вино, жадно измачкани и набръчкани фасове, с дъно на море вместо таван, хамак от корабни въжета и мрежи, където на фасада отвън, се смеят продажни кокетки с някакъв театрален манталитет на андаулски, малко неспокойни, дали от страничните ръкави на сцената няма да се зададе някой моряк с танцувална стъпка.]",cds,,,noun.person,,,,,
BG297,кокона,noun,Synset('btbwn-018003564-n'),['кокона'],"Много нагиздена, натруфена жена.",,"[За да подиграе пък чорбаджийските кокони, които по цял ден се въртят пред огледалото да се белисват и червисват, напудрил с брашно главата на магарето, а на бузите му извъртял по едно червено колело и така обикалял града и вършел работата на санитарната власт, на украсителната комисия и прочие, и прочие.;В един момент една напудрена и начервосана бивша софийска кокона , но вече баба се обърна към Ивката: ""Ммомченцееее, ще ми помоооогнеш ли?"", подавайки му някаква пазарска мрежичка.]",pr,,,noun.person,,,,,
BG2094,кокошка,noun,Synset('btbwn-018003382-n'),['кокошка'],"Глуповата, посредствена жена.",,"[Тъпа кокошка, откъде това самочувствие?;На първата снимка си личи физиономията и на тъпа креватна кокошка.;Кокошке Коцева, част си от творческия колектив на кмета, който сътвори най-срамната и мръсна страница от историята на този град.]",an,,,noun.person,,,,,
BG1409,колиба,noun,[no_synset],[no_synset_lemma],"Малка, паянтова къща, обикн. от една стая; къщурка.",,"[Единствената ""черна овца"" е старият Драмок, който живее в социална изолация в мизерна колиба извън селището.;Стига с тая къща, ти в колиба ли живееш?]",rci,,,,,,,,
BG949,конкубинa,noun,[no_synset],[no_synset_lemma],"Прен. В древността е жена, живееща с мъж в открита, нескривана връзка.",,"[Кой плати масрафа по линия на конкубина?;Единият е на бившия военен министър от БСП и „конкубин” на Мая Манолова Ангел Найденов, който „намира реакцията на служебното правителство като пресилена, дори комплексарска” и на бившия командир на ГЩ, ген. Михо Михов, който стилизира изказването на Рогозин едва ли не като разбираем отговор на предишна наша (забележете) „намеса във вътрешните работи на Русия”.]",pr,,,,,,,,
BG313,конте,noun,Synset('btbwn-018000604-n'),"['конте', 'франт']","Човек, който много обича да се издокарва, да се гизди и да се конти.",,"[Тази вечер Алек Хартфийлд, както вече знаем, се бе накиприл като пълно конте , при това от миналия век, докато докторът си бе с нормалните плътни ботуши, които по старост се равняваха по мода на дрехите на първия.]",cds,,,noun.person,,,,,
BG447,конформист,noun,Synset('btbwn-018002326-n'),"['хамелеон', 'конформист', 'опортюнист', 'нагаждач', 'ветропоказател', 'конформистка', 'приспособенец', 'опортюнистка', 'приспособенка', 'съглашател', 'съглашателка', 'нагаждачка']","Човек, който проявява конформизъм, приспособява се, променя възгледите си според обстоятелствата, за да извлече облага.",,"[Леко комплексиран абсолютен конформист, това е Теди Москов.;Едно време мразех Левски Спартак и симпатизирах на ЦСКА, защото любителите Левски Спартак бяха конформисти и лоши хора.]",cds,,,noun.person,,,,,
BG411,копеле,noun,Synset('btbwn-018000452-n'),"['мерзавец', 'подлец', 'мръсник', 'копеле', 'мръсница', 'никаквец', 'мерзавка', 'никаквица', 'калтак']","Човек, който върши или говори неприлични, неморални, непочтени неща; морално паднал, безнравствен, долен човек.",,"[Типичен пример в това отношение е мнението на Луиз за мъжете: ""Те са такива мръсни копелета, всички до един."";Известността и тайните не вървят заедно. Тези копелета ще разкрият всичко в крайна сметка!]",cds,,,noun.person,,,,,
BG2441,копеле,noun,Synset('btbwn-018000352-n'),['копеле'],Грубо обръщение към мъж или момче.,,"[По IP-то някой може да познае къде си, ако си от някое село, например, и познава някое мръсно копеле, бачкащо за интернет доставчика ти и познаващо рейнджа на ползваните IP-та за това село.;И излиза, че тези алчни копелета секат Амазонската гора, за да ни задоволяват с ""колбаси"", ""млекца""... и всичко що е за ядене!?;Хитро копеле или не, все пак падна право в капана.]",pr,,,noun.person,,,,,
BG2261,копой,noun,Synset('btbwn-018000867-n'),"['доносница', 'доносник', 'агент', 'шпионин', 'информатор', 'копой', 'осведомител', 'информаторка', 'доносчик', 'доносчица', 'обаждач']","Лице, което прави доноси.",,"[В мрежата има поне 100 клипа от въпросния протест и много ясно се виждат изстъпленията на герберастките копои, облечени в униформи и власт.;Тоя козел, синче на червен копой, да си гледа работата и да не се изказва по теми, от които не разбира.]",qas,,,noun.person,,,,,
BG1410,коптор,noun,Synset('btbwn-006002917-n'),"['съборетина', 'бордей', 'изба', 'коптор']","Малка, схлупена нехигиенична къща.",,"[Това бил мръсен коптор в покрайнините на града, но имал едно голямо за Балзак предимство – намирала се в близост до няколко публични домове.;Последният път до Бургас пътувах в най-долнопробния и вонящ коптор, това никъде го няма, може би само в някоя изпаднала индийска провинция или в Афганистан.;Хубавото е, че ние няма да сме част от тоя коптор, колкото и да се иска на реваншистите в България!]",qas,,,noun.artifact,,,,,
BG2385,користен,adj,Synset('btbwn-000005604-a'),"['меркантилен', 'користен', 'пресметлив', 'користолюбив', 'сребролюбив', 'сметкаджийски']","Който се стреми към лична облага, изгода или изразява стремеж към лична облага, изгода.",,"[Новият проект за Хари и Меган е може би най-користния телевизионен сериал, който съм гледал напоследък. ;Пиша и от позицията на човек, който няма чувство за хумор, когато прости користни люде се опитват да вкарат и Бог в ""аргументите"", с които прокарват користните си каузи и далавери.;Последното е доста притеснително като мисъл, която вижда целия друг свят като враждебен и користен.]",qas,,,adj.all,,,,,
BG223,користолюбив,adj,Synset('btbwn-000005604-a'),"['меркантилен', 'користен', 'пресметлив', 'користолюбив', 'сребролюбив', 'сметкаджийски']","Който се стреми към лична облага, изгода или изразява стремеж към лична облага, изгода.",,"[Той бил жесток, користолюбив, властолюбив.;Неолибералният икономически догматизъм се оказа пределно користолюбив и лицемерен.]",svp,,,adj.all,,,,,
BG1305,користолюбие,noun,Synset('btbwn-007000766-n'),"['користолюбие', 'корист', 'користност', 'меркантилност', 'сметкаджийство', 'интересчийство', 'пресметливост', 'меркантилизъм']","Стремеж към лична изгода, материално облагодетелстване.",,"[Не искат да привлекат меркантилни жени – голяма част от мъжкото съсловие обвинява жените в користолюбие.;Рано или късно те трябва да разрешат университетите, научните дружества, да създадат изследователски центрове, обсерватории, лаборатории, да създадат кадри, хора, които мислят и знаят, хора, които се изплъзват от контрола им, хора със съвсем друга психика, със съвсем други потребности, а тези хора не могат да съществуват, още по-малко да функционират в предишната атмосфера на долно користолюбие, на дребни интереси, на тъпо самодоволство и чисто плътски потребности.]",svp,,,noun.attribute,,,,,
BG585,котерия,noun,Synset('btbwn-014000219-n'),"['клика', 'котерия']","Някакво общество или група (компания), която има користни цели и се стреми да ги постигне с всички средства.",,"[Котерия треторазрядни мошенници въплатили се в образа на ''политици''.;Сега Борисов като добрия баща ще сдобрява герберските котерии, които са се скарали за кокала, но са им виновни ""комунистите"".;Не се е нуждаел от одобрението на котерия от учени, за да знае, че е прав.]",cds,,,noun.group,,,,,
BG484,крава,noun,[no_synset],[no_synset_lemma],Прен. Разг. Пренебр. Едра и/или глупава жена.,,"[Наричаха Стефи дебела крава, не е за вярване как изглежда тя сега.;О, я млъквай, тъпа краво! Не се ли виждаш отстрани?]",an,,,,,,,,
BG1325,крадец,noun,Synset('btbwn-018001387-n'),"['джебчия', 'грабител', 'крадец', 'обирджия', 'тат', 'апаш', 'джебчийка', 'крадла', 'хайдук', 'обирник', 'грабителка', 'обирница', 'обирач', 'обирджийка', 'хайдукиня', 'крадльо', 'апашка', 'кокошкарка']","Човек, който краде, който върши кражба.",,"[Първо - не е никакъв автор, а долен крадец на интелектуална собственост.;Българите сте гадни крадци в душите си независимо от пол, образование и занятие.;Съжалявам и теб, крадецо, който се заблуждаваш, че това, което пишеш, е твое, че това, което чувстваш, е твое.]",re,,,noun.person,,,,,
BG1323,крадлив,adj,Synset('btbwn-002000394-r'),"['тайно', 'потайно', 'скришом', 'крадешком', 'скрито', 'крадливо', 'тайната', 'крадешката', 'подземно', 'скритом', 'кришом']","По начин да не се забележи, види.",,"[Той е човекът, който достигна до тъпото заключение, че съм някаква крадлива кучка.;И ако се окажат крадливи и безпардонни, е редно да вземаме решителни и категорични мерки – иначе ще бъдем крадени както досега, а може би и повече.;Но бяха щастливи с труда си; не жалеха сили и работеха жертвоготовно, защото добре съзнаваха, че всичко, което правят, е за самите тях и за себеподобните им, които ще ги наследят, а не за банда лениви и крадливи човеци.]",cds,,,adv.all,,,,,
BG1770,красноречие,noun,Synset('btbwn-010001028-n'),"['реторика', 'риторика', 'красноречие']","Красива и приповдигната, надута, но малко съдържателна реч.",,"[На фона на продължаващата война в Украйна шефът на Роскосмос и представители на западните космически агенции упражниха своето „красноречие“.;Техният ""талант"" е в красноречието.;К'во не ти харесва красноречието на фюрера!? Това си е неговото равнище, какво очакваш повече от престъпник и келеш от ленинградските дворове мечтал и станал кука в КГБ.]",qas,,,noun.communication,,,,,
BG619,кретен,noun,Synset('btbwn-018002282-n'),"['дурак', 'дурачка', 'папуняк', 'глупак', 'глупачка', 'тъпак', 'тъпанарка', 'тъпанар', 'тъпачка', 'кретен', 'идиот', 'идиотка', 'глупец', 'балама', 'балък', 'будала', 'бунак', 'галош', 'галфон', 'гламчо', 'баламурник', 'ахмак', 'гъска', 'дебил', 'дръвник', 'олигофрен', 'патка', 'пън', 'рапон', 'ръб', 'серсем', 'серсемин', 'тапир', 'теле', 'тиква', 'тиквеник', 'тъпунгер', 'хайван', 'хайванин', 'хапльо', 'чвор', 'чукундур', 'юрод', 'кютук', 'ампе', 'абдалин', 'абдал']",Човек с ограничени умствени способности.,,"[Разби държавата и съдби на милиони, кретен такъв.;Трябва да си пълен непокист и кретен да извършиш подобно нещо!]",cds,,,noun.person,,,,,
BG619,кретен,noun,Synset('btbwn-018002282-n'),"['дурак', 'дурачка', 'папуняк', 'глупак', 'глупачка', 'тъпак', 'тъпанарка', 'тъпанар', 'тъпачка', 'кретен', 'идиот', 'идиотка', 'глупец', 'балама', 'балък', 'будала', 'бунак', 'галош', 'галфон', 'гламчо', 'баламурник', 'ахмак', 'гъска', 'дебил', 'дръвник', 'олигофрен', 'патка', 'пън', 'рапон', 'ръб', 'серсем', 'серсемин', 'тапир', 'теле', 'тиква', 'тиквеник', 'тъпунгер', 'хайван', 'хайванин', 'хапльо', 'чвор', 'чукундур', 'юрод', 'кютук', 'ампе', 'абдалин', 'абдал']",Човек с ограничени умствени способности.,,"[— Ти ли си ми шефът бе, кретен такъв? — разкрещя се той. — Нали си ми секретарка? — Не ме пипай — опъна се Стоил, макар че не умееше да се бие.]",ddp,,,noun.person,,,,,
BG866,кретенизъм,noun,[no_synset],[no_synset_lemma],"Прен. Глупост, некадърност.",,"[Путинизмът в България е тежка форма на ценностен кретенизъм, възмущава се проф. Николай Слатински.;Не простотия, а кретенизъм.;Стюпи, заради кретенизма на Христо Иванов над 300 000 автентично десни останаха непредставени в това Народно събрание.]",ddp,,,,,,,,
BG866,кретенизъм,noun,[no_synset],[no_synset_lemma],"Прен. Глупост, некадърност.",,"[А като болшинството от хората са пълни идиоти, простаци и кретени (къде от немотията ни, къде от типичното българско безхаберие и кретенизъм, което май си ни е общонациолана черта, генно закодирана), какво възпитание и контрол очакваме от ""бъдещето на нашата мила родина""?;Защо му бе необходим на Запада целия този кретенизъм с налагането на ""третия пол"" и ""гей-сватбите""?;А управлението му се превърна в политически кретенизъм.]",cds,,,,,,,,
BG879,крокодил,noun,[no_synset],[no_synset_lemma],"Нарицателно за грозна жена. И особено за такава, която е с големи и издадени напред устни.",,"[Другото, което леко ме притеснява е цената - назад в темата видя какви грозни крокодили искат по 160 лв за час, а тук дори и циганка да е, ако изглежда така, ще иска поне 200 лв.;Във форумите клетото момиче бе наричано крокодил, Квазимодо, таласъм, грозотилище и с други обидни думи.]",an,,,,,,,,
BG1624,кръшкач,noun,[no_synset],[no_synset_lemma],"Разг. Човек, който обича да хитрува, да клинчи.",,"[Години наред Людмила редовно надигала чашката, безсилна да се бори срещу закоравелия кръшкач в леглото си.;Добре поне, че няколко месеца по-рано Уейн Рууни е разобличен като сериен кръшкач, та публиката все още не е изгубила интерес към този тип истории.;В университета завиждах мъничко на кръшкачите, които се мотаеха и забавляваха, докато другите се потяха в библиотеката.]",cds,,,,,,,,
BG2432,кукумявка,noun,Synset('btbwn-018002038-n'),"['грозник', 'грозница', 'плашило', 'кукумявка']","Грозен човек; човек, който има непривлекателен външен вид.",,"[Виж какво, кукумявке, не се прави на интересна, много добре зная как се изписва думата ""гевезе"" и нейните производни.;Нали ако взема с мене онази дърта кукумявка, никое момче няма да смее да ме заговори.]",an,,,noun.person,,,,,
BG701,кур,noun,[no_synset],[no_synset_lemma],"Простонар. Мъжки полов член. // Вулг. В обръщение — за изразяване на грубо, обидно отношение към някого.",,"[— Тъп кур — промърмори тя. — Наистина имам предвид това.;Нещо такова, че там, брат, животът беше истински, а тука са пълни лайна, там се борехме и оцелявахме, а тука ще разбереш нещо, ама кур.;Кур за вас, джендъри!]",asm,,,,,,,,
BG1338,курва,noun,Synset('btbwn-018000305-n'),"['кучка', 'курва', 'блудница', 'развратница', 'развратник', 'блудник', 'чапкънин', 'прелюбодеец', 'чапкън', 'курвар', 'стерва', 'шафрантия', 'курварин', 'прелюбодейка', 'гювендия']","Развратен човек, отдаден на разврат, на безразборни и многобройни полови контакти.",,"[Всички курви се събудиха да се сетят, че са били преди 15 години изнасилвани.;- Един чужед език да знаеш и всички курви са твои.;Той продължи да повтаря: "" Курво, марш в палатката си, ще те пребия!"".]",pr,,,noun.person,,,,,
BG948,куртизанка,noun,[no_synset],[no_synset_lemma],Жена с леко поведение.,,"[Стилът й на обличане беше лош, приличаше на куртизанка.;Но не заприличвайте на проститутка или куртизанка, мъжът може и да хукне след вас, но скоро ще загуби интерес...]",pr,,,,,,,,
BG2127,куц,adj,[no_synset],[no_synset_lemma],"Прен. Книж. Който е с недостатъци, несъвършен или непълноценен.",,"[Както знаем и виждаме, куцо и сакато става и евродепутат.;Тези латвийските са куци коне.;Аз да ти кажа - това със съвместната дейност е куца работа.]",ddf,,,,,,,,
BG258,куче,noun,[no_synset],[no_synset_lemma],"Прен. Зъл, заядлив човек.",,"[Тарилийомът е готов да чака до второ пришествие, но няма да се сдобри със Селямсъза, знам го аз какво е куче — каза Иван Чушков, приятел на Варлаама.;Ти си предател, куче мръсно.;Войници, хванете това долно куче!]",an,,,,,,,,
BG413,кучи син,noun,Synset('btbwn-018001247-n'),"['негодница', 'негодник', 'леке', 'келеш', 'калпазанин', 'хубостница', 'вагабонтин', 'негодяй', 'хаирсъзин', 'кучи син', 'вагабонтка', 'хубостник', 'пезевенк', 'келеме', 'какаванин', 'калпазанка', 'кучешки син', 'песи син', 'магарски син', 'магарешки син', 'вагабонт', 'багабонтин', 'багабонт', 'сукин син']","Човек, който върши подлости, постъпва нечестно, неморално, безнравствено.",,"[Питър Дуси, когото Джо Байдън нарече ""кучи син"", заяви, че президентът на САЩ му се е обадил след инцидента и че нямат лоши чувства един към друг.;Проклетият кучи син е мъртъв.;Не може да обича абсолютно смахнат кучи син.]",qas,,,noun.person,,,,,
BG626,кучка,noun,Synset('btbwn-018000305-n'),"['кучка', 'курва', 'блудница', 'развратница', 'развратник', 'блудник', 'чапкънин', 'прелюбодеец', 'чапкън', 'курвар', 'стерва', 'шафрантия', 'курварин', 'прелюбодейка', 'гювендия']","Развратен човек, отдаден на разврат, на безразборни и многобройни полови контакти.",,"[Майка ми беше голяма кучка и един ден той просто не издържа.;Мълчи кучко, нищо не разбираш от футбол, ама плямпаш смешнико.;Познавам я много добре. Освен да изнудва хората за пари, нищо друго не прави. Кога ще я махнат тази корумпирана кучка ?]",qas,,,noun.person,,,,,
BG1913,кърлеж,noun,[no_synset],[no_synset_lemma],"Прен. Безмилостен, жесток господар; мъчител, угнетител, експлоататор.",,"[Като кърлеж се е впил в Жени Калканджиева съпругът й Стефан Манов - Тачо.;Но идва един момент на освестване, когато казваш: ""Марш оттук, кърлеж такъв!"".]",an,,,,,,,,
BG410,лайно,noun,[no_synset],[no_synset_lemma],"Прен. Руг. За изразяване на пренебрежително, презрително и оскърбително отношение към някого, за когото обикн. се смята, че е недостоен за нещо.",,"[Ей, Цветанов, миризливо лайно, незабавно да се изпаряваш от България.;Четеш само комерсиални лайна, където се колят и не можеш да оцениш нещо написано умно и със смисъл.;С ""революционен плам"" той ругае дори най-близките си съратници, като най-мекото обръщение към тях е ""глупак"", но често ги нарича лайна и копелета.]",qas,,,,,,,,
BG221,лаком,adj,[no_synset],[no_synset_lemma],"Прен. Който ламти да има, да обсеби много; алчен, ненаситен.",,"[Кой лаком гъз продаде това тепе за застрояване, бял ден да не види!;Лакомите депутати, които се продадоха за един лъскав телефон, са групов символ на българите, които вярват, че корупцията е нещо лошо, само когато не участват в нея.;И как е напуснала страната тази тъпа, тъпа и лакома кучка при толкова дела и обвинения?]",svp,,,,,,,,
BG1403,лакомия,noun,Synset('btbwn-007000203-n'),"['лакомия', 'ненаситност']","Силно желание за притежаване на богатство, материални блага.",,"[Днес, като кажем Картаген, разбираме цялата печална хроника на властта, на бездарието, лакомията и корупцията в институциите, които вместо да обогатяват и усъвършенстват обществото, са се превърнали в убежище на хайдуци.]",svp,,,noun.attribute,,,,,
BG2,лая,verb,Synset('btbwn-032000148-v'),"['хуля', 'клеветя', 'плюя', 'ругая', 'нападам', 'нападна', 'злословя', 'псувам', 'лая', 'сквернословя', 'полайвам', 'полая', 'връхлетя', 'връхлитам', 'нахвърля се', 'нахвърлям се']","Изричам, служа си с груби, лоши и обидни думи към някого или нещо.",,"[Стига си лаел бе, папагал гиздав.;Европата само лае, а Ердо само съска.;Волен само лае като куче срещу месечина и търси под вола теле.]",an,,,verb.communication,,,,,
BG2128,лека жена,noun,[no_synset],[no_synset_lemma],"Жена, възприемана като морално разпусната, сексуално леснодостъпна или без задръжки в интимното си поведение.",,"[Мъж който има връзка с ""боклук"" и ""лека жена"" като въпросната чалгарка не е по-различен от нея.;Е, все едно я нарече ""лека жена"" или едва ли не някаква шаврантия.;Спомняте ли си онзи пасаж от ""Изповедите"", където Русо казва, че да се докоснеш до роклята на целомъдрена жена, изпитваш повече радост, отколкото ако обладаеш лека жена.;А тя му вика – ""Ми, аз съм лека жена!""]",pr,,,,,,,,
BG954,лековерен,adj,Synset('btbwn-000002198-s'),"['доверчив', 'лековерен', 'простодушен', 'наивен', 'прост', 'простосърдечен', 'лекоумен']","Който вярва във всичко, когото можеш лесно да излъжеш.",,"[Учителят ми тук се оказа лековерен глупак, който си е взел крадец за чирак.;Това е зарибявка на търговците за нискоинтелигентни и лековерни купувачи.;Това е и причината да преценявам ""лековерните"" екоактивисти като луди по подразбиране.]",dmc,,,adj.all,,,,,
BG286,лековерник,noun,Synset('btbwn-018001636-n'),"['ливада', 'наивница', 'наивник', 'балама', 'дивак', 'шаран', 'лапнишаран', 'будала', 'баламурник', 'дивачка', 'диване', 'лапнимуха', 'балък', 'хапльо', 'лековерник', 'баламурница', 'лековерница']","Човек, който лесно може да бъде излъган.",,"[То за какво манипулацията е манипулация, ако не завлечеш някой лековерник.;Иначе тук само ще повторя най-ярките закани на този към нас – да слушаме майката им партия, че иначе: - ""Политическите лековерници, нашите включително, никога няма да проумеят какво се случи на 9 май в Москва."";И такива малоумни лековерници като мен ще продължават самотно да си гласуват, с надеждата нещо да се оправи.]",dmc,,,noun.person,,,,,
BG1520,ленив,adj,Synset('btbwn-000000265-s'),"['ленив', 'мързелив']","Който не обича и не желае да работи, да върши някаква дейност.",,"[Да бъде консул заедно с дебелия и ленив глупак Луций Касий — ядоса се Цицерон.;И на мен ми изглежда скучна и изхабена, и ленива, но с Иван положението сигурно е друго.;Едуард се е превърнал в глупак, ленив глупак.]",dmc,,,adj.all,,,,,
BG9,леност,noun,Synset('btbwn-026000658-n'),"['мързел', 'леност', 'безделие', 'лентяйство', 'мързелуване', 'дембелък', 'безделничене', 'дембелуване', 'безделничество', 'хайлазлък', 'хайлазуване']","Състояние, в което не се върши нищо, начин на живот, присъщ на лентяй.",,"[Неговата леност край няма!;Тежко се работи с такава леност, обхванала всичките ми колеги.;Щом не е умерен, значи е управляван от чревоугодие, алчност, леност, завист.]",svp,,,noun.state,,,,,
BG9,леност,noun,Synset('btbwn-026000658-n'),"['мързел', 'леност', 'безделие', 'лентяйство', 'мързелуване', 'дембелък', 'безделничене', 'дембелуване', 'безделничество', 'хайлазлък', 'хайлазуване']","Състояние, в което не се върши нищо, начин на живот, присъщ на лентяй.",,"[Потънали в самодоволна леност, мислещи единствено за собствения си корем/ гъз.]",qas,,,noun.state,,,,,
BG6,лентяйство,noun,Synset('btbwn-026000658-n'),"['мързел', 'леност', 'безделие', 'лентяйство', 'мързелуване', 'дембелък', 'безделничене', 'дембелуване', 'безделничество', 'хайлазлък', 'хайлазуване']","Състояние, в което не се върши нищо, начин на живот, присъщ на лентяй.",,"[Българските младежи са първенци на Балканите по лентяйство.;Това е лентяйството, което си приписва качества, че работи и се оправдава.;Сега като им спират кранчето, лъсва голия задник на православната им вяра и християнски добродетели, с целия блясък на пословичния им мързел и лентяйство.]",svp,,,noun.state,,,,,
BG1967,лешояд,noun,[no_synset],[no_synset_lemma],Прен. За алчен за материални облаги и безскрупулен човек.,,"[Ако вместо да обслужваме слугински и да ги водим по ресторанти ЦРУ, ФБР, Ми-5 и МИ-6, ако имахме по-тесни контакти със службите на Русия и Турция (дори Китай и Индия), можехме да имаме много повече данни за евентуални терористични актове. Ние като лалугери си подаваме главата от дупката на северно-атлантизма, душим с носле и няма да забележим как отгоре може да ни връхлети един граблив лешояд...;Аз за лешояди няма да гласувам!;Хора, не им вярвайте на тези лешояди, откажете се от тези ваксини, дето искат да ни убиват.]",an,,,,,,,,
BG1125,либертинизъм,noun,[no_synset],[no_synset_lemma],"Философско течение ограничено в литературните и някои други интелектуални кръгове. Последователите му са хедонисти и материалисти. Те пренебрегват и отхвърлят религиозните, моралните и етични норми на по-голямата част от обществото.",,"[Толкова разпуснат живот води, такъв либертинизъм цари у него, че ме хваща страх за този мъж.]",qas,,,,,,,,
BG1952,лихвар,noun,Synset('btbwn-018001919-n'),"['лихвар', 'лихварин', 'лихварка']","Човек, който дава пари за ползване срещу лихва.",,"[Люлинският бандит Ивайло Георгиев – Иво Пифа, смятан за най-мастития лихвар в София, е бил арестуван днес рано сутринта при специализирана акция на МВР.;И случка стана една, аз за себе си я определих като твърде символична, тъй като най-много грошове даде най-греховният помежду ни - скъперник, мръсник, изедник, душевадчик гнусен и озлобен лихвар - Алипи.]",is,,,noun.person,,,,,
BG1006,лицемер,noun,Synset('btbwn-018000853-n'),"['лицемер', 'лицемерка', 'двуличник', 'двуличница', 'двуличничка', 'йезуит', 'езуит', 'йезуитка', 'езуитка', 'фарисей', 'фарисейка', 'тартюф']","Човек, който се преструва за угода пред някого, показва външна проява на доброта и любезност, зад които се крие злонамереност.",,"[А той, онзи гаден лицемер, искаше да използва нея за собствено удоволствие.;Сега този лицемер се опитва да обслужва съвсем друго, противоположно по същността си, държавно устройство.;Някои от вас могат дори да бъдат по-гнусни лицемери – плачещи за котенцето, но подминавайки гладните и дрипави деца на улицата.]",dmc,,,noun.person,,,,,
BG1007,лицемерен,adj,Synset('btbwn-000002111-s'),"['неискрен', 'престорен', 'йезуитски', 'лицемерен', 'фалшив', 'притворен', 'двуличен', 'фарисейски', 'двулик', 'тартюфски']","Който прикрива истинските си чувства и намерения, външно проявява любезност и добронамереност, а в действителност мисли, чувства и действа по друг начин или изразява, показва такова поведение.",,"[Те очевидно се надяват на нова победа в тяхната глобална пропагандна война, която представя западните страни като арогантни и лицемерни пред останалия свят, казва авторът от Bloomberg. ;Живеят мечтания от мнозина живот в едно лицемерно общество на възходи и падения, в което всички грехове са позволени, стига да останат скрити за външния свят.;Влечението към здравословно изглеждащи тела е вродено и нито една лицемерна кампания няма да промени това.]",dmc,,,adj.all,,,,,
BG1009,лицемерие,noun,Synset('btbwn-007000715-n'),"['демагогия', 'фалш', 'двуличие', 'лицемерие', 'двуличност', 'лицемерност', 'лицемерство', 'тартюфщина', 'византийщина', 'византийство', 'йезуитщина', 'фарисейщина', 'фарисейство', 'йезуитство', 'велзевулство', 'велзевулщина']","Поведение, при което злонамереност и неискреност се прикриват под маската на чистосърдечие и добронамереност.",,"[Бой се от лицемерието преди всичко в самия себе си, а след това и в другите.;Казано накратко – заради лицемерието на световните марки за облекла...;Пълна тъпота, алчност, подлост и лицемерие, граждани!]",dmc,,,noun.attribute,,,,,
BG578,лош,adj,Synset('btbwn-000000211-s'),"['лош', 'зъл', 'злобен', 'злорад', 'проклет', 'злоблив', 'злобив', 'отровен']","Който изпитва злоба, който е склонен умишлено да вреди, да върши, да причинява зло.",,"[Личен избор не съществува. На тях им се пада най-тъпият мъж / жена, най-гадната свекърва, най-лошият шеф, най-малката заплата.;Тогава ще разбере колко са лоши докторите в България.;Вечно лошите лекари и конспиративната фармация нищо не разбират.]",qas,,,adj.all,,,,,
BG1091,луд,adj,Synset('btbwn-000002305-a'),"['буен', 'необуздан', 'неудържим', 'неукротим', 'бесен', 'див', 'луд']","Който стихийно проявява силен изблик на енергия и не овладява силните си чувства, емоции, не контролира действията си.",,"[Робърт, я обявява за ""луда"" и поема целия контрол над семейното наследство.;Тоя, лудият съсед, пак крещи на улицата.;На бледата светлина на слънцата той приличаше на някой древен луд учен, плешив и обезобразен, преследващ познание на всяка цена за себе си и за света.]",ddp,,,adj.all,,,,,
BG838,лукавост,noun,Synset('btbwn-007000247-n'),"['подлост', 'коварство', 'лукавство', 'притворство', 'вероломство', 'византийщина', 'лукавост', 'лукавщина', 'велзевулство', 'велзевулщина', 'перфидност', 'макиавелизъм']","Качество да имаш зло намерение, умисъл, да целиш да измамиш или да навредиш на някого.",,"[И когато правят нещо, човеците го правят с вълчи апетит, със змийска лукавост, с крокодилска кръвожадност, с маймунско безобразие и прочие животински помощници.;Ще надникете в най-интимните, скрити кътчета на душата на нейната героиня, ще преминете през лабиринта от бушуващи страсти и съмнения, женска лукавост и яростна стръв за отмъщение, за да достигнете до простата формула на щастието, което тази жена не без известна доза самоирония ще нарече „МЕЧТАТА НА ИДИОТКАТА”.]",dmc,,,noun.attribute,,,,,
BG1521,лъжа,noun,Synset('btbwn-009000261-n'),"['измама', 'лъжа', 'номер', 'илюзия', 'шмекерия', 'шашма', 'хватка', 'игра', 'фалш']","Обмислени, преднамерени действия за постигане на някаква, обикновено скрита и непочтена цел.",,"[Вече 34 години сме свидетели на постоянни политически лъжи, които правят така, че хората да живеят все по-зле и по-зле.;Искам да ви кажа, че долната публикация е просто една долна лъжа.;Той целият е една лъжа, фалш и лицемерие.]",dmc,,,noun.cognition,,,,,
BG1521,лъжа,noun,Synset('btbwn-009000261-n'),"['измама', 'лъжа', 'номер', 'илюзия', 'шмекерия', 'шашма', 'хватка', 'игра', 'фалш']","Обмислени, преднамерени действия за постигане на някаква, обикновено скрита и непочтена цел.",,"[Този първо лъже себе си, после си мисли, че ще излъже останалите.;Добре е човек да бъде невежа в лъжата , в кражбата, в обидите, в престъпленията и т.н.;Бузлуджа е религия на лъжата и злото, от Бузлуджа ечаха години наред партийните повели, след деветосептемврийския преврат там се организираха ритуалните мероприятия на идеологическата пропаганда, онези пленуми и конгреси, политически фестивали и церемониални шествия, които с бодра стъпка и песен на уста ни водеха към абсолютното нищо.]",svp,,,noun.cognition,,,,,
BG1518,лъжец,noun,Synset('btbwn-018000922-n'),"['лъжец', 'лъжкиня', 'лъжльо', 'лъжла', 'менте']","Човек, който лъже, който не говори истината.",,"[Г-н Рашков, Вие сте откровен лъжец и срещу Вас има дела, и то спечелени.;И двамата са крадци, лъжци, лакеи на чуждо разузнаване.;Нарекоха го ""нагъл лъжец"" и ""безгръбначно мекотело"" (думите са на бивш вътрешен министър, прославил държавата с тежкия си махмурлук).]",dmc,,,noun.person,,,,,
BG2182,лъжлив,adj,Synset('btbwn-000001146-s'),"['неверен', 'измамен', 'лъжлив', 'измамлив']","Който заблуждава, въвежда в измама.",,"[Лейди Гага е стисната, лъжлива кучка, която не си спазва обещанията.;Той пише срещу омразните и лъжливи политици, срещу безмилостните монополи, срещу всички, които по един или друг начин правят живота на обикновените хора тежък.;А между коментаторите тук има доста злобни, некомпетентни и лъжливи фантазьори.]",dmc,,,adj.all,,,,,
BG335,лъжльо,noun,Synset('btbwn-018000922-n'),"['лъжец', 'лъжкиня', 'лъжльо', 'лъжла', 'менте']","Човек, който лъже, който не говори истината.",,"[Но целият този греховен спектакъл бледнее пред предстоящото влизане в Парламента на един лъжльо, за когото има потвърдена от Конституционния съд документна измама.;Страшен лъжльо си ти!;""Нашите приятели партньори от Брюксел не обичат лъжльовците"", повтори Бойко Борисов по повод временния отказ на страната ни да кандидатства за влизане в еврозоната.]",dmc,,,noun.person,,,,,
BG946,любовница,noun,Synset('btbwn-018001008-n'),"['любовница', 'любимка']","Жена по отношение на мъж, с когото се намира в извънбрачна любовна връзка.",,"[На равнището на образите в романа Ирина постепенно, след своята трагична история, заприличва на продажната и лекомислена любовница на татко Пиер – Зара, дори на професионалната проститутка Кристало, и това е текстуално изречено от автора.;Убедителна е и Анастасия Лютова в кожата на бозогледната любовница, която само и само да не остане на сухо, се реди на две ""опашки"" едновременно.;Ти не си му любима, ти си му любовница!]",pr,,,noun.person,,,,,
BG167,магаре,noun,Synset('btbwn-018003391-n'),['магаре'],"Упорит, лош или изобщо омразен човек.",,"[– Искрено казано – не – отговорих аз и Васев направи един жест, който навярно означаваше ""нали ти казвах, упорит е като магаре "".;Вярвайте си, че сте видели истинския Джон Малкович. Но никой не може да знае по-добре от мен самия какво съм магаре!]",an,,,noun.person,,,,,
BG391,магнат,noun,Synset('btbwn-018003316-n'),['магнат'],"Крупен капиталист, едър собственик.",,"[След закуска ние с Анди, останали с капитал от осем цента, се заехме да съставим хороскоп на този селски магнат.;Защото ми омръзна някакви магнати да рушат естествените местообитания на най-милите създания, птиците!]",qas,,,noun.person,,,,,
BG2163,мазник,noun,Synset('btbwn-018002534-n'),"['ласкател', 'подмазвач', 'подлизурко', 'слагач', 'слагачка', 'ласкателка', 'угодник', 'лакей', 'блюдолизец', 'мазник', 'дупедавец', 'ибрикчия', 'подлизник', 'подлизурка', 'подмазвачка', 'угодница', 'мекере', 'влечуго', 'лъстец', 'мазница']","Човек, който угажда, подчинява се на волята на някого, ласкае някого с користна цел.",,"[Това, че някакъв мазник, за жалост българин, са го накичили за политическо подлизурстване не е повод за гордост, а срамно.;Този тип създава впечатление на тузар, на един шибан, справедлив човек, но в сърцето си той е един отмъстителен мазник.;Името ми е сменяно няколко пъти, но не вярвам и дума в това, което казва този мазник Доган!]",cds,,,noun.person,,,,,
BG808,малодушие,noun,Synset('btbwn-007000229-n'),"['малодушие', 'страхливост', 'нерешителност', 'несмелост', 'плахост', 'слабоволие', 'слабодушие', 'безволие', 'неувереност', 'колебание', 'несигурност', 'колебливост']","Отсъствие на воля, смелост, характер.",,"[Защото малодушието, глупостта, завистта и даването на път на некадърните, на завистливите, на невеликодушните във властта е път към никъде.;Мързел и малодушие са причините, поради които една толкова голяма част от хората, след като природата отдавна ги е освободила от чуждата опека (naturaliter maiorennes), остават все пак охотно през целия си живот непълнолетни; ето защо е толкова лесно за другите да се самообявят за техни опекуни.;Захари Стоянов е определил това като ""скръбно и свойствено на българина малодушие"".]",qas,,,noun.attribute,,,,,
BG623,малоумник,noun,[no_synset],[no_synset_lemma],Разг. Малоумен човек или дете; олигофрен.,,"[Тоя малоумник Кремен Георгиев беше за малко шеф на Топлофикация София и нищо не направи там.;Ама че сте малоумници повечето.;Не ви ли е срам, бе, малоумници!?]",ddp,,,,,,,,
BG2375,мангал,noun,Synset('btbwn-018001836-n'),"['циганин', 'циганче', 'циганка', 'мангал', 'ром', 'манго', 'ромка', 'ромче', 'манговица', 'манговиче', 'мангалка']","Лице от скитнически народност от индийско потекло, който живее в различни страни на света.",,"[Разпитваха ме за купуване на гласове по сигнал на един гаден мангал.;И, ако обичаш, не ни приравнявай с тези мангали.;Впрочем, не съм следил делото в подробности, но мисля, че именно защитата на мангала е протестирала делото на по-висша инстанция.]",ps,,,noun.person,,,,,
BG1659,маниак,noun,Synset('btbwn-018000958-n'),"['маниак', 'маниачка']","Човек, който проявява силна страст, пристрастие към нещо, достигащи до крайност.",,"[Аз съм момиче на 17, скоро преживях много гадна случка с бившия ми приятел, който се оказа гаден маниак.;Или е геноциден, унищожителен маниак, напълно подкрепен от също толкова дивашкия си Бог – Яхве - Yahweh?;Вие сте прикрити негри, маниаци, жестоки, алчни.;Само маниак може да подслушва хората за удоволствие.]",re,,,noun.person,,,,,
BG268,мародер,noun,Synset('btbwn-018001227-n'),"['мародер', 'пират', 'грабител', 'хайдутин', 'обирджия', 'разбойник', 'хайдут', 'хайдук', 'пиратка', 'обирник', 'разбойничка', 'грабителка', 'обирница', 'обирач', 'обирачка', 'плячкаджия', 'ограбвач', 'обирджийка', 'плячкаджийка', 'хайдукиня', 'хайдутка', 'мародерка']","Човек, който присвоява, ограбва чужд имот или труд, който се обогатява за сметка на другите, без да подбира средства.",,"[Но се възползва като мародер от убийството на Алексей, за да си плете селските схеми.;По друг повод той казва: Мнозина политици се държат като мародери със собствената си чест.;Изборите за европарламент са добър повод за това – тъй като могат да се превърнат във вот на недоверие за политическите мародери , в чиито ръце е България.]",re,,,noun.person,,,,,
BG1212,масон,noun,Synset('btbwn-018000760-n'),"['масон', 'франкмасон']","Последовател на масонството, член на масонска ложа.",,"[На Пловдивския панаир – мафиоти, мутри и масони.;Разколници, масони , женени след приемане на монашество, крадци и мошеници!;Татко има един приятел, страшен масон, много е съмнителен и мама се страхува от него.]",qas,,,noun.person,,,,,
BG1213,масонски,adj,Synset('btbwn-001000255-a'),"['масонски', 'франкмасонски']",Който се отнася до масон или масонство.,,"[Неговите сделки изглеждат досущ масонски, без да е такъв.;Резултатите от конкурса бяха подправени. Личаха си масонските връзкари.]",qas,,,adj.pert,,,,,
BG1210,масонство,noun,Synset('btbwn-014000909-n'),['масонство'],"Посветителско общество, което има неуточнен произход като различни клонове на това общество днес съществуват под различни форми в цял свят, с членска маса приблизително 5 милиона души.",,"[Такава е цялата му работа - едно масонство, постоянни опити за връзки по върховете, без да е заслужил.]",qas,,,noun.group,,,,,
BG1678,мафиот,noun,Synset('btbwn-018000768-n'),"['мафиот', 'мутра', 'разбойница', 'гангстер', 'бандит', 'разбойник', 'разбойничка', 'гангстерка', 'бандитка', 'шайкаджия', 'бандюга', 'шайкаджийка']","Участник в банда, която извършва дръзки грабежи, убийства, изнудвания, упражнява политически терор и други.",,"[Рано или късно, човечеството, което избра съвременните политически мафиоти управляващи САЩ, ЕС, Русия, Япония ще плати сметката без съмнение.;Този гаден мафиот Донев пак се уреди.;По-важното е, че припознават в нашите комуняги и мафиоти собственото си ""аз"" и си ги приемат такива каквито са.]",re,,,noun.person,,,,,
BG1429,маце,noun,Synset('btbwn-018000602-n'),"['мацка', 'маце', 'маценце']","Младо ефектно момиче или млада жена, обикновено с по-свободно държание.",,"[С мен е страшно руско маце, а този си мисли, че гледам невзрачната му приятелка.;И в същото време – тъпо маце.;Зам. министър Бранимир Ботев се вихри с младо маце на „Елените”.;Така си е – искам да се почувствам нещо повече от мацето, с което се чукаш в събота и неделя.]",cds,,,noun.person,,,,,
BG1631,мекотело,noun,Synset('btbwn-018002531-n'),"['загубеняк', 'загубенячка', 'мижитурка', 'мухльо', 'мекотело', 'шушумига', 'поплювко', 'амеба', 'баба', 'мухла']","Глупав, безхарактерен човек, който е без достойнство и самочувствие, не смее открито да изкаже мнението си.",,"[Хубаво е да имаш мъж срещу себе си, а не лигаво мекотело.;Това мъж ли е или мекотело, а за кифлата не съм сигурен, че щеше да му обърне внимание, ако не работеше в телевизията!;Голяма грешка на ГЕРБ, че подкрепиха това мекотело.]",an,,,noun.person,,,,,
BG1316,мерзавец,noun,Synset('btbwn-018000452-n'),"['мерзавец', 'подлец', 'мръсник', 'копеле', 'мръсница', 'никаквец', 'мерзавка', 'никаквица', 'калтак']","Човек, който върши или говори неприлични, неморални, непочтени неща; морално паднал, безнравствен, долен човек.",,"[Като истински мерзавец, за да не вземете позиция за една напълно необоснована и непредизвикана военна агресия, се обявихте за мир, нарекохте се «миротворец».;Този мерзавец, заедно с цялата му бандитска шайка, не само че трябва да бъде пометен спешно от властта, а трябва незабавно да бъдат разследвани за всеки договор, всеки меморандум и всяка държавна поръчка.]",cds,,,noun.person,,,,,
BG2389,мерзък,adj,Synset('btbwn-000000814-a'),"['подъл', 'долен', 'низък', 'гнусен', 'гаден', 'мерзък', 'мизерен', 'мръсен', 'мръснишки']","Който е безнравствен, безчестен и предизвиква отвращение, презрение.",,"[От какво те е толкова страх, мерзък лицемер?!;Някои мерзки хора със задоволство казват ""светът вече няма да е същият"".;Последен мерзък ход на вътрешния министър на МВР в оставка Цветлин Йовчев – днес е била прочетена пред състава на ОД на МВР – Варна заповед за постоянното назначаване на Николай Калчев – Пуйчето за директор на варненската дирекция на МВР.]",cds,,,adj.all,,,,,
BG1794,метис,noun,[no_synset],[no_synset_lemma],"Дете от мъжки пол, родено от брак между родители от различни раси; мелез.",,"[Не трябва да се чудим защо сега й се лепят само черни и други метиси, това е естествено привличане. ;Наричат ме метис и други такива.]",cds,,,,,,,,
BG1151,метреса,noun,Synset('btbwn-018000548-n'),"['куртизанка', 'наложница', 'метреса', 'държанка']",Любовница на властващ.,,"[Коя и каква е Елеонора Митрофанова – путинова метреса, руски трол или висш дипломат.;Нали съм в чужбина и нямам думата и хоп Божидар Димитров – вечната комунистическа метреса.;Няма да пълна гушата на мутри и метреси.]",pr,,,noun.person,,,,,
BG615,мижитурка,noun,Synset('btbwn-018002531-n'),"['загубеняк', 'загубенячка', 'мижитурка', 'мухльо', 'мекотело', 'шушумига', 'поплювко', 'амеба', 'баба', 'мухла']","Глупав, безхарактерен човек, който е без достойнство и самочувствие, не смее открито да изкаже мнението си.",,"[Ако Кирил Петков не посочи 20-те сиви кардинали, е страхлива мижитурка. ;Крилатата фраза е на Сергей Бодров, а не на некаква политическа мижитурка.;Мижитурка, която не смее да излезе с името си, а пише с псевдоним.]",cds,,,noun.person,,,,,
BG2271,мизерен,adj,Synset('btbwn-000000814-a'),"['подъл', 'долен', 'низък', 'гнусен', 'гаден', 'мерзък', 'мизерен', 'мръсен', 'мръснишки']","Който е безнравствен, безчестен и предизвиква отвращение, презрение.",,"[Някаква си жена е посветила любовта си на този мизерен глупак: тя е мъртва вече, в момента сигурно е светица в Рая.;Седя си тук, болна и мизерна, и настина нищо не ми се прави.;Аз само ще ти кажа, че според мен живеете в мизерен апартамент по моите критерии.;Мизерната му роля в екипа не заслужава внимание.;Колко мизерен човек трябва да си, за да се подиграваш на болно дете?]",cds,,,adj.all,,,,,
BG1471,мизерия,noun,Synset('btbwn-004000681-n'),"['низост', 'безчестие', 'подлост', 'непочтеност', 'мерзост', 'мръсотия', 'гадост', 'мерзавщина', 'мизерия', 'кал']","Нечестна, недостойна, подла проява, постъпка.",,"[Корупцията е на такова ниво, че никой не вижда смисъл да вади докуементи като пълен тапак по цял ден, за да участва в тази мизерия. ;На него се дължи според мен и мизерията , в която тънем.;И си личи тази ми ти мизерия, както и последствията от нея, които ние търпим.]",is,,,noun.act,,,,,
BG910,минджа,noun,[no_synset],[no_synset_lemma],"Неподдържан женски полов орган, с обилно окосмяване и неприятен аромат.",,"[По данни на руснаците, свидетели на патакламите, по наш превод Лили изрекла: ""Не те ли е срам да се пудриш като циганска минджа в мензис?"";Аааа, кюстендилската миризлива минджа на братя Галеви е открила нова област, в която е специалист - туризма и крайбрежното застрояване!;Минджата ти недорасла...]",asf,,,,,,,,
BG241,министър,noun,Synset('btbwn-018001004-n'),"['министър', 'министърка']","Член на правителство, който управлява министерство.",,"[Голям министър, няма що. Истински ""интелектуалец"", ""творец"", ""стратег"", ""крупен мислител"", ""титан на филибелийската мисъл"". Ще извърши истински реформи - ще нареди да се боядисат училищата и да се смени дограмата.;Гледай го тоя - станал ми министър на всичко, разбира от всичко!;Айде бе, министърът на домашните работи пак реши кой какво да прави.]",pa,,,noun.person,,,,,
BG938,мистификация,noun,Synset('btbwn-004000706-n'),"['машинация', 'измама', 'далавера', 'мистификация', 'шмекерия', 'шашма']",Преднамерено представяне на неистина с користна цел.,,"[Доколкото ги има, референдумите са мистификация.;Пропагандната мистификация успява.;Департаментът искаше проекта ""Гъска"" да бъде държан в тайна, защото в началото просто се опасявахме, че това все пак ще се окаже грандиозна мистификация, а ние не можем да си позволим такава некадърна реклама.]",dmc,,,noun.act,,,,,
BG91,миш-маш,noun,Synset('btbwn-026000431-n'),"['безредие', 'безпорядък', 'бъркотия', 'безредица', 'неразбория', 'неподреденост', 'хаос', 'какофония', 'галиматия', 'галимация', 'батак', 'каша', 'миш-маш', 'безреда']","Отсъствие, липса на ред някъде или в нещо.",,"[Чакайте малко, че стана миш-маш. Явно трябва да обясня някои неща. Ляво и дясно освен в икономиката, има и в социалните разбирания.;Ама сценарият е ... миш-маш - български носии, мажоретки, ромки, побратимени градове /руски/, балкански напеви с гарнитура палестиноизраелски солидарности - нещокатонищо и розите пооочти ги няма!;Има политически миш-маш преди местните избори.;Колега, проектът Ви е пълен миш-маш - няма структура, няма ясна идея.]",cds,,,noun.state,,,,,
BG1752,младок,noun,Synset('btbwn-018001183-n'),['младок'],"Млад, често неопитен човек.",,"[Въпреки несполуките си с предишните млади гаджета Мария Илиева отново заживя с младок.;А и лято е, все пак, почивки и ваканции са сега, какво ще се притесняваме с тъпи младоци, на които не им издържали нервите и претрепали един тригодишен лигльо, дето майка му свири по корабите, вместо да си седи в България и да го води по градинките!;Въпреки напредналата си възраст и ексцентрично поведение, тя успя да забърше поредния младок.]",cds,,,noun.person,,,,,
BG1637,монголски,adj,[no_synset],[no_synset_lemma],Монголоиден.,,"[Тя представляваше момичешка глава с монголски черти.;Гледката и звукът на 600 коне, препуснали стремглаво в галоп по 16-километрова отсечка е смайващо преживяване и само честването, което следва – с неговата сърдечна монголска радушност, ядене и пиене – могат да се сравнят с него.;Типично монголска тактика с опит за сплашване, те, ватенките, друго не могат, освен да прелитат и да пускат фантастични филмчета от мосфилм.]",ps,,,,,,,,
BG1113,моралист,noun,[no_synset],[no_synset_lemma],"Разг. Неодобр. Лице, което проповядва строг морал, поучава в морално отношение; морализатор.",,"[На думи е бил голям моралист, пацифист, много набожен. Но действителността е била съвсем друга. ;Хайде, стига, големи моралисти се представяме всички, но нека всеки погледне към себе си и си каже - аз съм безгрешен!;А Кеворкян е злодей само в очите на недоклатени моралисти.]",dmc,,,,,,,,
BG1505,морално пропаднал,noun,Synset('btbwn-000001373-a'),"['загубен', 'изгубен', 'изпуснат', 'изтърван', 'пропаднал']","Който е духовно или физически обречен или унищожен, който се е лишил от положителните си качества и черти.",,"[Ти си морално пропаднала жена, а като учителка кръгла нула.;И всичко това, цялата тази енергия - с многобройните му телевизионни репортажи и телевизионно време - беше употребена само и само за да защитят един морално пропаднал директор в Приморско, когото и самите приморци не го искат...;Иначе щях да съм морално пропаднал като него.]",dmc,,,adj.all,,,,,
BG356,мошеник,noun,Synset('btbwn-018001798-n'),"['измамник', 'измамница', 'лъжец', 'шарлатанин', 'шарлатанка', 'мошеник', 'мошеница', 'мошеничка', 'ментърджия', 'ментърджийка', 'далавераджия', 'далавераджийка']","Човек, който подвежда някого или го кара да вярва в неверни неща.",,"[Когато към края на 90-те Кристи Кинахан и неговата група за разпространение на наркотици започват да пробиват в подземния свят на Дъблин, той вече е добре известен на полицията като мошеник и крадец.;Обвиняемият нарече съдията Артър Енгорън мошеник, а главната прокурорка на щата, която е афроамериканка - ""расистка"" и ""шоу на ужаса"".;Тези интернет мошеници крадат лични данни и банкови сметки.;Само мошеник може да обещае толкова и да не изпълни нищо.]",re,,,noun.person,,,,,
BG356,мошеник,noun,Synset('btbwn-018001798-n'),"['измамник', 'измамница', 'лъжец', 'шарлатанин', 'шарлатанка', 'мошеник', 'мошеница', 'мошеничка', 'ментърджия', 'ментърджийка', 'далавераджия', 'далавераджийка']","Човек, който подвежда някого или го кара да вярва в неверни неща.",,"[Георги Софкин се оказа изпечен мошеник и далавераджия.;Споделих тайната си, а той заяви: - Вие сте мошеник!]",qas,,,noun.person,,,,,
BG2171,мръсен,adj,Synset('btbwn-000000814-a'),"['подъл', 'долен', 'низък', 'гнусен', 'гаден', 'мерзък', 'мизерен', 'мръсен', 'мръснишки']","Който е безнравствен, безчестен и предизвиква отвращение, презрение.",,"[Много мръсна жена! Отвратително лице, хитро, курвенско!;Гнидо мръсна, краят ти се вижда!;Ама че мръсна повлекана – заявява преднамерено тя.]",cds,,,adj.all,,,,,
BG515,мръсник,noun,Synset('btbwn-018000452-n'),"['мерзавец', 'подлец', 'мръсник', 'копеле', 'мръсница', 'никаквец', 'мерзавка', 'никаквица', 'калтак']","Човек, който върши или говори неприлични, неморални, непочтени неща; морално паднал, безнравствен, долен човек.",,"[В действителност този мръсник Мур наливаше масло в огъня на нейната омраза заради собствените си извратени цели.;А за онзи мръсник, който се е завърнал в чифлика, след като е прахосал частта от наследството си с уличници, не се поколебават да заколят угоено теле.;Какъв жалък мизерен мръсник и интригант си. По-долен си и от най долната пачавра.;– Всичко произлиза от тия мръсници, баронът и госпожица Дитрих... Шефът трябваше да им подхвърли нещо.]",cds,,,noun.person,,,,,
BG995,мръсотия,noun,Synset('btbwn-004000681-n'),"['низост', 'безчестие', 'подлост', 'непочтеност', 'мерзост', 'мръсотия', 'гадост', 'мерзавщина', 'мизерия', 'кал']","Нечестна, недостойна, подла проява, постъпка.",,"[Не гласуват, за да не си цапат ръцете с политическата мръсотия.;Едната говори мръсотии, други спят, в стаята мирише на алкохол, това училище ли е, или какво?;Това, което направи зад гърба ми, беше пълна мръсотия.;Поръчкова статия с лъжи - типична медийна мръсотия.]",cds,,,noun.act,,,,,
BG1655,муле,noun,[no_synset],[no_synset_lemma],"Прен. Подигр. Глуповат, глупав човек. (от лат.)",,"[Абе, муле такова, научи се да пишеш малко по-грамотно.;Ти например, вероятно също си муле, без да уточнявам кой от роднините ти е маймуна.;Не виждаш ли, бре, муле такова, че има разлика между надсетивния и несетивния живот?]",an,,,,,,,,
BG1983,муфтаджия,noun,Synset('btbwn-018002296-n'),"['гратисчия', 'авантаджия', 'авантаджийка', 'муфтаджия', 'муфтаджийка', 'келепирджия', 'келепирджийка', 'гратисчийка']","Лице, което търси аванта, което се стреми към аванта, което има склонност за получава неща гратис.",,"[Този Фънки пък за какъв се има, този муфтаджия все се прави, че разбира от всичко, а по-точно от нищо, един тлъст глиган, който се мазни на всеки и се навира там, където не му е работата, защо изобщо го излъчват по телевизията?;Така че в Европа хората ще са убедени, че ""българите са крадливи, далавераджии, полуграмотни самохвалци"", че ""българите са неспособни на продуктивни усилия и решения"", че ""българите са мързеливи муфтаджии""...]",qas,,,noun.person,,,,,
BG1983,муфтаджия,noun,Synset('btbwn-018002296-n'),"['гратисчия', 'авантаджия', 'авантаджийка', 'муфтаджия', 'муфтаджийка', 'келепирджия', 'келепирджийка', 'гратисчийка']","Лице, което търси аванта, което се стреми към аванта, което има склонност за получава неща гратис.",,"[В този момент Ути Бъчваров избухна и го обвини, че винаги е бил муфтаджия.]",re,,,noun.person,,,,,
BG154,мухльо,noun,Synset('btbwn-018002531-n'),"['загубеняк', 'загубенячка', 'мижитурка', 'мухльо', 'мекотело', 'шушумига', 'поплювко', 'амеба', 'баба', 'мухла']","Глупав, безхарактерен човек, който е без достойнство и самочувствие, не смее открито да изкаже мнението си.",,"[Трябва да ти кажа, че аз, с работата ми, с дъщеря ми, с всичките ми проблеми се чувствам много по-пълноценна като жена, отколкото да мъкна на гърба си някой мухльо.;Президентът пък е абсолютен мухльо, който е насран от шубе и не смее да каже две думи в защита на усилията на хора като Христо Иванов, Лозан Панов и още неколцина съвестни хора, които полагат неимоверни усилия за да разтурят кочината в съдебната система.;Докато пълният мухльо се спотайва, когато настъпи моментът да се плати сметката, истинският мъжкар дори не го и коментира, постъпва джентълменски и щом срещу него е застанала дама, той е длъжен да я накара да се чувства на ниво.]",cds,,,noun.person,,,,,
BG1656,муцуна,noun,[no_synset],[no_synset_lemma],"Неодобр. Лице, физиономия; мутра.",,"[След ""тежкия"" работен ден в събота и отморителната среща с едни стари муцуни, дойде така чаканата неделя.;Защо давате трибуна на тази продажна крива муцуна!?;– Затваряйте си муцуните, подивели негри! – кресна им Стъмп. – Затваряйте си муцуните, говеда!]",an,,,,,,,,
BG210,мъдо,noun,[no_synset],[no_synset_lemma],"Тестис. В мн.ч. обикновено е „мъде”, но се използва и „мъда” или „мъди”.",,"[Провали се и като ляво мъдо на Костов, където Командирът съвсем мъдро оцени подлата му душица и въпреки напъните на Дачков да стане депутат от ДСБ Костов го отряза.;Затова пък Коларов блесна като свинско мъдо в кал и даже прави изводи и за България.]",asm,,,,,,,,
BG8,мързел,noun,Synset('btbwn-018000914-n'),"['мързел', 'мързеливец', 'мързеливка', 'мързелан', 'мързеланко', 'мързелана', 'мързеланка', 'безделник', 'ленивец', 'ленивка', 'лентяй', 'лентяйка', 'лежач', 'хайлазин', 'канапчия', 'дембел', 'хайлаз', 'хългъзник', 'дембелин', 'лентьо', 'мръзльо', 'мръзла']","Мързелив, ленив човек.",,"[Нютон му се носела славата на голям мързел в училище.;Не иска академична кариера - той е голям мързел и иска да работи, само когато му се работи.;Ама си мързел, некадърник и мрънкач и ти трябва да плащаш на болницата да те държи, а не тя на теб.;А ти сигурно си мързел безподобен, схемаджия и тарикат.]",dmc,,,noun.person,,,,,
BG82,мързелан,noun,Synset('btbwn-018000914-n'),"['мързел', 'мързеливец', 'мързеливка', 'мързелан', 'мързеланко', 'мързелана', 'мързеланка', 'безделник', 'ленивец', 'ленивка', 'лентяй', 'лентяйка', 'лежач', 'хайлазин', 'канапчия', 'дембел', 'хайлаз', 'хългъзник', 'дембелин', 'лентьо', 'мръзльо', 'мръзла']","Мързелив, ленив човек.",,"[И ето че нашият храненик, когото бяхме обявили за мързелан, взе да хвръква от бора и да броди покрай нас из лехите.;Все се оправдаваш, но си мързелан и това си е.;Остави го, той е мързелан и нищо не му се прави.]",cds,,,noun.person,,,,,
BG1519,мързелив,adj,Synset('btbwn-000000265-s'),"['ленив', 'мързелив']","Който не обича и не желае да работи, да върши някаква дейност.",,"[Но ако е мързелив лигльо, който очаква всичко родителите му да го оправят, тогава, казано с най-мили думи, той е паразит, ама тези хора за жалост не осъзнават, че родителите един ден няма да ги има.;Неуютно заведение на самообслужване, с нелюбезно и мързеливо момиче на бара.;Налагат се глоби, но събираемостта е много ниска, защото от т. нар. социално слаби, а всъщност социално мързеливи индивиди няма как да се вземат пари.]",dmc,,,adj.all,,,,,
BG1622,мързеливец,noun,Synset('btbwn-018000914-n'),"['мързел', 'мързеливец', 'мързеливка', 'мързелан', 'мързеланко', 'мързелана', 'мързеланка', 'безделник', 'ленивец', 'ленивка', 'лентяй', 'лентяйка', 'лежач', 'хайлазин', 'канапчия', 'дембел', 'хайлаз', 'хългъзник', 'дембелин', 'лентьо', 'мръзльо', 'мръзла']","Мързелив, ленив човек.",,"[През 2019 г. тя шумно се раздели с първия си съпруг Станимир като определението ""мързеливец"" бе сред най-меките към него.;Дори когато този народ се състои от отчаяни пияндури, мързеливци и мошеници на дребно.]",cds,,,noun.person,,,,,
BG1622,мързеливец,noun,Synset('btbwn-018000914-n'),"['мързел', 'мързеливец', 'мързеливка', 'мързелан', 'мързеланко', 'мързелана', 'мързеланка', 'безделник', 'ленивец', 'ленивка', 'лентяй', 'лентяйка', 'лежач', 'хайлазин', 'канапчия', 'дембел', 'хайлаз', 'хългъзник', 'дембелин', 'лентьо', 'мръзльо', 'мръзла']","Мързелив, ленив човек.",,"[Мъжът бил такъв мързеливец, че нищичко не искал да подхване.]",dmc,,,noun.person,,,,,
BG295,мърлява жена,noun,Synset('btbwn-000000369-a'),"['мръсен', 'изцапан', 'замърсен', 'нечист', 'мърляв', 'оцапан', 'зацапан', 'измърсен', 'омацан', 'намацан', 'омърлян', 'кирлив', 'измацан', 'омърсен', 'омърлявен', 'окирливен', 'оклепан', 'бербат', 'шудрав', 'мускурлив', 'кържав']","Който е покрит с мръсотия, по който или в който има нечистотии, мръсотия.",,"[От близката стая излезе мърлява жена.;Има вид на супер неподдържана и мърлява жена.;Не можах да я позная - беше облечена като мърлява жена, със сплъстена коса и измачкани дрехи.]",cds,,,adj.all,,,,,
BG295,мърлява жена,noun,Synset('btbwn-000000369-a'),"['мръсен', 'изцапан', 'замърсен', 'нечист', 'мърляв', 'оцапан', 'зацапан', 'измърсен', 'омацан', 'намацан', 'омърлян', 'кирлив', 'измацан', 'омърсен', 'омърлявен', 'окирливен', 'оклепан', 'бербат', 'шудрав', 'мускурлив', 'кържав']","Който е покрит с мръсотия, по който или в който има нечистотии, мръсотия.",,"[Отдавна никой не може да разпознае в дрипавата и мърлява жена, която рови в кофите за смет, някогашната първа красавица Катерина Славеева.]",qas,,,adj.all,,,,,
BG400,мърляч,noun,[no_synset],[no_synset_lemma],Мръсен и противен тип.,,"[Никой не иска да се целува с мърляч!;Цял свят се прекланя пред нея, а мърлячите я оплюват.;Драскач! — кресна мъжът, поддавайки се все повече и повече на истерията, която го беше подтикнала дори да се наконти. — Келяв, гаден мърляч!]",cds,,,,,,,,
BG2442,мърляч,noun,[no_synset],[no_synset_lemma],"Несръчен човек, неумел, лош работник или занаятчия.",,"[Всичко си е до човек, а това, че някой е мърляч и не си върши съвестно работата, не означава, че всички са такива.;Оказа се, че: ""Ето как литературният герой всъщност има два различни образа.... Излиза, че в първоначалния и може би оригиналния е представен като неподреден мърляч, егоцентрик и грубиян, а в другия... в последствие, вече е чист, спретнат и скромен джентълмен."";Урод до урода, само като видиш шефа им, некомпентен мърляч, и ти става ясно.]",cds,,,,,,,,
BG603,мърша,noun,[no_synset],[no_synset_lemma],"Жена, към която се изпитва силно презрение и отвращение заради нейното поведение, морална нискост, разпуснатост или външен вид; лице, което се възприема като безполезно, нечистоплътно или унизително.",,"[Фрапираща агресия между девойки във варненски автобус: Ще ти разбия устата, мършо!;Надявай се да ме няма в следващия парламент, мършо.;Айде, давайте ми палци надолу, мърши, то само онлайн гласувате така или иначе.]",cds,,,,,,,,
BG1937,мъчител,noun,Synset('btbwn-018001391-n'),"['мъчител', 'мъчителка', 'палач']","Лице, което подтиска, угнетява, което причинява мъка, неволи, страдания на другите.",,"[Вие предадохте вашия приятел Евгений Михайлов като застанахте зад неговия следовател и мъчител в първите години на прехода Бойко Рашков.;Повечето хора, ""нормалните"", бедните, ""в низините"" всъщност са доволни, дресирани са да бъдат доволни или са способни и принудени да свикнат или да се примирят с прекалено малко и именно това ги спира да се разбунтуват истински срещу суетните си и ненаситни мъчители, с каквито и названия да се подвизават последните.;А варварското турско правителство и всичките изедници, предатели и мъчители народни треперят от страх и ужас: те виждат, че наближава вече и за тях страшният народен съд, на който тряба да дадат сметка за сичките свои злодейства и кръвопийства и от който ще приемат награда според делата си.;Той беше истински мъчител - караше ни да работим до изнемога без капка състрадание.;Ти си мъчител в живота ми. Не ме оставяш да дишам, а после се правиш на жертва.]",re,,,noun.person,,,,,
BG534,наглост,noun,Synset('btbwn-007000228-n'),"['нахалство', 'наглост', 'безсрамие', 'дебелоочие', 'безочливост']","Поведение, което изразява отсъствие, липса на срам.",,"[Супер наглост: ГЕРБ превърна БНБ в котило за хрантутници – пасмината на Баце набута родата в банката, даваща по 20 огромни заплати на година.;Още нещо – имат нечовешката наглост да изявяват претенции за безплатна здравна помощ.;За брутална наглост в най-тежкия момент в новата история на Царево, сигнализират читатели на Флагман.бг.;Имаш наглостта да искаш помощ, след всичко, което направи?]",cds,,,noun.attribute,,,,,
BG2072,надменен,adj,Synset('btbwn-000001813-s'),"['високомерен', 'надменен', 'надут', 'горделив', 'горд', 'важен', 'самомнителен', 'наперен', 'нафукан']",Който показва или проявява презрително или пренебрежително отношение към хората.,,"[За пръв път в живота си надменният Евгений е обхванат от изпепеляващи чувства и решава на всяка цена да се срещне с Татяна.;Тежко преживявала неговия непостоянен, надменен и ехиден характер и навика му да дели живота си с други жени.;После Кътърката влезе в готварницата и започна безкраен разговор с циганката; тя дори се учуди на необикновената му словоохотливост тая вечер – той беше мълчалив, надменен човек, макар да беше прост слуга.;В деня, в който Джастин се роди, нямаше човек от персонала, проявил готовност да я изслуша, който да не знаеше за престъпната измама на Ник, за неспазените му обещания, за жестокото му безразличие към Глена, надменното незачитане на собственото му неродено дете.]",cds,,,adj.all,,,,,
BG544,надменност,noun,Synset('btbwn-007000258-n'),"['надменност', 'важност', 'арогантност', 'високомерие', 'гордост', 'горделивост', 'самомнителност', 'надутост', 'напереност', 'нафуканост']",Презрително или пренебрежително отношение към другите.,,"[Надменността, неблагодарността, с която те ни платиха за нашите пропилени години, за разбития ни живот, за рухналите ни мечти...;Адам Джоунс е истинска рокзвезда в света на кулинарията, който унищожава кариерата си с наркотици и надменност.;Не мога да понасям тази негова вечна надменност - винаги се държи, сякаш е над всички.;Отговори ми с надменност, сякаш въпросът ми е тъп и недостоен.;Надменността й я прави отблъскваща, дори когато е права.]",cds,,,noun.attribute,,,,,
BG193,назадничавост,noun,[no_synset],[no_synset_lemma],Състояние на застой; изостаналост.,,"[Защо Франция - страна с големи демократични традиции, подкрепя едно неясно движение, което може да се окаже,че е носител на изостаналост и назадничавост!;Тази негова назадничавост направо убива всякакъв напредък в екипа.;Да не позволиш на жена да работи, защото ""мястото й е в кухнята""? Това е пълна назадничавост!;Назадничавостта ви е пословична - вие още живеете в миналия век.]",qas,,,,,,,,
BG277,наивник,noun,Synset('btbwn-018001636-n'),"['ливада', 'наивница', 'наивник', 'балама', 'дивак', 'шаран', 'лапнишаран', 'будала', 'баламурник', 'дивачка', 'диване', 'лапнимуха', 'балък', 'хапльо', 'лековерник', 'баламурница', 'лековерница']","Човек, който лесно може да бъде излъган.",,"[И този наивник го предлагат за премиер!?;Само наивник би си мислел, че системата работи честно.]",ddp,,,noun.person,,,,,
BG277,наивник,noun,Synset('btbwn-018001636-n'),"['ливада', 'наивница', 'наивник', 'балама', 'дивак', 'шаран', 'лапнишаран', 'будала', 'баламурник', 'дивачка', 'диване', 'лапнимуха', 'балък', 'хапльо', 'лековерник', 'баламурница', 'лековерница']","Човек, който лесно може да бъде излъган.",,"[Той не извика верния си помощник в Крим, защото го беше срам да изглежда в очите му като жалък наивник, който се бе хванал на въдицата.;Дори и аз се чувствам пълен наивник, като вървя с теб и ти казвам това.;Ха! Ти наистина мислиш, че тя те харесва? Какъв наивник си!]",cds,,,noun.person,,,,,
BG945,наложница,noun,Synset('btbwn-018000548-n'),"['куртизанка', 'наложница', 'метреса', 'държанка']",Любовница на властващ.,,"[Ти да мълчиш и да се усмихваш като наложница, продадена за двайсет кози. ;Със златната си гривна и вечния му угоднически поглед, приличаш повече на наложница, отколкото на партньор.;Нека не се лъжем - той не те уважава, ти не го обичаш. Класическа сделка между мъж и наложница.;Има жени, които се борят за себе си… и има наложници, които чакат нов господар.]",pr,,,noun.person,,,,,
BG100,нападателен,adj,Synset('btbwn-000000072-a'),"['агресивен', 'нападателен', 'враждебен']","Който е изпълнен с вражда, ненавист, агресия и показва решителност и енергичност при осъществяването на нещо.",,"[Нападателен тон обикновено прикрива липсата на аргументи - както е и в твоя случай.;Нападателен по природа, но с крехка увереност - лае много, но се крие първи.;Нападателен, шумен и вечно раздразнен - жалка комбинация от комплекси.;Тя споделя още, че се чувства некомфортно от ""неуважителните и нападателни"" папараци, които по-рано откриха местоположението на нейния луксозен екодом в Коста Рика.]",re,,,adj.all,,,,,
BG1203,наркоман,noun,Synset('btbwn-018000667-n'),"['наркоман', 'наркоманка']","Лице, което страда от наркомания.",,"[Щях да обслужвам мацките много по-добре, ако не бях такъв гаден наркоман.;Приятелят на авторката е пропаднал закоравял наркоман!;Гаден наркоман, спри да използваш патриотизма, за да се прикриваш, че само пари и наркотици са ти в главата.;Каква свобода, бе, наркоман? На запад властите те правят на 5 стотинки.]",dmc,,,noun.person,,,,,
BG1860,нарцисизъм,noun,Synset('btbwn-007000204-n'),"['самовлюбеност', 'нарцисизъм']",Прекалена обич и твърде голямо възхищение към самия себе си.,,"[Нарцисизмът ти идва в повечко.;Ако им отнемете нарцисизма и социопатията, няма да остане нищо от личността им. Когато нормален човек влезе в контакт с някого, който няма вродена съвест, мигновено се отдръпва; има усещането, че се е натъкнал на чудовище.;Цели две години той и неговият финансов корифей Симеон Дянков живееха в един виртуален свят, опиянени от собствения си нарцисизъм на незаменими държавници.]",dmc,,,noun.attribute,,,,,
BG1860,нарцисизъм,noun,Synset('btbwn-007000204-n'),"['самовлюбеност', 'нарцисизъм']",Прекалена обич и твърде голямо възхищение към самия себе си.,,"[Така постепенно, неговите все по-усложняващи се и по-всеобхватни измамни представи, очевадният му нарцисизъм , слабостта му да послъгва, склонността му да си въобразява, да лъже и мами най-напред себе си, а със себе си и всички нас, се превърнаха в еднопосочни и трудно обратими психологически проблеми.]",qas,,,noun.attribute,,,,,
BG1859,нарцисист,noun,[no_synset],[no_synset_lemma],Прен. Влюбен в себе си човек.,,"[В новата Америка, ако карате автомобил с газово гориво, вие сте безмислен, егоистичен нарцисист, който кара света да избухне в пламъци през следващите 10 години. ;Ограничен ментално мегаломан и нарцисист. ;В нея Мери Тръмп твърди, че лидерът на Америка е ""нарцисист, който заплашва живота на всеки един американец"".]",dmc,,,,,,,,
BG1861,нарцистичен,adj,Synset('btbwn-000002043-s'),['нарцистичен'],"Който страда от нарцисизъм и болезнено обича себе си, изпитва възхищение сам от себе си.",,"[Психологът разтълкува и говореното на Бойко Рашков и заяви, че то е сигнал за стремеж за привличане на вниманието към себе си. Той определи този стремеж като нарцистичен автоеротизъм.;Между другото, по-нарцистични лидери, освен Бойко, от тези в ""Да България"" и ""Демократи за силна България"", няма в България!;Другото е нарцистичен инат, заблуда в обществена вреда.]",cds,,,adj.all,,,,,
BG2282,насилник,noun,Synset('btbwn-018002008-n'),"['насилница', 'насилник', 'деспот', 'тиранин', 'потисник', 'потисница', 'угнетител', 'угнетителка', 'тиранка']","Човек, който върши насилия, прилага насилия, потиска другите.",,"[Всички го мислехме за герой и идол, а се оказа долен насилник на жени.;И тези насилници не бяха съдени, тях ги водеха патриоти, това ни чака, ако не се отървем един път завинаги от тази престъпна клика. ;Не мога да допусна баща ми да се окаже гаден насилник, а аз — син на гаден насилник.]",re,,,noun.person,,,,,
BG2129,нахалник,noun,Synset('btbwn-018002558-n'),"['нахалник', 'нахал', 'наглец', 'безочливец', 'нахалитет', 'нахалница']","Нахален, нагъл човек, който грубо, настойчиво преследва някаква цел.",,"[Няма ли кой да накара този ужасен нахалник да млъкне?!;Цялата тънкост обаче е там, че това, което остава зад него, вече не е старият дом; старият дом става гъмжило от пияни нахалници, сто пъти по-лоши от онези, срещу които е тръгнал на бой.;Александър Йорданов обясни защо Петков е нахалник, зове го за оставка.]",dmc,,,noun.person,,,,,
BG649,нахалство,noun,Synset('btbwn-007000207-n'),"['безочие', 'нахалство', 'наглост', 'дързост', 'безсрамие', 'дебелоочие', 'безочливост', 'тупе', 'нахалност']","Качество, което изразява липса на приличие в поведението.",,"[Та, питам още веднъж: що за нахалство е да претендираш за професионална солидарност след доказателствата за съучастие в подобни гадости срещу журналист?;В този списък от десетина имена има, разбира се, политици, които и без това много дразнят народа с нахалството си, но и разни фолкзвезди и псевдобизнесмени, които с евтини номера от селските вечеринки се стремят да се задържат на повърхността на човешката суета.;Но безкрайното му нахалство не свърши до тук.]",dmc,,,noun.attribute,,,,,
BG1479,неведение,noun,[no_synset],[no_synset_lemma],"Незнание, неосведоменост.",,"[Дълго време е отлаган и политизиран и не можем да си позволим повече тези хора да стоят в неведение.;Но явно все повече хора живеят в пълно неведение за света около тях, без това да ги притеснява особено.;Точно затова политическият елит в Европа иска да ги държи в неведение за изгодите, които губят в продължениена години.;Не е чудно, че вярваш на глупости - в твоето дълбоко неведение дори елементарната логика звучи като обида.]",ddp,,,,,,,,
BG1481,невеж,adj,Synset('btbwn-000000747-s'),"['необразован', 'неук', 'невеж', 'неграмотен', 'сляп', 'невежа', 'непросветен', 'безпросветен', 'малограмотен', 'малообразован']","Който не е учил, който няма никакво образование.",,"[И ако има някои по-виновни от този разюздан, невеж и дълбоко изглупял корумпиран тип, те са всички онези, които го поддържаха и легитимираха като европейски политически лидер, какъвто точно този никога не е бил.;Кой невеж и неосъзнат пише подобни заглавия на статия.;Този модел не влиза в сблъсък с науката, въпреки че в мюсюлманския и християнски свят се чуват невежи и авторитарни гласове, които се противопоставят на уроците по еволюция в училище.;Орачът завика силно, както постъпват всички невежи хора, щом се сблъскат с езиковата бариера.]",ddp,,,adj.all,,,,,
BG164,невежа,noun,Synset('btbwn-018001692-n'),"['невеж', 'невежа', 'профан', 'профанка']","Човек, който няма познания в определена област.",,"[Петре, личи си че си типичен ДБ активист, кряскаш, но за това пък пълен невежа.;А самите чудотворци са били изгаряни, на клада и при това невежите са викали: ""Да изгорим изчадието на дявола!"";Кои са днес, които управляват света: Невежи или учени? – Невежите управляват света.]",ddp,,,noun.person,,,,,
BG1478,невежество,noun,Synset('btbwn-009000332-n'),"['невежество', 'простотия', 'незнание', 'непросветеност', 'тъмнина']","Липса на знания, образование, грамотност.",,"[Простотиите и невежеството са непобедими.;Често се сблъсквам с невежество относно тези термини, та нека ги обясня. ""Господ"" е превода от английски на думата ""Лорд"" - господар или господин. Това не означава Бог. Христос е човек, а не Бог!;Нима тънем в невежество, защото и без това няма значение? Защото си отиваме за толкова кратко време, че не би стигнало на марсианец и за едно размишление? Кажи ми, Джил. Ти си човек.;На всичкото отгоре невежеството ти върви ръка за ръка със самочувствие, което дори учен човек не би си позволил.]",ddp,,,noun.cognition,,,,,
BG1293,негоден за нищо,adj,Synset('btbwn-000000048-s'),"['негоден', 'некадърен', 'неспособен']","Който не притежава нужните качества за извършване на нещо, не умее да направи нещо или не отговаря на определените изисквания.",,"[Множеството удобства правят човека негоден за нищо.;Когато Газ залиташе към дома, пиян и негоден за нищо, краставото псе не издаваше и звук, изобщо не му обръщаше внимание.;Тя не можеше да постигне успех никъде, докато се чувстваше негодна за нищо.]",dmc,,,adj.all,,,,,
BG558,негодник,noun,Synset('btbwn-018001247-n'),"['негодница', 'негодник', 'леке', 'келеш', 'калпазанин', 'хубостница', 'вагабонтин', 'негодяй', 'хаирсъзин', 'кучи син', 'вагабонтка', 'хубостник', 'пезевенк', 'келеме', 'какаванин', 'калпазанка', 'кучешки син', 'песи син', 'магарски син', 'магарешки син', 'вагабонт', 'багабонтин', 'багабонт', 'сукин син']","Човек, който върши подлости, постъпва нечестно, неморално, безнравствено.",,"[Да, демократът се е хванал за властта. Какъв негодник!;Ако президентът беше като Борисов и беше изхвърлил веднага от президентството двамата негодници, прокуратурата нямаше да влезе в президентството.;И същите тези негодници, които се изживяват като феодали, все по-нагло, все по-нахално, които придърпват облагите от европейските средства първо за себе си, които трупат по десет апартамента и всевъзможни имоти почти безплатно, сега искат да се настанят на скъпо платени местенца, далеч от клоаката, която сътвориха.]",cds,,,noun.person,,,,,
BG558,негодник,noun,Synset('btbwn-018001247-n'),"['негодница', 'негодник', 'леке', 'келеш', 'калпазанин', 'хубостница', 'вагабонтин', 'негодяй', 'хаирсъзин', 'кучи син', 'вагабонтка', 'хубостник', 'пезевенк', 'келеме', 'какаванин', 'калпазанка', 'кучешки син', 'песи син', 'магарски син', 'магарешки син', 'вагабонт', 'багабонтин', 'багабонт', 'сукин син']","Човек, който върши подлости, постъпва нечестно, неморално, безнравствено.",,"[Може и да беше негодник, но без съмнение бе греховно красив.]",dmc,,,noun.person,,,,,
BG109,неграмотен,adj,Synset('btbwn-000001347-a'),"['неграмотен', 'безграмотен', 'безкнижен', 'безписмен']","Който не знае, не може да чете и да пише.",,"[Този неграмотен тъпак се произнася по теми, за които никога една книга не е прочел.;За сведение на неграмотните отворковци - на 10 дек. 2019 цената им е била 72.-USD, днес е 577.- USD. Покажете ми друга такава фирма.;Всичката мързелива, неграмотна сган е събрана тук да плюе по Слави.]",ddp,,,adj.all,,,,,
BG108,неграмотно лице,noun,Synset('btbwn-000001347-a'),"['неграмотен', 'безграмотен', 'безкнижен', 'безписмен']","Който не знае, не може да чете и да пише.",,"[Материалите са анонимни, а и често за „отговорни редактори” са поставяни срещу възнаграждение неграмотни лица, за да лежат в затвора при евентуални наказателни санкции.;Явно индивидът hristo е поредното технически неграмотно лице, което се е заело да рекламира най-обикновени изделия от типа умен дом, каквито аз проектирах например преди 6 години.;Прав си, че той е гордостта, но не на цялата страна, а на онези 80% като теб - тъпи, прости и неграмотни лица, на които им харесва простото цинично и грубовато държане на кумира им.]",ddp,,,adj.all,,,,,
BG1876,негър,noun,[no_synset],[no_synset_lemma],"Много черен. Название за представител на негроидната раса, което в съвременното цивилизовано общество се смята за обиднo, но което в поне 90% от случаите по нашите географски ширини се употребява съвсем неутрално, нерядко дори със симпатия, че и с нотка на възхищение понякога.",,"[На мен лично ми омръзна този страшно тъп негър от Кения да се прави на класна на целият свят.;Тъпо и нагло негро, както повечето представители на низшите раси!;Как можа тоя негър да посегне на украсата на моята мъжественост! Дано Аллах го пече за тоя мискинлък в най-затънтеното кьоше на джендема!]",ps,,,,,,,,
BG1699,недодялан човек,noun,Synset('btbwn-000005143-a'),"['просташки', 'недодялан', 'дебелашки', 'байганьовски']","Който се отнася до простак, присъщ е на простак.",,"[Попаднах веднъж при Савов, толкова груб и недодялан човек не бях срещала.;Друг един французин твърдеше, че генерал Суворов е един недодялан човек, неспособен военачалник, който умеел само да забавлява своите войници с чудачествата си; трети пък, с когото се срещнах на борда на един дунавски параход, подскочи от възторг и изненада, когато споменах за галите, келтите и бургундците.;Все пак този първичен недодялан човек завладя голяма част от българския електорат.;Случило се така, че абатът станал доста близък с някакъв много богат селянин, на име Ферондо, прекалено прост и недодялан човек.]",dmc,,,adj.all,,,,,
BG450,некадърник,noun,Synset('btbwn-018000788-n'),"['некадърница', 'некадърник', 'негодница', 'негодник']","Човек, който не е способен да извършва някаква работа или дейност.",,"[Абсолютен некадърник и лапач на пари от посещения при него.;Че хората на Борисов са некадърници - също като началника си.;Крадливи некадърници - това сте вие ""демократите"" - и след вас остава само прах и пепел...]",dmc,,,noun.person,,,,,
BG1475,некомпетентен,adj,[no_synset],[no_synset_lemma],"Който не е компетентен, няма необходимите познания в дадена област.",,"[„Още един некомпетентен идиот“, помисли си тя ядосано, преди да тръгне по тунела към Круноберг и хладният му мрак да я изолира от външния свят и всичките му звуци.;Но може би най-странната финансова авантюра на Науру бе свързана с ЦРУ и скандално некомпетентното правителство на Джордж У. Буш.;При него, хора, които не са квалифицирани в дадена област, погрешно смятат, че са и изказват некомпетентно мнение по сложни въпроси, които изискват съответните специфични познания. Същевременно, те не осъзнават тази своя некомпетентност и дори се впускат в ожесточени спорове с други хора, които пък имат нужните познания.;Всичко това е и още едно доказателство за тоталния провал на СЕМ в сегашния му състав, формиран от политически зависими и даже некомпетентни членове, които не могат да осигурят нормална за една европейска страна медийна среда.]",dmc,,,,,,,,
BG399,немарлив човек,noun,Synset('btbwn-000000682-a'),"['невнимателен', 'немарлив', 'небрежен', 'нехаен', 'неакуратен', 'непрецизен']","Който не проявява грижи, старание, взискателност към, в нещо.",,"[Това важи за всеки един автомобил на 20 и кусур години, ако не е поддържан, както трябва, тоест е каран от немарлив човек. ;Заради един немарлив човек може да изгорят прасетата на цяло селище и после ще има гледане накриво и сърдити.;Ама то по-прост и немарлив човек от българин няма.]",cds,,,adj.all,,,,,
BG1508,неморално,adv,Synset('btbwn-002000903-r'),"['неморално', 'безнравствено', 'аморално']","По начин, който нарушава моралните норми или е в противоречие с моралните принципи и норми.",,"[Опонентите му го критикуват яростно и обвиняват, че той си играе на Бог и създава нови форми на изкуствен живот, което е неморално и чиито последици са неизвестни и крият огромни опасности.;Също така щеше да е неморално заради простата аналогия, която правим между останалите живи същества и себе си, своя живот, своето съзнание, своята свобода.;Това силно отрицателно клеймо намира израз в разпространения стереотип на жената-алкохоличка или наркоманка като неморално и пропаднало същество.;Видимо е, че ще продължи да се възползва от безплатно ефирно време в качеството си на министър, както прави от първия ден на кампанията, и ще изпълнява политически си цели върху основите на здравето и живота на българските граждани. Това е грозно, обидно и неморално.]",dmc,,,adv.all,,,,,
BG1506,неморалност,noun,Synset('btbwn-007000221-n'),"['безнравственост', 'аморалност', 'неморалност']","Липса, отсъствие на морал, на нравственост, противоречие с моралните принципи и норми.",,"[Професор Стюарт Ричи документира и осъжда отблъскващата неморалност на двама свои колеги академици, одобрили публикуването на академичен документ, в който завършващ студент мастурбира на илюстрации на детска порнография, и пише за това, което е научил, а тези леви академици защитават проекта, само защото един консервативен политик го е осъдил.;Дълбока неморалност, направо поквареност блика от нея.;Чужденците и до ден днешен недоумяват как една малка държавичка като България, просната само на 111 хил. кв. клм., може да бъде толкова драстично нехомогенна – с всичката произтичаща от това междуличностна неприязън, отприщваща цялата пагубна неморалност на българските порядки, – как може да бъде тъй дисхармонична, сякаш е една огромна и трудно управляема територия-гигант.]",dmc,,,noun.attribute,,,,,
BG2174,ненаситен,adj,Synset('btbwn-000007399-a'),"['неутолим', 'негаснещ', 'ненаситен', 'ненаситим', 'неугасващ', 'неугасим']","За желание, нужда и подобни - който не може да се утоли, да се насити.",,"[Този ненаситен женкар не спира дотук, той разбива сърцето на любимата жена, която е планирал да отведе до олтара, като скорострелно прави Бартелеми своя съпруга и майка на първородния си син Антъни.;Пръч такъв, дърт и ненаситен!;И сипеше лъжа след лъжа сладкодумният интригант – това истинско бедствие за България. За такива тъпи, нечистоплътни, крадливи, ненаситни търбуси като Бойко Борисов народът безмилостно се е произнесъл: ""Гъз глава затрива"".]",dmc,,,adj.all,,,,,
BG2026,ненормален,adj,Synset('btbwn-000001523-a'),"['противоестествен', 'неестествен', 'нетипичен', 'необичаен', 'ненормален', 'анормален']","Който се различава от нормата, от общоприетото правило.",,"[Това наистина е един ненормален човек.;Караше абсолютно като ненормален, не веднъж съм му правил забележка и той продължаваше пиян, казва съседът пред bTV.;Тъпи момичета, без възпитание от родителите им, този герой е за възхищение, не зная дали изобщо знаят какво вършат тея ненормални момичета!;Ненормален човек, да си разбие семейството и живота заради любовница!]",ddp,,,adj.all,,,,,
BG2025,необичаен,adj,Synset('btbwn-000001785-a'),"['непредвиден', 'екстрен', 'изключителен', 'извънреден', 'необичаен', 'неочакван', 'форсмажорен', 'нетрадиционен', 'чрезвичаен', 'екстраординарен', 'екстраординерен']","Който става извън правилата, навика, извън постоянния, предварително определен ред.",,"[С необичайната си прическа, маниери и претенциозен език изглеждаше като пародия на нещо, което сам не разбира.;Тогавашният й преподавател, странен и необичаен мъж, обсебващ, интересен, с пронизващ, насмешлив поглед, с изящни, деликатни черти и суха фигура дълго я изпитва за екзистенциалистите.;Адам долови страстните нотки в гласа на юношата; струваше му се доста необичайно момче на неговите години да се впечатлява до такава степен от архитектура и строителство.;Този необичаен стил на изказ - смесица от псевдоинтелектуални фрази и кухи цитати - служеше само да прикрива пълното отсъствие на мисъл.]",qas,,,adj.all,,,,,
BG1482,необразован,adj,Synset('btbwn-000000747-s'),"['необразован', 'неук', 'невеж', 'неграмотен', 'сляп', 'невежа', 'непросветен', 'безпросветен', 'малограмотен', 'малообразован']","Който не е учил, който няма никакво образование.",,"[Остави го - с него не можеш да говориш нормално, напълно необразован тип е.;Необразован самонадеянец, който си мисли, че знае всичко само защото е прочел няколко статии във Facebook.;Типичен необразован гласоподавател - лъже го всеки с по-лъскав плакат.;Необразован простак, облечен в маркови дрехи пак си остава простак.]",ddp,,,adj.all,,,,,
BG452,непохватен човек,noun,Synset('btbwn-000001067-a'),"['несръчен', 'вързан', 'схванат', 'тромав', 'неловък', 'непохватен', 'неумел', 'нескопосан', 'сакат', 'нескопосен', 'тром']",На когото липсва елегантност и умения при движение или различни действия.,,"[Този дребен и непохватен човек е бил изтъкан от нерви още от ранна възраст и нервните му кризи са стигали до епилептични.;Да, момичето ми, този непохватен човек срещу теб е твоят баща.;""Един вид - вижте какъв непохватен човек е президентът, само ни излага пред света"", коментира д-р Желев.]",cds,,,adj.all,,,,,
BG2265,неприятен,adj,Synset('btbwn-000001725-a'),"['неприветлив', 'отблъскващ', 'неприятен', 'гаден', 'противен', 'неприветен', 'гадък']","Който буди неудоволствие, не се харесва, който не е приятен за сетивата, ума или чувствата.",,"[Този е изключително неприятен тип, винаги го гледам и слушам с отвращение не само когато говори за любимата му нацистка Украйна.;Пълно е с изключително неприятни мъже на всякакви възрасти, които псуват, изпреварват неправилно, карат като ненормални, нахални са и дори опасни.;Майка му е изключително неприятна жена, бяхме я изолирали и всичко беше нормално за определен период, сега отново е на хоризонта, прави интриги, а той не усеща, защото му е майка.]",cds,,,adj.all,,,,,
BG2247,неразумен,adj,Synset('btbwn-000000283-s'),"['лудешки', 'необмислен', 'неразумен', 'безразсъден', 'безумен', 'сляп']","Който не проявява разум, благоразумие, в който не се влага разум.",,"[Вместо това, трябваше да измисли нещо, преди той да я помисли за злобна, неразумна жена, която не се интересува кое е най-доброто за децата й.;За неразумния човек има непостижими неща, за разумния – всички неща са постижими.;Това бе изключителен дар от съдбата, който само неразумен би пропилял.]",ddp,,,adj.all,,,,,
BG2022,несериозен човек,noun,[no_synset],[no_synset_lemma],"Който проявява безотговорност, лекомислие или неразумност в постъпките си, поради което не може да се разчита на него; лекомислен, повърхностен.",,"[Несериозен човек излезе.;Обаче е супер несериозен човек и не му вярвам.;Те така и не одобрили връзката й с него, защото го считали за много несериозен човек, неспособен да бъде глава на семейство.]",dmc,,,,,,,,
BG2227,нескопосен,adj,Synset('btbwn-000001067-a'),"['несръчен', 'вързан', 'схванат', 'тромав', 'неловък', 'непохватен', 'неумел', 'нескопосан', 'сакат', 'нескопосен', 'тром']",На когото липсва елегантност и умения при движение или различни действия.,,"[Гесере, стига си манипулирал хората по най-нескопосния начин.;Самият той бе склонен да се съгласи с другите и когато му предложиха да си върви, той направи едно забележително нескопосно възражение.;Илиева твърдо заявила пред колегите, че някой си е направил нескопосна шега, а баща й не е звънял в радиото. Тя дори се съветвала с пиар-ката си дали да не направи опровержение.;Ама те вече не искат да дават излишни пари на нескопосни доктори.]",dmc,,,adj.all,,,,,
BG1480,неук,adj,Synset('btbwn-000000747-s'),"['необразован', 'неук', 'невеж', 'неграмотен', 'сляп', 'невежа', 'непросветен', 'безпросветен', 'малограмотен', 'малообразован']","Който не е учил, който няма никакво образование.",,"[На тази неука жена каква друга работа да й се осигури?;Самите те са неуки, лексиката им е бедна, а общата култура липсва!;Само неук идиот може да лекува сериозни състояния със звуци.;Израства в бедно семейство. Баща му Йонас (на иврит Jochanan) бил неук рибар.]",ddp,,,adj.all,,,,,
BG1484,неумолимост,noun,[no_synset],[no_synset_lemma],Качество или проява на неумолим.,,"[Твоята неумолимост няма нищо общо с принципност - тя е чиста злоба, облечена в самодоволна праведност.;Под прикритието на неумолимост, ти просто мачкаш хората - не защото си прав, а защото можеш.;Наричаш се принципен, но това не е принципност - това е сляпа неумолимост, граничеща с фанатизъм.;Само ти можеш с такава неумолимост да съсипеш някого и да заспиш спокойно.]",qas,,,,,,,,
BG1292,нехранимайко,noun,Synset('btbwn-018001712-n'),"['безделник', 'безделница', 'лумпен', 'нехранимайко', 'хаймана', 'непрокопсаник', 'пройдоха', 'вагабонтин', 'хаирсъзин', 'бараба', 'хайта', 'панта', 'обесник', 'капасъзин', 'вагабонт', 'багабонтин', 'багабонт', 'непрокопсаница', 'обесница', 'нехранимайка', 'нехранимайковец']","Човек, който не работи, не желае да работи и води празен живот, обикновено поради леност, мързел.",,"[""Жоро може да е побойник и нехранимайко, обаче е джентълмен, подсигури с къща дългогодишната си приятелка Анна-Рая, която през 2009 г. до дари с дъщеричка - Анджела"", хвалят го аверите му. ;Нека ги изколят до един тези нехранимайковци!;Момиче от долината Сан Фернандо се влюбва в холивудски нехранимайко за ужас на своите социално осъзнати приятели.]",dmc,,,noun.person,,,,,
BG2173,нечист,adj,Synset('btbwn-000001060-s'),"['нечист', 'нечестив']",Който е въплъщение на силите на злото.,,"[За далекото стигане, драги Маркизе, съм имал - и имаме разговори с приятели - може ли един нечист човек, пък наречен той и творец, да предаде нещо чисто, нещо човешко като внушение.;Дълбоко съчувствам на тези с добра репутация, но с болно его, нечиста душа и непочтено поведение.]",cds,,,adj.all,,,,,
BG1788,нечистотия,noun,[no_synset],[no_synset_lemma],"Прен. Нечестна, подла, низка постъпка.",,"[Когато се появи през 2001-ва година, беше нещо ново на фона на цялата политическа нечистотия.;Тази мисъл има известни нечистотии в себе си.;Подобна нечистотия говори достатъчно за човека, който я извършва - ни чест, ни съвест, ни капка достойнство.]",cds,,,,,,,,
BG1531,нещастен,adj,Synset('btbwn-000000982-a'),"['злощастен', 'нещастен', 'многострадален', 'несретен', 'злочест']","Който е лишен от щастие, радост, който не е облагодетелстван от съдбата, поради което има зла участ и му се случват повече лоши неща.",,"[Вземи най-накрая да прочетеш в Гугъл за разликата между нормално, свястно момиче с морал, фригидно и зла, самотна и нещастна курва като теб.;Това са едни нещастни нагли твари, които само ядат от нашите доходи, под формата на незаслужено високи пенсии – 50 лв. са си цифра, няма какво да се лъжем.;Леле, нещастно леке такова… — Карлинг понечи да стане. Дан притисна стъпалото си до гърдите му и го избута обратно до стената: — Явно съм успял да те заинтригувам.]",qas,,,adj.all,,,,,
BG1123,нещастник,noun,[no_synset],[no_synset_lemma],"Прен. Разг. Пренебр. Жалък, незначителен човек.",,"[Такъв долен нещастник това заслужава!;Нещастникът обаче се бе вцепенил и не се отдръпна от пътя му било от страх, било защото не вярваше на очите си.;Боже мой, боже мой - как съм я гледал с часове и съм завиждал на оня мръсен, долен нещастник, наречен Пенчо Славейков, който й ходеше на гости.]",dmc,,,,,,,,
BG12,низост,noun,Synset('btbwn-004000681-n'),"['низост', 'безчестие', 'подлост', 'непочтеност', 'мерзост', 'мръсотия', 'гадост', 'мерзавщина', 'мизерия', 'кал']","Нечестна, недостойна, подла проява, постъпка.",,"[""Не мога да си представя такава низост и подлост“, написа съпругата на Наско Сираков във Фейсбук.;Недоумявам до каква низост и падение провалилият се в три български въстания някогашен революционер погубва безпощадно такива забележителни българи като Атанас Узунов, Олимпий Панов, Коста Паница и други десетки светли умове на нацията ни. ;Дует Ритон не биваше да позволяват тази низост, убедени са почитателите им!]",dmc,,,noun.act,,,,,
BG2427,нимфомания,noun,Synset('btbwn-012000158-n'),['нимфомания'],Болестна проява на засилено полово влечение у жената.,,"[Всъщност, политическата нимфомания на Нинова я доведе до хаотична подмяна на хора в управленските редици, която тя представя като ""промяна"" към по-добро, някакъв вид ""перестройка"".]",ddp,,,noun.feeling,,,,,
BG2428,нимфоманка,noun,Synset('btbwn-018003349-n'),['нимфоманка'],"Жена, която проявява болезнено повишена полова възбудимост.",,"[Викайте ми болна нимфоманка, ако така ще се почувствате по-добре.;Да, младо момиче, много младо и нимфоманка до ушите.;Тя обаче се оказа тъпа нимфоманка и с кого ли не спа, с двамата ми уж приятели, които ми се правеха на такива ..., с другите.]",ddp,,,noun.person,,,,,
BG1986,новобогаташ,noun,Synset('btbwn-018001415-n'),"['новобогаташ', 'парвеню', 'новобогаташка']","Малокултурен забогатял човек, който е успял да влезе в аристократични или високопоставени среди, като се стреми да им подражава.",,"[Оказва се, че мултакът Христо Асенов, познат повече с прякора Бацата, живее в княжество Монако като руски новобогаташ.;Помислих си, каза ми той, че е някакъв зализан и гелосан новобогаташ, понеже в този край някои хора забогатяха изведнъж от земеделие, рекох си - ще е някой от тях.;Еее, голям си новобогаташ. Онзи ден продаде 3 пакета с наркотици и днес вече е най-вървежният бизнесмен. Голяма работа стана.]",is,,,noun.person,,,,,
BG1461,нонсенс,noun,[no_synset],[no_synset_lemma],"Книж. Безсмислица, глупост, нелепост.",,"[Това е правен нонсенс, нещо като дървено желязо.;Хари явно е попил целия нонсенс и го повтаря автоматично, без никаква рефлексия или критично мислене.;Той ръси само нонсенси, нищо не разбира.]",qas,,,,,,,,
BG1621,нужник,noun,Synset('btbwn-006001679-n'),"['нужник', 'тоалетна', 'клозет', 'тоалет', 'кенеф']","Малко помещение в дом, обществено място или обществено заведение, използвано за отходно място и обикновено обзаведено с огледало, чешма и други.",,"[Бездомник и неговите дружки се настаниха пред входа на блок в Пловдив и го превърнаха в нужник.;Баща ми, част от моя свят, наскоро бе от мен опят, а храмът в нужник е превърнат!]",qas,,,noun.artifact,,,,,
BG1658,нърд,noun,[no_synset],[no_synset_lemma],"Идва от английското nerd. Обикновено описва хора, които са социално неадекватни, но и изключително интелигентни и обсесивни. Често прекарват времето си в дейности, които повечето хора описват като ""смотани"" (четене, видео-игри, изучаване на субкултури и т.н.). Не е рядкост в интересите им силно да се намесват високотехнически теми, или такива, в които има силно интегрирани научна фантастика и/или фентъзи.",,"[Великите любовни истории: Марк Зъкърбърг и Присила Чан – компютърният нърд и амбициозната китайка, които се влюбиха пред една тоалетна и създадоха империя за милиарди.;Има нещо неизживяно в детството, което те прави истински нърд.;Без значение дали си падаш по чудовища и гноми, лазерни мечове или мутирали зомбита мозъкоядци, най-вероятно си нърд, ако предпочиташ тези приказки пред неореализма.]",dmc,,,,,,,,
BG635,обида,noun,Synset('btbwn-004001178-n'),"['обида', 'унижение', 'оскърбление', 'афронт']","Действие или думи, с които несправедливо, незаслужено се накърнява честта, достойнството на човека.",,[Ти си обида за семейството!],qas,,,noun.act,,,,,
BG1594,обирник,noun,Synset('btbwn-018001227-n'),"['мародер', 'пират', 'грабител', 'хайдутин', 'обирджия', 'разбойник', 'хайдут', 'хайдук', 'пиратка', 'обирник', 'разбойничка', 'грабителка', 'обирница', 'обирач', 'обирачка', 'плячкаджия', 'ограбвач', 'обирджийка', 'плячкаджийка', 'хайдукиня', 'хайдутка', 'мародерка']","Човек, който присвоява, ограбва чужд имот или труд, който се обогатява за сметка на другите, без да подбира средства.",,"[След като държавната власт в лицето на своя бирник или както му казва чичо Ранко — обирник, свърши своята мисия, парите преминат от ръце на ръце — през евреина, селяните и бирника.;Дума ставаше от няколко време между тях за присъствието в града на една зловредна шайка крадци и обирници, за хващането на които всичките трудове на полицията оставаха ялови.;Антиинвестиции. Всички любители на книгата се възмутиха, когато научиха за заниманието на господин Де Каро, директор и обирник на библиотеката „Джироламини“ в Неапол, защото изглежда, че от години не само търгува с крадени книги, ами и създава изкусни фалшификати.]",re,,,noun.person,,,,,
BG1124,овца,noun,Synset('btbwn-018003290-n'),['овца'],"Кротък, глупав, слабоволев човек.",,"[Тая гадна овца не е ли чела ""Записки по българските въстания"" на Захари Стоянов?;Ти си тъпа овца и простотията ти е видна - това е достатъчно!;Тя обиди Корнелия Нинова, че е тъпа овца.]",an,,,noun.person,,,,,
BG1826,овчар,noun,Synset('btbwn-018001275-n'),"['овчар', 'овчарка', 'овчарче', 'чобан', 'чобанин', 'чобанка', 'овцевъд', 'овцевъдец', 'овцевъдка', 'овцегледач', 'овцегледачка']","Човек, който пасе овце.",,"[Може да си тъп овчар или горски пъдар, но братовчед на кмета.  ;Достатъчен ни е прост овчар, важното е той да може да блее в тон със стадото.;- Ей, овчар, така и така си без акъл, я иди да налееш вода в менците. Поне за това ставаш.]",pa,,,noun.person,,,,,
BG1820,овчи,adj,Synset('btbwn-000007401-a'),['овчи'],"Който е присъщ на покорен, кротък и възглупав като овца човек.",,"[Ама ние сме толкова овчи народ, че без да знаем, много говорим, ако и двамата бяха българи, щяхте да се чудите кой е виновният.;На никоя овча душа обаче не му прави впечатление едно от изреченията в предполагаемия разговор, в което става въпрос за ""Ханс Зайдел"".]",an,,,adj.all,,,,,
BG2270,окаян,adj,Synset('btbwn-000002270-s'),"['окаян', 'плачевен']",Който е в много лошо състояние или е от лошо качество.,,"[Аз не мога да бъда нещастен, задето една окаяна жена е направила престъпление; трябва само да намеря най-добрия изход от това тежко положение, в което тя ме поставя.;Съдията си помисли, че рядко бе виждал по-окаяна премяна, но знаеше, че този негов хитър стар помощник обича пестеливостта.]",is,,,adj.all,,,,,
BG2270,окаян,adj,Synset('btbwn-000002270-s'),"['окаян', 'плачевен']",Който е в много лошо състояние или е от лошо качество.,,"[Всичко останало е окаян боклук, като това особено важи за въпросните тампони на ""шишовете"".;Имаше такъв окаян вид, като че ли очакваше да го осъдят на смърт.]",qas,,,adj.all,,,,,
BG1909,омерта,noun,[no_synset],[no_synset_lemma],"Обикновено касае мълчанието относно престъпление или обстоятелствата, свързани с него, по начин да възпрепятства издирването и предаването на правосъдието на виновния, и обикновено е резултат на преки интереси или страх. В този смисъл се използва и като правен термин. Понякога се използва и като солидарност между престъпници в по-общ смисъл.",,"[Корнелия Нинова: ГЕРБ и новата коалиция правят кабинет на омертата и жаждата за власт.;Изобщо мантрата, който крал, крал, дайте да не се обръщаме назад, а да гледаме напред, е най-консолидиращият фактор за партийните елити на прехода, тя е омертата на перестроечната мафия.;И без това Пеевски не е от най-приказливите, омертата ще му отива.]",cds,,,,,,,,
BG1682,остгот,noun,Synset('btbwn-018003268-n'),"['остготи', 'остроготите', 'острогот', 'остгот']","Представител на германско племе, източен клон на по-старото племе готи, които са мигрирали на юг от Балтийско море и през III и IV век те създават свое кралство на север от Черно море.",,"[Трюдо дори ги нарече „банда остготи“, тръгнали на почивка, и заяви, че канадското правителство възприема случилото се като изключително сериозно.;Как да не си бе, кипвам аз, да не би аз да съм ги измислил всичките тези остготи, вестготи, разните му там германи, тевтонци и келти, нали цялата тази сюрия бяхте в Империята?]",ps,,,noun.person,,,,,
BG820,отпадък,noun,Synset('btbwn-027000267-n'),"['боклук', 'отпадък', 'смет', 'измет']","Непотребни неща, предмети, обикновено развалени, повредени и подобни, които са за изхвърляне.",,"[Там те са им само напълно безполезен човешки отпадък.;Защо изобщо се занимавате с някакъв човешки отпадък, който даже не може да дефинира какво точно го притеснява?]",qas,,,noun.substance,,,,,
BG820,отпадък,noun,Synset('btbwn-027000267-n'),"['боклук', 'отпадък', 'смет', 'измет']","Непотребни неща, предмети, обикновено развалени, повредени и подобни, които са за изхвърляне.",,[Деградирал отпадък на обществото насъсква питбула си да дави домашни любимци - цял пловдивски квартал е пропищял от долния тип.],cds,,,noun.substance,,,,,
BG1796,отрепка,noun,Synset('btbwn-018000508-n'),"['нищожество', 'отрепка', 'нула', 'никаквец', 'нищожник', 'безличие', 'пигмей']","Човек, който няма никакви достойнства, качества, който е съвсем незначителен, нищожен в обществото.",,"[Призна що за развратна отрепка е щерка й и че мястото й е в затвора.;Но иначе си права – мразя наркоманите съвсем искрено, на мнение съм, че са долни отрепки, които обаче заслужават помощ.;Филип е имал много бурни младежки години, когато е бил направо отрепка и е живял изключително бурно.]",cds,,,noun.person,,,,,
BG2404,отстъпник,noun,Synset('btbwn-018002383-n'),"['отстъпник', 'отстъпница', 'ренегат', 'ренегатка']","Човек, който е изменил убежденията си, отрекъл се е от политическите си възгледи и е преминал на страната на противника.",,"[Наричали го Отстъпник, защото се опитал да върне Рим към езичеството.;Папата е отстъпник, ние пазим традицията.;Нека припомним, че всеки, който работи открито и публично срещу официалната кандидатура на БСП, би следвало да се третира като отстъпник от партията и близък до върхушката на ГЕРБ.]",is,,,noun.person,,,,,
BG1839,охлюв,noun,[no_synset],[no_synset_lemma],"Смотаняк, задръстеняк. Използва се предимно за мъже и описва неадекватно и плахо поведение.",,"[Ей, охлюв, почти няма фирма, която да не изпитва остър дефицит откъм кадри.;А бе, ей, охлюв, я не ми говори така.;Тоя гол охлюв директно си заминава от партията в момента, в който бъде свалена Нинова като един от най-яростните й поддръжници.]",an,,,,,,,,
BG1,падение,noun,Synset('btbwn-026000339-n'),"['разложение', 'развала', 'упадък', 'падение', 'западане', 'упадане']","Физическо, нравствено, обществено или културно отслабване.",,"[Румен Радев: моралното падение на един ""натовски генерал"".;Срам, позор и пълно падение на герберастите!;Падение: Вместо да учат, ученички играят кючек в 203-то училище.]",dmc,,,noun.state,,,,,
BG373,палав,adj,[no_synset],[no_synset_lemma],"В който се проявява или изразява такова качество; необуздан, буен или похотлив.",,"[34-годишната звезда разкри и подробности около последното си видео, където ще я видим именно в светлината на „палава развратница“. ;Нямаше да се безпокоя заради обикновено палаво хлапе.;Уви, само Бонбонова е другата, която по-палаво се заиграва около водата.]",cds,,,,,,,,
BG156,палячо,noun,Synset('btbwn-018000518-n'),"['шут', 'клоун', 'палячо']","Човек, който се държи несериозно, нетактично или демагогски и предизвиква неодобрение, презрение.",,"[Собственикът, или какъвто е там някакъв смешен палячо, ме напсува зад гърба и да се радва, че бяха 5-6 маймуни иначе сега щеше да е някъде другаде.;Макар да е напълно безчувствен, у него са останали две неща – страхът от обречената загуба на Третия райх и болезненото осъзнаване, че е станал палячо на нацистите.;Палячо, отборът на Ботев съществува много преди Локо, Марица и Спартак. Ходи си ръси простотиите другаде.]",cds,,,noun.person,,,,,
BG1199,палячовщина,noun,[no_synset],[no_synset_lemma],"Глупава, непристойна постъпка (целяща да предизвика смях).",,"[Интелигенцията е омерзена от това, че е заместена от цялата тази палячовщина.;А Рачков с неговите палячовщина прекалява!;Другото нещо, което избожда очите ни, е наглата палячовщина на дуото Марков-Янев.]",cds,,,,,,,,
BG1718,папагал,noun,Synset('btbwn-018003409-n'),['папагал'],"Човек, който повтаря наготово чужди думи и мисли.",,"[Да, за министър Йорданова и това няма значение, важното е само да повтаря като папагал мантрата на Прокопиев, как Гешев бил прикрил Пеевски по разследването КТБ.;Стегни се, че хората те мислят за папагал.;Журналистите като папагали питаха ""с кого бихте се коалирали"".]",an,,,noun.person,,,,,
BG1694,папарак,noun,Synset('btbwn-018001080-n'),"['папарак', 'папарачка']","Фотограф, който следи и скрито снима известни личности с цел сензация, шантаж или лично облагодетелстване.",,"[Може да съм гаден папарак, но това не означава, че нямам принципи — натърти той, като гледаше втренчено Карл.;Долни папараци, не ви ли е срам да докосвате световна икона!?;Заради статута си, Дъф се опитва всячески да предпази малчуганите от светлината на прожекторите и нахалните папараци.]",pa,,,noun.person,,,,,
BG1707,паразит,noun,Synset('btbwn-018000919-n'),['паразит'],"Човек, който живее за сметка на чужд труд.",,"[Но драматичният крах на илюзиите й, разочарованието от студения егоист и социален паразит Тихов, в когото си въобразява, че се влюбва, я кара да преосмисли постъпката си и макар подир мъчителни колебания тя все пак се завръща в Русе при своя всеопрощаващ съпруг Гойчев, инак блед и невзрачен образ, но според автора олицетворение на онази душевна уравносвесеност, скромност и трудолюбие, които единствено могат да опазят хората от морална поквара или да им помогнат да се отърсят от нея, ако разложителните й процеси са започнали.;В природата по-гаден паразит от туриста няма.]",qas,,,noun.person,,,,,
BG1707,паразит,noun,Synset('btbwn-018000919-n'),['паразит'],"Човек, който живее за сметка на чужд труд.",,"[Най-сетне осъзнах, че думите му: „Ти си един гаден паразит, достоен само за изтребление“ са породени от състрадание, а не от гняв.;И нека е ясно на всички - самотните майки са огромен социален паразит.;Това не са хора, а баш долни лигави паразити , които живеят живот назаем и за разход на кислород.]",an,,,noun.person,,,,,
BG1709,паразитирам,verb,[no_synset],[no_synset_lemma],"Прен. Книж. Живея, съществувам, като използвам чужд труд; паразитствам.",,"[Някой отвън ни раздели на русофили и русофоби и паразитира като вампир върху това.;Борисов, Гешев, Цацаров и Пеевски са върхът на това мафиотско съзаклятие, а под техен контрол са все още част от тайните служби и МВР, прокуратурата и олигархичният кръг, който от години паразитира върху държавата.;От Метерних, който пръв разработва темата, до Фридрих Науман (чийто труд Mitteleuropa от 1915 г. кодифицира съвременната му употреба), самата концепция за някаква зона от Европа, наречена централна, паразитира върху проблема за германското обединение.]",qas,,,,,,,,
BG1985,парвеню,noun,Synset('btbwn-018001449-n'),"['говедо', 'простак', 'дебелак', 'чукундур', 'парвеню', 'простачка', 'простакиня', 'простакеса', 'примитив', 'байганьовец', 'дървеняк', 'фасулко', 'тутманик']","Необразован, невеж, невъзпитан, груб човек.",,"[Путин направи окончателния си избор и от парвеню се превърна в посмешище. ;В тях Сидеров казал за Халваджиян, че е контрабандист, че ограбвал българите, че манипулира и мами зрителите, че е парвеню, лъжец, а предаванията му са турлюгювечи, както и че получава пари за мръсни поръчки – за окарикатуряване на личности.;Падението на тези парвенюта е радващото, глупакът е най-хубав, когато сам разбере, че е глупак, това се случи на Колежа!]",cds,,,noun.person,,,,,
BG610,парий,noun,[no_synset],[no_synset_lemma],"Прен. Безправен, много беден човек, без собственост, към когото обикн. се отнасят с презрение; плебей.",,[По време на предизборната си кампания Байдън се зарече да превърне Саудитска Арабия в страна парий заради убийството през 2018 г. на журналиста Джамал Хашоги.],dmc,,,,,,,,
BG610,парий,noun,[no_synset],[no_synset_lemma],"Прен. Безправен, много беден човек, без собственост, към когото обикн. се отнасят с презрение; плебей.",,"[Ясно е, че Путин губи войната в Украйна, губи войната и вкъщи и е станал нещо като парий за целия свят.;Смятани за парии от другите движения, ""те ще останат затворени в своето гето"" в парламента, предсказва той.]",is,,,,,,,,
BG779,педал,noun,Synset('btbwn-018001792-n'),"['гей', 'хомосексуалист', 'хомосексуалистка', 'обратен', 'обратна', 'педераст', 'педал', 'лесбийка', 'манаф', 'манафин', 'мъжеложец']","Човек, който изпитва полово влечение към лица от своя пол и влиза в интимен контакт с тях.",,"[Теди Сап е гаден педал — натърти Делрой. — Което едва ли ще се отрази неблагоприятно на достоверността на свидетелските му показания — отвърна Бекър.;Вашите пък руски ядрени оръжия ги контрорират Китай и Иран, болен мозък, тъп педал, ха-ха-ха.;А, бе, педали, защо плюете човека, бре?! Плюйте правителството на Боко Тиквата, което се подиграва с българските работници и пенсионери!]",om,,,noun.person,,,,,
BG2016,педант,noun,Synset('btbwn-018002002-n'),"['педант', 'педантка']","Човек, който е придирчив по отношение на дреболиите или на външната страна на нещата.",,"[Серкан Болат е страхливец и педант.;Не си мислете, че вярвам на всичко, което се говори за тях, но просто баща ми е толкова голям педант, че не бих искал да влизам в спорове с него.;Но понеже съм педант, дълго се въздържах от страх, че ще се проваля, обяснява Яна.]",cds,,,noun.person,,,,,
BG1689,педераст,noun,Synset('btbwn-018001792-n'),"['гей', 'хомосексуалист', 'хомосексуалистка', 'обратен', 'обратна', 'педераст', 'педал', 'лесбийка', 'манаф', 'манафин', 'мъжеложец']","Човек, който изпитва полово влечение към лица от своя пол и влиза в интимен контакт с тях.",,"[България няма да приеме за премиер педераст.;– Ако не млъкнете, аз самият ще ви ударя едно кроше. Албърт Коснър събра цялата си смелост и каза: – И аз, педераст такъв. Каза го и усети огромно облекчение.;Сега тия три бракувани корита на руснаците от Чурно море със смешните кинжали ли са кво е там бракми ще се изнижат като бити педерасти обратно в Крим!]",om,,,noun.person,,,,,
BG1691,педерастия,noun,Synset('btbwn-004000789-n'),"['педерастия', 'мъжеложство']","Хомосексуална интимна връзка, при която единият партньор е по-възрастен мъж, а другият – по-млад.",,"[След една политическа педерастия с Николай Бареков, избухна Милчев, при което евродепутатът обяви, че ще повърне в студиото.;Днес българите изчезват, България си отива и всякакви педерастии са позволени!]",om,,,noun.act,,,,,
BG1690,педерастки,adj,Synset('btbwn-000006793-a'),"['педерастки', 'манафски']","Който се отнася до педерастия, който се отнася до педераст, който е присъщ на педераст.",,"[Така че аз продължавам да уважавам Васа Ганчева и смятам, че това е... педерастки номер!;Хайде стига педерастки номера де, кошмари ще сънува, мене, колега, като ме удари с пържола по главата да не би да сънувам, че ме ядат прасета?;В този педерастки свят подчертаването на сексуалната ориентация е задължително, защото всичко може да се случи изневиделица.]",om,,,adj.all,,,,,
BG662,педофил,noun,Synset('btbwn-018001107-n'),"['педофил', 'педофилка']","Лице, което страда от педофилия.",,"[И в град Тутракан има един гаден педофил Николай Петков Ралчев на 49 години.;Точно в този миг ми изглежда като долен педофил под прикритие...;Извратен педофил, тормозил с години деца в мрежата, докара до самоубийство 15-годишна.]",pr,,,noun.person,,,,,
BG2102,пеленаче,noun,Synset('btbwn-018001806-n'),"['бебе', 'пеленаче', 'кърмаче', 'сукалче', 'бебенце', 'бебче', 'бозайниче', 'пеленак']","Малко дете, обикновено непроходило.",,"[Тя е лично протеже на Борисов, а той мига невинен като пеленаче.;Та той е пеленаче пред дъртия пергишин Златко Стоянов.;Тъй като тв водещият до 37-ма годишна възраст живя при майка си Катето Евро, която го дондуркаше като пеленаче и се грижеше за всичко в къщата им в Кокалене, сега актьорът срещнал сериозни трудности с поддръжката на новия си дом.]",cds,,,noun.person,,,,,
BG1961,пепелянка,noun,[no_synset],[no_synset_lemma],"Прен. За злобен, зъл човек.",,"[Всички жени са зодия змия! А вътре си се деляха на подвидове. Например Мима си беше пепелянка.;Този Дремджиев се оказа голяма пепелянка.;Жената Телец – Ехидна пепелянка. Тя е женствена, самовлюбена и претенциозна.]",an,,,,,,,,
BG403,пес,noun,[no_synset],[no_synset_lemma],"Прен. Грубо. Като сказ. опред., приложение или в обръщение, обикн. във възкл. изречение. За изразяване на отрицателно отношение към човек, който се възприема като зъл, проклет, жесток.",,"[Е, какво става с тебе, мръсен пес?;Май на теб ти хлопа гнилото мозъче, пес мръсен.;""Беше наистина голям урод и заслужаваше да умре като бездомен и въшлив пес"", спомнят си „геройствата“ на пловдивската мутра местните жители.]",an,,,,,,,,
BG2078,пират,noun,Synset('btbwn-018001227-n'),"['мародер', 'пират', 'грабител', 'хайдутин', 'обирджия', 'разбойник', 'хайдут', 'хайдук', 'пиратка', 'обирник', 'разбойничка', 'грабителка', 'обирница', 'обирач', 'обирачка', 'плячкаджия', 'ограбвач', 'обирджийка', 'плячкаджийка', 'хайдукиня', 'хайдутка', 'мародерка']","Човек, който присвоява, ограбва чужд имот или труд, който се обогатява за сметка на другите, без да подбира средства.",,"[Кирил Петков и Асен Василев били ""политически пирати"", които използват президентския ореол.;Ама и там се бяха събрали едни хорица – не просто физици, а някакви пирати от висшата наука.]",re,,,noun.person,,,,,
BG317,пич,noun,Synset('btbwn-018000396-n'),"['копеле', 'пич', 'незаконородено дете', 'извънбрачно дете', 'незаконно родено дете']","Лице, което произхожда от родители, които не са свързани в законен брак.",,"[Човече, защо трябва да си толкова зъл пич?;Почти на 100% съм сигурен, че сегашните управници са дъщери, синове, внуци на онези, дето ги плюеш, пич.;Ей, щях да го убия, бе! Казвам: ""Пич, т'ва е от най-скъпите билети! Пише V.I.P. - четеш ли? К'во ме разкарвате като хаспел нагоре-надолу?!?"". И тоя: ""Аз ще ви пусна, ама няма да си стигнете до мястото, за което сте си платили..."".]",qas,,,noun.person,,,,,
BG2216,пиявица,noun,[no_synset],[no_synset_lemma],"Прен. За ненаситен човек, който експлоатира другите.",,"[Тази никаквица, която се залепи за него като пиявица , след някой и друг ден ще роди и детето й ще иска наследство.;Тези пиявици много бързо реагират, а сайтът им 3 дена не работи.;Проблемът на българския народ е, че не наказва пиявиците, затова каквато и власт да дойде, си смучат.]",an,,,,,,,,
BG2081,плагиатствам,verb,Synset('btbwn-040000112-v'),['плагиатствам'],"Представям чужди идеи, думи, съчинения като свои собствени.",,"[Съпругата на мексиканския президент обвини луксозната американска модна марка Ralph Lauren в това, че е плагиатства дизайни от коренното население на страната. ;Мария ми е много силна конкурентка, но 100% печели конкурси, защото плагиатства.]",re,,,verb.possession,,,,,
BG2082,плагиатство,noun,Synset('btbwn-010000905-n'),"['плагиатство', 'плагиаторство', 'плагиатстване']","Заимстване на част от научен труд, творба на изкуството или идея, без да е посочен източникът.",,[Че тя е долно плагиатство от това представление...],re,,,noun.communication,,,,,
BG669,племе,noun,[no_synset],[no_synset_lemma],"Прен. Хората от определено поколение, група или народност.",,"[Просто сме си мизерно племе.;За пореден път се убеждавам, че журналистите са много просто племе.;Превърна се в първобитно племе нещастното ни родно общество, пише главният прокурор.]",cds,,,,,,,,
BG1834,плужек,noun,[no_synset],[no_synset_lemma],"Прен. Човек, който угодничи, подмазва се, пълзи пред другите.",,"[И честно да ви кажа, Ати е такъв долен плужек, че чак на мен ми се приисква да го убия на моменти, особено като направи някоя от своите ехидни физиономии.;Съдбата нищо не ти поднася, ти избираш да търпиш дебелия, мързелив плужек.;Вместо да го изриташ този плужек с шутове, ще ми обясняваш какъв добронамерен българин бил - Боже Господи!]",an,,,,,,,,
BG1756,плъх,noun,[no_synset],[no_synset_lemma],"Разг. Пренебр. Със съгл. и несъгл. опред. Човек, който прекарва, стои на работното си място или някъде (посочено от определението), без да проявява достатъчно усърдие или широта, мислене в работата си.",,"[Игнатов какъв генерал си ти бе, канцеларски плъх!?;Жалко, че към Вагнер не се присъедини армията и обикновените хора и не свалиха кремълските престъпници от власт, но събитията показаха, че Путин е пътник от властта, слаб, страхлив, подъл плъх.;Това, че такива като теб са гнусни плъхове, които са склонни да стоят по дупите си и само да мърдат с носове, без да смеят да се покажат навън, не е основание да злобеете срещу хората, които искат да живеят.]",an,,,,,,,,
BG397,повлекана,noun,[no_synset],[no_synset_lemma],"Тромав и развлечен, неспретнат човек.",,"[Чуй ме добре, глупава повлекано!;Днес Елена ще ви шокира - качила е над десет килограма, запуснала се е и се движи като повлекана.;Англичаните наричат такива жени повлекани – пухкави, нос като зурла, малко грим, набръчкани чорапи, раздърпана коса, съвсем тихичка; сякаш бе доволна само да върви до Куилън и да го държи за ръката.]",cds,,,,,,,,
BG871,подлец,noun,Synset('btbwn-018000452-n'),"['мерзавец', 'подлец', 'мръсник', 'копеле', 'мръсница', 'никаквец', 'мерзавка', 'никаквица', 'калтак']","Човек, който върши или говори неприлични, неморални, непочтени неща; морално паднал, безнравствен, долен човек.",,"[Той беше долен подлец, винаги се бе държал високомерно, всячески подчертавайки превъзходството си над останалите, и постоянно бе причинявал ненужна болка на околните.;Като има деградирали подлеци да плащат на деца и да ги съсипват, така е!;Смятам, че той е подлец и интригант, но не само в играта, а и в живота.]",dmc,,,noun.person,,,,,
BG2164,подлизурко,noun,Synset('btbwn-018002534-n'),"['ласкател', 'подмазвач', 'подлизурко', 'слагач', 'слагачка', 'ласкателка', 'угодник', 'лакей', 'блюдолизец', 'мазник', 'дупедавец', 'ибрикчия', 'подлизник', 'подлизурка', 'подмазвачка', 'угодница', 'мекере', 'влечуго', 'лъстец', 'мазница']","Човек, който угажда, подчинява се на волята на някого, ласкае някого с користна цел.",,"[ДБ разпънаха на кръст Борис Бонев: ""Мишка и подлизурко!"";И за да попреча на клиентите да асоциират понятието продавач-консултант с мазен подлизурко, на когото се плаща, за да харесва всичко и да се удивява на перфектните им форми и мерки, съм си дала обет за умереност.;Рокпевицата Надя Валентинова: Борис Солтарийски от малък си беше подлизурко!]",cds,,,noun.person,,,,,
BG2166,подмазвач,noun,Synset('btbwn-018002534-n'),"['ласкател', 'подмазвач', 'подлизурко', 'слагач', 'слагачка', 'ласкателка', 'угодник', 'лакей', 'блюдолизец', 'мазник', 'дупедавец', 'ибрикчия', 'подлизник', 'подлизурка', 'подмазвачка', 'угодница', 'мекере', 'влечуго', 'лъстец', 'мазница']","Човек, който угажда, подчинява се на волята на някого, ласкае някого с користна цел.",,"[Джонсън обвинявал френския президент, че е ""подмазвач на Путин"", заяви Гуто Хари, бивш директор по комуникациите на министър-председателя, цитиран от Франс прес и БТА.;Шайката подмазвачи около него пък биха направили всичко, за да могат да продължат да грабят по програми и без програми.;Знаем баща му, известен подмазвач на Тодор Живков и виден журналист от държавна сигурност.]",cds,,,noun.person,,,,,
BG570,подъл,adj,Synset('btbwn-000000814-a'),"['подъл', 'долен', 'низък', 'гнусен', 'гаден', 'мерзък', 'мизерен', 'мръсен', 'мръснишки']","Който е безнравствен, безчестен и предизвиква отвращение, презрение.",,"[Ти си само един подъл негодник!;Тази злобна и подла жена заслужава да й масажират с бастуна главата, докато се счупи.;Подли и долни създания, тези мошеници по правило се оказваха от криминалните среди и разбираха единствено от езика на насилието: груби ругатни, преобръщане на маси, заплахи за физическа разправа... често вкарвани в действие.]",cds,,,adj.all,,,,,
BG1487,показност,noun,Synset('btbwn-007000165-n'),"['показност', 'демонстративност']","Качество или проява на показен - който се прави само за показ, за да се направи впечатление.",,"[Подобна политическа показност показва, че наследниците на британските колонизатори в Хонконг не желаят да приемат факта, че империята им отдавна я няма и декларации като тази на Джонсън и Тръс са пореден опит за намеса във вътрешните работи на Китай.;Грижата за ръцете на работещата зад бюрото жена е задължителна, но когато не е съпроводена с умереност, тя изразява стремеж към неуместна показност.;Парадирането и използването на този празник за фалшива показност не прави чест на никой политик!]",cds,,,noun.attribute,,,,,
BG405,помияр,noun,[no_synset],[no_synset_lemma],"Прен. Разг. Пренебр. За изразяване на отрицателно, пренебрежително отношение към недостатъчно изискан, възпитан или към беден или жалък човек.",,"[Чалга певицата Андреа даде шокиращо обяснение за участието си, на което бе пияна, след като преди това била ошамарена от мутра, който обиждал Кобрата с „помияр“.;Мъжът й очевидно хвърля камъка, след като разбира какво е изгубил, което ме кара да го съжалявам, защото това е постъпка на отчаян и комплексиран мъж, и това всъщност го лишава от титлата мъж и го понижава в помияр!;Щом човекът на Гешев разбрал, че държавният обвинител не иска да “клекне” и да напише каквото му се казва, в пристъп на гняв го нарекъл “помияр”.]",cds,,,,,,,,
BG1488,помпозност,noun,Synset('btbwn-007000187-n'),['помпозност'],Липса на елегантност поради прекомерни разкош и суета.,,"[Каримански нарече обещанията на ПП и съюзниците им „фасадна помпозност върху лъскава опаковка”, зад която обаче не се вижда истинското съдържание на управлението им.;Събудени посред нощ, те допускаха, че някой далечен приятел иска да се свърже с тях посредством спътниковата телефонна мрежа, пусната в експлоатация едва предишния ден, с много реклама и помпозност и предоставена на всички жители на Земята.;Зад гърба й одумват Камелия, че претендирала с излишно самочувствие и помпозност, но с пари назаем.]",cds,,,noun.attribute,,,,,
BG461,порочност,noun,[no_synset],[no_synset_lemma],Качество на порочен.,,"[Рискуваме обаче да изостанем не поради външни фактори, а поради собствената ни политическа порочност и недалновидност.;Такива ужаси, порочност и дяволски престъпления едва ли са съществували и в библейските греховни обиталища Содом и Гомор.;Тя е обществено недопустима и неприемлива заради своята очевидна порочност и силно деморализиращ ефект.]",cds,,,,,,,,
BG332,послъгвам,verb,[no_synset],[no_synset_lemma],"Лъжа, слъгвам по малко или от време на време.",,"[Христо Хинков май обича да послъгва.;Първо, колегата послъгва, поне частично.;Солидаризирам се с изразените мнения, че Василев в този случай малко послъгва.]",qas,,,,,,,,
BG1441,посредствен,adj,Synset('btbwn-000002699-s'),"['посредствен', 'безличен', 'среден']","Който не се отличава с изключителност, с талант.",,"[Стига сте му правили реклама на тоя посредствен лигльо.;Асен Блатечки играе призрака на самия себе си, изпълзяващ от мониторите на нищо неподозирщите интернет потребители, за да ги измъчва до смърт с ужасно посредствените си театрални изпълнения на Хамлет.;Ситуацията около британския премиер Борис Джонсън, който според съобщения в медиите може да подаде оставка в близко бъдеще, се превърна в естествен резултат от наглост и посредствена политика.]",cds,,,adj.all,,,,,
BG751,похот,noun,Synset('btbwn-012000140-n'),"['страст', 'похот', 'сладострастие', 'сластолюбие']",Силно и грубо полово влечение.,,"[Това е един покварно-заразен, своеобразно-динамичен, вакханално-оргиен гей-парад на низките страсти и жарката мъжка похот!!!;Ако имаме проблем с похотта, заобикалянето му нищо няма да реши.;Но сега, на екрана, сребристите очи светеха с нескрита женска похот.]",svp,,,noun.feeling,,,,,
BG1665,похотлив,adj,Synset('btbwn-000002738-s'),"['сладострастен', 'похотлив', 'сластолюбив']","Който е обхванат от похот, който проявява или изразява похот.",,"[Похотлив мъж на средна възраст дори успя да заснеме незабравимото пътешествие в метрото, докато тя бутала в лицето му дупето си.;Една година по-късно Лари Крейг, американски сенатор и антигей активист, е арестуван заради похотливо поведение в мъжка тоалетна.;През 1908 г. при едно от поредните си странствания из студения декемврийски Лондон на излизане от някакъв бардак, където похотливият писател отново не е успял да задоволи сексуалния си глад, Уелс съвсем случайно се запознава с младата Амбър Рийвс.]",svp,,,adj.all,,,,,
BG748,похотливост,noun,[no_synset],[no_synset_lemma],"Качество на похотлив; сладострастност, сладострастие, сластолюбие.",,"[Но той не я чу, беше пиян, беше луд, увлечен от страст, по-разкъсваща от глада, възбуден от алкохола, от непобедима мъжка похотливост на човек, който от два месеца е лишен от всичко и който е млад, опиянен, пламенен, изгарян от всичката страст, която природата е внедрила в здравата мъжка плът.;В случая Ханкс играе дребния тексаски конгресмен от 80-те Чарли Уилсън - човек с несериозно поведение, леко прекомерна похотливост и любов към красивите жени с нисък морал.;БТВ, БНТ и Нова, Евроком и ТВ1 щяха да излъчват денонощно дискусии на тема: премиерската похотливост и престъпното обсъждане на държавни дела на маса в чужбина.]",svp,,,,,,,,
BG693,празна работа,noun,[no_synset],[no_synset_lemma],Прен. Само ед. Разг. Несериозна работа.,,"[Енергията от слънцето е бошлаф (празна работа), от вятър е по-възможно.;Изборите са празна работа.;Съвременниците му разказват, че е останал до края на живота си ерген, тъй като вече смятал брака за празна работа.]",qas,,,,,,,,
BG1272,празнодумец,noun,Synset('btbwn-018000771-n'),"['дърдорко', 'дрънкало', 'бъбривец', 'бърборко', 'бъбрица', 'бъбривка', 'дърдорка', 'фразьор', 'фразьорка', 'цапало', 'лапацало', 'празнодумец', 'лаладжия', 'лаладжийка', 'дървен философ', 'празнословец', 'фарфара']","Човек, който обича много да говори.",,"[Този пелтечещ празнодумец кога ще поведе хората на протест с искане за по-високи доходи и МРЗ-50% от средната?;Как го търпи жена му такъв празнодумец.;Празнодумци, тогава агитирахте за СДС, Сега който ви плаща за това - ГЕРБ!;Този празнодумец и некадърник усеща, че облаците се струпват над главата му заради отчайващите резултати.]",cds,,,noun.person,,,,,
BG398,прасе,noun,[no_synset],[no_synset_lemma],"Прен. Грубо. За изразяване на възмущение (обикн. при обръщение) от някого, който се е изцапал, измърсил или яде неестетично.",,"[Не ти плащам да я зяпаш по цял ден, прасе такова!;Това, че си тъпо прасе и не разбираш българския език, е едно на ръка, ама поне помисли логически как нещо закрито минава от териториален на ведомствен принцип.;Че миряните сме си прасета, не е новина.]",an,,,,,,,,
BG1131,прахосник,noun,Synset('btbwn-018002371-n'),"['разсипник', 'прахосник', 'прахосница', 'разсипница', 'разваликъща', 'развейпрах']","Човек, който прахосва, разсипва неща, ресурси, средства, който не припечелва, не допринася, който не пести пари, средства, време.",,"[Председателят на Европейския съвет Шарл Мишел е най-големият прахосник сред еврократите, като не само харчи милиони евро за пътувания за щяло и нещяло, но и замърсява страхотно атмосферата с използваните от него дори на къси разстояния баровски самолети.;Още докато е бил в утробата, майката на Франсоа Готие го заклева да не бъде като баща си - изключителен прахосник. ;Да обвиняваш други в разхищения, когато ти си най-големият прахосник?]",qas,,,noun.person,,,,,
BG2411,предател,noun,Synset('btbwn-018000660-n'),"['предател', 'предателка', 'изменник', 'изменница', 'издайник', 'издайница', 'издател', 'издателка', 'отстъпник', 'отстъпница', 'издадник', 'издадница', 'юда', 'искариот']","Човек, който нарушава верността си, предаността си към някого или нещо, изменя на някого или на нещо.",,"[Путин е предател на християнския свят.;Това са хора - предатели, които продават родината си за няколко стотин долара месечно!;Но Димитър Общи - най-големият и най-долният предател в българската история, не е българин.;Забелязан бил и архиепископ Стефан, глава на канонично непризнатата Македонска православна църква, който неотдавна нарече Спаска Митрова и македонските българи ""отпадъци, предатели и изроди"".;Но малкият предател, какъвто е бездуховното същество, за което говорим, може и да няма съвест, по това именно личи ръстът му.]",re,,,noun.person,,,,,
BG2131,прелюбодеец,noun,Synset('btbwn-018000305-n'),"['кучка', 'курва', 'блудница', 'развратница', 'развратник', 'блудник', 'чапкънин', 'прелюбодеец', 'чапкън', 'курвар', 'стерва', 'шафрантия', 'курварин', 'прелюбодейка', 'гювендия']","Развратен човек, отдаден на разврат, на безразборни и многобройни полови контакти.",,"[Пам от „Ергенът"" се оказа прелюбодейка!;Тъй като това беше малко използван маршрут към и от имението Видикас, два пъти дневно в определено време за кухненските доставки, Чалис беше свикнала да прибягва до него с цялото лукаво изящество на палава прелюбодейка, в каквато се бе превърнала.;Благой Георгиев, половинката му Христина и малката им дъщеричка Йоана напускат България, хвърли бомбата футболистът прелюбодеец.]",svp,,,noun.person,,,,,
BG1503,преписвач,noun,[no_synset],[no_synset_lemma],"Неодобр. Човек, който написва и представя за свое произведение, литературна творба, научен труд, отделна теза, идея и др., което в действителност е заимствал от друг; плагиатор.",,"[Нищо чудно и родните преписвачи след време да поемат ангажимент и ни присъединят към тази толерантност.;Ваташки разобличи пред журналисти и друг преписвач, неговата колега Галя Йорданова.;Ей, преписвач, пак ли не можа сам да си го напишеш? Жалко.;Ако сте били на лекция на проф. Иван Стоянов, едва ли бихте го нарекли ""преписвач""!]",re,,,,,,,,
BG1005,преструвка,noun,[no_synset],[no_synset_lemma],"Лицемерна проява на фалшиви, неистински чувства и мисли.",,"[Но той е толкова красноречив, че загърбването му би било лицемерна преструвка на уж-обективен разбор.;Пътуващите артисти нямат много време за излишни преструвки.;Учениците усещат и най-малката преструвка и са безмилостни, ако надушат нещо такова.]",dmc,,,,,,,,
BG359,престъпник,noun,Synset('btbwn-018002317-n'),"['престъпник', 'престъпничка', 'престъпница', 'закононарушител', 'закононарушителка', 'правонарушител', 'правонарушителка', 'законопрестъпник', 'законопрестъпница']","Човек, който е извършил престъпление, закононарушение.",,"[После да разправят, че Манол Велев бил гаден престъпник.;Този - освен долен престъпник, откровен мошеник и хулиган, е и много жалък лъжец!]",re,,,noun.person,,,,,
BG709,пречка,noun,Synset('btbwn-009000077-n'),"['препятствие', 'пречка', 'спънка', 'стена', 'преграда', 'бариера', 'заслон', 'сито', 'преградка']","Нещо, което възпрепятства, което пречи и трябва да се преодолее за извършването, осъществяването на нещо.",,"[Ще го кажа направо - изглежда човекът вече не те обича и за него ти си пречка.;Решил да кара бързо, нека кара, на тебе какво ти пречи, по-скоро ти си пречка.;Той е пристрастен към секса, а Вие сте пречка за това.]",cds,,,noun.cognition,,,,,
BG98,придатък,noun,[no_synset],[no_synset_lemma],"Нещо, което е лишено от самостоятелност, напълно е зависимо от нещо друго и е прикрепено към него.",,"[Ексвътрешният министър не се съгласи с констатациите на наследника си на поста Цветлин Йовчев за възможно задълбочаване на дестабилизацията у нас, ако има предсрочни парламентарни избори. МВР, коментира той, се превръща в политически придатък към определена политическа формация.;Не само синодните структури, но дори Св. Синод и Архиерейският събор, които според същия устав на РПЦ стоят над патриарха, станаха безволеви придатъци, декорация на неговата абсолютна власт.;България или ще влиза в цивилизования Европейския съюз, или ще бъде придатък на натовското лоби в Брюксел, което залязва закономерно.;Руснаците, когато пожелаят, могат да съборят у нас всяка банка. Руснаците са превзели ДАНС, изобщо цяла България. Руски придатък сме. Русия е свръхмощна.]",dmc,,,,,,,,
BG2023,пройдоха,noun,Synset('btbwn-018001712-n'),"['безделник', 'безделница', 'лумпен', 'нехранимайко', 'хаймана', 'непрокопсаник', 'пройдоха', 'вагабонтин', 'хаирсъзин', 'бараба', 'хайта', 'панта', 'обесник', 'капасъзин', 'вагабонт', 'багабонтин', 'багабонт', 'непрокопсаница', 'обесница', 'нехранимайка', 'нехранимайковец']","Човек, който не работи, не желае да работи и води празен живот, обикновено поради леност, мързел.",,"[Петко бил известен като типичния бохем – симпатичен пройдоха и любител на чашката, който вдига наздравици още от ранни зори.;Да си призная, и аз се постреснах, нали го видях, че си е чист пройдоха!;Сега нямам търпение да видя гърба на мързеливия, манипулативен пройдоха със заплата от 350 хиляди паунда на седмица.]",dmc,,,noun.person,,,,,
BG1751,пропагандатор,noun,Synset('btbwn-018002377-n'),"['агитатор', 'пропагандатор', 'пропагандист', 'агитаторка', 'пропагандаторка', 'пропагандистка']",Който се занимава с пропаганда.,,"[Дискусия в СЕМ за цензурата: Волгин не е журналист, а пропагандатор.]",re,,,noun.person,,,,,
BG1750,пропагандист,noun,Synset('btbwn-018002377-n'),"['агитатор', 'пропагандатор', 'пропагандист', 'агитаторка', 'пропагандаторка', 'пропагандистка']",Който се занимава с пропаганда.,,"[Томчев допълва в писмото си, че в случая не нарушава колегиалната етика, защото Петър Волгин не му е колега журналист, а пропагандист.]",re,,,noun.person,,,,,
BG1087,прост работник,noun,[no_synset],[no_synset_lemma],"За човек — който е като много други от същото съсловие, професия, като по-голямата част от населението, без ръководна роля в обществото; обикновен, редови.",,"[За заплатите няма да говорим - един прост работник получаваше поне два пъти повече от кой да е висшист, учил години наред.;Влезе в къщата заслепен от това, което бе видял и сторил, забравил, че е един прост работник в този дом.;Говориш доста добре за прост работник, момче! – какъв арогантен тип, помисли си Кристофър.;Искам да съм защитник на италианския народ. Не ме бива много в писането, аз съм прост работник. Синовете ми постигнаха много повече от мен.]",pa,,,,,,,,
BG1086,прост служител,noun,[no_synset],[no_synset_lemma],"За човек — който е като много други от същото съсловие, професия, като по-голямата част от населението, без ръководна роля в обществото; обикновен, редови.",,"[Накрая ще свърши като прост служител на бензиностанция някъде в Арканзас.;Ти си един прост служител на каса - не си придавай важности, моля!]",pa,,,,,,,,
BG963,простак,noun,Synset('btbwn-018001449-n'),"['говедо', 'простак', 'дебелак', 'чукундур', 'парвеню', 'простачка', 'простакиня', 'простакеса', 'примитив', 'байганьовец', 'дървеняк', 'фасулко', 'тутманик']","Необразован, невеж, невъзпитан, груб човек.",,"[Фактът, че си споменат в няколко коментара от различни хора като простак, е красноречив и би трябвало да е сериозен повод за самооценка на всеки себеуважаващ се човек.;Само простаците говорят на маса!;Колтуклиева ядосано: Какъв простак и нещастник като Кошлуков трябва да си, за да говориш така извратено и да иронизираш паметта на президента Желев?!]",ddp,,,noun.person,,,,,
BG1341,проститутка,noun,Synset('btbwn-018001172-n'),"['проститутка', 'компаньонка', 'уличница', 'кокотка', 'шантонерка']","Жена, която се отдава на мъже за пари.",,"[Не мога да си намеря място от гняв към тази долна проститутка!;Той разказва как е започнала връзката му с Азис, защо са се скарали и въпреки интернет войната между двамата, в която Азис го нарече ""мъжка проститутка"" твърди, че са останали приятели.;Общото между Златка и Алисия е не само това, че двете се карат заради мъжа на фолкпевицата – Валери Божинов. Но и по-печалното е, че се наричат една друга проститутки!]",pr,,,noun.person,,,,,
BG1334,проституция,noun,Synset('btbwn-004000683-n'),"['проституция', 'проституиране']","Занятие, дейност на проститутка (жена, която продава тялото си, отдава се на различни мъже срещу заплащане).",,"[Днес любовта не е ценност, а чиста проституция.;Връзките между младите не са нищо друго освен проституция, защото жените очакват да им се плаща всичко.]",pr,,,noun.act,,,,,
BG2383,просяк,noun,Synset('btbwn-018001775-n'),"['просяк', 'просек', 'просякиня', 'просекиня']","Човек, който проси и живее от подаяния, от милостиня.",,"[Така се облякъл като просяк - с мръсни и одърпани дрехи, сложил качулка и отишъл в Спешното отделение.;Направиха ни нация от просяци, сега внасяме и доматите, които нашите баби едно време отглеждаха.;Друг проблем е качването на мръсни и миришещи цигани и просяци, за което нито полицията, нито контрольорите правят нещо, което допълнително отблъсква пътниците.;През ноември 1900 г. умира от менингит на 46-годишна възраст, беден като просяк и забравен от всички.]",is,,,noun.person,,,,,
BG2267,противен,adj,Synset('btbwn-000001725-a'),"['неприветлив', 'отблъскващ', 'неприятен', 'гаден', 'противен', 'неприветен', 'гадък']","Който буди неудоволствие, не се харесва, който не е приятен за сетивата, ума или чувствата.",,"[Така узнах, че евреи и професионални престъпници са съсипали райха, че никой не е побеждавал Германия на бойното поле, и че работникът, ако отказва да се подчини, трябва да бъде смятан за опасен и противен нисш човек, за паразит, за въшка, която в краен случай просто може да бъде смачкана. ;Тази крадлива гадина да се маха от екрана. Един от най-противните, крадливи политици и като капак и предател.;Появява се Неделчо Богданов и нивото на форума рязко спада. По-глупавите веднага се опълчват против противната фигура и попадат в капана на идиотщините му.]",cds,,,adj.all,,,,,
BG2028,противоестествен,adj,Synset('btbwn-000001523-a'),"['противоестествен', 'неестествен', 'нетипичен', 'необичаен', 'ненормален', 'анормален']","Който се различава от нормата, от общоприетото правило.",,"[Този противоестествен акт на жестокост е престъпление, което трябва да бъде заклеймено от всички нас, заявява българският държавен глава.;Отново бързаше да стане роб - роб на богатството, роб на противоестествените излишества, роб на покварени приятели, роб на робите си.;Крайно необходимо е човек да се избави от противоестествените желания, които са пречка за развитието на личността.]",qas,,,adj.all,,,,,
BG728,професор,noun,[no_synset],[no_synset_lemma],Прен. Разг. Човек с големи познания в дадена област.,,"[Тоя миндьовец (демек, селянин от с. Миндя) се изаква по всяка тема - голям ""професор"" се извъди. ;Шибаният професор не знаеше нищо за Хейвънс.;Големи професори сте всички.;Ма, големи професори сте, бе.]",pa,,,,,,,,
BG659,псе,noun,[no_synset],[no_synset_lemma],"Прен. Зъл, злобен човек.",,"[Отново доказах на всички, че съм едно лъжливо псе, което не може да покрие с факти говната, които изсира.;Този път Катя изглеждаше като пребито псе и със сълзи ме умоляваше да й простя.;Каква европейска комисия бе, лъжливо псе?]",an,,,,,,,,
BG1513,псевдо-,noun,[no_synset],[no_synset_lemma],"Първа съставна част на думи, която има значение мним, лъжлив, напр. превдокултура, псевдофилософ, псевдонаука и др.",,"[Татяна Буроджиева, псевдополитолог, псевдофилософ, псевдополитик, но това не е важно, важни са парите!;Стига с тази псевдоактриса!;Него трябва да четат германците, а не гнусотиите на Тома Аквински, на онзи дебелокож псевдофилософ, който преди да изтърси някоя доктрина, трябвало най-напред да се наплюска до припадък.]",qas,,,,,,,,
BG2352,птица,noun,[no_synset],[no_synset_lemma],"Прен. Разг. Ирон. Обикн. в съчет. с прил. с т р а н е н, р я д ъ к. За означаване на човек, който се отличава, прави впечатление с някакви необичайни, странни качества или прояви.",,"[Евгени Генчев наистина е странна птица.;Клаева според Д. беше особена птица - тя мълчеше, сякаш езикът в устата й тежеше тон.;Хемингуей е странна птица и дори някогашните приятели биха потвърдили точно това, той преживява всеки един свой герой, а те във времето си не са никак малко.]",an,,,,,,,,
BG201,публичен дом,noun,Synset('btbwn-006002574-n'),"['публичен дом', 'бордей', 'бардак', 'вертеп']","Помещение, сграда, място за организирана проституция.",,"[ГЕРБ показа, че има голям шанс да спре възприемането на политиката като публичен дом, в който курвите се сменят на 4 години, каза Москов.;Ние спа-център ли сме или публичен дом?;Единствен опонент на разврата на този публичен дом е семейството на народните партии, като в Германия това са християн-демократите в дългогодишно партньорство със социал-християнския съюз.]",pr,,,noun.artifact,,,,,
BG909,путка,noun,[no_synset],[no_synset_lemma],"Обида за жена, охарактеризираща я като тъпа, загубена, смотана или дразнеща и неприятна; обикновено с негативен епитет отпред. Донякъде развнозначно на „патка“.",,"[Ама, путко заспала, кьорава ли си, че този руски шпионин - вербуван във ВИИ от емигрантите от Русия - Павлидис, Цокович и Кичович, разпарчетоса спорта на България, раздаде го под масата, а след това, след като изнесоха парите, затвориха промишлеността и ... прогониха българите да си търсят прехваната по света! ;Ти си тъпа путка, с която не бих искал да си имам работа.;Тъпа путка си ти, която тъпо ме гледа с очи.]",asf,,,,,,,,
BG2443,путка,noun,[no_synset],[no_synset_lemma],"Обида за мъж – охарактеризираща го като немъжествен, слабохарактерен, мекушав, нерешителен, страхлив.",,"[Май наистина си путка, щом търпиш гаджето си да ти се качва на главата.;Ама нищо, Вие сте си путка и ще се репчите като путка, само когато имате повече хора зад себе си.;Гледаш го – уж мъж, а се свива при всеки по-силен глас. Пълна путка – няма мнение, няма топки, само мънкане и угодничене.]",cds,,,,,,,,
BG226,разбойник,noun,Synset('btbwn-018002364-n'),"['палавник', 'палавница', 'лудетина', 'пакостник', 'немирник', 'немирница', 'непослушник', 'палавец', 'палавка', 'пакостница', 'непослушница', 'халосник', 'халосница', 'лудньо', 'разбойник']","Буйно, непослушно дете.",,"[Крадях кренвирши, бисквити и дъвки, голям разбойник бях, казва актьорът. Малко след като завършил училище, звездата на родното кино Асен Блатечки за една бройка щял да стане бодигард на шефа на ВИС-2 Жоро Илиев.;Той съвсем не е бил примерен и прилежен ученик, напротив – голям разбойник и побойник.;Ясно е защо - където разбойничеството не се наказва от властта - значи властта се управлява от разбойниците.]",re,,,noun.person,,,,,
BG2426,разбойничество,noun,Synset('btbwn-004001327-n'),"['бандитизъм', 'разбойничество', 'бандитство', 'хайдуклук']","Дейност, проява на бандити, разбойници.",,"[Лепкавата мараня от празни обещания и мрачно бъдеще, която изтича от Народно събрание, просмуква държавата с корупция, контрабанда и държавно разбойничество.;Тоталната кражба, тоталната далавера, тоталното престъпление, тоталното разбойничество, тоталната лъжа и т.н. носят едно-единствено име: комунизъм.]",re,,,noun.act,,,,,
BG1664,разврат,noun,Synset('btbwn-004001638-n'),"['блудство', 'разврат', 'безпътство', 'разпътство', 'разпътие', 'блуд', 'блудодейство', 'разгул']",Разпуснатост в половия живот.,,"[Ах, Рюте...благодарение на изперкали джендъри като теб, затънали в гей паради и разврат, ще ни заливат потопи.]",svp,,,noun.act,,,,,
BG2444,разврат,noun,Synset('btbwn-007000711-n'),"['развала', 'разврат', 'поквара', 'деморализация']","Пълна морална разруха, пълно пренебрегване на нравствените ценности,  принципи от страна на обществото или на отделно лице.",,"[Гледам разврата на хората от екрана на телевизора, слушам новините за тревожни събития и като налагам двете рисунки, се питам – нашият търпелив Баща изпраща ли вече втори потоп, или изчаква вразумлението ни?;Животът й е низ от евтини удоволствия, случайни мъже и безкрайна нужда от внимание – истински символ на безсрамен разврат, в който не остана ни капка достойнство или самоуважение.;Това, което наричат ""освободен начин на живот"", всъщност е отвратителен разврат, маскиран зад фалшиви усмивки и евтини оправдания. Цялото им поведение крещи за липса на морал, сякаш с гордост се надпреварват кой ще падне по-ниско.;Целият им дом е бърлога на разврата - събрани са там всякакви долнопробни същества.]",pr,,,noun.attribute,,,,,
BG1315,развратен,adj,Synset('btbwn-000001970-s'),"['порочен', 'покварен', 'развратен', 'безнравствен', 'деморализиран', 'развален']","Който е без морални принципи, който е склонен към пороци.",,"[Развратен пастор в срамна тройка на олтара, арестуваха го.;Разхайтен, развратен и разглезен младеж.;Мъжете предпочитат развратни жени, защото почтените са доста скучни.;Изключително чаровен - както за мъжете, така и за жените. За лудите му и развратни партита е говорел цял Париж.]",re,,,adj.all,,,,,
BG429,развратник,noun,Synset('btbwn-018000305-n'),"['кучка', 'курва', 'блудница', 'развратница', 'развратник', 'блудник', 'чапкънин', 'прелюбодеец', 'чапкън', 'курвар', 'стерва', 'шафрантия', 'курварин', 'прелюбодейка', 'гювендия']","Развратен човек, отдаден на разврат, на безразборни и многобройни полови контакти.",,"[Дърт развратник! — каза тя. — Е, хайде сега. Не знаеш ли, че дори на свещеника е позволено да прочете менюто по време на Велики пости — каза Хари с лека усмивка и седна недалече от Марта.;Ти си най-големият развратник и кръвосмесител.;Остарелият развратник е като бясно кастрирано куче.;Един гениален развратник, като Фройд, е достигнал дотам, че да вижда сексуални влечения в привързаността на едно бебе към неговата майка.]",dmc,,,noun.person,,,,,
BG2445,развратник,noun,Synset('btbwn-018000925-n'),['развратник'],"Безнравствен човек, неморален в поведението си и в отношенията си с хората.",,"[Някакви развратници (вероятно от Министерството и БАН) решили, моля ви се, да преместят изучаването на Ренесанса от 10 в 8 клас и по този начин да осквернят невинните детски души с откровената тосканска порнография ""Декамерон"".;През 1651 г., двайсет и една годишна, тя се омъжила за Антоан дьо Бринвилие, барон дьо Нурар, който се оказал комарджия и развратник.;Той е военен, но ще бъде в цивилни, дънкови дрехи. Голям развратник е, сама ще се убедите в това. Но въпреки всичко ще се влюбите в него!]",pr,,,noun.person,,,,,
BG1516,развратност,noun,[no_synset],[no_synset_lemma],"Качество на развратен; поквара, безнравственост.",,"[И това, за което всички знаят, е само малка част от дивата развратност и морален упадък, които всъщност се случват.;Да дойдете тука и да ми дрънкате за развратността на баща ми и за някаква стара кавга между него и вашия баща, да ми блеете за измислени мои пиратски деяния и личния ми начин на живот като основателна причина да не мога да се оженя за сестра ви, докато истинското съображение, което имате на ум, истинският подтик за вашата враждебност не е нищо друго, освен въпроса за няколко жалки лири годишен доход, който ви преча да си присвоите!;Вашата развратност стига до там, че да придавате на Бога на Библията качества според човешки норми, категории и стандарти.;Отделно на цялата тая развратност и разгулност, ще организираме сбирка на летището, където ще можем да си измерим комплексите и размерите на фалосите. Изключително много държа да карате пияни, инак няма да се гоня с вас!]",svp,,,,,,,,
BG1047,развъдник,noun,[no_synset],[no_synset_lemma],"Място, благоприятно за размножаване в голямо количество и за обитаване на насекоми, влечуги, земноводни и под.",,"[Станахме развъдник на простотия.;Това училищата са най-големия развъдник на тези вируси, но понеже някой е свикнал друг да му гледа детето, всички трябва да страдаме.;В момента, в който позволим на тези гестаповци да определят кой може и какво може да се говори в университетите, висшите ни училища ще станат буквално развъдници на въпросните политически сили, което е всичко друго, но не и демократично.;Понеже нямат сили (въображение, късмет, помощ свише – anything) да избягат от този ""развъдник за живуркане"", те могат само все повече да затъват в него.]",qas,,,,,,,,
BG1995,размирник,noun,[no_synset],[no_synset_lemma],"Остар. Немирник; палавник, непослушник.",,"[Развратен размирник с, говори се, дълга поредица завоевания и от двата пола, пияница, гуляйджия, наркоман, всичко това допринася към подчертано не-добрата му репутация.;Само че, кой би търпял такъв вироглав размирник .;Мартин беше размирник по рождение, разглезен и егоист.;""Вук и Нада. Твърдоглавите приятели"" показва на двете деца как е възможно да се скарат двама най-добри приятели. Главните размирници са баща им и съседът Влада.]",re,,,,,,,,
BG1152,ратай,noun,Synset('btbwn-018001269-n'),"['слуга', 'слугиня', 'прислужник', 'прислужница', 'прислужничка', 'ратай', 'ратайка', 'ратайкиня', 'измекяр', 'измекярин', 'измекярка', 'аргат', 'аргатин', 'аргатка']","Човек, който е нает срещу заплащане да служи някому в домашна, полска или друга работа.",,"[Тя имаше дете от Виктор Льокок, прост ратай в чифлика на родителите й, изгонен заради тази негова постъпка.;Характерното за олинклузив индустрията е, че превръща хиляди българчета в ратаи на минимална заплата, като в същия момент убива дребния и средния бизнес, ресторанти, семейни хотели, къщи за гости.;Интересното е, че евентуалният премиер от ИТН Петър Илиев е ""ратай"" в ложата на бившия главен прокурор Сотир Цацаров.;Това, че с влизането в ЕС народите на източна Европа, най- вече българите, станаха ратаи на западните господари и капиталисти, е факт.;Ако израелска фирма купи предприятието, знаете ли какво означава това? Те ще изхранват Европа. Ние ще сме ратаи. А останалите земевладелци ще са зависими от водата.]",is,,,noun.person,,,,,
BG1295,реакционер,noun,Synset('btbwn-018003342-n'),"['реакционер', 'мракобесник', 'мракобесница', 'обскурант', 'обскурантка', 'реакционерка']",Човек с назадничави и противонаучни убеждения.,,"[Жалко, че един проникновен изследовател на комунизма говори като перестройчик, превърнал се след личното си и лично перестройство в реакционер!;В зората на пандемията можем да бъдем сигурни, че фашисти и реакционери ще се стремят да мобилизират отряди за (расова, национална, икономическа) чистота, пречистване, паразитизъм и замърсяване, за да наложат своите дългоподхранвани мечти върху реалността.;""Конфликтът със Запада превърна Путин в реакционер"", смята журналистът Георгий Бовт.]",pa,,,noun.person,,,,,
BG1580,ревнив,adj,Synset('btbwn-000000794-s'),"['завистлив', 'ревнив']","Който завижда на успехите на другите, болезнено желаейки да бъде над тях.",,"[Импулсивен, емоционално нестабилен, ревнив психопат е извършил убийството в Русе.;Тя е неуравновесена, ревнива кучка.;Емилия е злобна, ревнива и завистлива.]",qas,,,adj.all,,,,,
BG2408,ренегат,noun,Synset('btbwn-018002383-n'),"['отстъпник', 'отстъпница', 'ренегат', 'ренегатка']","Човек, който е изменил убежденията си, отрекъл се е от политическите си възгледи и е преминал на страната на противника.",,"[Николай Джагаров: Нинова е политически ренегат и няма да бъде избрана за председател на БСП. ;Искаш да кажеш, че щом като ти си един обществен ренегат, нормите не важат за теб? – той задаваше въпросите си иронично, в контраст на нейният спокоен изказ.;От дърти ренегати, мутри, бивши ДС-та и комсомолци няма какво друго да чакаме.]",is,,,noun.person,,,,,
BG426,рогоносец,noun,Synset('btbwn-018000586-n'),['рогоносец'],"Мъж, чиято жена му изневерява.",,"[Рогоносец спипа на калъп жена си и кмета на Ветрен и ги пусна на живо във Фейсбук.;И двете групи получиха подкрепа – от една страна, придружителите на разгневения рогоносец, от друга, художникът Женер Аугусто, който си хапеше устните от ярост, и търговският пътник, чиято предпазливост го бе принудила да изостави партньорката си в танците, докато непознатото момиче беше направило онова, което той трябваше да направи.;Палавата Богданска и отмъстителният рогоносец , в когото отново се прави на влюбена, едва ли ще останат заедно след формата, но важното е в къщата мир да има.]",cds,,,noun.person,,,,,
BG2423,ромски,adj,Synset('btbwn-001000517-a'),"['ромски', 'цигански', 'мангов']","Който е на или е характерен за роми, цигани, свързан е с тях, с културата или езика им.",,"[Явно и там хората страдат от ромски номера.;Какъв е този ромски манталитет у Вас, господине? Прилича ли Ви такъв изказ?]",ps,,,adj.pert,,,,,
BG2138,ряпа да яде,noun,[no_synset],[no_synset_lemma],"Разг. Употребява се за изразяване на пренебрежително отношение към някого или нещо, за означаване, че някой (нещо) е твърде незначителен пред друг, от когото се възхищаваме.",,"[Благоевградска общинарка нажежи страстите до червено с палава снимка, Моника Белучи ряпа да яде!;В САЩ цари тотална цензура, Сталин ряпа да яде.;За сметка на това пък по Трактора, Серьожа, Костов, Царя, и общо-взето всички останали политици (без Доган) се лее такава помия, че Бай-Ганьовия вестник ""Народно величие"" ряпа да яде.]",or,,,,,,,,
BG721,самодоволство,noun,Synset('btbwn-012000132-n'),['самодоволство'],"Душевно състояние на човек, който е изпълнен с доволство от себе си.",,"[Сега откри, че все пак не скърца със зъби от погледите на ""развратните дъртаци"". Когато усещаше възхищението или направо разпалената им похот, не отвръщаше с неприязън, а се изпълваше със самодоволство.;Руският ад, който според него само един руснак е в състояние да разбере, е все пак за предпочитане пред руското самодоволство.;Твоята суета и самодоволство те погубиха, изчадие такова. Истинският шлем винаги е със забрало.]",qas,,,noun.feeling,,,,,
BG68,самолюбие,noun,Synset('btbwn-012000148-n'),"['самолюбие', 'честолюбие', 'гордост', 'амбиция']","Силно проявено чувство на чест, което не позволява да се понасят обиди и оскърбления.",,"[Консуматорските реклами ни промиват мозъците в индивидуалистично и егоистично самолюбие.;Да пренебрегна детинското самолюбие и да му кажа да си завре ревизията отзад.;С изящен дърварски хумор и мутрафонски слог, набъбнал от самолюбие , велемощен, обкичен с инсигниите и регалиите на властта. Ехидничък такъв. Лукав.;Ахил е наказан чрез смъртта на своя приятел Патрокъл за прекомерното си самолюбие и честолюбие, което го кара да постави въпроса за даровете, които получава във войната, по-високо от интересите на войската и колектива, по-високо от общото благо.;О, окаянство! О, слепота! О, мръсно самолюбие ! О, нелюбов към Бога и ближния! Та нали в лицето на ближния е Бог - а нас ни се свиди да дадем на Самия Бог от Неговите дарове!]",cds,,,noun.feeling,,,,,
BG2117,самомнителен,adj,Synset('btbwn-000001813-s'),"['високомерен', 'надменен', 'надут', 'горделив', 'горд', 'важен', 'самомнителен', 'наперен', 'нафукан']",Който показва или проявява презрително или пренебрежително отношение към хората.,,"[Как иначе да се обясни мълчанието между тези шестстотин души, надути, намръщени, недоверчиви, сякаш изпълнени със самомнително презрение един към друг.;Джефри Чосър в ""Кентърбърийски разкази"" е оставил един забележителен образ на горделивия и самомнителен петел Шантиклер.;Просто трагичен, самовлюбен, самомнителен чичко. Да. Такава е цялата Църква през вековете.;Този самомнителен мухльо ще си изприкаже и червата.]",cds,,,adj.all,,,,,
BG532,самомнителност,noun,Synset('btbwn-007000258-n'),"['надменност', 'важност', 'арогантност', 'високомерие', 'гордост', 'горделивост', 'самомнителност', 'надутост', 'напереност', 'нафуканост']",Презрително или пренебрежително отношение към другите.,,"[Оплакват се от неговата самомнителност, а всъщност допринасят за нея.;Те въплъщават черти, които тя усеща в себе си и които я отвращават – изначална подлост, самомнителност, малодушие и нечестност на дребно.]",cds,,,noun.attribute,,,,,
BG550,самонадеяност,noun,Synset('btbwn-009000087-n'),"['самоувереност', 'самонадеяност']","Голяма или прекалена вяра в собствените сили, възможности и други.",,[Подвела го била генералската самонадеяност и т. н.;С луда самонадеяност и осъдителна дързост те са си присвоили правото да коментират въпросната привилегия.;В този случай се касае за престъпна самонадеяност.],cds,,,noun.cognition,,,,,
BG442,самохвален,adj,[no_synset],[no_synset_lemma],Който обича да хвали сам себе си.,,"[Един самохвален писател нападна едно кротко ТВ шоу, докато масовата аудитория следеше други грозни скандали. ;В интервю за списанието тя казва: ""Не харесвам самохвални и егоцентрични мъже."";Много се ядосах, затова зарязах самохвалните му глупости и се зачетох в съветите на човек с никнейм Oracle.;Защо толкова много гласоподаватели от работническата класа избраха егоистичен, обидчив, капризен, лъжещ, нарцистичен, самохвален мегаломан за президент?]",cds,,,,,,,,
BG445,самохвалко,noun,Synset('btbwn-018000425-n'),"['самохвалко', 'самохвалец', 'самохвалка', 'хвалипръцко']","Човек, който обича да се хвали.",,"[Никола Гешев е живял скромно, возил се е с трамвай, но е бил и голям самохвалко, обяснява сценаристът.;Мнозина, вбесени от малкия самохвалко , решават ""да му дадат урок"" с фразите ""Глупав си"", ""Не те бива за нищо"" и пр.;Аз се борих и бях определян като алчен тип от издателите и като нагъл егоцентрик и самохвалко от колегите си.]",cds,,,noun.person,,,,,
BG542,самохвалство,noun,Synset('btbwn-010000863-n'),"['самохвалство', 'хвалба', 'суета', 'самоизтъкване', 'себеизтъкване', 'фукня']",Прекалено хвалене на самия себе си.,,[Стефан Воденичаров: Властта е превърната в политическо самохвалство.],cds,,,noun.communication,,,,,
BG401,свиня,noun,[no_synset],[no_synset_lemma],"прен. Мръсен, гаден или много дебел човек.",,"[Ако бях сама, сигурно щях да й се нахвърля на тази гадна свиня.;Мръсна свиня, аз ти давам заплата, а ти не чистиш и не готвиш, както трябва!;Да се набие на кол в гъза, умри мръсна свиня!;Пич, щом толкова много уважаваш свинята, защо в последното изречение си написал името му с малка буква?]",an,,,,,,,,
BG1146,сводник,noun,Synset('btbwn-018001132-n'),"['сводник', 'сутеньор', 'сводница', 'сутеньорка']","Лице, което се явява посредник между проститутка и нейните клиенти и печели процент от заработените от проститутката пари.",,"[Той не ти е гадже, а сводник! Как не го виждаш!?]",pr,,,noun.person,,,,,
BG1696,селяк,noun,Synset('btbwn-018001104-n'),"['селянка', 'варварин', 'селянин', 'селяк', 'селяндур', 'варварка', 'селяндурка']","Див, жесток, изостанал, нецивилизован човек.",,"[В северна Гърция, около Кавала, Керамоти, Тасос са готините места, с минимално количество селяци.;Който и да дойде след банкянския селяк, ще е в пъти по-добре, само да не е чалгаря, че са на един кантар.]",ps,,,noun.person,,,,,
BG1696,селяк,noun,Synset('btbwn-018001104-n'),"['селянка', 'варварин', 'селянин', 'селяк', 'селяндур', 'варварка', 'селяндурка']","Див, жесток, изостанал, нецивилизован човек.",,"[Бодуров, че е селяк е селяк!;Ей, ямболски селяк, ти нямаш думата. Паси си спокойно овцете на село и не разсъждавай на глас, малоумник.]",cds,,,noun.person,,,,,
BG1698,селяндур,noun,Synset('btbwn-018001104-n'),"['селянка', 'варварин', 'селянин', 'селяк', 'селяндур', 'варварка', 'селяндурка']","Див, жесток, изостанал, нецивилизован човек.",,"[Едно е да си народен човек, съвсем друго е да си селяндур, но явно Глория си пада по такъв тип мъже.]",ps,,,noun.person,,,,,
BG1698,селяндур,noun,Synset('btbwn-018001104-n'),"['селянка', 'варварин', 'селянин', 'селяк', 'селяндур', 'варварка', 'селяндурка']","Див, жесток, изостанал, нецивилизован човек.",,[Райна стана жертва на дивия селяндур Пламен Христов от с. Беломорци.;С този селяндур трябва да се занимава прокуратурата.],cds,,,noun.person,,,,,
BG504,селянин,noun,Synset('btbwn-018001104-n'),"['селянка', 'варварин', 'селянин', 'селяк', 'селяндур', 'варварка', 'селяндурка']","Див, жесток, изостанал, нецивилизован човек.",,"[Гледа ли мача, селянино? Това е отбор от Б група на 12 -то място и играха по-добре от вас.]",ps,,,noun.person,,,,,
BG504,селянин,noun,Synset('btbwn-018001104-n'),"['селянка', 'варварин', 'селянин', 'селяк', 'селяндур', 'варварка', 'селяндурка']","Див, жесток, изостанал, нецивилизован човек.",,"[Всъщност първият ми инструктур беше някакъв див селянин, голям нервак, аз с такива не мога да общувам, защото аз самият съм буре с барут, и става сблъсък между планета и метеорид.;А онзи селянин Митъо Пайнера се бие в гърдите колко е популярна тази музика.]",cds,,,noun.person,,,,,
BG2381,скитник,noun,Synset('btbwn-018001453-n'),"['скитник', 'скитница', 'странник', 'странница', 'скиталец', 'скитач']","Човек, който се скита, странства, който не усяда на едно място.",,"[Повече от час Сали го беше убеждавала да напусне покоите си на Ривърсайд Драйв и да присъства на празненството в пансиона; а когато най-сетне се бе появил, носеше безупречно скроен смокинг; в сравнение с него останалите гости приличаха на скитници, облечени в дрипи.]",is,,,noun.person,,,,,
BG2105,скотски,adj,Synset('btbwn-000001705-s'),"['животински', 'нечовешки', 'скотски']","Който е присъщ на животно – груб, неконтролиран от съзнанието.",,"[„Хора, които са извършили огромен геноцид към българското общество, които са издевателствали над хората, докарали са ги до просешка тояга и скотски начин на живот – по какъв друг начин можем да ги наричаме, освен изверги“, изригна варненският бизнесмен.;Нека си погледнем скотския живот и още по-скотските заплати и пенсии, каквито има само в Сомалия и Судан.;Затова всеки, който е обезправен от този ред, който е осъден от него да се бори с нуждата и глада, който мрази своето скотско положение и желае да се избави от него, е наш приятел и брат.;Те си създадоха проблема с кучетата, те имат скотски навици, те си избират Фъндъкови кметици.]",an,,,adj.all,,,,,
BG208,скръндза,noun,Synset('btbwn-018001005-n'),"['скъперник', 'скъперница', 'циция', 'стипца', 'пинтия', 'скръндза', 'вариклечко', 'стисльо', 'свидльо', 'цинцарин', 'скъпчия', 'скъпар', 'скъпец', 'сметкаджия', 'сметкаджийка', 'стисла', 'цинцарка']","Човек, на когото много се свиди да харчи или да дава.",,"[Мамин Сашо се оказа голяма скръндза, любимата му плаща сметките по ресторантите.;Чист габровец е - от най-големите скръндзи и смешници!;Дъртият скръндза сигурно се е обърнал в гроба.]",cds,,,noun.person,,,,,
BG463,скука,noun,Synset('btbwn-012000142-n'),"['скука', 'отегчение', 'досада', 'тягост', 'тегота', 'съклет', 'теготия']","Психологическо състояние, в което даден индивид чувства липса на интерес и ангажираност, както и неспособност да се концентрира върху определена дейност.",,"[Проектът ти е пълна скука!;Ох, човек. Ти си страшна скука, най-голямата, която съм срещал досега!]",qas,,,noun.feeling,,,,,
BG465,скучен,adj,Synset('btbwn-000001271-s'),"['безинтересен', 'скучен', 'отегчителен', 'досаден', 'неинтересен', 'досадлив', 'дотеглив', 'незанимателен', 'сух']","Който не привлича интереса, не задържа вниманието с качествата си, който педизвиква досада.",,"[Впоследствие обаче чета, кажи-речи, един и същи скучен текст, лишен от всякакво любопитство текст; текст, който единствено иска да ми се хареса.;Но тесният свят на Шер изведнъж се отваря, когато на хоризонта се появяват двама тотални Болдуина (сладури): единият е суперсекси съученик, а другият - нейният скучен, но симпатичен ""бивш доведен брат"".;Тръмп определи Байдън като ""най-скучния човек в света"".]",qas,,,adj.all,,,,,
BG188,скъперник,noun,Synset('btbwn-018001005-n'),"['скъперник', 'скъперница', 'циция', 'стипца', 'пинтия', 'скръндза', 'вариклечко', 'стисльо', 'свидльо', 'цинцарин', 'скъпчия', 'скъпар', 'скъпец', 'сметкаджия', 'сметкаджийка', 'стисла', 'цинцарка']","Човек, на когото много се свиди да харчи или да дава.",,"[После се обърна грубо към Уей: — Ти си един жалък скъперник!;Старият Генчо се проявява като голям скъперник и закостенял човек.;Пренебрегнатата Вихра за пореден път се нахвърли върху бившия си Иван Христов и го обвини, че е стиснат скъперник, който гледа само към циците на Ирина Сарачинова.]",cds,,,noun.person,,,,,
BG187,скъперничество,noun,Synset('btbwn-007000202-n'),['скъперничество'],"Качество на човек, на когото му се свиди да дава пари.",,"[Осветляваме триковете, с които мъжът прикрива своето скъперничество.;Стига се дотам, че охранителят му Марк Уолбърг, разгневен и уморен от борбата за живота на момчето, не сдържа думите си и изкрещява в лицето на великия Гети истината за скъперничеството и коравосърдечността му.;Джена и Наско Стоев-Канара изумиха със скъперничество.]",cds,,,noun.attribute,,,,,
BG613,слабак,noun,[no_synset],[no_synset_lemma],"Човек, който не проявява решителност или смелост.",,"[Тея слабаци, Франция, дето им преподавахме баскетбол миналата година, биха с 10 точки САЩ и ги изхвърлиха от Световното.;Но на онези слабаци, които изведнъж се отказват от битката, само защото не е на тяхното, не прощаваме.]",cds,,,,,,,,
BG908,слива,noun,[no_synset],[no_synset_lemma],Жарг. Леко момиче.,,"[Майчето и Славун може да му лапат шпека на Борисов, а зад думите ""кюстендилската селска слива"" да не стои една отхвърлена жена от мъж, знае ли човек?;Тези кокошки са ясни, ама на мен ми е интересно как може да има такъв мъж, който да си дава кинтите за някаква миризлива слива.;Тая слива си мисли, че ще я черпим цяла вечер. Да, ама не!]",or,,,,,,,,
BG1285,слухтя,verb,[no_synset],[no_synset_lemma],"Прен. Пренебр. Слушам внимателно, за да получа информация, за да правя донос и др.",,"[Изет Мурадов си надписва извънреден труд, докато слухти бизнеса и личният живот на бизнесмени, политици и хора с влияние.;Разузнавателен самолет на САЩ ""слухти"" около границите на Крим.;Службите, вместо да слухтят кой какво говори, да почват да им разкриват тайните сметки и имоти, и да ги вкарват там, където им е мястото на разбойниците.;Неговият верен слуга, преблагородният Шехмет, слухти из всички улички и търси багдадския крадец, Лев Оболенски! И тук обаче не е минало без вълшебства...]",qas,,,,,,,,
BG2108,сляп,adj,Synset('btbwn-000000283-s'),"['лудешки', 'необмислен', 'неразумен', 'безразсъден', 'безумен', 'сляп']","Който не проявява разум, благоразумие, в който не се влага разум.",,"[Всъщност опасно е и сляпото доверие към домашните стопанства на бабите по селата. Много от техните животни не са виждали ветеринар, бъкат от бацили (а токсините на някои бацили издържат на варене), понякога и от паразити.;Именно те след продължителни слепи дегустации определиха Flirt за един от световните лидери сред водките.;Време е да престанем да бъдем слепи роби на егоизма си, без да забелязваме накъде ни води той (въпреки че ние дори виждаме, че не е към благоденствие, не и към сигурен и безопасен живот).]",ddf,,,adj.all,,,,,
BG816,смет,noun,[no_synset],[no_synset_lemma],"Прен. Нещо без никаква ценност; отпадък, боклук.",,"[При нас втората стратегия се ползва изключително активно, като най-много политическа смет може да се намери под патриотичната черга.;До това води организираната и по-опасната от мафията медийна и политическа смет, заливаща ни ежеминутно с непрекъсната тревожност от климапромени, вируси, червени и оранжеви кодове. ;И ето на – какво се върна оттам? Да, какво? Какво излезе такава многознайка, дето ни гледа с вирнат нос, сякаш сме смет, дето разбива живота на един младеж?]",qas,,,,,,,,
BG1971,смешник,noun,[no_synset],[no_synset_lemma],"Несериозен, жалък човек.",,"[Смешник е Слави, старият импотентен пръч!;Аман от смешници и аматьори!;Благой Георгиев е най-големият смешник!;Аман от малоумници и правозащитници с промити мозъци като тебе, смешник!]",dmc,,,,,,,,
BG1180,смрад,noun,Synset('btbwn-009000103-n'),"['воня', 'смрад', 'зловоние']","Противна, отвратителна миризма.",,"[Пропуснах да кажа, че докато вървяхме по коридорите, усещахме невероятна смрад и воня, смесица от мирис на урина, на всякакви... манджи, на мръсни чорапи, на... повръщано и, разбира се, на... сперма (та тук живееха стотици съвсем млади хора!).;Девойката гледаше с широко отворени очи създанието, разтегнало устни в триумфална усмивка, оголило два реда натрошени зъби. Лъхна я смрадта на леш.;В квартала се носи смрад на отпадни води. Тъй като няма специализирана техника, която да събере издавените животни, удавени в потопа, труповете им са в тинята и се носят от водите.]",qas,,,noun.cognition,,,,,
BG1996,смутител,noun,Synset('btbwn-018001405-n'),"['смутител', 'смутителка']","Лице, което предизвиква смут.",,"[И докато сънува този сън и продължава да се държи по-същия начин, ще му харесва и ролята на смутител на мира.;Разпитвах всички които излизаха за двете момчета, обяснявах, че са ме обрали в техния вход, плачех и молех за помощ, но повечето хора ме гледаха като смутител на реда.;Нарича ги смутители, подмамващи слабите умове.]",dmc,,,noun.person,,,,,
BG2206,сноб,noun,Synset('btbwn-018001301-n'),"['сноб', 'снобка']","Човек с бедни духовни интереси и неблагороден произход, който се стреми да изглежда като аристократ или интелектуалец.",,"[Дейзи е богато омъжена за егоистичния сноб Том Бюкенън, чиято суета класово се храни от извънбрачна връзка със съпругата на гаражния собственик Уилсън.;Всъщност те са такива сноби, че дори няма да водят дебат, за да обяснят своята гледна точка и да убедят събеседника.;Англичаните са типични сноби, но пък доказано успели.]",dmc,,,noun.person,,,,,
BG517,содомит,noun,[no_synset],[no_synset_lemma],"Полово извратен човек, отдаден на содомия.",,"[Тук няма значение аз гей ли съм, баболюбец, содомит, некрофил, зоофил или какъвто и да било перверзник.;Този содомит от снимката има вид на човек, който не трябва да бъде допускан до деца.;Мръсна гад си ти, содомит гнусен!;Решението на съда в Манчестър за първи път разкри самоличността на изнасилвача, който причаквал жертвите си пред нощни клубове. Содомитът записвал нападенията с два телефона.]",om,,,,,,,,
BG80,содомия,noun,Synset('btbwn-004000783-n'),['содомия'],Вид полова извратеност.,,"[Обратното означава тотална содомия и инцест, наблюдаван днес в ЗАП.;Чети Ницше!, посъветва ме Игор Лебеда, моят учител по камерна музика, след като ми писа двойка заради това, че – по негови думи – съм извършил содомия със сонатата за цигулка и пиано от Бетовен, известна като Пролетна.]",ddp,,,noun.act,,,,,
BG2041,сополанко,noun,Synset('btbwn-018000585-n'),"['хлапе', 'сополанко', 'сополан', 'сополанка', 'сополка', 'сополко']","Млад, неопитен човек.",,"[Въобще не ме гледай така, сополанко!;Ей, сополанко, сърбят ме ръцете да ти загрея глупавия врат, така да знаеш!;От кога да имаш пари е порок или нещо лошо, защото не знам някой да не се стреми към тях, но понеже вие, сополанковци, ги нямате, ревете и плюете.]",cds,,,noun.person,,,,,
BG2024,спекулант,noun,Synset('btbwn-018001315-n'),"['спекулант', 'търгаш', 'спекулантка', 'гешефтар', 'гешефтарка', 'търгашка']","Човек, който прави спекула, занимава се с гешефт, с нечестни търговски сделки.",,"[Според публикувани в dc leaks документи, общо 266 евродепутати са свързани с Борсовия спекулант.;Мръсни спекуланти!]",cds,,,noun.person,,,,,
BG2024,спекулант,noun,Synset('btbwn-018001315-n'),"['спекулант', 'търгаш', 'спекулантка', 'гешефтар', 'гешефтарка', 'търгашка']","Човек, който прави спекула, занимава се с гешефт, с нечестни търговски сделки.",,"[Един патриот не парцелира нацията на етническа основа, защото така той не е патриот, а е политически спекулант.;Що се отнася до държавата Израел - огромната част от гражданите й не са банкери и борсови спекуланти.]",re,,,noun.person,,,,,
BG643,сплетник,noun,Synset('btbwn-018000618-n'),"['интригант', 'клеветник', 'клеветница', 'клюкарка', 'клюкар', 'интригантка', 'сплетник', 'сплетница', 'одумвач', 'одумник', 'мюзевирин', 'клеветничка', 'мюзевирджия', 'мюзевир', 'мюзевирка', 'мюзевирджийка', 'одумвачка', 'одумница', 'шепотник', 'шепотница']","Човек, който се занимава с клюки и интриги.",,"[Под пласт привидна искреност и чар дебне двуличен, коравосърдечен сплетник, който трупа информация, за да направи някому мръсотия, да го очерни.;Изглежда, в този момент е бил напълно изкукал, защото дъртият сплетник май наистина обича жена си.;Да, ама за това трябва акъл, трябват знания, бърз и творчески ум, смелост, а не първообрази на нашенската кака Сийка - сплетници, крадльовци, шушумиги, алкохолици, тъпи женкари, мърлячи... само с неистови мераци нищо не става....]",dmc,,,noun.person,,,,,
BG707,спънка,noun,Synset('btbwn-009000077-n'),"['препятствие', 'пречка', 'спънка', 'стена', 'преграда', 'бариера', 'заслон', 'сито', 'преградка']","Нещо, което възпрепятства, което пречи и трябва да се преодолее за извършването, осъществяването на нещо.",,"[Тук не се получават нещата, спънка си ми за това, не си допадаме за онова, няма бъдеще нашата връзка!;И може би ти си спънката.;Не е колега, а спънка в екипа – всичко минава по-бавно заради него.;Как да вървим напред, като до мен стои тази спънка?]",qas,,,noun.cognition,,,,,
BG1390,стадо,noun,Synset('btbwn-014000515-n'),['стадо'],"Група, множество, тълпа от хора.",,"[Повече от 30 години народът, отглеждан като “стадо”, се бори да оцелее в тинята на корупцията, грабежа, безнаказаността, моралната деградация и ужасяващата несправедливост.;При всички положения смятам, че е по-добре да действаме – макар и без големи изгледи за успех, отколкото да седим като стадо овце, чакащи да ги острижат или заколят за байрама.;За него важи циничната Бай-Ганьова максима, че той е като стадо и върви натам, накъдето му завъртиш сопата.]",an,,,noun.group,,,,,
BG1390,стадо,noun,Synset('btbwn-014000515-n'),['стадо'],"Група, множество, тълпа от хора.",,"[За мое голямо съжаление съм установил, в контекста на наученото досега, че евреите юдомасони са в правото си да гледат на нас точно като на едно малоумно стадо.;Интересно ми е какво трябва да се случи още в тази пародия на държава, за да се вдигне това тъпо стадо от бездушни и безмозъчни същества.;С този тип изцяло лъжлива пропаганда, основана върху презумпцията, че народът е тъпо стадо, постепенно Борисов става по-симпатичен на все повече избиратели, макар че обективно въобще не го заслужава.]",qas,,,noun.group,,,,,
BG409,стачкоизменник,noun,Synset('btbwn-018002490-n'),"['стачкоизменник', 'стачкоизменница']","Работник, който нарушава решението за стачка.",,"[Най-ниското дъно – стачкоизменник, който се храни с трохи от господарите.;Презират ги като стачкоизменници.;Щом видеше, че някой стачкоизменник му отнема работата, налиташе като ""бик на червено"" и повече нищо не виждаше.]",cds,,,noun.person,,,,,
BG206,стипца,noun,Synset('btbwn-018001005-n'),"['скъперник', 'скъперница', 'циция', 'стипца', 'пинтия', 'скръндза', 'вариклечко', 'стисльо', 'свидльо', 'цинцарин', 'скъпчия', 'скъпар', 'скъпец', 'сметкаджия', 'сметкаджийка', 'стисла', 'цинцарка']","Човек, на когото много се свиди да харчи или да дава.",,"[Дай урок на мъжа стипца, който не желае да се раздели с парите си.;Трите споменати зодии са стипците на Зодиака.;За нея си трябват други условия, аз не съм стипца или скрънджа - такава работа се прави за поне още 4 месеца, но ако ми платите за още един, няма проблем.;Те поука няма да си вземат, защото са яко стипци, освен некадърни, доколкото разбирам от хора, които са работили с тях.]",cds,,,noun.person,,,,,
BG784,странен,adj,Synset('btbwn-000000430-a'),"['странен', 'особен', 'необичаен', 'необикновен', 'удивителен', 'чуден', 'чудат', 'куриозен', 'чудноват', 'бамбашка']","Който се различава от обикновеното, обичайното или очакваното (и предизвиква изненада).",,"[Много странна жена, винаги успява да ме изуми с постъпките си!;Спомних си странните, побъркани мъже, с които бях прекарал това време и ги видях пред себе си, в бараката.;– Ти си странен човек – каза девойката и го изгледа с любопитство.]",cds,,,adj.all,,,,,
BG2123,страхлив,adj,Synset('btbwn-000006261-a'),"['страхлив', 'плах', 'боязлив', 'бъзлив', 'пъзлив', 'плашлив', 'малодушен', 'нерешителен', 'несмел', 'слабодушен']","Който се страхува, лесно се плаши или не проявява смелост при трудности и опасности.",,"[На този страхлив нещастник явно са му обещали някакви индулгенции от Европа.;Тези страхливи деца, може да се научат да крадат, но като им притупаш, те бягат.;Нямам думи просто, това е един страхлив тъпак, който лъже хората с фалшиви снимки.;Просто влезе в лагера им, заповяда на воините да коленичат и те го направиха. Бяха по-страхливи и от агнета.]",cds,,,adj.all,,,,,
BG806,страхливец,noun,Synset('btbwn-018000134-n'),"['страхливец', 'страхливка', 'страхливко', 'пъзльо', 'пъзла', 'треперко', 'кокошкар']","Човек, който е обзет от страх или се страхува.",,"[Ритай шибаната гадна топка, шибан гаден страхливец...;Да, Борисов е слабак, страхливец, артистичен шмекер и яко налапал се във властта лъжльо, но времето изиска такива за властта, Западът именно такъв си го харесаха и държаха премиер, за да им изпълнява всичките щения.;Съпартиецът му Георг Георгиев пък обяви, че тези, които наричат Борисов страхливец, го правели само в негово отсъствие, иначе го заобикаляли отдалеч.;Усещам нотка огорчение. За съжаление завистта си е балканска черта! Завистливият е страхливец.;Пораснали кутрета в кожа на вълци. Цялото ни поколение е такова – на страхливци. Ние правим това, което се очаква от мъже на тридесет.]",cds,,,noun.person,,,,,
BG809,страхливост,noun,Synset('btbwn-007000229-n'),"['малодушие', 'страхливост', 'нерешителност', 'несмелост', 'плахост', 'слабоволие', 'слабодушие', 'безволие', 'неувереност', 'колебание', 'несигурност', 'колебливост']","Отсъствие на воля, смелост, характер.",,"[След обвинения в страхливост и апетити за оглавяване на комисии, ВСС отложи тяхното окрупняване.;Иван Цанков, пак според страхливостта си, която той има, е бил непотребен за предприятията на г-н Зеча.;Лаенето на лъже патриотите, страхливостта и безсмисленото говорене, така характерни по нашите ширини, са осмени от самия него.]",cds,,,noun.attribute,,,,,
BG549,суета,noun,Synset('btbwn-007000496-n'),"['суета', 'суетност']","Качество на нещо, което е нищожно, малоценно, празно, безсмислено.",,"[Това, което е то днес, ще се върне утре със заряд, по- силен от егото и празната суета на света.;Засега хората ни прощават позьорството и суетата, пренебрежението ни към другите, за което все още ни се разминава.]",ddp,,,noun.attribute,,,,,
BG2118,суетен,adj,Synset('btbwn-000001818-s'),"['суетен', 'тщеславен', 'суетлив', 'славолюбив']","Който проявява суета, склонност към външен блясък, парадиране или изразява суета.",,"[Междувременно ПИК изкара култов цитат от старо интервю на Елена Йончева, в което тя се описва като ""суетна кучка"" - ""Всички жени, свързани с телевизията, сме суетни кучки"".;Той е суетен и горделив и смята всички за втора ръка хора, които са имали късмета да попаднат на него и да учат от неговия нюх, талант и личност като цяло.;Водещият на забавното предаване „Пълен абсурд” по Нова телевизия Румен Бахов се оказа доста суетен мъж.]",dmc,,,adj.all,,,,,
BG2064,сърдит,adj,Synset('btbwn-000001065-s'),"['троснат', 'сърдит', 'сопнат']","Който е груб, рязък и изразява недоволство.",,"[Няма нищо по-страшно и неприятно от жена – нацупена, сърдита и кисела.;Тъй сърдита не бях я виждал никога – нито преди това, нито по-късно.;О, я не се прави на сърдит – просто не стана на твоето.]",qas,,,adj.all,,,,,
BG573,таратайка,noun,Synset('btbwn-006000281-n'),"['таратайка', 'бричка', 'трошка']","Лоша, стара, полуизхабена, раздрънкана кола и подобни.",,"[Няма ли кой да разкара тази таратайка от бул. ""Мария Луиза"" в Бургас.;Подхвърляте им чалга, кебапчета и по една минимална, за да си позволят 20-годишна таратайка и почивка на бетономорието и те са щастливи.;Да казваш на жена си, че е красавица, макар и да прилича на стара таратайка. ;Един от безбройните й братовчеди, Ейбрахам, е таксиметров шофьор. От верандата различих очуканата му таратайка. Нана се качи в грозното синьо возило и то тутакси излетя с пълна газ.]",cds,,,noun.artifact,,,,,
BG1782,тартор,noun,Synset('btbwn-018001225-n'),"['главатар', 'тартор', 'главатарка', 'тарторка']","Водач, подбудител на престъпна група или на спонтанно образувана група от хора, които предприемат незаконно действие.",,"[Ето кой е истинският тартор на ОПГ-то, пласирало крадените лимузини.;Бавно загрях, но не се и изненадах, че тарторът на компанията, Филип, е французин.;Да не забравяме и Шон Бийн - тарторът на пъклената операция, изживяващ се като Господ...]",re,,,noun.person,,,,,
BG212,ташак,noun,[no_synset],[no_synset_lemma],"Съществително нарицателно, описващо крайна некадърност и слабост в подигравателен стил.",,"[Медиите в България – пълен ташак!;Е, аз пък си спомням, че Христо Стоичков хвалеше собствените си ташаци.;Вие сте пълен ташак и изобщо не ни губете времето с Вашето мизерно съществувание, както и с евтината и примитивна визия, която притежавате.]",asm,,,,,,,,
BG480,теле,noun,Synset('btbwn-018002282-n'),"['дурак', 'дурачка', 'папуняк', 'глупак', 'глупачка', 'тъпак', 'тъпанарка', 'тъпанар', 'тъпачка', 'кретен', 'идиот', 'идиотка', 'глупец', 'балама', 'балък', 'будала', 'бунак', 'галош', 'галфон', 'гламчо', 'баламурник', 'ахмак', 'гъска', 'дебил', 'дръвник', 'олигофрен', 'патка', 'пън', 'рапон', 'ръб', 'серсем', 'серсемин', 'тапир', 'теле', 'тиква', 'тиквеник', 'тъпунгер', 'хайван', 'хайванин', 'хапльо', 'чвор', 'чукундур', 'юрод', 'кютук', 'ампе', 'абдалин', 'абдал']",Човек с ограничени умствени способности.,,"[Нойзи с поредна пошла постъпка към Мария Игнатова, а тя го гледа като теле!;И понеже нашенецът няма свое усещане за това кое е свястно и кое не е, понеже се води като теле от медии и слугинаж, сме на това дередже.;Тук в България има и друга игра като на РАЗДЕЛЯЙ И ВЛАДЕЙ, никой не милее за България, почти я продадоха, а ние гледаме като телета .]",an,,,noun.person,,,,,
BG2309,темерут,noun,[no_synset],[no_synset_lemma],"(араб.). Разг. Мрачен, необщителен, мълчалив човек.",,"[Този с държавната работа е мързелив темерут, който е постоянно ритан и бутан от по-мързеливи и корумпирани темерути над него.;То темерут да беше, щеше да разбере!;Викстрьом е темерут, който би подкрепил решението на финландския съд да върне Халед обратно в Сирия, но е запазил и онова старомодно скандинавско достойнство, заради което когато бъде ударен, ще признае чужденеца и ще го укрива от властите.;Близки до семейството на баща му пък разкриват, че като малък той бил ужасно глезено момченце. В по-късните си години се превърнал в същински темерут и не общувал почти с никого.;Аман от темерути и кретени, значи!]",cds,,,,,,,,
BG2300,терорист,noun,Synset('btbwn-018001379-n'),"['терорист', 'терористка']","Човек, който прилага насилие, терор, за да постигне целите си, и е привърженик на тероризма.",,"[Този терорист, който уж е карал самолета, ако е жив, значи друг е пилотирал.;Но такъв човек не е диверсант, а саботьор, бунтовник, терорист.;И ако ние не сме, защо в нашето публично пространство арабите да са мръсни терористи – т.е. защо априори арабин да означава подозрителен?]",re,,,noun.person,,,,,
BG1440,тесногръд,adj,Synset('btbwn-000000258-a'),"['ограничен', 'посредствен', 'тесногръд']","Който няма обхватно мислене и виждане за действителността, а има тесен кръгозор и малки способности и воля за дейност.",,"[Кога отиде да живееш в Германия, кога стана тесногръдо нацистче?;Съдията, местен тесногръд жабар, признава Харан за виновен.;Ако си тесногръд идиот, който мрази другите, защото не са на твоето мнение, независимо от това, че защитаваш най-хубавите ценности, ти просто си оставаш тесногръд идиот.]",dmc,,,adj.all,,,,,
BG344,тесногръдие,noun,[no_synset],[no_synset_lemma],"Ограничено, дребнаво отношение; едностранчивост.",,"[По думите му ""най-вредният ефект от лъжите на ""Възраждане"" е, че се опитват да приравнят патриотизма с тесногръдието"".;Заклеймена и отритната от пуританите, отчаяно бореща се за своето дете, и с тесногръдието на околните.;То бива тесногръдие и малодушие, ама...]",dmc,,,,,,,,
BG214,тестис,noun,Synset('btbwn-008000260-n'),"['тестис', 'семенник', 'топка', 'тестикул', 'яйце']",Всяка от двете полови жлези у мъжа или у мъжко животно.,,"[Беше дебел, но не много дълъг, с широка глава, изпъкнали синкави вени и тежки увиснали тестиси.;Дали искаш голяма заплата, за да си дърпаш тестисите или искаш бачкатор тип самсунг (сам прави всичко) срещу някакви жълти стотинки – само гледната точка е различна.;Маска под носа - това е все едно да си сложиш презерватив на тестисите.]",asm,,,noun.body,,,,,
BG148,тиква,noun,Synset('btbwn-018002282-n'),"['дурак', 'дурачка', 'папуняк', 'глупак', 'глупачка', 'тъпак', 'тъпанарка', 'тъпанар', 'тъпачка', 'кретен', 'идиот', 'идиотка', 'глупец', 'балама', 'балък', 'будала', 'бунак', 'галош', 'галфон', 'гламчо', 'баламурник', 'ахмак', 'гъска', 'дебил', 'дръвник', 'олигофрен', 'патка', 'пън', 'рапон', 'ръб', 'серсем', 'серсемин', 'тапир', 'теле', 'тиква', 'тиквеник', 'тъпунгер', 'хайван', 'хайванин', 'хапльо', 'чвор', 'чукундур', 'юрод', 'кютук', 'ампе', 'абдалин', 'абдал']",Човек с ограничени умствени способности.,,"[Бойко, тиква си голяма! ;Това само куха журналистическа тиква може да го измисли, мен ако питаш...;Плюйте правителството на Боко тиквата, което се подиграва с българските работници и пенсионери!]",or,,,noun.person,,,,,
BG2446,тиква,noun,Synset('btbwn-008000146-n'),"['главица', 'китара', 'глава', 'главичка', 'кратуна', 'тиква', 'чутура', 'куфалница']","Най-горната част на човешкото тяло или предната част на тялото на животно, където се намират мозъкът, устата и повечето сетивни органи.",,"[Арогантният Бойко надигна тиквата с помощта на продажната десница.;Мите, щастливецо, явно имаш празна тиква вместо мозък...;Но на бащата му е куха тиквата, ще си травмира детето, надул вувузела, а и цялата обстановка не е за дете, нито е позволено по Закона за закрила на детето.]",or,,,noun.body,,,,,
BG218,топки,noun,[no_synset],[no_synset_lemma],"Мъжество, смелост, кураж.",,"[Като нямаш топки да вземеш решение, прехвърляш топката.;Няма топки да се противопостави.;Няма топки да се изправи пред народа, журналисти и най-вече пред Презиндета да вземе мандата.]",asm,,,,,,,,
BG2340,травестизъм,noun,Synset('btbwn-004001760-n'),"['травестизъм', 'трансвестизъм']","Склонност към обличане в дрехи, характерни за противоположния пол",,"[А еко-изпедерастяването и био-травестизмът доведе до това, че най-голямата икономика в ЕС, а доскоро най-голямата и в Европа, се отказа от ядрени централи.;Така Лила и аз се избавихме от последствията на травестизма, но, слава Богу, не и от ключовото му значение на еснафското общество в гражданско.;Много повече се набляга върху женствеността и в частност на травестизма до такава степен, че изглежда в началото няма никакво разграничаване между травестизъм и хомосексуалност.]",om,,,noun.act,,,,,
BG2336,травестит,noun,Synset('btbwn-018001402-n'),"['травестит', 'трансвестит']","Човек, което се облича с дрехи на другия пол.",,"[Изобщо не вярвам този тъп травестит Цачева да стане президент!;Трябваше да вкарат Русата Златка, поне можеше да е съперница на Памела от цвят на косата и хубостта, а не тази тъпа Черна Златка, която е чист травестит от близко и даже има страшно грубо лице.;""Най-хубава и добро момиче"" за тази на снимката ли става въпрос? Прилича на травестит горкичката!]",om,,,noun.person,,,,,
BG1165,трик,noun,Synset('btbwn-004000150-n'),"['машинация', 'хитрост', 'трик', 'фокус', 'хитрина']",Съзнателно подвеждане на някого с користна цел.,,"[Да впечатлиш глупави хора с нещо повърхностно не е постижение – това е трик.;Най-голямата политическа глупост би било Корнелия Нинова и Румен Радев да се вържат на този елементарен трик.;О, пак ли ще играеш жертва? Същият трик за трети път.]",qas,,,noun.act,,,,,
BG1944,трикстър,noun,[no_synset],[no_synset_lemma],"Архетип в митологията, фолклора и религията, ""демонично-комичен заместител на културен герой, надарен с чертите на измамник, пакостлив"" – божество, дух, човек или антропоморфно животно, което извършва незаконни действия или във всеки случай не се подчинява на общите правила за поведение.",,"[Точно сякаш върху нейния образ може да се види добре колко опасно красив трикстър е Райнер Вернер Фасбиндер, човек, който може да примамва хора от буржоазните затвори към себе си, за да ги ""освободи"" в изкуството си, което крещи срещу тези затвори, но и да ги смила в екстатичния си живот.;Нарцистичната версия на скандинавския бог трикстър за времето след Рагнарок е в нахакан съвременен език и солиден обем (892 страници).;А колкото до липсата на отзвук около това изказване на Масларова – и на мен ми е много чудно, ама то насред всичките простотии се губи, пък и много хора имат интерес да не излиза наяве какво точно говори министъра трикстър.]",qas,,,,,,,,
BG744,тълпа,noun,Synset('btbwn-014000158-n'),"['тълпа', 'маса', 'народ', 'сбирщина', 'тумба', 'пълчище', 'паплач', 'сган', 'сбиротък']","Множество от неорганизирани, случайно събрани хора.",,"[Не очаквай от тълпата мисъл - тя се движи по инстинкт, не по разум. Днес те аплодират, утре те разпъват.;Те не са хора, те са тълпа - с едно лице, един вик, и нито капка съвест.;Винаги ще има тълпа, която да освирква мислителя и да аплодира шута. Това е естеството й - да се страхува от различното.]",qas,,,noun.group,,,,,
BG339,тъп,adj,Synset('btbwn-000007166-a'),"['несъобразителен', 'глупав', 'тъп', 'плиткоумен', 'прост', 'гламав', 'задръстен', 'тъпоглав']","Който не умее да разсъждава добре, да проумява нещата, не знае как трябва да постъпи.",,"[Много си тъп, Денков! ;Те са сган от тъпи, ограничени и озлобени психопати, замърсяваща земята и въздуха ни, тровеща живота ни и рушаща имиджа на страната ни.;Особено нагла е една тъпа женска особа, която не само говори пълни глупости, но е и напълно неграмотна в друго, освен да лъже.]",cds,,,adj.all,,,,,
BG153,тъпак,noun,Synset('btbwn-018002282-n'),"['дурак', 'дурачка', 'папуняк', 'глупак', 'глупачка', 'тъпак', 'тъпанарка', 'тъпанар', 'тъпачка', 'кретен', 'идиот', 'идиотка', 'глупец', 'балама', 'балък', 'будала', 'бунак', 'галош', 'галфон', 'гламчо', 'баламурник', 'ахмак', 'гъска', 'дебил', 'дръвник', 'олигофрен', 'патка', 'пън', 'рапон', 'ръб', 'серсем', 'серсемин', 'тапир', 'теле', 'тиква', 'тиквеник', 'тъпунгер', 'хайван', 'хайванин', 'хапльо', 'чвор', 'чукундур', 'юрод', 'кютук', 'ампе', 'абдалин', 'абдал']",Човек с ограничени умствени способности.,,"[Голям тъпак е този Билалов.;Той е просто невероятен тъпак.;Възпитан по невероятен начин от баща си, който е същият тъпак като него.]",ddp,,,noun.person,,,,,
BG153,тъпак,noun,Synset('btbwn-018002282-n'),"['дурак', 'дурачка', 'папуняк', 'глупак', 'глупачка', 'тъпак', 'тъпанарка', 'тъпанар', 'тъпачка', 'кретен', 'идиот', 'идиотка', 'глупец', 'балама', 'балък', 'будала', 'бунак', 'галош', 'галфон', 'гламчо', 'баламурник', 'ахмак', 'гъска', 'дебил', 'дръвник', 'олигофрен', 'патка', 'пън', 'рапон', 'ръб', 'серсем', 'серсемин', 'тапир', 'теле', 'тиква', 'тиквеник', 'тъпунгер', 'хайван', 'хайванин', 'хапльо', 'чвор', 'чукундур', 'юрод', 'кютук', 'ампе', 'абдалин', 'абдал']",Човек с ограничени умствени способности.,,"[На този тъпак ще отида и ще му разбия муцуната!;Тошко е един безподобен тъпак.;На тъпаците, които продължиха статуквото, да им е честит циркът!]",cds,,,noun.person,,,,,
BG414,тъпанар,noun,Synset('btbwn-018002282-n'),"['дурак', 'дурачка', 'папуняк', 'глупак', 'глупачка', 'тъпак', 'тъпанарка', 'тъпанар', 'тъпачка', 'кретен', 'идиот', 'идиотка', 'глупец', 'балама', 'балък', 'будала', 'бунак', 'галош', 'галфон', 'гламчо', 'баламурник', 'ахмак', 'гъска', 'дебил', 'дръвник', 'олигофрен', 'патка', 'пън', 'рапон', 'ръб', 'серсем', 'серсемин', 'тапир', 'теле', 'тиква', 'тиквеник', 'тъпунгер', 'хайван', 'хайванин', 'хапльо', 'чвор', 'чукундур', 'юрод', 'кютук', 'ампе', 'абдалин', 'абдал']",Човек с ограничени умствени способности.,,"[Денков, върни мандата бе, тъпанар!;Тези тъпанари наистина изглеждат абсурдно и много приличат на Малцината избрани, които стоят на върха на Кръвната линия и определят висшата политика.;Оплакваме се, че личности като Тръмп, демагози и откровени тъпанари взимат властта.]",cds,,,noun.person,,,,,
BG414,тъпанар,noun,Synset('btbwn-018002282-n'),"['дурак', 'дурачка', 'папуняк', 'глупак', 'глупачка', 'тъпак', 'тъпанарка', 'тъпанар', 'тъпачка', 'кретен', 'идиот', 'идиотка', 'глупец', 'балама', 'балък', 'будала', 'бунак', 'галош', 'галфон', 'гламчо', 'баламурник', 'ахмак', 'гъска', 'дебил', 'дръвник', 'олигофрен', 'патка', 'пън', 'рапон', 'ръб', 'серсем', 'серсемин', 'тапир', 'теле', 'тиква', 'тиквеник', 'тъпунгер', 'хайван', 'хайванин', 'хапльо', 'чвор', 'чукундур', 'юрод', 'кютук', 'ампе', 'абдалин', 'абдал']",Човек с ограничени умствени способности.,,"[„Този тъпанар не може да извърши такова нещо и да мълчи 3 години"", заяви в съда майката на обвинения в убийството на сестрите Белнейски Лазар Колев.;А на тъпанарите, дето припадат по всичко руско, никога няма да им уврат главите, защото са като комунистически радио точки!;Е да, ако сте тъпанари, училището ще ви тежи....]",ddp,,,noun.person,,,,,
BG55,тъпота,noun,Synset('btbwn-009000030-n'),"['глупост', 'тъпота', 'скудоумие', 'тъпоумие', 'глупащина', 'гламавост', 'гламавщина', 'тъпоглавие', 'тъпост', 'плиткоумие', 'будаллък', 'будалщина', 'ахмаклък', 'бунащина', 'абдалщина', 'серсемлък']",Качество да имаш ограничени умствени способности.,,"[Пълна тъпота, алчност, подлост и лицемерие, граждани!;Така написаната статия или е пълна тъпота или пълна манипулация.;Всичко друго е тъпота и абсолютна идиотщина!]",ddp,,,noun.cognition,,,,,
BG1536,убиец,noun,Synset('btbwn-018001020-n'),"['убийца', 'убиец']","Човек, който е убил друг човек.",,"[Байдън нарече Тръмп ""убиец"".;Братът на Юлияна, Ахмед, е написал ""Долен убиец, ще гориш в ада животно мръсно"".;Не е нужно да стреляш, за да убиеш. Достатъчно е да се присмиваш, да омаловажаваш, да обезкуражаваш. Ти си убиец на мечти - тиха, постоянна отрова за всяка надежда около теб.]",re,,,noun.person,,,,,
BG492,увреден мозък,noun,Synset('btbwn-009000008-n'),['мозък'],Умствени способности на един индивид.,,"[Депутатско престараване и министерски конфуз изкараха премиера Бойко човек с увреден мозък.;100% глупости, писани от човек с увреден мозък.]",ddp,,,,,,,,
BG296,уличница,noun,Synset('btbwn-018001172-n'),"['проститутка', 'компаньонка', 'уличница', 'кокотка', 'шантонерка']","Жена, която се отдава на мъже за пари.",,"[Други пък я критикуват, че се прави на добра в мрежата, а всъщност като човек е надменна, а като жена е уличница.;Проявих обаче глупостта да я задържа, помогнах й да слезе от пирамидата и като резултат прелестната дама се превърна в писклива, вулгарна уличница, в отврата за очите.;Нара спря да следва футболиста в социалните мрежи и изтри всички снимки с него, след което публикува стори с много сериозно обвинение: ""Ти разруши семейството си заради една уличница"".]",pr,,,noun.person,,,,,
BG1962,усойница,noun,[no_synset],[no_synset_lemma],Прен. Разг. Презр. Много лоша жена.,,"[И моите са диванета, ама аз се утешавам с мисълта, че съм зла усойница и издържлива като хлебарка.;Вижте им репортерите /Катуница/, вижте им сутрешния блок с Ани Цолова - злобна усойница, когато срещу нея е някой от опозицията и наместила ""балконите си"" на бюрото в полулегнала поза, щом пред нея е Цецоу.;Писна ми от тая долна кранта, мръсна усойница, която ми отмъкна любовта, щастието и усмивката, която ми вгорчи живота!]",an,,,,,,,,
BG1670,ушев,noun,[no_synset],[no_synset_lemma],"В миналото подигравателно към милиционер, защото слухтяха. Полицай; служител на реда; кука.",,"[Няма защо да се чудят защо съдът отменя глобите и санкциите - най-вероятно неграмотните ушеви правят закононарушения и не знаят как правилно да оформят наказанието!;Ако ушевите се затрият изведнъж, престъпността ще спадне с деветдесет процента.;Имайте предвид, че дъртите вампири и ушевите наричат наркоман всеки, които употребява каквото и да е от марихуана до екстази.]",cds,,,,,,,,
BG438,фал,noun,Synset('btbwn-004000058-n'),"['грешка', 'издънка', 'гаф', 'фал', 'изцепка']","Неуместна, нетактична постъпка.",,"[Мрежата се тресе от смях: Голям фал с троловете на Асен Василев, изложиха го брутално.;Ресторантът беше голям фал.;Има хора с много особени и големи дефекти, които определено биха затруднили нашите лекари и могат да станат големи фалове, но при мен се касае за една гърбица... ако нея не може да махне, не знам какво може, нали това му е работата, уж...]",qas,,,noun.act,,,,,
BG1570,фалос,noun,Synset('btbwn-008000233-n'),"['пенис', 'член', 'фалос', 'кур']",Мъжки полов орган.,,"[А такова внушение е възможно само поради духовната липса на баща. Нека правим разлика между майка и фетиш на майка (възхвала на майката). Второто е фалос, който гнуси.]",asm,,,noun.body,,,,,
BG311,фалш,noun,Synset('btbwn-007000715-n'),"['демагогия', 'фалш', 'двуличие', 'лицемерие', 'двуличност', 'лицемерност', 'лицемерство', 'тартюфщина', 'византийщина', 'византийство', 'йезуитщина', 'фарисейщина', 'фарисейство', 'йезуитство', 'велзевулство', 'велзевулщина']","Поведение, при което злонамереност и неискреност се прикриват под маската на чистосърдечие и добронамереност.",,"[Ако в стремежа си да се покажем оригинални, променим мисълта или стила, или ги усложним, или се присъединим към модата, или ни се прииска да поразим публиката със своето декадентство, поезията ни ще бъде фалш. И бягство от реалността.;Политическият фалш присъства навсякъде, но в българските условия е направо ужасяващ.;И докато живеем в тази фалш, лъжа и измама ние няма да се оправим.;Но и хората почустваха фалша на цялото ви истерично думкане, пискане, тръшкане, окупиране. Затова и постъпиха мъдро, за разлика от вас!;Приятелството на Венета Райкова и Азис е фалш.]",cds,,,noun.attribute,,,,,
BG2119,фалшив,adj,Synset('btbwn-000002111-s'),"['неискрен', 'престорен', 'йезуитски', 'лицемерен', 'фалшив', 'притворен', 'двуличен', 'фарисейски', 'двулик', 'тартюфски']","Който прикрива истинските си чувства и намерения, външно проявява любезност и добронамереност, а в действителност мисли, чувства и действа по друг начин или изразява, показва такова поведение.",,"[За нея преди това Гери бе фалшива жена, която пред камерите се сили да изглежда истинска. ;Ако трябва да дам опредвление за Слави, то е фалшив политик!;Ако днес има подобна рубрика, ще търсите хора, които са били фалшиви звезди само преди няколко месеца и вече никой не знае къде са, включително и самите те.]",dmc,,,adj.all,,,,,
BG1190,фалшификат,adj,[no_synset],[no_synset_lemma],"Фалшив, подправен документ, произведение на изкуството и др.",,"[Днес мога да кажа следното - всичко в руската армия е един голям фалшификат.;Никъде не съм казвал, че ми е изглеждало глупаво, казах, че това беше един маскарад, една пародия, един фалшификат.;Един от поруганите потомци на македонски войвода съм и аз, но не мога да се примиря с този фалшификат.]",qas,,,,,,,,
BG1514,фалшификатор,noun,Synset('btbwn-018000755-n'),"['фалшификатор', 'фалшификаторка']","Човек, който прави фалшификати.",,"[Ти не си визионер, ти си фалшификатор на вдъхновение.;Той е фалшификатор на истини - умее да ги извива така, че да обслужват само него.;Ти не спориш с факти - ти ги моделираш. Не търсиш истина - търсиш формула, която да те спаси от неудобство. В думите ти има логика, но тя е изкопана от страх, не от знание. Ти не мислиш - ти фалшифицираш. Всяко твое изказване е като подправен документ: изглежда убедително, но не издържа проверка на съвестта. Ти не си тълкувател - ти си фалшификатор на истини.;Ти си всичко, което е популярно - тази година си бохо, миналата беше минималист. Днес обичаш поезия, утре - криптовалути. Но нищо не се задържа, защото всичко в теб е заемано. Образ по каталог. Стил по тренд. Вяра по тикток. Ти не търсиш себе си - ти сглобяваш себе си от чужди опаковки. Ти си фалшификатор на самоличност - никой не знае кой си, включително и ти.]",re,,,noun.person,,,,,
BG2088,фалшифициран,adj,Synset('btbwn-000001493-s'),"['подправен', 'фалшив', 'неоригинален', 'фалшифициран', 'неавтентичен', 'подложен']","Който не е истински, не е оригинален, а е направен или видоизменен така, че да прилича на нормален, на истински, обикновено с цел за измама и подобни.",,"[Цялата ти доброта е фалшифицирана - показваш я само когато има камери.;Фалшифициран герой - носиш титли, но не си се борил за нищо.;Това не е стил, това е фалшифициран вкус от списания.;Фалшифициран интелект - говориш сложно, за да скриеш, че не казваш нищо.;Целият ви патриотизъм е фалшифициран - развявате знамена, но мразите хора.]",qas,,,adj.all,,,,,
BG1189,фалшифициране,noun,Synset('btbwn-004000705-n'),"['фалшифициране', 'подправяне']","Действие, при което по незаконен начин, за измама правя, изработвам нещо по подобие на друго и го представям за истинското, оригиналното.",,"[На думи си принципен, но на практика си удобен за всяка сделка. Целият ти морал е фалшифициран - говориш за чест, а действаш зад гърба.;Присъстваш, кимаш, усмихваш се, но всичко е кухо. Фалшифицираш емпатия - лицето ти съчувства, но очите ти не знаят защо си там.;Проваляш се, но пак си герой в разказа си. Фалшифицираш и провалите си - даже там не си честен.;Размахваш термини като знаме, но не можеш да водиш истински разговор. Фалшифициран интелект - цитираш, но не разбираш.]",qas,,,noun.act,,,,,
BG345,фанатик,noun,Synset('btbwn-018000721-n'),"['фанатик', 'фанатичка']","Човек, който е прекалено предан на своите вярвания и убеждения, защитава ги ревностно и проявява нетърпимост към чуждите убеждения.",,"[Тя не е виновна, че баща и е такъв болен фанатик, който сега използва смъртта на дъщеря си, за извратената си пропаганда.;Тези гадни фанатици какво ще ни заплашват, като Ирак не е и тяхна държава.;Този, който хвана окото ми, беше в ""Таймс"" и включваше здравни фанатици , които достигнаха ""връх дзен"" (каквото и да е).;Никой не иска Алфа, освен няколко фанатика, ама само от фанатиците марка не се издържа.]",dmc,,,noun.person,,,,,
BG1247,фашизъм,noun,Synset('btbwn-014000783-n'),['фашизъм'],"Управление, при което лидерът (лидерите) легитимира своите решения единствено в рамките на радикалната националистическа идеология.",,"[Ставане по часовник, вечерен час, отчет за всяко движение. Домашният ти режим е пълен фашизъм - график, заповеди и наказания.;Всеки, който не се съгласи с теб, бива наказан, унижен или премахнат. Това не е лидерство, а фашизъм.;Забранявате всичко, нападате хората, отказвате диалог. Екологичният ви фашизъм вече не е кауза, а контрол над живота на другите.;Искаш отчет на отчета, среща за срещата, подпис на всяка стъпка. Фашизъм в Excel.;Класическа форма на фашизъм - тормоз на бедните българи, нисък жизнен стандарт, липса на здравеопазване и качествено образование, повсеместна безработица на млади хора и огромна корупция.]",cds,,,noun.group,,,,,
BG1248,фашист,noun,Synset('btbwn-018000726-n'),"['фашистка', 'фашист']",Привърженик на фашизма.,,"[Този е по-долен фашист и от Хитлер.;Йовов, ти си един долен фашист и нямаш място в армията и в НАТО!;Вероятно значи, че участвалите в този митинг няма да забравят и да простят на убитите, които имаха някаква идея как да се развива държавата им. Идея, различна от тяхната, в която те се намесват. А щом е различна, значи те са фашисти.]",cds,,,noun.person,,,,,
BG1162,фашистки,adj,Synset('btbwn-001000292-a'),['фашистки'],"Който е свързан с политическо течение, което проявява силна диктатура, териториална агресия, национализъм и расизъм.",,"[А над главите им, замаяни, кръжат самолети, хукнали и те да изсипват своето коварство върху беззащитните врагове на фашисткото мракобесие.;Бях запратила учебника си по учителката и я бях нарекла фашистко копеле. Не знаех какво точно означават тези думи, но пък знаех как се улучва движеща се мишена.;Какъв елит бе - дупе! Мръсни фашистки подлоги.]",cds,,,adj.pert,,,,,
BG2205,феодален,adj,Synset('btbwn-000007364-a'),"['крепостен', 'феодален']","Отнасящ се до или присъщ на обществения строй, при който селянинът е прикрепен към земята и е лично зависим от феодала, помешчика.",,"[Всеки път, когато някой има мнение, ти го смазваш с ""как смееш!"". Айде стига с този феодален тон – никой не ти е крепостен.;Плаши колегите с имейли в червено, отказва да говори човешки. Феодален господар в малък офис – велик в собствения си файл.;Забраняваш всичко, изискваш подчинение, не чуваш нищо. Не си баща, ти си феодален патриарх от 18-ти век.;Няма правила, има само неговата воля. Това не е фирма, това е феодално владение с шеф на трон и поданици.]",is,,,adj.all,,,,,
BG852,флиртаджия,noun,[no_synset],[no_synset_lemma],"Човек, който (има склонност да) флиртува.",,"[Журналистът Антон Хекимян се оказа голям флиртаджия.;Той е изпечен флиртаджия и знае как да те оплете в мрежите си.;Изневерявала съм, е, не кой знае колко много, но бях голяма флиртаджийка, обичах да ме ухажват!]",dmc,,,,,,,,
BG2207,формалист,noun,Synset('btbwn-018002509-n'),"['формалист', 'формалистка']","Човек, който дребнаво и самоцелно държи на външната страна, на точно спазване на установени форми.",,"[Докато ти търсеше кой формуляр да попълним, хората чакаха решение. За теб е важно да е по правилник, дори когато всичко гори. Формалист до глупост.;Никой не те моли да нарушиш закона, просто да проявиш малко разум. Ти не търсиш ред - ти си формалист, който се крие зад параграфите, за да не поеме отговорност.;Целият ти проблем беше, че не бях написал заглавието с главна буква. Не ти пука за истината - интересува те само дали запетаята е на мястото си. Типичен формалист.]",dmc,,,noun.person,,,,,
BG1219,франкмасон,noun,Synset('btbwn-018000760-n'),"['масон', 'франкмасон']","Последовател на масонството, член на масонска ложа.",,"[Ала не това е най-лошото – страната буквално гъмжи от цигани и франкмасони.;Има хиляди прекрасни хора, които никога в живота си не са виждали масонска ложа отвътре, и все пак са истински франкмасони, тоест либерално мислещи и просветени мъже, отдадени на изучаването на Природата и на моралния и интелектуалния прогрес на човечеството.]",qas,,,noun.person,,,,,
BG1223,фундаментализъм,noun,Synset('btbwn-009000498-n'),['фундаментализъм'],"Събирателно наименование на крайно консервативни философски, морални и социални движения, следващи стриктни норми и принципи за разглеждане на дадена доктрина, а често пъти и проповядващо връщане към отминали (в исторически и културен план) принципи и ценности.",,"[Всеки фундаментализъм е враждебен към заобикалящия го свят, защото именно той е изкривил истинския смисъл на словото Божие и е подлъгал вярващите.;Всяко различно мнение за теб е престъпление. Не можеш да водиш нормален разговор - ти си морален фундаменталист. Всичко извън твоите граници е ""зло"".;Всеки, който не е като теб, е ""предател"", ""враг"", ""модерен боклук"". Това не е патриотизъм - това е културен фундаментализъм.;Смяташ се за рационален, но не търпиш несъгласие. Твоят интелектуален фундаментализъм е също толкова тесногръд, колкото и на онези, срещу които говориш.]",cds,,,noun.cognition,,,,,
BG1227,фундаменталист,noun,Synset('btbwn-018002718-n'),['фундаменталист'],"Привърженик, последовател на някакъв фундаментализъм.",,"[Въпреки че е заклеймен от западните медии като ""фундаменталист"", лидерът на революцията в Иран през 1979 г. аятолах Хомейни е последовател на школата усули и поддържа принципите й срещу по-консервативните ахбари - негови съперници.;Под напора на ислямистките фундаменталисти - това уродливо дете на ""Ал Кайда"", обявили се за ИДИЛ (Ислямска държава в Ирак и Леванта), политически нестабилният Багдад загуби контрола си върху територията на Северен Ирак (където се намира и Киркук).;Проф. Владимир Чуков коментира по БНТ убиеца от Осло като християнски радикален фундаменталист. ;Общината се видя принудена да излезе с остра декларация, в която сравни подпалването на крепостта с унищожаването на културни паметници от талибаните и ислямските фундаменталисти в Афганистан.;Не ми сравнявайте ислямистите с евреите. На араби не трябва да се позволява да разполагат с ядрено оръжие. Утре някой фундаменталист ще го използва без да мисли.]",cds,,,noun.person,,,,,
BG1228,фундаменталистки,adj,Synset('btbwn-001000717-a'),['фундаменталистки'],"Който се отнася до фундаментализъм, до фундаменталист, който е присъщ на фундаменталист.",,"[Чужди емисари от фундаменталистки секти могат да влязат в България заради Рамазана, който започва на 16 ноември и трае един месец, съобщиха мюсюлмани от Русе.;""Ислямска държава"" като садистичен фундаменталистки фашизъм, родеещ се с мюсюлманското начало от VII-ми век.;Но тези държави са изостанали, фундаменталистки и нетолерантни – а Израел е много просветен и толерантен, нали?]",cds,,,adj.pert,,,,,
BG1428,фуста,noun,[no_synset],[no_synset_lemma],Прен. разг. Жена.,,"[Дърта фусто, кой докарва кризи в последните 33 г.?;Много си залягал да гониш хайлайфни фусти и да хамалствуваш, малко си си седял вкъщи възпитание да трупаш.;Разбира се, не правят нищо подобно - селските фусти прииждат всекидневно на пълчища в софийсиките панелки с амбицията по криминален начин да придобият желания успех - без значение дали с вдигане на крака, дребно мошеничество, проституция, или........... хилядите други форми на измама.]",qas,,,,,,,,
BG567,хайлазин,noun,Synset('btbwn-018000914-n'),"['мързел', 'мързеливец', 'мързеливка', 'мързелан', 'мързеланко', 'мързелана', 'мързеланка', 'безделник', 'ленивец', 'ленивка', 'лентяй', 'лентяйка', 'лежач', 'хайлазин', 'канапчия', 'дембел', 'хайлаз', 'хългъзник', 'дембелин', 'лентьо', 'мръзльо', 'мръзла']","Мързелив, ленив човек.",,"[Черквата в България, колкото и добро да е направила, разврати този хубав наш народ, направи го хайлазин.;Пък неговият баща работи повече, отколкото неговият син хайлазин.;Баща му със сълзи на очи ме молеше: Развигоре, бе, говори му на тоя моя хайлазин, да си завърши театралното.]",cds,,,noun.person,,,,,
BG1846,хайлайф,noun,[no_synset],['хайлайф'],"Висшите кръгове от богаташи и аристократи в дадено общество, които смятат себе си за елит.",,"[Ами то това е българският ""хайлайф"". Емемейци, плеймейтки и по някой позалязъл или изкуствено натрапен талант.;Поголовната мутризация на хайлайфа е придобила само един рекламно разкрасен лик (нали той държи парата за тези ловни трикове на превъплъщенията на вълка и за покриването му най-вече с бялата овча козина на народния любимец и избраник).;Неговата творба ""Дамата с рентгеновите очи "" се характеризира с необикновен и причудлив сюжет, който по твърде оригинален и неповторим начин, започвайки с пародия, минава в карикатура, после в гротеска и накрая с хипербола осмива едно общество, наречено хайлайф.;Виждаш се само в огледалото и в Instagram. Показваш лукс, който не е твой, и живееш за лайкове. Ти не живееш живот, ти живееш хайлайф илюзия.;Все едно дали си щастлив, важното е снимката да е перфектна. За теб няма смисъл, важно е само хайлайфът да изглежда добре.]",pr,,,noun.group,,,,,
BG448,хаймана,noun,Synset('btbwn-018001712-n'),"['безделник', 'безделница', 'лумпен', 'нехранимайко', 'хаймана', 'непрокопсаник', 'пройдоха', 'вагабонтин', 'хаирсъзин', 'бараба', 'хайта', 'панта', 'обесник', 'капасъзин', 'вагабонт', 'багабонтин', 'багабонт', 'непрокопсаница', 'обесница', 'нехранимайка', 'нехранимайковец']","Човек, който не работи, не желае да работи и води празен живот, обикновено поради леност, мързел.",,"[„За този хаймана, за този вагабонтин държавни пари не давам”, му казва министърът, който нито бил чел, нито бил чувал за стиховете на поета.;Ами, виж сега, аз почти не работя, с парите сме зле, имаме кредит към банката, синът ни е хаймана, живеем в двустайка, преустроен на тристаен, ти се бъхтиш по цял ден за стотинки - това е нашето положение.;Представа нямам защо тя още е тук, след като спря да я пазиш, но не мога да повярвам, че наистина ще изрече думите. Когато тя се венчае, ще бъде за доброто на Империята, а не защото някой хаймана като теб й е подарил кон или я е накарал да се усмихне.;Но има трикове..примерно основен литературен принцип е, че един герой не може, да кажем, да удари дете или да изостави жена в беда и да остане положителен. Може да е пияница, побойник и хаймана и пак да си е положителен.]",cds,,,noun.person,,,,,
BG320,хаос,noun,Synset('btbwn-026000323-n'),"['каша', 'бъркотия', 'хаос']","Неприятна, трудна ситуация или положение.",,"[С теб не може да се работи! Всеки път, когато ти поверим нещо, всичко се обърква. Ти си пълен хаос! Вместо да решаваш проблеми, създаваш нови.;Слушам те и нищо не разбирам. Едно казваш вчера, друго днес. Главата ти е пълен хаос - как изобщо взимаш решения?;Не е само, че не можеш да си подредиш работата. Гледам те - връзките ти се разпадат, не знаеш какво искаш, не можеш да се справиш с нищо. Хаос си не само в работата, но и в живота.]",qas,,,noun.state,,,,,
BG2346,хетера,noun,[no_synset],[no_synset_lemma],"Книж. В стара Гърция — жена от висшето общество с артистични способности, която водела свободен и разпуснат живот.",,"[Бракониер умира при извършване на престъпление и оставя хетерата си с малко дете на ръце и продънена бангия на улицата.;Когато се обособихме като ""затворено"" общество - вече нямаше нужда да прескачаме телените огради на луксозния концлагер, се появи и... партийна хетера.;Също и за още по-разтворимите крака на поп-фолк хетерите и водещите по телевизиите.]",om,,,,,,,,
BG1416,хиена,noun,[no_synset],[no_synset_lemma],"Хитър и лукав човек, който все нещо ще изкяри (обикновено – за чужда сметка). А ако случайно загази – знае как да се измъкне.",,"[Зад публичния й образ на самата невинност се крие хитра хиена, която се забърква в скандални схеми без да й мигне окото, твърди в. ""Уикенд"".;Жалко, че трябва да дам всичките на оная хиена.;Зла хиена е тази жена, с престъпно мислене, крайно опасна за САЩ и света.;Получи го след като видя как последните престъпления на престъпната банда от алчни партийни хиени превърнаха народа и децата ви във вечни техни и чужди финансови длъжници и икономически роби.]",an,,,,,,,,
BG1046,хитрец,noun,Synset('btbwn-018000655-n'),"['хитрец', 'хитруша', 'хитрица', 'тарикат', 'тарикатка', 'шмекер', 'шмекерка', 'дявол', 'лисица', 'шейретин', 'лисугер', 'хитрушко']","Хитър, лукав човек.",,"[Гледай го, хитреца, как хванал Библията да ни чете като дявол Евангелието.;Абе, хитрец, шофьорите са едни от най-платените в България, заплатите им стигат до 2500€.;Патриархът на Москва и на цяла Русия Кирил e второразрядно съветско ченге и хитрец, известен като „цигарения митрополит на Русия”.]",cds,,,noun.person,,,,,
BG1359,хомосексуалист,noun,Synset('btbwn-018001792-n'),"['гей', 'хомосексуалист', 'хомосексуалистка', 'обратен', 'обратна', 'педераст', 'педал', 'лесбийка', 'манаф', 'манафин', 'мъжеложец']","Човек, който изпитва полово влечение към лица от своя пол и влиза в интимен контакт с тях.",,"[Той се оказа стерилен, дърт хомосексуалист с проблемна простата.;Вместо гелосан хомосексуалист са написали гелосана мъжка мастия.;Мрази цигани и хомосексуалисти.]",om,,,noun.person,,,,,
BG700,хуй,noun,[no_synset],[no_synset_lemma],"Освен мъжки полов орган, думата „хуй“ може да бъде използвана за обръщение към някого, който е направил грешка с цел натякване на грешката му / й.",,"[Но тя най-нагло ми отговори, че го правела от съжаление към мен и за да ми повдигнела самочувствието, щото ме виждала какъв заспал хуй съм.;Ако госпожа Журналастика извади хуя от устата си и се разприказва - държавата ще се обърне наопаки.;Не мога, аз съм хуй безотговорен.;Абе, хуй сплескан, хайде ела и ми покажи кое лайно по градинките е човешко, защото аз не съм виждал, а ти, като си обираш лайното на песа, ми кажи пикнята от земята, автомобилни гуми, дървета и т.н. как я събираш, светни ни.]",asm,,,,,,,,
BG962,хулиган,noun,Synset('btbwn-018000441-n'),"['хулиган', 'гамен', 'уличник', 'хулиганка', 'гаменка', 'гаменче']","Невъзпитан човек, който грубо нарушава обществения ред и спокойствието на хората.",,"[Лидерът на НФСБ Валери Симеонов окачестви поведението на обвиняемия Васил Божков с ""невъзпитано хулиганче"" на улицата, което ""набарало спрей и пръска минувачите"".;Ние тук си блъскаме главите и напразно се опитваме да вкарваме сложната противоречива загадъчна фигура на нашия орел дон Реба в един ред с Ришельо, Некер, Токугава Иеясу, Монко, а той се оказа дребен хулиган и глупак!;Най-любопитното е, че той се обръща към шибания хулиган на Вие.;Тогава хулигани натрошиха стъклата на Джумая джамия в Пловдив, но не стана ясно дали точно фенове на Локо (Пд) са участвали в тези вандалски прояви.]",dmc,,,noun.person,,,,,
BG640,хулител,noun,Synset('btbwn-018002435-n'),"['хулител', 'хулителка', 'хулник', 'злоезичник', 'злоезичница', 'злословник', 'злословница', 'хулница', 'ругател', 'ругателка']","Човек, който говори, отправя хули, ругатни.",,"[Имаше един Данте, изключително вулгарен хулител, да му се връща всичко до стотинка дано. ;Сали каза, че съм хулител и безбожник.;Преди да сте били някога наш приятел, Вие днес излизате като съдия и хулител на българския народ и с бича в ръка, в преддверието на славянския храм, искате да бъдете олицетворение на висшата правда.]",re,,,noun.person,,,,,
BG918,хунта,noun,Synset('btbwn-014000220-n'),['хунта'],"Военна диктатура, установена с държавен преврат.",,"[Разбираме и усещаме само, че ГЕРБ дере кожите ни и ни убива след четиридесет години труд, дадени на тази държавна хунта убийци властимащи!  ;Други членове на чернокожата „хунта“ държаха под прицела на своите винтовки и автомати двестата униформени войници, седящи на същите места, откъдето едно време присъстващите в студиото зрители наблюдаваха местните политически дискусии и телевизионната игра „Обади се по телефона и ще спечелиш“.;Известният д-р Христо Деянов, баща на арестуваната и репресирана от хунтата на ГЕРБ Лиляна Деянова – Лилана, изригна срещу хунтата на ГЕРБ в профила си във Фейсбук.;Браво и джипитата, поддържащи хунтата. Затова избягахме навремето от БГ-то и си плащахме осигуровките в чужбина, и там се лекуваме.]",re,,,noun.group,,,,,
BG934,цапач,noun,Synset('btbwn-018000608-n'),"['рисувач', 'цапач']",Слаб художник.,,"[Накрая писането надделява, когато е на 22 години, защото се бои да не бъде „цапач“.;И кой е този комар по професия цапач, че ни казвате мнението му като новина, замязахте на агенция ""Близ""!;Kaто гледам снимките стигам да заключението, че първи осквернители на плочата на Раковски са не цапачите и драскачите, а телефонните и интернет техници, които съвсем безотговорно са инсталирали тези мръсни и грозни кутии на стената до лика на революционера и възрожденеца Г.Ц. Раковски.]",qas,,,noun.person,,,,,
BG933,цапотене,noun,[no_synset],[no_synset_lemma],"Неодобр. Цапам, мърся много; гримирам се прекалено много, тежко.",,"[Хванат ли го трети път - да чисти три месеца, пък белким се откаже от това цапотене.;Оставям настрани какво точно изобразява паметникът, налице е цапотене в централната част на столицата.;Жените, които открито носели грим, не били почитани, даже напротив – прекаленото цапотене било знак, че дадена жена е проститутка.;Аз се гримирам с мярка и даже предимно съм без нищо по лицето, това цапотене не ни прави по-красиви, а напротив - разваля ни кожата.;Непонятно защо, без никаква връзка с положението, в което се намираше, през ума му прелетя представата за гримирането на Лидия. Всеки път я възпираше, да не прекалява с цапотенето.]",qas,,,,,,,,
BG2374,циганин,noun,[no_synset],[no_synset_lemma],"Прен. Пренебр. Лъжлив, беден или мръсен човек.",,"[Методиев категорично отрече това и заяви на евродепутата: ""Вие демонстрирате сега, че сте по-нагъл циганин от мен"".;Тоя изрод, мръсен циганин, трябва да бъде публично разчекнат... на площада в Русе!]",ps,,,,,,,,
BG869,чекиджия,noun,[no_synset],[no_synset_lemma],"Мъж, който обича да се самозадоволява.",,"[Нагъл чекиджия си го извади на спирка в Бургас. ;Заведи я на бирарията с телевизора, за да те види какъв чекиджия си.;Аз се опитах да натисна поне онзи чекиджия Владко, но Методи дръпна и него.]",cds,,,,,,,,
BG2447,чекиджия,noun,[no_synset],[no_synset_lemma],"Мъж, който не става за нищо и не може нищо. Нищожество.",,"[Британският политик, който е едно от остриетата в кампанията за напускане на ЕС, определя Ердоган като „страхотен чекиджия"" и неблагодарен човек.;Да, бе, да, няма да си говориш с нас, шибан чекиджия такъв — ухилва се Джоунси до уши.;Грамаден и тъп чекиджия, дето се е тъпкал с толкова стероиди, че дребната му патка вече не става за нищо.]",cds,,,,,,,,
BG2068,чекия,noun,[no_synset],[no_synset_lemma],Разг. Метод за мастурбация при мъжете.,,"[По-добре да удариш една чикия на порно, отколкото да се опиташ да го вдигнеш, след като жена ти те посрещне с ролки и пеньоар, люпеща семки в леглото.;Първо си правят чекия, докато гледат малки дечица по бельо в каталога „Джей Си Пени“.;Значи аз ще му пера, чистя, храня и огъвам и накрая и да го оставя да си бие чикии на порното и да се опитвам още повече да му угаждам и да не му преча...]",asm,,,,,,,,
BG1666,ченге,noun,[no_synset],[no_synset_lemma],Разг. прен. Полицай.,,"[Корумпирано ченге хвали Бойко: Горд съм да служа на държава с велик и смел лидер като ген. Борисов!;Само дето едно тъпо ченге се мъчи да усмири квартала.;Питам защо е задължително БСП да е ръководена от ченгета и наследници на бившите велможи?;Не трябва да съди държавата, а тъпото ченге, което не си е свършило работата.]",pa,,,,,,,,
BG1973,червей,noun,[no_synset],[no_synset_lemma],"Прен. Пренебр. Дребен, нищожен, незначителен човек.",,"[Защото си мръсен червей — каза той. — Защото си неблагодарна и подла като всяка уличница…;Джулиан Асандж беше наречен ""жалък нищожен червей"" от държавния министър в британското министерство на външните работи Алън Дънкан, според когото основателят на ""Уикилийкс"" трябва да напусне еквадорското посолство в Лондон и да се предаде на британското правосъдие, предаде Ройтерс, цитирана от БТА.;Волене, червей нещастен, много си сърдит, че пуснаха твои изказвания срещу Бойко.]",an,,,,,,,,
BG1936,червен като домат,noun,[no_synset],[no_synset_lemma],Разг. Много и силно червен; яркочервен.,,"[Композиторът седи в шок, червен като домат от срам.;Понякога сенаторът Труеба се самозабравяше и така се разкрещяваше, че ставаше червен като домат и трябваше да му плиснат каната студена вода в лицето, за да мине пристъпът му на ярост и да му се успокои дишането.;Заместникът на Слави Трифонов в партията му ""Има такъв народ"" и шеф на ПГ Тошко Йорданов е пламнал като домат при срещата си с председателя на ЕК Урсула фон дер Лайен.]",or,,,,,,,,
BG383,черен,adj,Synset('btbwn-000000221-a'),"['чернокож', 'черен']",Който има тъмна кожа или принадлежи към негърската раса.,,"[На тоз черен циганин не давам дъщеря си!;Слушай, черньо, ако пак излезеш от къщата без да знам, ще се направя на бръснар и ще отрежа едното от черните ти уши с ей тоя бръснач.;Защото черньо може всичко, иначе е дискриминиран...;Не трябда се чудим защо сега й се лепят само черни и други метиси, това е естествено привличане.;Ама наистина ли с този черен искаш да излизаш?]",ps,,,adj.all,,,,,
BG1877,черна жена,noun,Synset('btbwn-018000156-n'),"['негър', 'негърка', 'негърче', 'чернокож', 'чернокожа', 'афроамериканец', 'афроамериканка', 'афроамериканче', 'негроид', 'негроидка', 'черен', 'черна', 'арапин', 'арап', 'арапка', 'арапче']",Човек от коренното население на тропическа Африка с много тъмна кожа.,,"[Серина Уилямс: Дъщеря ми ще бъде черна жена, трябва да я подготвя за трудностите.;Проклетата черна жена искаше да се превърне в това, което мразеше.;Няма какво да очакваш от черна жена - само врява и претенции.;Какво си се захласнал по нея - една черна жена, нито класа, нито стил.]",ps,,,noun.person,,,,,
BG1870,чернокож,adj,Synset('btbwn-000000221-a'),"['чернокож', 'черен']",Който има тъмна кожа или принадлежи към негърската раса.,,[Защо се обаджа този чернокожия?],ps,,,adj.all,,,,,
BG1074,черноработник,noun,[no_synset],[no_synset_lemma],"Неквалифициран работник, който върши черна работа, занимава се с черен физически труд.",,"[Колкото и да се пъне, пак си остава черноработник в очите на шефа – за важните решения не го броят.]",ps,,,,,,,,
BG1074,черноработник,noun,[no_synset],[no_synset_lemma],"Неквалифициран работник, който върши черна работа, занимава се с черен физически труд.",,"[То несъмнено е по-лесно, отколкото да създадеш от последния черноработник един Бетховен.;Ония горе си делят милионите, а ние тук робуваме като черноработници, без глас, без права.;Машинистът ръководител постепенно престана да цени Захар Павлович: аз, вика, сериозно си помислих, че си издънка на някогашните майстори, а ти си само черноработник, сгур изпод жена!]",pa,,,,,,,,
BG677,чиновник,noun,[no_synset],[no_synset_lemma],"Прен. неодобр. Лице, което се отнася към работата си формално, бездушно.",,"[„Митрофанова каза, че Петков е „прост чиновник” – това са целенасочени обиди, за да се види, че българският министър-председател рухва и приема обидите”, каза Дайнов.;Иначе не са политици, а плахи като кошути чиновници.]",is,,,,,,,,
BG599,човекоядец,noun,[no_synset],[no_synset_lemma],"Първобитен човек, дивак, който яде човешко месо; канибал, людоед.",,"[Човек, ако не е тъп гаден комунист, сигурно няма право и да боледува в тая просташка държава! Не ви ли омръзна, бе, човекоядци!;Шегата настрана, но в този случай, в очите на голяма част от руснаците Сталин се оказва най-порядъчният човекоядец, който винаги се е борил за мир по целия свят.]",cds,,,,,,,,
BG1054,чревоугодник,noun,Synset('btbwn-018000759-n'),"['гастроном', 'чревоугодник', 'чревоугодница', 'гастрономка']","Човек, който си угажда в ядене и пиене.",,"[Игумен беше владиката Генадий, дебел чревоугодник и сластолюбец.]",svp,,,noun.person,,,,,
BG1054,чревоугодник,noun,Synset('btbwn-018000759-n'),"['гастроном', 'чревоугодник', 'чревоугодница', 'гастрономка']","Човек, който си угажда в ядене и пиене.",,"[Чърчил бил алкохолик, чревоугодник и безскрупулен убиец!;Поп Иван Казакът беше чревоугодник и почиташе много винцето.;Чревоугодник си и нищо повече!]",dmc,,,noun.person,,,,,
BG760,чукам,verb,[no_synset],[no_synset_lemma],Жарг. грубо За мъж - върша полово действие.,,"[Бъди си гей, ходи си, чукай се някъде си, но не е нужно да го показваш пред други и да се обличаш, като не знам и аз как да го кажа вече.;Ми, чукай се с когото щеш, ама защо?;Да чукам в Студентски град ми звучи адски нехигиенично.]",qas,,,,,,,,
BG2085,шаблонен,adj,Synset('btbwn-000001616-s'),"['шаблонен', 'изтъркан', 'тривиален', 'банален', 'ординарен']","Който е лишен от оригиналност, безличен, еднообразен с редица други, не е интересен поради честата си употреба.",,"[Проектът ти е написан банално, скучно, с типичния шаблонен език на тогавашната журналистика. ;Не забравяйте това, те са силните, не ние, обримчени с мрежите на наложени ни от псевдоморалното общество шаблонни визуси.;""Чувствам се добре и съм здрава, миналото няма значение"", тези думи сякаш се превърнаха шаблонен отговор, с който миската вечно отклоняваше въпросите за анорексията, пише ""Телеграф"".;Известно разнообразие в този шаблонен морски пейзаж внасят хотелските сгради и зелените площади покрай брега.;И с изненада (впрочем, при анализ на демократичната идеология и практика човек в процеса на отърсване от шаблонното си мислене трябва да е готов за всякакви неприятни изненади) ще установим, че на съвременния си етап демокрацията съвсем открито, безсрамно, нагло и безочливо поставя в привилегировано положение всички видове малцинства: расови, етнически, религиозни, сексуални, като респективно по този начин дискриминира всички видове мнозинства.]",cds,,,adj.all,,,,,
BG810,шарлатанин,noun,Synset('btbwn-018001016-n'),"['шарлатанин', 'шарлатан', 'шарлатанка']","Измамник, който твърди, че притежава знания, умения и способности, които в действителност няма, за да заблуди някого с користна цел.",,"[Нарича го шарлатанин и психопат, описва срещата Петър Баков в книгата си „На колене пред Ванга“.;Сега на власт в Русия не са Сталин и Берия, а жалък шарлатанин и шайка офшорни милиардери.;Говоря, разбира се, и за онези болни мозъци в Пловдив, които утре, на изборите, ще хукнат в 6 сутринта да подкрепят кандидатурата на тукашния руски консул, гаулайтер на БСП и обикновен политически шарлатанин - Георги Владимирович Гергов, чийто слоган за кампанията съвършено нагло призовава – ""Доверете ми се!""]",dmc,,,noun.person,,,,,
BG812,шарлатанство,noun,[no_synset],[no_synset_lemma],Поведение или проява на шарлатанин.,,"[Не са малко примерите за шарлатанство и на другия лидер на “Продължаваме промяната” - Асен Василев.;Хомеопатията е шарлатанство, целящо да печели бързи пари на гърба на отчаяни и уплашени хора, които нямат елементарна обща култура по химия, физика и биология.;При това нашите експерти явно се занимават със шарлатанство, въпреки интересите на Украйна.;Наричат го съвременно изкуство, ама е шарлатанство в най-чист вид.]",re,,,,,,,,
BG990,шваба,noun,[no_synset],[no_synset_lemma],Остар. Пренебр. Немец.,,"[Какво ти разбира този шваба от стратегия!;Купища картофи из чиниите само и каша от зеле. А ядат швабите му с шваби, плюскат като разпрани.;Направи го нарочно, швабата му с шваба, само и само да ми покаже, че аз съм невъзпитан, а той е от друго тесто.]",ps,,,,,,,,
BG88,шега,noun,Synset('btbwn-004000430-n'),"['шега', 'закачка', 'смешка', 'номер', 'майтап', 'задявка', 'глума', 'смехория', 'кодош', 'подкачка', 'кодошене']","Хитро замислена постъпка, действие, обикновено насочено срещу някого, с подигравателен или шеговит характер.",,"[Твоето работно място не е работа, това е шега! Никакви отговорности нямаш.;Той като политик е пълна шега.;Ти не си мъж, ти си шега на природата.]",cds,,,noun.act,,,,,
BG1301,шибам,verb,[no_synset],[no_synset_lemma],"Извършва се полов акт без чувства, грубо, неуважително; също и за назидание.",,"[И аз искам да те шибам аристократично.;Сега Китай ще ги шиба през панталоните, защото с африканци и индианци държава не става.;Боят между младежите обаче тръгва още в магазина след думите на младеж с качулка, който накрая на видеото назовават като Любомир: „Не бе, брат, той ти е приятел, но сега ще те шибам цяла вечер.“;Сами си избрахте да ви шибат тарикатите.;Юксел е бисексуален. Шиба яко и мъже, и жени.]",qas,,,,,,,,
BG763,шибан,adj,Synset('btbwn-000001052-a'),"['лош', 'недобър', 'кофти', 'калпав', 'никакъв', 'скапан', 'шибан', 'лошав']",Който има незадоволителни или негативни характеристики.,,"[И трите телевизии – как един шибан келеш се врязва в група незрящи, бие жена от групата и главният секретар на МВР обяснява случая.;Божидар Димитров се нахвърли връз Рашидов, а за вторите направо отсече: шибан народ, шибани колеги!;Ей т'ва не мога да си обясня при този шибан народ, при тези шибани колеги.;Моля да пишете точно, за да не остана неразбран, както като казах ""шибан народ са тия археолози"", а после остана само ""шибан народ"".]",qas,,,adj.all,,,,,
BG412,шибаняк,noun,[no_synset],[no_synset_lemma],"Долен, отвратителен, жалък, подъл или дразнещ човек.",,"[Рамон не го беше убил, защото шибанякът трябваше да умре или защото жената беше една от тях, а мъжът външен, или за да я защити от насилие.;Даже шибанякът Бенет от Уулвс вкара гол.;Как на тебе ти ги връщат и то в центъра на Младост на детската площадка, шибаняк!]",cds,,,,,,,,
BG412,шибаняк,noun,[no_synset],[no_synset_lemma],"Долен, отвратителен, жалък, подъл или дразнещ човек.",,"[Е, ще ме извиняваш, ама тези в парламента са големи шибаняци.;Тези шибаняци поднасят ли ме?;Докато ти, шибаняко Дзюба, мълчиш, заедно с твоите насрани съотборници, мирни граждани биват убивани в Украйна.]",qas,,,,,,,,
BG1283,шило,noun,[no_synset],[no_synset_lemma],"Прен. Заядлив, закачлив и немирен човек.",,"[А, че Пеев си е шило, е точна преценка.;Беше ""шило човек"", от тези, дето не могат да стоят кротичко и да чакат да падне небето.;Нашият е шило, не може да стои дълго на масата.;Той си е шило – не може да го скриеш, все ще направи беля.]",dmc,,,,,,,,
BG2448,шило,noun,[no_synset],[no_synset_lemma],"Прен. Човек, който се въвира, вре се навсякъде, който не се задържа на едно място; немирник.",,"[Нашето шило е на 5 месеца и половина, чудя се дали да взема такова, но имам някои притеснения относно тях.;Най-голямото шило в класа се беше опитало да унижи съученичка, сваляйки анцуга и в час по физическо.;Чани, нали е шило, не можа да се сдържи да не се опитва да напада в останалите секунди, ама какво да се прави.]",dmc,,,,,,,,
BG1201,шут,noun,Synset('btbwn-018000518-n'),"['шут', 'клоун', 'палячо']","Човек, който се държи несериозно, нетактично или демагогски и предизвиква неодобрение, презрение.",,"[Пълен шут е този.;Иначе пред очите си ще видим как той се превръща в жалък шут тъкмо поради това, че е човек на духа.;Заради това или не, не знам, не мога да преглътна Катето в ролята на женския шут. ;Той се мисли за важен, ама всички го гледат като шута на компанията.;Само се върти около началника и му се мазни – пълен шут.]",cds,,,noun.person,,,,,
BG1581,яд,noun,Synset('btbwn-012000051-n'),"['гняв', 'ярост', 'яд', 'бяс', 'беснота', 'беснотия']","Чувство, което причинява състояние на силно раздразнение, афект у някого, когато е много засегнат, обиден, оскърбен или когато нещо е станало против волята му.",,"[Ти си изтъкан от яд. Успокой се малко.;Умрете от яд, гадни комуняги!]",dmc,,,noun.feeling,,,,,
BG1052,ядач,noun,[no_synset],[no_synset_lemma],"Човек, който яде много.",,"[Не забравяйте, че става въпрос за най-малката разфасовка, която е малко повече от една хапка на някой по-мощен ядач!;Много ядачи, малко бачкачи и на всичко отгоре политиците - стопроцентови мафиоти.;Защо да ги дават на песионерите, ""безполезните ядачи"", които не произвеждат нищо, само консумират.]",qas,,,,,,,,
BG2062,ядосан,adj,Synset('btbwn-000000098-a'),"['яден', 'гневен', 'ядовит', 'разгневен', 'ядосан']","Който изпитва яд, гняв, силно е раздразнен и бурно показва тези свои чувства.",,"[Ох, пак е ядосан... както винаги. ;Какво се правиш на ядосан, никой не ти е виновен.]",dmc,,,adj.all,,,,,
BG2013,ям лакомо,verb,Synset('btbwn-002000653-r'),"['лакомо', 'гладно']","По начин, присъщ за гладен, със силно желание за ядене.",,"[Дошъл си да ми ядеш лакомо, сякаш не си ял цяла седмица.;Ценят онова, което е развалено, ядат лакомо и без да подбират, живеят в градове, изпълнени с лъжа.;На закуска също намерих за какво да ти се скарам - разливаше ту това, ту онова, ядеше лакомо, без да сдъвкваш добре, слагаше лактите на масата, намаза си прекалено много масло на филията.;Родителите на Андрей Монов ядат лакомо на издръжката на работещите хора.]",qas,,,adv.all,,,,,
BG2272,яростен,adj,Synset('btbwn-000000099-s'),"['яростен', 'бесен', 'разярен', 'разлютен', 'ядосан']","Който е обхванат от силна, неудържима ярост, гняв, омраза.",,"[Начетен и харизматичен, но яростен фанатик.;Тоя яростен тип не може да води нормален разговор.;Яростен патриот, ама само на думи и във Facebook.]",qas,,,adj.all,,,,,
BG2175,ящен,adj,[no_synset],[no_synset_lemma],Разг. Който обича да яде много.,,[Появи се партия по-ящна!;Ящни депутати гонят журналистите от бюфета на ХIV народно събрание.],dmc,,,,,,,,